t_s,x,y,z,vx,vy,vz,qx,qy,qz,qw
109.180000,-0.00908,0.00000,2.19000,0.00758,0.00189,0.00196,-0.000100,0.000083,0.000098,1.000000
109.180000,-0.00908,0.00000,2.19000,0.00758,0.00189,0.00196,-0.000100,0.000083,0.000098,1.000000
109.180000,-0.00908,0.00000,2.19000,0.00758,0.00189,0.00196,-0.000100,0.000083,0.000098,1.000000
109.201000,-0.00908,0.00000,2.19000,0.00758,0.00189,0.00196,-0.000100,0.000083,0.000098,1.000000
109.235000,-0.00908,0.00000,2.19000,0.00759,0.00014,0.00160,0.000504,-0.000037,0.000294,1.000000
109.267000,-0.00908,0.00000,2.19000,0.00759,0.00014,0.00160,0.000504,-0.000037,0.000294,1.000000
109.300000,-0.00908,0.00000,2.19000,0.00759,0.00014,0.00160,0.000504,-0.000037,0.000294,1.000000
109.334000,-0.00908,0.00000,2.19000,0.00759,0.00014,0.00160,0.000504,-0.000037,0.000294,1.000000
109.367000,-0.00908,0.00000,2.19000,0.00759,0.00014,0.00160,0.000504,-0.000037,0.000294,1.000000
109.400000,-0.00908,0.00000,2.19000,0.00759,0.00014,0.00160,0.000504,-0.000037,0.000294,1.000000
109.434000,-0.00908,0.00000,2.19000,0.00759,0.00014,0.00160,0.000504,-0.000037,0.000294,1.000000
109.467000,-0.00908,0.00000,2.19000,0.00759,0.00014,0.00160,0.000504,-0.000037,0.000294,1.000000
109.501000,-0.00908,0.00000,2.19000,0.00774,0.00291,0.00036,-0.001426,0.000095,0.000126,0.999999
109.534000,-0.00908,0.00000,2.19000,0.00774,0.00291,0.00036,-0.001426,0.000095,0.000126,0.999999
109.567000,-0.00908,0.00000,2.19000,0.00774,0.00291,0.00036,-0.001426,0.000095,0.000126,0.999999
109.600000,-0.00908,0.00000,2.19000,0.00774,0.00291,0.00036,-0.001426,0.000095,0.000126,0.999999
109.634000,-0.00908,0.00000,2.19000,0.00774,0.00291,0.00036,-0.001426,0.000095,0.000126,0.999999
109.667000,-0.00908,0.00000,2.19000,0.00774,0.00291,0.00036,-0.001426,0.000095,0.000126,0.999999
109.700000,-0.00908,0.00000,2.19000,0.00774,0.00291,0.00036,-0.001426,0.000095,0.000126,0.999999
109.735000,0.00000,0.00000,2.19000,0.00771,-0.00036,-0.00589,0.002412,-0.000465,0.000253,0.999997
109.767000,0.00000,0.00000,2.19000,0.00771,-0.00036,-0.00589,0.002412,-0.000465,0.000253,0.999997
109.800000,0.00000,0.00000,2.19000,0.00771,-0.00036,-0.00589,0.002412,-0.000465,0.000253,0.999997
109.834000,0.00000,0.00000,2.19000,0.00771,-0.00036,-0.00589,0.002412,-0.000465,0.000253,0.999997
109.867000,0.00000,0.00000,2.19000,0.00771,-0.00036,-0.00589,0.002412,-0.000465,0.000253,0.999997
109.900000,0.00000,0.00000,2.19000,0.00771,-0.00036,-0.00589,0.002412,-0.000465,0.000253,0.999997
109.934000,0.00000,0.00000,2.19000,0.00771,-0.00036,-0.00589,0.002412,-0.000465,0.000253,0.999997
109.967000,0.00000,0.00000,2.19000,0.00771,-0.00036,-0.00589,0.002412,-0.000465,0.000253,0.999997
110.001000,0.00000,0.00000,2.19000,0.00386,0.00032,-0.00518,-0.002870,-0.000809,0.000063,0.999996
110.034000,0.00000,0.00000,2.19000,0.00386,0.00032,-0.00518,-0.002870,-0.000809,0.000063,0.999996
110.067000,0.00000,0.00000,2.19000,0.00386,0.00032,-0.00518,-0.002870,-0.000809,0.000063,0.999996
110.100000,0.00000,0.00000,2.19000,0.00386,0.00032,-0.00518,-0.002870,-0.000809,0.000063,0.999996
110.134000,0.00000,0.00000,2.19000,0.00386,0.00032,-0.00518,-0.002870,-0.000809,0.000063,0.999996
110.167000,0.00000,0.00000,2.19000,0.00386,0.00032,-0.00518,-0.002870,-0.000809,0.000063,0.999996
110.200000,0.00000,0.00000,2.19000,0.00386,0.00032,-0.00518,-0.002870,-0.000809,0.000063,0.999996
110.235000,0.00000,0.00000,2.19000,0.00082,-0.00002,-0.00461,0.002788,-0.000413,0.000215,0.999996
110.267000,0.00000,0.00000,2.19000,0.00082,-0.00002,-0.00461,0.002788,-0.000413,0.000215,0.999996
110.300000,0.00000,0.00000,2.19000,0.00082,-0.00002,-0.00461,0.002788,-0.000413,0.000215,0.999996
110.334000,0.00000,0.00000,2.19000,0.00082,-0.00002,-0.00461,0.002788,-0.000413,0.000215,0.999996
110.367000,0.00000,0.00000,2.19000,0.00082,-0.00002,-0.00461,0.002788,-0.000413,0.000215,0.999996
110.400000,0.00000,0.00000,2.19000,0.00082,-0.00002,-0.00461,0.002788,-0.000413,0.000215,0.999996
110.434000,0.00000,0.00000,2.19000,0.00082,-0.00002,-0.00461,0.002788,-0.000413,0.000215,0.999996
110.467000,0.00000,0.00000,2.19000,0.00082,-0.00002,-0.00461,0.002788,-0.000413,0.000215,0.999996
110.501000,0.00000,0.00000,2.19000,-0.00059,-0.00021,-0.00044,-0.002608,-0.000238,0.000262,0.999997
110.534000,0.00000,0.00000,2.19000,-0.00059,-0.00021,-0.00044,-0.002608,-0.000238,0.000262,0.999997
110.567000,0.00000,0.00000,2.19000,-0.00059,-0.00021,-0.00044,-0.002608,-0.000238,0.000262,0.999997
110.600000,0.00000,0.00000,2.19000,-0.00059,-0.00021,-0.00044,-0.002608,-0.000238,0.000262,0.999997
110.634000,0.00000,0.00000,2.19000,-0.00059,-0.00021,-0.00044,-0.002608,-0.000238,0.000262,0.999997
110.667000,0.00000,0.00000,2.19000,-0.00059,-0.00021,-0.00044,-0.002608,-0.000238,0.000262,0.999997
110.700000,0.00000,0.00000,2.19000,-0.00059,-0.00021,-0.00044,-0.002608,-0.000238,0.000262,0.999997
110.735000,0.00000,0.00000,2.19000,-0.00149,-0.00009,-0.00247,0.002684,-0.000125,0.000107,0.999996
110.767000,0.00000,0.00000,2.19000,-0.00149,-0.00009,-0.00247,0.002684,-0.000125,0.000107,0.999996
110.800000,0.00000,0.00000,2.19000,-0.00149,-0.00009,-0.00247,0.002684,-0.000125,0.000107,0.999996
110.834000,0.00000,0.00000,2.19000,-0.00149,-0.00009,-0.00247,0.002684,-0.000125,0.000107,0.999996
110.867000,0.00000,0.00000,2.19000,-0.00149,-0.00009,-0.00247,0.002684,-0.000125,0.000107,0.999996
110.900000,0.00000,0.00000,2.19000,-0.00149,-0.00009,-0.00247,0.002684,-0.000125,0.000107,0.999996
110.934000,0.00000,0.00000,2.19000,-0.00149,-0.00009,-0.00247,0.002684,-0.000125,0.000107,0.999996
110.967000,0.00000,0.00000,2.19000,-0.00149,-0.00009,-0.00247,0.002684,-0.000125,0.000107,0.999996
111.001000,0.00000,0.00000,2.18000,-0.00171,-0.00267,0.00125,-0.002116,0.000042,0.000331,0.999998
111.034000,0.00000,0.00000,2.18000,-0.00171,-0.00267,0.00125,-0.002116,0.000042,0.000331,0.999998
111.067000,0.00000,0.00000,2.18000,-0.00171,-0.00267,0.00125,-0.002116,0.000042,0.000331,0.999998
111.100000,0.00000,0.00000,2.18000,-0.00171,-0.00267,0.00125,-0.002116,0.000042,0.000331,0.999998
111.134000,0.00000,0.00000,2.18000,-0.00171,-0.00267,0.00125,-0.002116,0.000042,0.000331,0.999998
111.167000,0.00000,0.00000,2.18000,-0.00171,-0.00267,0.00125,-0.002116,0.000042,0.000331,0.999998
111.200000,0.00000,0.00000,2.18000,-0.00171,-0.00267,0.00125,-0.002116,0.000042,0.000331,0.999998
111.235000,0.00000,0.00000,2.18000,-0.00171,-0.00267,0.00125,0.000211,0.000135,0.000081,1.000000
111.267000,0.00000,0.00000,2.18000,-0.00134,0.00221,0.00002,0.000211,0.000135,0.000081,1.000000
111.301000,0.00000,0.00000,2.18000,-0.00134,0.00221,0.00002,0.000211,0.000135,0.000081,1.000000
111.334000,0.00000,0.00000,2.18000,-0.00134,0.00221,0.00002,0.000211,0.000135,0.000081,1.000000
111.367000,0.00000,0.00000,2.18000,-0.00134,0.00221,0.00002,0.000211,0.000135,0.000081,1.000000
111.400000,0.00000,0.00000,2.18000,-0.00134,0.00221,0.00002,0.000211,0.000135,0.000081,1.000000
111.434000,0.00000,0.00000,2.18000,-0.00134,0.00221,0.00002,0.000211,0.000135,0.000081,1.000000
111.467000,0.00000,0.00000,2.18000,-0.00134,0.00221,0.00002,0.000211,0.000135,0.000081,1.000000
111.501000,0.00000,0.00000,2.18000,-0.00046,-0.00025,0.00198,0.000016,0.000208,0.000333,1.000000
111.534000,0.00000,0.00000,2.18000,-0.00046,-0.00025,0.00198,0.000016,0.000208,0.000333,1.000000
111.567000,0.00000,0.00000,2.18000,-0.00046,-0.00025,0.00198,0.000016,0.000208,0.000333,1.000000
111.600000,0.00000,0.00000,2.18000,-0.00046,-0.00025,0.00198,0.000016,0.000208,0.000333,1.000000
111.634000,0.00000,0.00000,2.18000,-0.00046,-0.00025,0.00198,0.000016,0.000208,0.000333,1.000000
111.667000,0.00000,0.00000,2.18000,-0.00046,-0.00025,0.00198,0.000016,0.000208,0.000333,1.000000
111.701000,0.00000,0.00000,2.18000,-0.00046,-0.00025,0.00198,0.000016,0.000208,0.000333,1.000000
111.735000,0.00000,0.00000,2.18000,-0.00004,0.00299,0.00395,-0.000916,-0.000022,0.000202,1.000000
111.767000,0.00000,0.00000,2.18000,-0.00004,0.00299,0.00395,-0.000916,-0.000022,0.000202,1.000000
111.800000,0.00000,0.00000,2.18000,-0.00004,0.00299,0.00395,-0.000916,-0.000022,0.000202,1.000000
111.834000,0.00000,0.00000,2.18000,-0.00004,0.00299,0.00395,-0.000916,-0.000022,0.000202,1.000000
111.867000,0.00000,0.00000,2.18000,-0.00004,0.00299,0.00395,-0.000916,-0.000022,0.000202,1.000000
111.900000,0.00000,0.00000,2.18000,-0.00004,0.00299,0.00395,-0.000916,-0.000022,0.000202,1.000000
111.934000,0.00000,0.00000,2.18000,-0.00004,0.00299,0.00395,-0.000916,-0.000022,0.000202,1.000000
111.967000,0.00000,0.00000,2.18000,-0.00004,0.00299,0.00395,-0.000916,-0.000022,0.000202,1.000000
112.001000,0.00000,0.00000,2.18000,-0.00035,-0.00021,-0.00184,0.001510,-0.000090,0.000340,0.999999
112.034000,0.00000,0.00000,2.18000,-0.00035,-0.00021,-0.00184,0.001510,-0.000090,0.000340,0.999999
112.067000,0.00000,0.00000,2.18000,-0.00035,-0.00021,-0.00184,0.001510,-0.000090,0.000340,0.999999
112.100000,0.00000,0.00000,2.18000,-0.00035,-0.00021,-0.00184,0.001510,-0.000090,0.000340,0.999999
112.134000,0.00000,0.00000,2.18000,-0.00035,-0.00021,-0.00184,0.001510,-0.000090,0.000340,0.999999
112.167000,0.00000,0.00000,2.18000,-0.00035,-0.00021,-0.00184,0.001510,-0.000090,0.000340,0.999999
112.200000,0.00000,0.00000,2.18000,-0.00035,-0.00021,-0.00184,0.001510,-0.000090,0.000340,0.999999
112.235000,0.00000,0.00000,2.18000,-0.00077,0.00245,-0.00362,-0.002530,-0.000072,0.000141,0.999997
112.267000,0.00000,0.00000,2.18000,-0.00077,0.00245,-0.00362,-0.002530,-0.000072,0.000141,0.999997
112.300000,0.00000,0.00000,2.18000,-0.00077,0.00245,-0.00362,-0.002530,-0.000072,0.000141,0.999997
112.334000,0.00000,0.00000,2.18000,-0.00077,0.00245,-0.00362,-0.002530,-0.000072,0.000141,0.999997
112.367000,0.00000,0.00000,2.18000,-0.00077,0.00245,-0.00362,-0.002530,-0.000072,0.000141,0.999997
112.400000,0.00000,0.00000,2.18000,-0.00077,0.00245,-0.00362,-0.002530,-0.000072,0.000141,0.999997
112.434000,0.00000,0.00000,2.18000,-0.00077,0.00245,-0.00362,-0.002530,-0.000072,0.000141,0.999997
112.467000,0.00000,0.00000,2.18000,-0.00077,0.00245,-0.00362,-0.002530,-0.000072,0.000141,0.999997
112.501000,0.00000,0.00000,2.18000,-0.00094,-0.00107,-0.00021,0.003498,-0.000031,0.000332,0.999994
112.534000,0.00000,0.00000,2.18000,-0.00094,-0.00107,-0.00021,0.003498,-0.000031,0.000332,0.999994
112.567000,0.00000,0.00000,2.18000,-0.00094,-0.00107,-0.00021,0.003498,-0.000031,0.000332,0.999994
112.601000,0.00000,0.00000,2.18000,-0.00094,-0.00107,-0.00021,0.003498,-0.000031,0.000332,0.999994
112.634000,0.00000,0.00000,2.18000,-0.00094,-0.00107,-0.00021,0.003498,-0.000031,0.000332,0.999994
112.667000,0.00000,0.00000,2.18000,-0.00094,-0.00107,-0.00021,0.003498,-0.000031,0.000332,0.999994
112.700000,0.00000,0.00000,2.18000,-0.00094,-0.00107,-0.00021,0.003498,-0.000031,0.000332,0.999994
112.735000,0.00000,0.00000,2.18000,-0.00074,-0.00195,-0.00452,-0.002733,0.000062,0.000270,0.999996
112.767000,0.00000,0.00000,2.18000,-0.00074,-0.00195,-0.00452,-0.002733,0.000062,0.000270,0.999996
112.800000,0.00000,0.00000,2.18000,-0.00074,-0.00195,-0.00452,-0.002733,0.000062,0.000270,0.999996
112.834000,0.00000,0.00000,2.18000,-0.00074,-0.00195,-0.00452,-0.002733,0.000062,0.000270,0.999996
112.867000,0.00000,0.00000,2.18000,-0.00074,-0.00195,-0.00452,-0.002733,0.000062,0.000270,0.999996
112.900000,0.00000,0.00000,2.18000,-0.00074,-0.00195,-0.00452,-0.002733,0.000062,0.000270,0.999996
112.934000,0.00000,0.00000,2.18000,-0.00074,-0.00195,-0.00452,-0.002733,0.000062,0.000270,0.999996
112.967000,0.00000,0.00000,2.18000,-0.00074,-0.00195,-0.00452,-0.002733,0.000062,0.000270,0.999996
113.001000,0.00000,0.00000,2.18000,-0.00061,-0.00101,-0.00368,0.002536,0.000012,0.000144,0.999997
113.034000,0.00000,0.00000,2.18000,-0.00061,-0.00101,-0.00368,0.002536,0.000012,0.000144,0.999997
113.067000,0.00000,0.00000,2.18000,-0.00061,-0.00101,-0.00368,0.002536,0.000012,0.000144,0.999997
113.100000,0.00000,0.00000,2.18000,-0.00061,-0.00101,-0.00368,0.002536,0.000012,0.000144,0.999997
113.134000,0.00000,0.00000,2.18000,-0.00061,-0.00101,-0.00368,0.002536,0.000012,0.000144,0.999997
113.167000,0.00000,0.00000,2.18000,-0.00061,-0.00101,-0.00368,0.002536,0.000012,0.000144,0.999997
113.200000,0.00000,0.00000,2.18000,-0.00061,-0.00101,-0.00368,0.002536,0.000012,0.000144,0.999997
113.235000,0.00000,0.00000,2.18000,-0.00051,-0.00234,0.00030,-0.002481,-0.000004,0.000208,0.999997
113.267000,0.00000,0.00000,2.18000,-0.00051,-0.00234,0.00030,-0.002481,-0.000004,0.000208,0.999997
113.301000,0.00000,0.00000,2.18000,-0.00051,-0.00234,0.00030,-0.002481,-0.000004,0.000208,0.999997
113.334000,0.00000,0.00000,2.18000,-0.00051,-0.00234,0.00030,-0.002481,-0.000004,0.000208,0.999997
113.367000,0.00000,0.00000,2.18000,-0.00051,-0.00234,0.00030,-0.002481,-0.000004,0.000208,0.999997
113.400000,0.00000,0.00000,2.18000,-0.00051,-0.00234,0.00030,-0.002481,-0.000004,0.000208,0.999997
113.434000,0.00000,0.00000,2.18000,-0.00051,-0.00234,0.00030,-0.002481,-0.000004,0.000208,0.999997
113.467000,0.00000,0.00000,2.18000,-0.00051,-0.00234,0.00030,-0.002481,-0.000004,0.000208,0.999997
113.501000,0.00000,0.00000,2.18000,-0.00051,0.00010,-0.00108,0.001356,-0.000006,0.000139,0.999999
113.534000,0.00000,0.00000,2.18000,-0.00051,0.00010,-0.00108,0.001356,-0.000006,0.000139,0.999999
113.567000,0.00000,0.00000,2.18000,-0.00051,0.00010,-0.00108,0.001356,-0.000006,0.000139,0.999999
113.600000,0.00000,0.00000,2.18000,-0.00051,0.00010,-0.00108,0.001356,-0.000006,0.000139,0.999999
113.634000,0.00000,0.00000,2.18000,-0.00051,0.00010,-0.00108,0.001356,-0.000006,0.000139,0.999999
113.667000,0.00000,0.00000,2.18000,-0.00051,0.00010,-0.00108,0.001356,-0.000006,0.000139,0.999999
113.700000,0.00000,0.00000,2.18000,-0.00051,0.00010,-0.00108,0.001356,-0.000006,0.000139,0.999999
113.735000,0.00000,0.00000,2.18000,-0.00062,-0.00190,0.00355,-0.000869,-0.000052,0.000373,1.000000
113.767000,0.00000,0.00000,2.18000,-0.00062,-0.00190,0.00355,-0.000869,-0.000052,0.000373,1.000000
113.800000,0.00000,0.00000,2.18000,-0.00062,-0.00190,0.00355,-0.000869,-0.000052,0.000373,1.000000
113.834000,0.00000,0.00000,2.18000,-0.00062,-0.00190,0.00355,-0.000869,-0.000052,0.000373,1.000000
113.868000,0.00000,0.00000,2.18000,-0.00062,-0.00190,0.00355,-0.000869,-0.000052,0.000373,1.000000
113.900000,0.00000,0.00000,2.18000,-0.00062,-0.00190,0.00355,-0.000869,-0.000052,0.000373,1.000000
113.934000,0.00000,0.00000,2.18000,-0.00062,-0.00190,0.00355,-0.000869,-0.000052,0.000373,1.000000
113.967000,0.00000,0.00000,2.18000,-0.00062,-0.00190,0.00355,-0.000869,-0.000052,0.000373,1.000000
114.001000,0.00000,0.00000,2.18000,-0.00088,0.00060,0.00097,0.000264,-0.000009,0.000230,1.000000
114.034000,0.00000,0.00000,2.18000,-0.00088,0.00060,0.00097,0.000264,-0.000009,0.000230,1.000000
114.067000,0.00000,0.00000,2.18000,-0.00088,0.00060,0.00097,0.000264,-0.000009,0.000230,1.000000
114.100000,0.00000,0.00000,2.18000,-0.00088,0.00060,0.00097,0.000264,-0.000009,0.000230,1.000000
114.134000,0.00000,0.00000,2.18000,-0.00088,0.00060,0.00097,0.000264,-0.000009,0.000230,1.000000
114.167000,0.00000,0.00000,2.18000,-0.00088,0.00060,0.00097,0.000264,-0.000009,0.000230,1.000000
114.200000,0.00000,0.00000,2.18000,-0.00088,0.00060,0.00097,0.000264,-0.000009,0.000230,1.000000
114.234000,0.00000,0.00000,2.18000,-0.00088,0.00060,0.00097,0.001109,-0.000070,0.000399,0.999999
114.268000,0.00000,0.00000,2.18000,-0.00096,-0.00251,0.00220,0.001109,-0.000070,0.000399,0.999999
114.300000,0.00000,0.00000,2.18000,-0.00096,-0.00251,0.00220,0.001109,-0.000070,0.000399,0.999999
114.334000,0.00000,0.00000,2.18000,-0.00096,-0.00251,0.00220,0.001109,-0.000070,0.000399,0.999999
114.367000,0.00000,0.00000,2.18000,-0.00096,-0.00251,0.00220,0.001109,-0.000070,0.000399,0.999999
114.400000,0.00000,0.00000,2.18000,-0.00096,-0.00251,0.00220,0.001109,-0.000070,0.000399,0.999999
114.434000,0.00000,0.00000,2.18000,-0.00096,-0.00251,0.00220,0.001109,-0.000070,0.000399,0.999999
114.467000,0.00000,0.00000,2.18000,-0.00096,-0.00251,0.00220,0.001109,-0.000070,0.000399,0.999999
114.501000,0.00000,0.00000,2.18000,-0.00110,0.00041,0.00155,-0.001730,0.000026,0.000210,0.999998
114.534000,0.00000,0.00000,2.18000,-0.00110,0.00041,0.00155,-0.001730,0.000026,0.000210,0.999998
114.567000,0.00000,0.00000,2.18000,-0.00110,0.00041,0.00155,-0.001730,0.000026,0.000210,0.999998
114.600000,0.00000,0.00000,2.18000,-0.00110,0.00041,0.00155,-0.001730,0.000026,0.000210,0.999998
114.634000,0.00000,0.00000,2.18000,-0.00110,0.00041,0.00155,-0.001730,0.000026,0.000210,0.999998
114.667000,0.00000,0.00000,2.18000,-0.00110,0.00041,0.00155,-0.001730,0.000026,0.000210,0.999998
114.700000,0.00000,0.00000,2.18000,-0.00110,0.00041,0.00155,-0.001730,0.000026,0.000210,0.999998
114.735000,0.00000,0.00000,2.18000,-0.00065,-0.00221,0.00038,0.002593,0.000073,0.000270,0.999997
114.767000,0.00000,0.00000,2.18000,-0.00065,-0.00221,0.00038,0.002593,0.000073,0.000270,0.999997
114.800000,0.00000,0.00000,2.18000,-0.00065,-0.00221,0.00038,0.002593,0.000073,0.000270,0.999997
114.834000,0.00000,0.00000,2.18000,-0.00065,-0.00221,0.00038,0.002593,0.000073,0.000270,0.999997
114.867000,0.00000,0.00000,2.18000,-0.00065,-0.00221,0.00038,0.002593,0.000073,0.000270,0.999997
114.900000,0.00000,0.00000,2.18000,-0.00065,-0.00221,0.00038,0.002593,0.000073,0.000270,0.999997
114.934000,0.00000,0.00000,2.18000,-0.00065,-0.00221,0.00038,0.002593,0.000073,0.000270,0.999997
114.968000,0.00000,0.00000,2.18000,-0.00065,-0.00221,0.00038,0.002593,0.000073,0.000270,0.999997
115.001000,0.00000,0.00000,2.18000,-0.00045,-0.00073,-0.00651,-0.003056,-0.000012,0.000241,0.999995
115.034000,0.00000,0.00000,2.18000,-0.00045,-0.00073,-0.00651,-0.003056,-0.000012,0.000241,0.999995
115.067000,0.00000,0.00000,2.18000,-0.00045,-0.00073,-0.00651,-0.003056,-0.000012,0.000241,0.999995
115.100000,0.00000,0.00000,2.18000,-0.00045,-0.00073,-0.00651,-0.003056,-0.000012,0.000241,0.999995
115.134000,0.00000,0.00000,2.18000,-0.00045,-0.00073,-0.00651,-0.003056,-0.000012,0.000241,0.999995
115.167000,0.00000,0.00000,2.18000,-0.00045,-0.00073,-0.00651,-0.003056,-0.000012,0.000241,0.999995
115.200000,0.00000,0.00000,2.18000,-0.00045,-0.00073,-0.00651,-0.003056,-0.000012,0.000241,0.999995
115.235000,0.00000,0.00000,2.18000,-0.00072,-0.00028,-0.00271,0.002489,-0.000084,0.000241,0.999997
115.267000,0.00000,0.00000,2.18000,-0.00072,-0.00028,-0.00271,0.002489,-0.000084,0.000241,0.999997
115.300000,0.00000,0.00000,2.18000,-0.00072,-0.00028,-0.00271,0.002489,-0.000084,0.000241,0.999997
115.334000,0.00000,0.00000,2.18000,-0.00072,-0.00028,-0.00271,0.002489,-0.000084,0.000241,0.999997
115.367000,0.00000,0.00000,2.18000,-0.00072,-0.00028,-0.00271,0.002489,-0.000084,0.000241,0.999997
115.400000,0.00000,0.00000,2.18000,-0.00072,-0.00028,-0.00271,0.002489,-0.000084,0.000241,0.999997
115.434000,0.00000,0.00000,2.18000,-0.00072,-0.00028,-0.00271,0.002489,-0.000084,0.000241,0.999997
115.467000,0.00000,0.00000,2.18000,-0.00072,-0.00028,-0.00271,0.002489,-0.000084,0.000241,0.999997
115.501000,0.00000,0.00000,2.18000,-0.00090,-0.00170,-0.00388,-0.002338,0.000037,0.000286,0.999997
115.534000,0.00000,0.00000,2.18000,-0.00090,-0.00170,-0.00388,-0.002338,0.000037,0.000286,0.999997
115.567000,0.00000,0.00000,2.18000,-0.00090,-0.00170,-0.00388,-0.002338,0.000037,0.000286,0.999997
115.600000,0.00000,0.00000,2.18000,-0.00090,-0.00170,-0.00388,-0.002338,0.000037,0.000286,0.999997
115.634000,0.00000,0.00000,2.18000,-0.00090,-0.00170,-0.00388,-0.002338,0.000037,0.000286,0.999997
115.667000,0.00000,0.00000,2.18000,-0.00090,-0.00170,-0.00388,-0.002338,0.000037,0.000286,0.999997
115.700000,0.00000,0.00000,2.18000,-0.00090,-0.00170,-0.00388,-0.002338,0.000037,0.000286,0.999997
115.735000,0.00000,0.00000,2.18000,-0.00058,0.00002,0.00029,0.001772,0.000057,0.000087,0.999998
115.767000,0.00000,0.00000,2.18000,-0.00058,0.00002,0.00029,0.001772,0.000057,0.000087,0.999998
115.800000,0.00000,0.00000,2.18000,-0.00058,0.00002,0.00029,0.001772,0.000057,0.000087,0.999998
115.834000,0.00000,0.00000,2.18000,-0.00058,0.00002,0.00029,0.001772,0.000057,0.000087,0.999998
115.867000,0.00000,0.00000,2.18000,-0.00058,0.00002,0.00029,0.001772,0.000057,0.000087,0.999998
115.900000,0.00000,0.00000,2.18000,-0.00058,0.00002,0.00029,0.001772,0.000057,0.000087,0.999998
115.934000,0.00000,0.00000,2.18000,-0.00058,0.00002,0.00029,0.001772,0.000057,0.000087,0.999998
115.967000,0.00000,0.00000,2.18000,-0.00058,0.00002,0.00029,0.001772,0.000057,0.000087,0.999998
116.001000,0.00000,0.00000,2.18000,-0.00060,-0.00211,0.00302,-0.001298,0.000014,0.000346,0.999999
116.034000,0.00000,0.00000,2.18000,-0.00060,-0.00211,0.00302,-0.001298,0.000014,0.000346,0.999999
116.067000,0.00000,0.00000,2.18000,-0.00060,-0.00211,0.00302,-0.001298,0.000014,0.000346,0.999999
116.100000,0.00000,0.00000,2.18000,-0.00060,-0.00211,0.00302,-0.001298,0.000014,0.000346,0.999999
116.134000,0.00000,0.00000,2.18000,-0.00060,-0.00211,0.00302,-0.001298,0.000014,0.000346,0.999999
116.167000,0.00000,0.00000,2.18000,-0.00060,-0.00211,0.00302,-0.001298,0.000014,0.000346,0.999999
116.200000,0.00000,0.00000,2.18000,-0.00060,-0.00211,0.00302,-0.001298,0.000014,0.000346,0.999999
116.234000,0.00000,0.00000,2.18000,-0.00060,-0.00211,0.00302,0.000207,0.000027,0.000065,1.000000
116.268000,0.00000,0.00000,2.18000,-0.00058,0.00195,0.00431,0.000207,0.000027,0.000065,1.000000
116.300000,0.00000,0.00000,2.18000,-0.00058,0.00195,0.00431,0.000207,0.000027,0.000065,1.000000
116.334000,0.00000,0.00000,2.18000,-0.00058,0.00195,0.00431,0.000207,0.000027,0.000065,1.000000
116.367000,0.00000,0.00000,2.18000,-0.00058,0.00195,0.00431,0.000207,0.000027,0.000065,1.000000
116.400000,0.00000,0.00000,2.18000,-0.00058,0.00195,0.00431,0.000207,0.000027,0.000065,1.000000
116.434000,0.00000,0.00000,2.18000,-0.00058,0.00195,0.00431,0.000207,0.000027,0.000065,1.000000
116.467000,0.00000,0.00000,2.18000,-0.00058,0.00195,0.00431,0.000207,0.000027,0.000065,1.000000
116.501000,0.00000,0.00000,2.18000,-0.00055,-0.00091,0.00241,0.000474,0.000004,0.000268,1.000000
116.534000,0.00000,0.00000,2.18000,-0.00055,-0.00091,0.00241,0.000474,0.000004,0.000268,1.000000
116.567000,0.00000,0.00000,2.18000,-0.00055,-0.00091,0.00241,0.000474,0.000004,0.000268,1.000000
116.600000,0.00000,0.00000,2.18000,-0.00055,-0.00091,0.00241,0.000474,0.000004,0.000268,1.000000
116.634000,0.00000,0.00000,2.18000,-0.00055,-0.00091,0.00241,0.000474,0.000004,0.000268,1.000000
116.667000,0.00000,0.00000,2.18000,-0.00055,-0.00091,0.00241,0.000474,0.000004,0.000268,1.000000
116.700000,0.00000,0.00000,2.18000,-0.00055,-0.00091,0.00241,0.000474,0.000004,0.000268,1.000000
116.735000,0.00000,0.00000,2.18000,-0.00061,0.00246,-0.00215,-0.002012,-0.000081,0.000087,0.999998
116.767000,0.00000,0.00000,2.18000,-0.00061,0.00246,-0.00215,-0.002012,-0.000081,0.000087,0.999998
116.800000,0.00000,0.00000,2.18000,-0.00061,0.00246,-0.00215,-0.002012,-0.000081,0.000087,0.999998
116.834000,0.00000,0.00000,2.18000,-0.00061,0.00246,-0.00215,-0.002012,-0.000081,0.000087,0.999998
116.867000,0.00000,0.00000,2.18000,-0.00061,0.00246,-0.00215,-0.002012,-0.000081,0.000087,0.999998
116.900000,0.00000,0.00000,2.18000,-0.00061,0.00246,-0.00215,-0.002012,-0.000081,0.000087,0.999998
116.934000,0.00000,0.00000,2.18000,-0.00061,0.00246,-0.00215,-0.002012,-0.000081,0.000087,0.999998
116.967000,0.00000,0.00000,2.18000,-0.00061,0.00246,-0.00215,-0.002012,-0.000081,0.000087,0.999998
117.001000,0.00000,0.00000,2.18000,-0.00081,-0.00127,0.00038,0.002921,-0.000047,0.000272,0.999996
117.034000,0.00000,0.00000,2.18000,-0.00081,-0.00127,0.00038,0.002921,-0.000047,0.000272,0.999996
117.067000,0.00000,0.00000,2.18000,-0.00081,-0.00127,0.00038,0.002921,-0.000047,0.000272,0.999996
117.100000,0.00000,0.00000,2.18000,-0.00081,-0.00127,0.00038,0.002921,-0.000047,0.000272,0.999996
117.134000,0.00000,0.00000,2.18000,-0.00081,-0.00127,0.00038,0.002921,-0.000047,0.000272,0.999996
117.168000,0.00000,0.00000,2.18000,-0.00081,-0.00127,0.00038,0.002921,-0.000047,0.000272,0.999996
117.200000,0.00000,0.00000,2.18000,-0.00081,-0.00127,0.00038,0.002921,-0.000047,0.000272,0.999996
117.235000,0.00000,0.00000,2.18000,-0.00083,-0.00057,-0.00029,-0.002568,0.000089,0.000198,0.999997
117.267000,0.00000,0.00000,2.18000,-0.00083,-0.00057,-0.00029,-0.002568,0.000089,0.000198,0.999997
117.300000,0.00000,0.00000,2.18000,-0.00083,-0.00057,-0.00029,-0.002568,0.000089,0.000198,0.999997
117.334000,0.00000,0.00000,2.18000,-0.00083,-0.00057,-0.00029,-0.002568,0.000089,0.000198,0.999997
117.367000,0.00000,0.00000,2.18000,-0.00083,-0.00057,-0.00029,-0.002568,0.000089,0.000198,0.999997
117.400000,0.00000,0.00000,2.18000,-0.00083,-0.00057,-0.00029,-0.002568,0.000089,0.000198,0.999997
117.434000,0.00000,0.00000,2.18000,-0.00083,-0.00057,-0.00029,-0.002568,0.000089,0.000198,0.999997
117.467000,0.00000,0.00000,2.18000,-0.00083,-0.00057,-0.00029,-0.002568,0.000089,0.000198,0.999997
117.501000,0.00000,0.00000,2.18000,-0.00048,-0.00064,-0.00424,0.002986,0.000071,0.000270,0.999996
117.534000,0.00000,0.00000,2.18000,-0.00048,-0.00064,-0.00424,0.002986,0.000071,0.000270,0.999996
117.567000,0.00000,0.00000,2.18000,-0.00048,-0.00064,-0.00424,0.002986,0.000071,0.000270,0.999996
117.600000,0.00000,0.00000,2.18000,-0.00048,-0.00064,-0.00424,0.002986,0.000071,0.000270,0.999996
117.634000,0.00000,0.00000,2.18000,-0.00048,-0.00064,-0.00424,0.002986,0.000071,0.000270,0.999996
117.667000,0.00000,0.00000,2.18000,-0.00048,-0.00064,-0.00424,0.002986,0.000071,0.000270,0.999996
117.700000,0.00000,0.00000,2.18000,-0.00048,-0.00064,-0.00424,0.002986,0.000071,0.000270,0.999996
117.735000,0.00000,0.00000,2.18000,-0.00051,-0.00130,-0.00194,-0.002793,-0.000076,0.000196,0.999996
117.767000,0.00000,0.00000,2.18000,-0.00051,-0.00130,-0.00194,-0.002793,-0.000076,0.000196,0.999996
117.800000,0.00000,0.00000,2.18000,-0.00051,-0.00130,-0.00194,-0.002793,-0.000076,0.000196,0.999996
117.834000,0.00000,0.00000,2.18000,-0.00051,-0.00130,-0.00194,-0.002793,-0.000076,0.000196,0.999996
117.867000,0.00000,0.00000,2.18000,-0.00051,-0.00130,-0.00194,-0.002793,-0.000076,0.000196,0.999996
117.900000,0.00000,0.00000,2.18000,-0.00051,-0.00130,-0.00194,-0.002793,-0.000076,0.000196,0.999996
117.934000,0.00000,0.00000,2.18000,-0.00051,-0.00130,-0.00194,-0.002793,-0.000076,0.000196,0.999996
117.967000,0.00000,0.00000,2.18000,-0.00051,-0.00130,-0.00194,-0.002793,-0.000076,0.000196,0.999996
118.001000,0.00000,0.00000,2.18000,-0.00074,0.00018,-0.00035,0.002101,-0.000019,0.000071,0.999998
118.034000,0.00000,0.00000,2.18000,-0.00074,0.00018,-0.00035,0.002101,-0.000019,0.000071,0.999998
118.067000,0.00000,0.00000,2.18000,-0.00074,0.00018,-0.00035,0.002101,-0.000019,0.000071,0.999998
118.100000,0.00000,0.00000,2.18000,-0.00074,0.00018,-0.00035,0.002101,-0.000019,0.000071,0.999998
118.134000,0.00000,0.00000,2.18000,-0.00074,0.00018,-0.00035,0.002101,-0.000019,0.000071,0.999998
118.167000,0.00000,0.00000,2.18000,-0.00074,0.00018,-0.00035,0.002101,-0.000019,0.000071,0.999998
118.200000,0.00000,0.00000,2.18000,-0.00074,0.00018,-0.00035,0.002101,-0.000019,0.000071,0.999998
118.235000,0.00000,0.00000,2.18000,-0.00074,0.00018,-0.00035,-0.001240,-0.000074,0.000181,0.999999
118.267000,0.00000,0.00000,2.18000,-0.00089,-0.00317,0.00043,-0.001240,-0.000074,0.000181,0.999999
118.300000,0.00000,0.00000,2.18000,-0.00089,-0.00317,0.00043,-0.001240,-0.000074,0.000181,0.999999
118.334000,0.00000,0.00000,2.18000,-0.00089,-0.00317,0.00043,-0.001240,-0.000074,0.000181,0.999999
118.367000,0.00000,0.00000,2.18000,-0.00089,-0.00317,0.00043,-0.001240,-0.000074,0.000181,0.999999
118.400000,0.00000,0.00000,2.18000,-0.00089,-0.00317,0.00043,-0.001240,-0.000074,0.000181,0.999999
118.434000,0.00000,0.00000,2.18000,-0.00089,-0.00317,0.00043,-0.001240,-0.000074,0.000181,0.999999
118.467000,0.00000,0.00000,2.18000,-0.00089,-0.00317,0.00043,-0.001240,-0.000074,0.000181,0.999999
118.501000,0.00000,0.00000,2.18000,-0.00105,-0.00086,0.00125,-0.000070,0.000060,0.000025,1.000000
118.534000,0.00000,0.00000,2.18000,-0.00105,-0.00086,0.00125,-0.000070,0.000060,0.000025,1.000000
118.567000,0.00000,0.00000,2.18000,-0.00105,-0.00086,0.00125,-0.000070,0.000060,0.000025,1.000000
118.600000,0.00000,0.00000,2.18000,-0.00105,-0.00086,0.00125,-0.000070,0.000060,0.000025,1.000000
118.634000,0.00000,0.00000,2.18000,-0.00105,-0.00086,0.00125,-0.000070,0.000060,0.000025,1.000000
118.667000,0.00000,0.00000,2.18000,-0.00105,-0.00086,0.00125,-0.000070,0.000060,0.000025,1.000000
118.700000,0.00000,0.00000,2.18000,-0.00105,-0.00086,0.00125,-0.000070,0.000060,0.000025,1.000000
118.735000,0.00000,0.00000,2.18000,-0.00105,-0.00086,0.00125,0.000668,0.000109,0.000312,1.000000
118.767000,0.00000,0.00000,2.18000,-0.00067,-0.00392,0.00411,0.000668,0.000109,0.000312,1.000000
118.800000,0.00000,0.00000,2.18000,-0.00067,-0.00392,0.00411,0.000668,0.000109,0.000312,1.000000
118.834000,0.00000,0.00000,2.18000,-0.00067,-0.00392,0.00411,0.000668,0.000109,0.000312,1.000000
118.867000,0.00000,0.00000,2.18000,-0.00067,-0.00392,0.00411,0.000668,0.000109,0.000312,1.000000
118.900000,0.00000,0.00000,2.18000,-0.00067,-0.00392,0.00411,0.000668,0.000109,0.000312,1.000000
118.934000,0.00000,0.00000,2.18000,-0.00067,-0.00392,0.00411,0.000668,0.000109,0.000312,1.000000
118.967000,0.00000,0.00000,2.18000,-0.00067,-0.00392,0.00411,0.000668,0.000109,0.000312,1.000000
119.001000,0.00000,0.00000,2.18000,-0.00047,-0.00087,0.00069,-0.002001,-0.000024,0.000087,0.999998
119.034000,0.00000,0.00000,2.18000,-0.00047,-0.00087,0.00069,-0.002001,-0.000024,0.000087,0.999998
119.067000,0.00000,0.00000,2.18000,-0.00047,-0.00087,0.00069,-0.002001,-0.000024,0.000087,0.999998
119.101000,0.00000,0.00000,2.18000,-0.00047,-0.00087,0.00069,-0.002001,-0.000024,0.000087,0.999998
119.134000,0.00000,0.00000,2.18000,-0.00047,-0.00087,0.00069,-0.002001,-0.000024,0.000087,0.999998
119.167000,0.00000,0.00000,2.18000,-0.00047,-0.00087,0.00069,-0.002001,-0.000024,0.000087,0.999998
119.200000,0.00000,0.00000,2.18000,-0.00047,-0.00087,0.00069,-0.002001,-0.000024,0.000087,0.999998
119.235000,0.00000,0.00000,2.18000,-0.00047,-0.00087,0.00069,0.002436,0.000015,0.000349,0.999997
119.268000,0.00000,0.00000,2.18000,-0.00049,-0.00315,-0.00437,0.002436,0.000015,0.000349,0.999997
119.301000,0.00000,0.00000,2.18000,-0.00049,-0.00315,-0.00437,0.002436,0.000015,0.000349,0.999997
119.334000,0.00000,0.00000,2.18000,-0.00049,-0.00315,-0.00437,0.002436,0.000015,0.000349,0.999997
119.367000,0.00000,0.00000,2.18000,-0.00049,-0.00315,-0.00437,0.002436,0.000015,0.000349,0.999997
119.400000,0.00000,0.00000,2.18000,-0.00049,-0.00315,-0.00437,0.002436,0.000015,0.000349,0.999997
119.434000,0.00000,0.00000,2.18000,-0.00049,-0.00315,-0.00437,0.002436,0.000015,0.000349,0.999997
119.467000,0.00000,0.00000,2.18000,-0.00049,-0.00315,-0.00437,0.002436,0.000015,0.000349,0.999997
119.501000,0.00000,0.00000,2.18000,-0.00058,-0.00218,-0.00466,-0.002961,-0.000063,0.000175,0.999996
119.534000,0.00000,0.00000,2.18000,-0.00058,-0.00218,-0.00466,-0.002961,-0.000063,0.000175,0.999996
119.567000,0.00000,0.00000,2.18000,-0.00058,-0.00218,-0.00466,-0.002961,-0.000063,0.000175,0.999996
119.600000,0.00000,0.00000,2.18000,-0.00058,-0.00218,-0.00466,-0.002961,-0.000063,0.000175,0.999996
119.634000,0.00000,0.00000,2.18000,-0.00058,-0.00218,-0.00466,-0.002961,-0.000063,0.000175,0.999996
119.667000,0.00000,0.00000,2.18000,-0.00058,-0.00218,-0.00466,-0.002961,-0.000063,0.000175,0.999996
119.700000,0.00000,0.00000,2.18000,-0.00058,-0.00218,-0.00466,-0.002961,-0.000063,0.000175,0.999996
119.735000,0.00000,0.00000,2.18000,-0.00058,-0.00218,-0.00466,0.002840,-0.000045,0.000242,0.999996
119.767000,0.00000,0.00000,2.18000,-0.00101,-0.00158,0.00185,0.002840,-0.000045,0.000242,0.999996
119.800000,0.00000,0.00000,2.18000,-0.00101,-0.00158,0.00185,0.002840,-0.000045,0.000242,0.999996
119.834000,0.00000,0.00000,2.18000,-0.00101,-0.00158,0.00185,0.002840,-0.000045,0.000242,0.999996
119.867000,0.00000,0.00000,2.18000,-0.00101,-0.00158,0.00185,0.002840,-0.000045,0.000242,0.999996
119.900000,0.00000,0.00000,2.18000,-0.00101,-0.00158,0.00185,0.002840,-0.000045,0.000242,0.999996
119.934000,0.00000,0.00000,2.18000,-0.00101,-0.00158,0.00185,0.002840,-0.000045,0.000242,0.999996
119.967000,0.00000,0.00000,2.18000,-0.00101,-0.00158,0.00185,0.002840,-0.000045,0.000242,0.999996
120.001000,0.00000,0.00000,2.18000,-0.00091,-0.00307,-0.00193,-0.002465,0.000054,0.000190,0.999997
120.034000,0.00000,0.00000,2.18000,-0.00091,-0.00307,-0.00193,-0.002465,0.000054,0.000190,0.999997
120.067000,0.00000,0.00000,2.18000,-0.00091,-0.00307,-0.00193,-0.002465,0.000054,0.000190,0.999997
120.100000,0.00000,0.00000,2.18000,-0.00091,-0.00307,-0.00193,-0.002465,0.000054,0.000190,0.999997
120.134000,0.00000,0.00000,2.18000,-0.00091,-0.00307,-0.00193,-0.002465,0.000054,0.000190,0.999997
120.167000,0.00000,0.00000,2.18000,-0.00091,-0.00307,-0.00193,-0.002465,0.000054,0.000190,0.999997
120.200000,0.00000,0.00000,2.18000,-0.00091,-0.00307,-0.00193,-0.002465,0.000054,0.000190,0.999997
120.234000,0.00000,0.00000,2.18000,-0.00091,-0.00307,-0.00193,0.002965,0.000051,0.000237,0.999996
120.268000,0.00000,0.00000,2.18000,-0.00062,-0.00184,-0.00145,0.002965,0.000051,0.000237,0.999996
120.300000,0.00000,0.00000,2.18000,-0.00062,-0.00184,-0.00145,0.002965,0.000051,0.000237,0.999996
120.334000,0.00000,0.00000,2.18000,-0.00062,-0.00184,-0.00145,0.002965,0.000051,0.000237,0.999996
120.367000,0.00000,0.00000,2.18000,-0.00062,-0.00184,-0.00145,0.002965,0.000051,0.000237,0.999996
120.400000,0.00000,0.00000,2.18000,-0.00062,-0.00184,-0.00145,0.002965,0.000051,0.000237,0.999996
120.434000,0.00000,0.00000,2.18000,-0.00062,-0.00184,-0.00145,0.002965,0.000051,0.000237,0.999996
120.467000,0.00000,0.00000,2.18000,-0.00062,-0.00184,-0.00145,0.002965,0.000051,0.000237,0.999996
120.501000,0.00000,0.00000,2.18000,-0.00051,-0.00409,-0.00433,-0.002082,0.000040,0.000333,0.999998
120.534000,0.00000,0.00000,2.18000,-0.00051,-0.00409,-0.00433,-0.002082,0.000040,0.000333,0.999998
120.567000,0.00000,0.00000,2.18000,-0.00051,-0.00409,-0.00433,-0.002082,0.000040,0.000333,0.999998
120.600000,0.00000,0.00000,2.18000,-0.00051,-0.00409,-0.00433,-0.002082,0.000040,0.000333,0.999998
120.634000,0.00000,0.00000,2.18000,-0.00051,-0.00409,-0.00433,-0.002082,0.000040,0.000333,0.999998
120.667000,0.00000,0.00000,2.18000,-0.00051,-0.00409,-0.00433,-0.002082,0.000040,0.000333,0.999998
120.700000,0.00000,0.00000,2.18000,-0.00051,-0.00409,-0.00433,-0.002082,0.000040,0.000333,0.999998
120.735000,0.00000,0.00000,2.18000,-0.00051,-0.00409,-0.00433,0.001314,-0.000009,0.000154,0.999999
120.767000,0.00000,0.00000,2.18000,-0.00057,-0.00099,-0.00195,0.001314,-0.000009,0.000154,0.999999
120.800000,0.00000,0.00000,2.18000,-0.00057,-0.00099,-0.00195,0.001314,-0.000009,0.000154,0.999999
120.834000,0.00000,0.00000,2.18000,-0.00057,-0.00099,-0.00195,0.001314,-0.000009,0.000154,0.999999
120.867000,0.00000,0.00000,2.18000,-0.00057,-0.00099,-0.00195,0.001314,-0.000009,0.000154,0.999999
120.901000,0.00000,0.00000,2.18000,-0.00057,-0.00099,-0.00195,0.001314,-0.000009,0.000154,0.999999
120.934000,0.00000,0.00000,2.18000,-0.00057,-0.00099,-0.00195,0.001314,-0.000009,0.000154,0.999999
120.967000,0.00000,0.00000,2.18000,-0.00057,-0.00099,-0.00195,0.001314,-0.000009,0.000154,0.999999
121.001000,0.00000,0.00000,2.18000,-0.00065,-0.00374,0.00173,-0.000424,-0.000016,0.000239,1.000000
121.034000,0.00000,0.00000,2.18000,-0.00065,-0.00374,0.00173,-0.000424,-0.000016,0.000239,1.000000
121.067000,0.00000,0.00000,2.18000,-0.00065,-0.00374,0.00173,-0.000424,-0.000016,0.000239,1.000000
121.100000,0.00000,0.00000,2.18000,-0.00065,-0.00374,0.00173,-0.000424,-0.000016,0.000239,1.000000
121.134000,0.00000,0.00000,2.18000,-0.00065,-0.00374,0.00173,-0.000424,-0.000016,0.000239,1.000000
121.167000,0.00000,0.00000,2.18000,-0.00065,-0.00374,0.00173,-0.000424,-0.000016,0.000239,1.000000
121.200000,0.00000,0.00000,2.18000,-0.00065,-0.00374,0.00173,-0.000424,-0.000016,0.000239,1.000000
121.234000,0.00000,0.00000,2.18000,-0.00065,-0.00374,0.00173,-0.000445,0.000068,0.000072,1.000000
121.268000,0.00000,0.00000,2.18000,-0.00054,-0.00044,0.00384,-0.000445,0.000068,0.000072,1.000000
121.300000,0.00000,0.00000,2.18000,-0.00054,-0.00044,0.00384,-0.000445,0.000068,0.000072,1.000000
121.334000,0.00000,0.00000,2.18000,-0.00054,-0.00044,0.00384,-0.000445,0.000068,0.000072,1.000000
121.367000,0.00000,0.00000,2.18000,-0.00054,-0.00044,0.00384,-0.000445,0.000068,0.000072,1.000000
121.400000,0.00000,0.00000,2.18000,-0.00054,-0.00044,0.00384,-0.000445,0.000068,0.000072,1.000000
121.434000,0.00000,0.00000,2.18000,-0.00054,-0.00044,0.00384,-0.000445,0.000068,0.000072,1.000000
121.467000,0.00000,0.00000,2.18000,-0.00054,-0.00044,0.00384,-0.000445,0.000068,0.000072,1.000000
121.501000,0.00000,0.00000,2.18000,-0.00031,-0.00289,0.00294,0.001234,0.000036,0.000321,0.999999
121.534000,0.00000,0.00000,2.18000,-0.00031,-0.00289,0.00294,0.001234,0.000036,0.000321,0.999999
121.567000,0.00000,0.00000,2.18000,-0.00031,-0.00289,0.00294,0.001234,0.000036,0.000321,0.999999
121.600000,0.00000,0.00000,2.18000,-0.00031,-0.00289,0.00294,0.001234,0.000036,0.000321,0.999999
121.634000,0.00000,0.00000,2.18000,-0.00031,-0.00289,0.00294,0.001234,0.000036,0.000321,0.999999
121.667000,0.00000,0.00000,2.18000,-0.00031,-0.00289,0.00294,0.001234,0.000036,0.000321,0.999999
121.700000,0.00000,0.00000,2.18000,-0.00031,-0.00289,0.00294,0.001234,0.000036,0.000321,0.999999
121.734000,0.00000,0.00000,2.18000,-0.00031,-0.00289,0.00294,-0.001812,-0.000144,0.000116,0.999998
121.768000,0.00000,0.00000,2.18000,-0.00051,-0.00169,-0.00134,-0.001812,-0.000144,0.000116,0.999998
121.800000,0.00000,0.00000,2.18000,-0.00051,-0.00169,-0.00134,-0.001812,-0.000144,0.000116,0.999998
121.834000,0.00000,0.00000,2.18000,-0.00051,-0.00169,-0.00134,-0.001812,-0.000144,0.000116,0.999998
121.867000,0.00000,0.00000,2.18000,-0.00051,-0.00169,-0.00134,-0.001812,-0.000144,0.000116,0.999998
121.900000,0.00000,0.00000,2.18000,-0.00051,-0.00169,-0.00134,-0.001812,-0.000144,0.000116,0.999998
121.934000,0.00000,0.00000,2.18000,-0.00051,-0.00169,-0.00134,-0.001812,-0.000144,0.000116,0.999998
121.967000,0.00000,0.00000,2.18000,-0.00051,-0.00169,-0.00134,-0.001812,-0.000144,0.000116,0.999998
122.001000,0.00000,0.00000,2.18000,-0.00104,-0.00380,-0.00420,0.002874,-0.000019,0.000388,0.999996
122.034000,0.00000,0.00000,2.18000,-0.00104,-0.00380,-0.00420,0.002874,-0.000019,0.000388,0.999996
122.067000,0.00000,0.00000,2.18000,-0.00104,-0.00380,-0.00420,0.002874,-0.000019,0.000388,0.999996
122.100000,0.00000,0.00000,2.18000,-0.00104,-0.00380,-0.00420,0.002874,-0.000019,0.000388,0.999996
122.134000,0.00000,0.00000,2.18000,-0.00104,-0.00380,-0.00420,0.002874,-0.000019,0.000388,0.999996
122.167000,0.00000,0.00000,2.18000,-0.00104,-0.00380,-0.00420,0.002874,-0.000019,0.000388,0.999996
122.200000,0.00000,0.00000,2.18000,-0.00104,-0.00380,-0.00420,0.002874,-0.000019,0.000388,0.999996
122.234000,0.00000,0.00000,2.18000,-0.00104,-0.00380,-0.00420,-0.002995,0.000072,0.000192,0.999995
122.268000,0.00000,0.00000,2.18000,-0.00069,-0.00317,-0.00375,-0.002995,0.000072,0.000192,0.999995
122.300000,0.00000,0.00000,2.18000,-0.00069,-0.00317,-0.00375,-0.002995,0.000072,0.000192,0.999995
122.334000,0.00000,0.00000,2.18000,-0.00069,-0.00317,-0.00375,-0.002995,0.000072,0.000192,0.999995
122.367000,0.00000,0.00000,2.18000,-0.00069,-0.00317,-0.00375,-0.002995,0.000072,0.000192,0.999995
122.400000,0.00000,0.00000,2.18000,-0.00069,-0.00317,-0.00375,-0.002995,0.000072,0.000192,0.999995
122.434000,0.00000,0.00000,2.18000,-0.00069,-0.00317,-0.00375,-0.002995,0.000072,0.000192,0.999995
122.467000,0.00000,0.00000,2.18000,-0.00069,-0.00317,-0.00375,-0.002995,0.000072,0.000192,0.999995
122.501000,0.00000,0.00000,2.18000,-0.00039,-0.00232,0.00172,0.002779,0.000023,0.000254,0.999996
122.534000,0.00000,0.00000,2.18000,-0.00039,-0.00232,0.00172,0.002779,0.000023,0.000254,0.999996
122.567000,0.00000,0.00000,2.18000,-0.00039,-0.00232,0.00172,0.002779,0.000023,0.000254,0.999996
122.600000,0.00000,0.00000,2.18000,-0.00039,-0.00232,0.00172,0.002779,0.000023,0.000254,0.999996
122.634000,0.00000,0.00000,2.18000,-0.00039,-0.00232,0.00172,0.002779,0.000023,0.000254,0.999996
122.667000,0.00000,0.00000,2.18000,-0.00039,-0.00232,0.00172,0.002779,0.000023,0.000254,0.999996
122.700000,0.00000,0.00000,2.18000,-0.00039,-0.00232,0.00172,0.002779,0.000023,0.000254,0.999996
122.734000,0.00000,0.00000,2.18000,-0.00039,-0.00232,0.00172,-0.002757,-0.000005,0.000220,0.999996
122.768000,0.00000,0.00000,2.18000,-0.00024,-0.00297,0.00139,-0.002757,-0.000005,0.000220,0.999996
122.800000,0.00000,0.00000,2.18000,-0.00024,-0.00297,0.00139,-0.002757,-0.000005,0.000220,0.999996
122.834000,0.00000,0.00000,2.18000,-0.00024,-0.00297,0.00139,-0.002757,-0.000005,0.000220,0.999996
122.867000,0.00000,0.00000,2.18000,-0.00024,-0.00297,0.00139,-0.002757,-0.000005,0.000220,0.999996
122.900000,0.00000,0.00000,2.18000,-0.00024,-0.00297,0.00139,-0.002757,-0.000005,0.000220,0.999996
122.934000,0.00000,0.00000,2.18000,-0.00024,-0.00297,0.00139,-0.002757,-0.000005,0.000220,0.999996
122.967000,0.00000,0.00000,2.18000,-0.00024,-0.00297,0.00139,-0.002757,-0.000005,0.000220,0.999996
123.001000,0.00000,0.00000,2.18000,-0.00051,0.00095,0.00093,0.001605,-0.000097,0.000136,0.999999
123.034000,0.00000,0.00000,2.18000,-0.00051,0.00095,0.00093,0.001605,-0.000097,0.000136,0.999999
123.067000,0.00000,0.00000,2.18000,-0.00051,0.00095,0.00093,0.001605,-0.000097,0.000136,0.999999
123.100000,0.00000,0.00000,2.18000,-0.00051,0.00095,0.00093,0.001605,-0.000097,0.000136,0.999999
123.134000,0.00000,0.00000,2.18000,-0.00051,0.00095,0.00093,0.001605,-0.000097,0.000136,0.999999
123.167000,0.00000,0.00000,2.18000,-0.00051,0.00095,0.00093,0.001605,-0.000097,0.000136,0.999999
123.201000,0.00000,0.00000,2.18000,-0.00051,0.00095,0.00093,0.001605,-0.000097,0.000136,0.999999
123.234000,0.00000,0.00000,2.18000,-0.00051,0.00095,0.00093,-0.000423,0.000012,0.000333,1.000000
123.268000,0.00000,0.00000,2.18000,-0.00075,-0.00209,0.00218,-0.000423,0.000012,0.000333,1.000000
123.300000,0.00000,0.00000,2.18000,-0.00075,-0.00209,0.00218,-0.000423,0.000012,0.000333,1.000000
123.334000,0.00000,0.00000,2.18000,-0.00075,-0.00209,0.00218,-0.000423,0.000012,0.000333,1.000000
123.367000,0.00000,0.00000,2.18000,-0.00075,-0.00209,0.00218,-0.000423,0.000012,0.000333,1.000000
123.400000,0.00000,0.00000,2.18000,-0.00075,-0.00209,0.00218,-0.000423,0.000012,0.000333,1.000000
123.434000,0.00000,0.00000,2.18000,-0.00075,-0.00209,0.00218,-0.000423,0.000012,0.000333,1.000000
123.467000,0.00000,0.00000,2.18000,-0.00075,-0.00209,0.00218,-0.000423,0.000012,0.000333,1.000000
123.501000,0.00000,0.00000,2.18000,-0.00092,-0.00028,0.00187,0.000447,-0.000030,0.000135,1.000000
123.534000,0.00000,0.00000,2.18000,-0.00092,-0.00028,0.00187,0.000447,-0.000030,0.000135,1.000000
123.567000,0.00000,0.00000,2.18000,-0.00092,-0.00028,0.00187,0.000447,-0.000030,0.000135,1.000000
123.600000,0.00000,0.00000,2.18000,-0.00092,-0.00028,0.00187,0.000447,-0.000030,0.000135,1.000000
123.634000,0.00000,0.00000,2.18000,-0.00092,-0.00028,0.00187,0.000447,-0.000030,0.000135,1.000000
123.667000,0.00000,0.00000,2.18000,-0.00092,-0.00028,0.00187,0.000447,-0.000030,0.000135,1.000000
123.700000,0.00000,0.00000,2.18000,-0.00092,-0.00028,0.00187,0.000447,-0.000030,0.000135,1.000000
123.735000,0.00000,0.00000,2.18000,-0.00092,-0.00028,0.00187,0.000926,0.000012,0.000339,1.000000
123.767000,0.00000,0.00000,2.18000,-0.00068,-0.00448,0.00444,0.000926,0.000012,0.000339,1.000000
123.800000,0.00000,0.00000,2.18000,-0.00068,-0.00448,0.00444,0.000926,0.000012,0.000339,1.000000
123.834000,0.00000,0.00000,2.18000,-0.00068,-0.00448,0.00444,0.000926,0.000012,0.000339,1.000000
123.867000,0.00000,0.00000,2.18000,-0.00068,-0.00448,0.00444,0.000926,0.000012,0.000339,1.000000
123.900000,0.00000,0.00000,2.18000,-0.00068,-0.00448,0.00444,0.000926,0.000012,0.000339,1.000000
123.934000,0.00000,0.00000,2.18000,-0.00068,-0.00448,0.00444,0.000926,0.000012,0.000339,1.000000
123.967000,0.00000,0.00000,2.18000,-0.00068,-0.00448,0.00444,0.000926,0.000012,0.000339,1.000000
124.001000,0.00000,0.00000,2.18000,-0.00076,-0.00226,0.00026,-0.001529,-0.000010,0.000076,0.999999
124.034000,0.00000,0.00000,2.18000,-0.00076,-0.00226,0.00026,-0.001529,-0.000010,0.000076,0.999999
124.067000,0.00000,0.00000,2.18000,-0.00076,-0.00226,0.00026,-0.001529,-0.000010,0.000076,0.999999
124.100000,0.00000,0.00000,2.18000,-0.00076,-0.00226,0.00026,-0.001529,-0.000010,0.000076,0.999999
124.135000,0.00000,0.00000,2.18000,-0.00076,-0.00226,0.00026,-0.001529,-0.000010,0.000076,0.999999
124.167000,0.00000,0.00000,2.18000,-0.00076,-0.00226,0.00026,-0.001529,-0.000010,0.000076,0.999999
124.200000,0.00000,0.00000,2.18000,-0.00076,-0.00226,0.00026,-0.001529,-0.000010,0.000076,0.999999
124.234000,0.00000,0.00000,2.18000,-0.00076,-0.00226,0.00026,0.002514,-0.000049,0.000369,0.999997
124.268000,0.00000,0.00000,2.18000,-0.00084,-0.00429,0.00003,0.002514,-0.000049,0.000369,0.999997
124.300000,0.00000,0.00000,2.18000,-0.00084,-0.00429,0.00003,0.002514,-0.000049,0.000369,0.999997
124.334000,0.00000,0.00000,2.18000,-0.00084,-0.00429,0.00003,0.002514,-0.000049,0.000369,0.999997
124.367000,0.00000,0.00000,2.18000,-0.00084,-0.00429,0.00003,0.002514,-0.000049,0.000369,0.999997
124.401000,0.00000,0.00000,2.18000,-0.00084,-0.00429,0.00003,0.002514,-0.000049,0.000369,0.999997
124.434000,0.00000,0.00000,2.18000,-0.00084,-0.00429,0.00003,0.002514,-0.000049,0.000369,0.999997
124.467000,0.00000,0.00000,2.18000,-0.00084,-0.00429,0.00003,0.002514,-0.000049,0.000369,0.999997
124.501000,0.00000,-0.01113,2.18000,-0.00121,-0.00107,-0.00291,-0.003927,-0.000012,0.000083,0.999992
124.534000,0.00000,-0.01113,2.18000,-0.00121,-0.00107,-0.00291,-0.003927,-0.000012,0.000083,0.999992
124.567000,0.00000,-0.01113,2.18000,-0.00121,-0.00107,-0.00291,-0.003927,-0.000012,0.000083,0.999992
124.601000,0.00000,-0.01113,2.18000,-0.00121,-0.00107,-0.00291,-0.003927,-0.000012,0.000083,0.999992
124.634000,0.00000,-0.01113,2.18000,-0.00121,-0.00107,-0.00291,-0.003927,-0.000012,0.000083,0.999992
124.667000,0.00000,-0.01113,2.18000,-0.00121,-0.00107,-0.00291,-0.003927,-0.000012,0.000083,0.999992
124.700000,0.00000,-0.01113,2.18000,-0.00121,-0.00107,-0.00291,-0.003927,-0.000012,0.000083,0.999992
124.734000,0.00000,-0.01113,2.18000,-0.00121,-0.00107,-0.00291,-0.003927,-0.000012,0.000083,0.999992
124.768000,0.00000,-0.01113,2.18000,-0.00098,0.00354,-0.00134,0.001816,0.000089,0.000189,0.999998
124.800000,0.00000,-0.01113,2.18000,-0.00098,0.00354,-0.00134,0.001816,0.000089,0.000189,0.999998
124.834000,0.00000,-0.01113,2.18000,-0.00098,0.00354,-0.00134,0.001816,0.000089,0.000189,0.999998
124.867000,0.00000,-0.01113,2.18000,-0.00098,0.00354,-0.00134,0.001816,0.000089,0.000189,0.999998
124.900000,0.00000,-0.01113,2.18000,-0.00098,0.00354,-0.00134,0.001816,0.000089,0.000189,0.999998
124.934000,0.00000,-0.01113,2.18000,-0.00098,0.00354,-0.00134,0.001816,0.000089,0.000189,0.999998
124.967000,0.00000,-0.01113,2.18000,-0.00098,0.00354,-0.00134,0.001816,0.000089,0.000189,0.999998
125.001000,0.00000,-0.01113,2.18000,-0.00054,0.00695,-0.00122,-0.003500,0.000086,0.000159,0.999994
125.034000,0.00000,-0.01113,2.18000,-0.00054,0.00695,-0.00122,-0.003500,0.000086,0.000159,0.999994
125.067000,0.00000,-0.01113,2.18000,-0.00054,0.00695,-0.00122,-0.003500,0.000086,0.000159,0.999994
125.100000,0.00000,-0.01113,2.18000,-0.00054,0.00695,-0.00122,-0.003500,0.000086,0.000159,0.999994
125.134000,0.00000,-0.01113,2.18000,-0.00054,0.00695,-0.00122,-0.003500,0.000086,0.000159,0.999994
125.167000,0.00000,-0.01113,2.18000,-0.00054,0.00695,-0.00122,-0.003500,0.000086,0.000159,0.999994
125.200000,0.00000,-0.01113,2.18000,-0.00054,0.00695,-0.00122,-0.003500,0.000086,0.000159,0.999994
125.234000,0.00000,-0.01113,2.18000,-0.00054,0.00695,-0.00122,-0.003500,0.000086,0.000159,0.999994
125.268000,0.00000,-0.01113,2.18000,-0.00050,0.01086,-0.00202,0.001962,-0.000056,0.000127,0.999998
125.300000,0.00000,-0.01113,2.18000,-0.00050,0.01086,-0.00202,0.001962,-0.000056,0.000127,0.999998
125.334000,0.00000,-0.01113,2.18000,-0.00050,0.01086,-0.00202,0.001962,-0.000056,0.000127,0.999998
125.367000,0.00000,-0.01113,2.18000,-0.00050,0.01086,-0.00202,0.001962,-0.000056,0.000127,0.999998
125.401000,0.00000,-0.01113,2.18000,-0.00050,0.01086,-0.00202,0.001962,-0.000056,0.000127,0.999998
125.434000,0.00000,-0.01113,2.18000,-0.00050,0.01086,-0.00202,0.001962,-0.000056,0.000127,0.999998
125.467000,0.00000,-0.01113,2.18000,-0.00050,0.01086,-0.00202,0.001962,-0.000056,0.000127,0.999998
125.501000,0.00000,-0.01113,2.18000,-0.00075,0.01109,-0.00276,-0.002021,-0.000013,0.000238,0.999998
125.534000,0.00000,-0.01113,2.18000,-0.00075,0.01109,-0.00276,-0.002021,-0.000013,0.000238,0.999998
125.567000,0.00000,-0.01113,2.18000,-0.00075,0.01109,-0.00276,-0.002021,-0.000013,0.000238,0.999998
125.601000,0.00000,-0.01113,2.18000,-0.00075,0.01109,-0.00276,-0.002021,-0.000013,0.000238,0.999998
125.634000,0.00000,-0.01113,2.18000,-0.00075,0.01109,-0.00276,-0.002021,-0.000013,0.000238,0.999998
125.667000,0.00000,-0.01113,2.18000,-0.00075,0.01109,-0.00276,-0.002021,-0.000013,0.000238,0.999998
125.700000,0.00000,-0.01113,2.18000,-0.00075,0.01109,-0.00276,-0.002021,-0.000013,0.000238,0.999998
125.734000,0.00000,-0.01113,2.18000,-0.00075,0.01109,-0.00276,-0.002021,-0.000013,0.000238,0.999998
125.768000,0.00000,-0.01113,2.18000,-0.00047,0.01398,0.00097,0.000467,0.000072,0.000167,1.000000
125.800000,0.00000,-0.01113,2.18000,-0.00047,0.01398,0.00097,0.000467,0.000072,0.000167,1.000000
125.834000,0.00000,-0.01113,2.18000,-0.00047,0.01398,0.00097,0.000467,0.000072,0.000167,1.000000
125.867000,0.00000,-0.01113,2.18000,-0.00047,0.01398,0.00097,0.000467,0.000072,0.000167,1.000000
125.900000,0.00000,-0.01113,2.18000,-0.00047,0.01398,0.00097,0.000467,0.000072,0.000167,1.000000
125.934000,0.00000,-0.01113,2.18000,-0.00047,0.01398,0.00097,0.000467,0.000072,0.000167,1.000000
125.967000,0.00000,-0.01113,2.18000,-0.00047,0.01398,0.00097,0.000467,0.000072,0.000167,1.000000
126.001000,0.00000,0.00000,2.18000,-0.00020,0.01087,-0.00019,0.000907,-0.000002,0.000302,1.000000
126.034000,0.00000,0.00000,2.18000,-0.00020,0.01087,-0.00019,0.000907,-0.000002,0.000302,1.000000
126.067000,0.00000,0.00000,2.18000,-0.00020,0.01087,-0.00019,0.000907,-0.000002,0.000302,1.000000
126.100000,0.00000,0.00000,2.18000,-0.00020,0.01087,-0.00019,0.000907,-0.000002,0.000302,1.000000
126.134000,0.00000,0.00000,2.18000,-0.00020,0.01087,-0.00019,0.000907,-0.000002,0.000302,1.000000
126.167000,0.00000,0.00000,2.18000,-0.00020,0.01087,-0.00019,0.000907,-0.000002,0.000302,1.000000
126.200000,0.00000,0.00000,2.18000,-0.00020,0.01087,-0.00019,0.000907,-0.000002,0.000302,1.000000
126.234000,0.00000,0.00000,2.18000,-0.00020,0.01087,-0.00019,0.000907,-0.000002,0.000302,1.000000
126.268000,0.00000,0.00000,2.18000,-0.00047,0.00970,-0.00100,-0.000486,-0.000044,0.000155,1.000000
126.300000,0.00000,0.00000,2.18000,-0.00047,0.00970,-0.00100,-0.000486,-0.000044,0.000155,1.000000
126.334000,0.00000,0.00000,2.18000,-0.00047,0.00970,-0.00100,-0.000486,-0.000044,0.000155,1.000000
126.367000,0.00000,0.00000,2.18000,-0.00047,0.00970,-0.00100,-0.000486,-0.000044,0.000155,1.000000
126.400000,0.00000,0.00000,2.18000,-0.00047,0.00970,-0.00100,-0.000486,-0.000044,0.000155,1.000000
126.434000,0.00000,0.00000,2.18000,-0.00047,0.00970,-0.00100,-0.000486,-0.000044,0.000155,1.000000
126.467000,0.00000,0.00000,2.18000,-0.00047,0.00970,-0.00100,-0.000486,-0.000044,0.000155,1.000000
126.501000,0.00000,0.00000,2.18000,-0.00076,0.00264,-0.00090,0.003437,-0.000038,0.000394,0.999994
126.534000,0.00000,0.00000,2.18000,-0.00076,0.00264,-0.00090,0.003437,-0.000038,0.000394,0.999994
126.567000,0.00000,0.00000,2.18000,-0.00076,0.00264,-0.00090,0.003437,-0.000038,0.000394,0.999994
126.600000,0.00000,0.00000,2.18000,-0.00076,0.00264,-0.00090,0.003437,-0.000038,0.000394,0.999994
126.634000,0.00000,0.00000,2.18000,-0.00076,0.00264,-0.00090,0.003437,-0.000038,0.000394,0.999994
126.667000,0.00000,0.00000,2.18000,-0.00076,0.00264,-0.00090,0.003437,-0.000038,0.000394,0.999994
126.700000,0.00000,0.00000,2.18000,-0.00076,0.00264,-0.00090,0.003437,-0.000038,0.000394,0.999994
126.734000,0.00000,0.00000,2.18000,-0.00076,0.00264,-0.00090,0.003437,-0.000038,0.000394,0.999994
126.768000,0.00000,0.00000,2.18000,-0.00056,0.00073,-0.00572,-0.002276,0.000050,0.000134,0.999997
126.800000,0.00000,0.00000,2.18000,-0.00056,0.00073,-0.00572,-0.002276,0.000050,0.000134,0.999997
126.834000,0.00000,0.00000,2.18000,-0.00056,0.00073,-0.00572,-0.002276,0.000050,0.000134,0.999997
126.867000,0.00000,0.00000,2.18000,-0.00056,0.00073,-0.00572,-0.002276,0.000050,0.000134,0.999997
126.900000,0.00000,0.00000,2.18000,-0.00056,0.00073,-0.00572,-0.002276,0.000050,0.000134,0.999997
126.934000,0.00000,0.00000,2.18000,-0.00056,0.00073,-0.00572,-0.002276,0.000050,0.000134,0.999997
126.967000,0.00000,0.00000,2.18000,-0.00056,0.00073,-0.00572,-0.002276,0.000050,0.000134,0.999997
127.001000,0.00000,0.00000,2.18000,-0.00013,-0.00092,-0.00451,0.003066,0.000013,0.000167,0.999995
127.034000,0.00000,0.00000,2.18000,-0.00013,-0.00092,-0.00451,0.003066,0.000013,0.000167,0.999995
127.067000,0.00000,0.00000,2.18000,-0.00013,-0.00092,-0.00451,0.003066,0.000013,0.000167,0.999995
127.100000,0.00000,0.00000,2.18000,-0.00013,-0.00092,-0.00451,0.003066,0.000013,0.000167,0.999995
127.134000,0.00000,0.00000,2.18000,-0.00013,-0.00092,-0.00451,0.003066,0.000013,0.000167,0.999995
127.167000,0.00000,0.00000,2.18000,-0.00013,-0.00092,-0.00451,0.003066,0.000013,0.000167,0.999995
127.200000,0.00000,0.00000,2.18000,-0.00013,-0.00092,-0.00451,0.003066,0.000013,0.000167,0.999995
127.234000,0.00000,0.00000,2.18000,-0.00013,-0.00092,-0.00451,0.003066,0.000013,0.000167,0.999995
127.268000,0.00000,0.00000,2.18000,-0.00062,-0.00293,-0.00265,-0.002748,-0.000144,0.000176,0.999996
127.300000,0.00000,0.00000,2.18000,-0.00062,-0.00293,-0.00265,-0.002748,-0.000144,0.000176,0.999996
127.334000,0.00000,0.00000,2.18000,-0.00062,-0.00293,-0.00265,-0.002748,-0.000144,0.000176,0.999996
127.367000,0.00000,0.00000,2.18000,-0.00062,-0.00293,-0.00265,-0.002748,-0.000144,0.000176,0.999996
127.400000,0.00000,0.00000,2.18000,-0.00062,-0.00293,-0.00265,-0.002748,-0.000144,0.000176,0.999996
127.434000,0.00000,0.00000,2.18000,-0.00062,-0.00293,-0.00265,-0.002748,-0.000144,0.000176,0.999996
127.467000,0.00000,0.00000,2.18000,-0.00062,-0.00293,-0.00265,-0.002748,-0.000144,0.000176,0.999996
127.501000,0.00000,0.00000,2.18000,-0.00097,0.00077,0.00110,0.002225,-0.000025,0.000187,0.999998
127.534000,0.00000,0.00000,2.18000,-0.00097,0.00077,0.00110,0.002225,-0.000025,0.000187,0.999998
127.567000,0.00000,0.00000,2.18000,-0.00097,0.00077,0.00110,0.002225,-0.000025,0.000187,0.999998
127.600000,0.00000,0.00000,2.18000,-0.00097,0.00077,0.00110,0.002225,-0.000025,0.000187,0.999998
127.634000,0.00000,0.00000,2.18000,-0.00097,0.00077,0.00110,0.002225,-0.000025,0.000187,0.999998
127.667000,0.00000,0.00000,2.18000,-0.00097,0.00077,0.00110,0.002225,-0.000025,0.000187,0.999998
127.701000,0.00000,0.00000,2.18000,-0.00097,0.00077,0.00110,0.002225,-0.000025,0.000187,0.999998
127.734000,0.00000,0.00000,2.18000,-0.00097,0.00077,0.00110,0.002225,-0.000025,0.000187,0.999998
127.768000,0.00000,0.00000,2.18000,0.00048,-0.00305,0.00273,-0.000945,0.000437,0.000329,0.999999
127.800000,0.00000,0.00000,2.18000,0.00048,-0.00305,0.00273,-0.000945,0.000437,0.000329,0.999999
127.834000,0.00000,0.00000,2.18000,0.00048,-0.00305,0.00273,-0.000945,0.000437,0.000329,0.999999
127.867000,0.00000,0.00000,2.18000,0.00048,-0.00305,0.00273,-0.000945,0.000437,0.000329,0.999999
127.900000,0.00000,0.00000,2.18000,0.00048,-0.00305,0.00273,-0.000945,0.000437,0.000329,0.999999
127.934000,0.00000,0.00000,2.18000,0.00048,-0.00305,0.00273,-0.000945,0.000437,0.000329,0.999999
127.967000,0.00000,0.00000,2.18000,0.00048,-0.00305,0.00273,-0.000945,0.000437,0.000329,0.999999
128.001000,0.00000,0.00000,2.18000,0.00121,-0.00130,0.00513,0.000545,-0.000101,0.000085,1.000000
128.034000,0.00000,0.00000,2.18000,0.00121,-0.00130,0.00513,0.000545,-0.000101,0.000085,1.000000
128.067000,0.00000,0.00000,2.18000,0.00121,-0.00130,0.00513,0.000545,-0.000101,0.000085,1.000000
128.100000,0.00000,0.00000,2.18000,0.00121,-0.00130,0.00513,0.000545,-0.000101,0.000085,1.000000
128.134000,0.00000,0.00000,2.18000,0.00121,-0.00130,0.00513,0.000545,-0.000101,0.000085,1.000000
128.167000,0.00000,0.00000,2.18000,0.00121,-0.00130,0.00513,0.000545,-0.000101,0.000085,1.000000
128.200000,0.00000,0.00000,2.18000,0.00121,-0.00130,0.00513,0.000545,-0.000101,0.000085,1.000000
128.234000,0.00000,0.00000,2.18000,0.00121,-0.00130,0.00513,0.000545,-0.000101,0.000085,1.000000
128.268000,0.00000,0.00000,2.18000,0.00022,-0.00512,0.00338,0.000556,-0.000204,0.000368,1.000000
128.301000,0.00000,0.00000,2.18000,0.00022,-0.00512,0.00338,0.000556,-0.000204,0.000368,1.000000
128.334000,0.00000,0.00000,2.18000,0.00022,-0.00512,0.00338,0.000556,-0.000204,0.000368,1.000000
128.367000,0.00000,0.00000,2.18000,0.00022,-0.00512,0.00338,0.000556,-0.000204,0.000368,1.000000
128.400000,0.00000,0.00000,2.18000,0.00022,-0.00512,0.00338,0.000556,-0.000204,0.000368,1.000000
128.434000,0.00000,0.00000,2.18000,0.00022,-0.00512,0.00338,0.000556,-0.000204,0.000368,1.000000
128.467000,0.00000,0.00000,2.18000,0.00022,-0.00512,0.00338,0.000556,-0.000204,0.000368,1.000000
128.501000,0.00000,0.00000,2.18000,-0.00038,-0.00274,0.00344,-0.001577,0.000020,0.000061,0.999999
128.534000,0.00000,0.00000,2.18000,-0.00038,-0.00274,0.00344,-0.001577,0.000020,0.000061,0.999999
128.567000,0.00000,0.00000,2.18000,-0.00038,-0.00274,0.00344,-0.001577,0.000020,0.000061,0.999999
128.601000,0.00000,0.00000,2.18000,-0.00038,-0.00274,0.00344,-0.001577,0.000020,0.000061,0.999999
128.634000,0.00000,0.00000,2.18000,-0.00038,-0.00274,0.00344,-0.001577,0.000020,0.000061,0.999999
128.667000,0.00000,0.00000,2.18000,-0.00038,-0.00274,0.00344,-0.001577,0.000020,0.000061,0.999999
128.700000,0.00000,0.00000,2.18000,-0.00038,-0.00274,0.00344,-0.001577,0.000020,0.000061,0.999999
128.734000,0.00000,0.00000,2.18000,-0.00038,-0.00274,0.00344,-0.001577,0.000020,0.000061,0.999999
128.768000,0.00000,0.00000,2.18000,-0.00003,-0.00492,-0.00176,0.001981,0.000087,0.000365,0.999998
128.800000,0.00000,0.00000,2.18000,-0.00003,-0.00492,-0.00176,0.001981,0.000087,0.000365,0.999998
128.834000,0.00000,0.00000,2.18000,-0.00003,-0.00492,-0.00176,0.001981,0.000087,0.000365,0.999998
128.867000,0.00000,0.00000,2.18000,-0.00003,-0.00492,-0.00176,0.001981,0.000087,0.000365,0.999998
128.900000,0.00000,0.00000,2.18000,-0.00003,-0.00492,-0.00176,0.001981,0.000087,0.000365,0.999998
128.934000,0.00000,0.00000,2.18000,-0.00003,-0.00492,-0.00176,0.001981,0.000087,0.000365,0.999998
128.967000,0.00000,0.00000,2.18000,-0.00003,-0.00492,-0.00176,0.001981,0.000087,0.000365,0.999998
129.001000,0.00000,0.00000,2.18000,-0.00014,-0.00316,-0.00121,-0.002807,-0.000062,-0.000009,0.999996
129.034000,0.00000,0.00000,2.18000,-0.00014,-0.00316,-0.00121,-0.002807,-0.000062,-0.000009,0.999996
129.067000,0.00000,0.00000,2.18000,-0.00014,-0.00316,-0.00121,-0.002807,-0.000062,-0.000009,0.999996
129.100000,0.00000,0.00000,2.18000,-0.00014,-0.00316,-0.00121,-0.002807,-0.000062,-0.000009,0.999996
129.134000,0.00000,0.00000,2.18000,-0.00014,-0.00316,-0.00121,-0.002807,-0.000062,-0.000009,0.999996
129.167000,0.00000,0.00000,2.18000,-0.00014,-0.00316,-0.00121,-0.002807,-0.000062,-0.000009,0.999996
129.200000,0.00000,0.00000,2.18000,-0.00014,-0.00316,-0.00121,-0.002807,-0.000062,-0.000009,0.999996
129.234000,0.00000,0.00000,2.18000,-0.00014,-0.00316,-0.00121,-0.002807,-0.000062,-0.000009,0.999996
129.268000,0.00000,0.00000,2.18000,-0.00004,-0.00414,-0.00158,0.002742,0.000104,0.000139,0.999996
129.300000,0.00000,0.00000,2.18000,-0.00004,-0.00414,-0.00158,0.002742,0.000104,0.000139,0.999996
129.334000,0.00000,0.00000,2.18000,-0.00004,-0.00414,-0.00158,0.002742,0.000104,0.000139,0.999996
129.367000,0.00000,0.00000,2.18000,-0.00004,-0.00414,-0.00158,0.002742,0.000104,0.000139,0.999996
129.400000,0.00000,0.00000,2.18000,-0.00004,-0.00414,-0.00158,0.002742,0.000104,0.000139,0.999996
129.434000,0.00000,0.00000,2.18000,-0.00004,-0.00414,-0.00158,0.002742,0.000104,0.000139,0.999996
129.467000,0.00000,0.00000,2.18000,-0.00004,-0.00414,-0.00158,0.002742,0.000104,0.000139,0.999996
129.501000,0.00000,0.00000,2.18000,0.00031,-0.00384,-0.00215,-0.002918,0.000055,0.000133,0.999996
129.534000,0.00000,0.00000,2.18000,0.00031,-0.00384,-0.00215,-0.002918,0.000055,0.000133,0.999996
129.567000,0.00000,0.00000,2.18000,0.00031,-0.00384,-0.00215,-0.002918,0.000055,0.000133,0.999996
129.601000,0.00000,0.00000,2.18000,0.00031,-0.00384,-0.00215,-0.002918,0.000055,0.000133,0.999996
129.635000,0.00000,0.00000,2.18000,0.00031,-0.00384,-0.00215,-0.002918,0.000055,0.000133,0.999996
129.667000,0.00000,0.00000,2.18000,0.00031,-0.00384,-0.00215,-0.002918,0.000055,0.000133,0.999996
129.700000,0.00000,0.00000,2.18000,0.00031,-0.00384,-0.00215,-0.002918,0.000055,0.000133,0.999996
129.734000,0.00000,0.00000,2.18000,0.00031,-0.00384,-0.00215,-0.002918,0.000055,0.000133,0.999996
129.768000,0.00000,0.00000,2.18000,0.00051,-0.00124,-0.00248,0.002377,-0.000022,0.000139,0.999997
129.800000,0.00000,0.00000,2.18000,0.00051,-0.00124,-0.00248,0.002377,-0.000022,0.000139,0.999997
129.834000,0.00000,0.00000,2.18000,0.00051,-0.00124,-0.00248,0.002377,-0.000022,0.000139,0.999997
129.867000,0.00000,0.00000,2.18000,0.00051,-0.00124,-0.00248,0.002377,-0.000022,0.000139,0.999997
129.900000,0.00000,0.00000,2.18000,0.00051,-0.00124,-0.00248,0.002377,-0.000022,0.000139,0.999997
129.934000,0.00000,0.00000,2.18000,0.00051,-0.00124,-0.00248,0.002377,-0.000022,0.000139,0.999997
129.967000,0.00000,0.00000,2.18000,0.00051,-0.00124,-0.00248,0.002377,-0.000022,0.000139,0.999997
130.001000,0.00000,0.00000,2.18000,0.00015,-0.00322,0.00034,-0.001702,-0.000062,0.000377,0.999998
130.034000,0.00000,0.00000,2.18000,0.00015,-0.00322,0.00034,-0.001702,-0.000062,0.000377,0.999998
130.067000,0.00000,0.00000,2.18000,0.00015,-0.00322,0.00034,-0.001702,-0.000062,0.000377,0.999998
130.100000,0.00000,0.00000,2.18000,0.00015,-0.00322,0.00034,-0.001702,-0.000062,0.000377,0.999998
130.134000,0.00000,0.00000,2.18000,0.00015,-0.00322,0.00034,-0.001702,-0.000062,0.000377,0.999998
130.167000,0.00000,0.00000,2.18000,0.00015,-0.00322,0.00034,-0.001702,-0.000062,0.000377,0.999998
130.200000,0.00000,0.00000,2.18000,0.00015,-0.00322,0.00034,-0.001702,-0.000062,0.000377,0.999998
130.234000,0.00000,0.00000,2.18000,0.00015,-0.00322,0.00034,-0.001702,-0.000062,0.000377,0.999998
130.268000,0.00000,0.00000,2.18000,0.00009,-0.00022,0.00368,0.000628,0.000038,0.000043,1.000000
130.300000,0.00000,0.00000,2.18000,0.00009,-0.00022,0.00368,0.000628,0.000038,0.000043,1.000000
130.334000,0.00000,0.00000,2.18000,0.00009,-0.00022,0.00368,0.000628,0.000038,0.000043,1.000000
130.367000,0.00000,0.00000,2.18000,0.00009,-0.00022,0.00368,0.000628,0.000038,0.000043,1.000000
130.400000,0.00000,0.00000,2.18000,0.00009,-0.00022,0.00368,0.000628,0.000038,0.000043,1.000000
130.434000,0.00000,0.00000,2.18000,0.00009,-0.00022,0.00368,0.000628,0.000038,0.000043,1.000000
130.467000,0.00000,0.00000,2.18000,0.00009,-0.00022,0.00368,0.000628,0.000038,0.000043,1.000000
130.501000,0.00000,0.00000,2.18000,0.00017,-0.00361,0.00265,0.000340,0.000038,0.000285,1.000000
130.534000,0.00000,0.00000,2.18000,0.00017,-0.00361,0.00265,0.000340,0.000038,0.000285,1.000000
130.567000,0.00000,0.00000,2.18000,0.00017,-0.00361,0.00265,0.000340,0.000038,0.000285,1.000000
130.600000,0.00000,0.00000,2.18000,0.00017,-0.00361,0.00265,0.000340,0.000038,0.000285,1.000000
130.634000,0.00000,0.00000,2.18000,0.00017,-0.00361,0.00265,0.000340,0.000038,0.000285,1.000000
130.667000,0.00000,0.00000,2.18000,0.00017,-0.00361,0.00265,0.000340,0.000038,0.000285,1.000000
130.701000,0.00000,0.00000,2.18000,0.00017,-0.00361,0.00265,0.000340,0.000038,0.000285,1.000000
130.735000,0.00000,0.00000,2.18000,0.00017,-0.00361,0.00265,0.000340,0.000038,0.000285,1.000000
130.768000,0.00000,0.00000,2.18000,0.00026,-0.00132,0.00351,-0.001155,-0.000004,0.000140,0.999999
130.800000,0.00000,0.00000,2.18000,0.00026,-0.00132,0.00351,-0.001155,-0.000004,0.000140,0.999999
130.834000,0.00000,0.00000,2.18000,0.00026,-0.00132,0.00351,-0.001155,-0.000004,0.000140,0.999999
130.867000,0.00000,0.00000,2.18000,0.00026,-0.00132,0.00351,-0.001155,-0.000004,0.000140,0.999999
130.900000,0.00000,0.00000,2.18000,0.00026,-0.00132,0.00351,-0.001155,-0.000004,0.000140,0.999999
130.934000,0.00000,0.00000,2.18000,0.00026,-0.00132,0.00351,-0.001155,-0.000004,0.000140,0.999999
130.967000,0.00000,0.00000,2.18000,0.00026,-0.00132,0.00351,-0.001155,-0.000004,0.000140,0.999999
131.001000,0.00000,0.00000,2.18000,0.00008,-0.00388,-0.00014,0.001647,-0.000050,0.000429,0.999999
131.034000,0.00000,0.00000,2.18000,0.00008,-0.00388,-0.00014,0.001647,-0.000050,0.000429,0.999999
131.067000,0.00000,0.00000,2.18000,0.00008,-0.00388,-0.00014,0.001647,-0.000050,0.000429,0.999999
131.100000,0.00000,0.00000,2.18000,0.00008,-0.00388,-0.00014,0.001647,-0.000050,0.000429,0.999999
131.134000,0.00000,0.00000,2.18000,0.00008,-0.00388,-0.00014,0.001647,-0.000050,0.000429,0.999999
131.167000,0.00000,0.00000,2.18000,0.00008,-0.00388,-0.00014,0.001647,-0.000050,0.000429,0.999999
131.200000,0.00000,0.00000,2.18000,0.00008,-0.00388,-0.00014,0.001647,-0.000050,0.000429,0.999999
131.234000,0.00000,0.00000,2.18000,0.00008,-0.00388,-0.00014,0.001647,-0.000050,0.000429,0.999999
131.268000,0.00000,0.00000,2.18000,-0.00005,-0.00214,-0.00310,-0.002665,0.000024,0.000122,0.999996
131.300000,0.00000,0.00000,2.18000,-0.00005,-0.00214,-0.00310,-0.002665,0.000024,0.000122,0.999996
131.334000,0.00000,0.00000,2.18000,-0.00005,-0.00214,-0.00310,-0.002665,0.000024,0.000122,0.999996
131.367000,0.00000,0.00000,2.18000,-0.00005,-0.00214,-0.00310,-0.002665,0.000024,0.000122,0.999996
131.400000,0.00000,0.00000,2.18000,-0.00005,-0.00214,-0.00310,-0.002665,0.000024,0.000122,0.999996
131.434000,0.00000,0.00000,2.18000,-0.00005,-0.00214,-0.00310,-0.002665,0.000024,0.000122,0.999996
131.467000,0.00000,0.00000,2.18000,-0.00005,-0.00214,-0.00310,-0.002665,0.000024,0.000122,0.999996
131.501000,0.00000,0.00000,2.18000,-0.00002,-0.00286,-0.00402,0.002883,-0.000029,0.000354,0.999996
131.534000,0.00000,0.00000,2.18000,-0.00002,-0.00286,-0.00402,0.002883,-0.000029,0.000354,0.999996
131.567000,0.00000,0.00000,2.18000,-0.00002,-0.00286,-0.00402,0.002883,-0.000029,0.000354,0.999996
131.600000,0.00000,0.00000,2.18000,-0.00002,-0.00286,-0.00402,0.002883,-0.000029,0.000354,0.999996
131.634000,0.00000,0.00000,2.18000,-0.00002,-0.00286,-0.00402,0.002883,-0.000029,0.000354,0.999996
131.667000,0.00000,0.00000,2.18000,-0.00002,-0.00286,-0.00402,0.002883,-0.000029,0.000354,0.999996
131.701000,0.00000,0.00000,2.18000,-0.00002,-0.00286,-0.00402,0.002883,-0.000029,0.000354,0.999996
131.734000,0.00000,0.00000,2.18000,-0.00002,-0.00286,-0.00402,0.002883,-0.000029,0.000354,0.999996
131.768000,0.00000,0.00000,2.18000,-0.00013,-0.00287,-0.00276,-0.002822,0.000017,0.000320,0.999996
131.800000,0.00000,0.00000,2.18000,-0.00013,-0.00287,-0.00276,-0.002822,0.000017,0.000320,0.999996
131.834000,0.00000,0.00000,2.18000,-0.00013,-0.00287,-0.00276,-0.002822,0.000017,0.000320,0.999996
131.867000,0.00000,0.00000,2.18000,-0.00013,-0.00287,-0.00276,-0.002822,0.000017,0.000320,0.999996
131.900000,0.00000,0.00000,2.18000,-0.00013,-0.00287,-0.00276,-0.002822,0.000017,0.000320,0.999996
131.934000,0.00000,0.00000,2.18000,-0.00013,-0.00287,-0.00276,-0.002822,0.000017,0.000320,0.999996
131.967000,0.00000,0.00000,2.18000,-0.00013,-0.00287,-0.00276,-0.002822,0.000017,0.000320,0.999996
132.001000,0.00000,0.00000,2.18000,-0.00005,-0.00214,-0.00002,0.002642,-0.000026,0.000296,0.999996
132.034000,0.00000,0.00000,2.18000,-0.00005,-0.00214,-0.00002,0.002642,-0.000026,0.000296,0.999996
132.067000,0.00000,0.00000,2.18000,-0.00005,-0.00214,-0.00002,0.002642,-0.000026,0.000296,0.999996
132.101000,0.00000,0.00000,2.18000,-0.00005,-0.00214,-0.00002,0.002642,-0.000026,0.000296,0.999996
132.134000,0.00000,0.00000,2.18000,-0.00005,-0.00214,-0.00002,0.002642,-0.000026,0.000296,0.999996
132.167000,0.00000,0.00000,2.18000,-0.00005,-0.00214,-0.00002,0.002642,-0.000026,0.000296,0.999996
132.200000,0.00000,0.00000,2.18000,-0.00005,-0.00214,-0.00002,0.002642,-0.000026,0.000296,0.999996
132.234000,0.00000,0.00000,2.18000,-0.00005,-0.00214,-0.00002,0.002642,-0.000026,0.000296,0.999996
132.268000,0.00000,0.00000,2.18000,-0.00002,-0.00328,0.00128,-0.001896,-0.000010,0.000258,0.999998
132.300000,0.00000,0.00000,2.18000,-0.00002,-0.00328,0.00128,-0.001896,-0.000010,0.000258,0.999998
132.334000,0.00000,0.00000,2.18000,-0.00002,-0.00328,0.00128,-0.001896,-0.000010,0.000258,0.999998
132.367000,0.00000,0.00000,2.18000,-0.00002,-0.00328,0.00128,-0.001896,-0.000010,0.000258,0.999998
132.400000,0.00000,0.00000,2.18000,-0.00002,-0.00328,0.00128,-0.001896,-0.000010,0.000258,0.999998
132.434000,0.00000,0.00000,2.18000,-0.00002,-0.00328,0.00128,-0.001896,-0.000010,0.000258,0.999998
132.467000,0.00000,0.00000,2.18000,-0.00002,-0.00328,0.00128,-0.001896,-0.000010,0.000258,0.999998
132.501000,0.00000,0.00000,2.18000,0.00003,-0.00043,-0.00054,0.001314,0.000086,-0.000009,0.999999
132.534000,0.00000,0.00000,2.18000,0.00003,-0.00043,-0.00054,0.001314,0.000086,-0.000009,0.999999
132.567000,0.00000,0.00000,2.18000,0.00003,-0.00043,-0.00054,0.001314,0.000086,-0.000009,0.999999
132.600000,0.00000,0.00000,2.18000,0.00003,-0.00043,-0.00054,0.001314,0.000086,-0.000009,0.999999
132.634000,0.00000,0.00000,2.18000,0.00003,-0.00043,-0.00054,0.001314,0.000086,-0.000009,0.999999
132.667000,0.00000,0.00000,2.18000,0.00003,-0.00043,-0.00054,0.001314,0.000086,-0.000009,0.999999
132.700000,0.00000,0.00000,2.18000,0.00003,-0.00043,-0.00054,0.001314,0.000086,-0.000009,0.999999
132.734000,0.00000,0.00000,2.18000,0.00003,-0.00043,-0.00054,0.001314,0.000086,-0.000009,0.999999
132.768000,0.00000,0.00000,2.18000,0.00022,-0.00373,0.00058,0.000240,0.000021,0.000284,1.000000
132.800000,0.00000,0.00000,2.18000,0.00022,-0.00373,0.00058,0.000240,0.000021,0.000284,1.000000
132.834000,0.00000,0.00000,2.18000,0.00022,-0.00373,0.00058,0.000240,0.000021,0.000284,1.000000
132.867000,0.00000,0.00000,2.18000,0.00022,-0.00373,0.00058,0.000240,0.000021,0.000284,1.000000
132.900000,0.00000,0.00000,2.18000,0.00022,-0.00373,0.00058,0.000240,0.000021,0.000284,1.000000
132.934000,0.00000,0.00000,2.18000,0.00022,-0.00373,0.00058,0.000240,0.000021,0.000284,1.000000
132.967000,0.00000,0.00000,2.18000,0.00022,-0.00373,0.00058,0.000240,0.000021,0.000284,1.000000
133.001000,0.00000,0.00000,2.18000,0.00033,-0.00063,0.00080,-0.001187,-0.000035,0.000090,0.999999
133.034000,0.00000,0.00000,2.18000,0.00033,-0.00063,0.00080,-0.001187,-0.000035,0.000090,0.999999
133.067000,0.00000,0.00000,2.18000,0.00033,-0.00063,0.00080,-0.001187,-0.000035,0.000090,0.999999
133.100000,0.00000,0.00000,2.18000,0.00033,-0.00063,0.00080,-0.001187,-0.000035,0.000090,0.999999
133.134000,0.00000,0.00000,2.18000,0.00033,-0.00063,0.00080,-0.001187,-0.000035,0.000090,0.999999
133.167000,0.00000,0.00000,2.18000,0.00033,-0.00063,0.00080,-0.001187,-0.000035,0.000090,0.999999
133.200000,0.00000,0.00000,2.18000,0.00033,-0.00063,0.00080,-0.001187,-0.000035,0.000090,0.999999
133.234000,0.00000,0.00000,2.18000,0.00033,-0.00063,0.00080,-0.001187,-0.000035,0.000090,0.999999
133.268000,0.00000,0.00000,2.18000,-0.00009,-0.00364,0.00056,0.001847,-0.000107,0.000301,0.999998
133.300000,0.00000,0.00000,2.18000,-0.00009,-0.00364,0.00056,0.001847,-0.000107,0.000301,0.999998
133.334000,0.00000,0.00000,2.18000,-0.00009,-0.00364,0.00056,0.001847,-0.000107,0.000301,0.999998
133.367000,0.00000,0.00000,2.18000,-0.00009,-0.00364,0.00056,0.001847,-0.000107,0.000301,0.999998
133.400000,0.00000,0.00000,2.18000,-0.00009,-0.00364,0.00056,0.001847,-0.000107,0.000301,0.999998
133.434000,0.00000,0.00000,2.18000,-0.00009,-0.00364,0.00056,0.001847,-0.000107,0.000301,0.999998
133.467000,0.00000,0.00000,2.18000,-0.00009,-0.00364,0.00056,0.001847,-0.000107,0.000301,0.999998
133.501000,0.00000,0.00000,2.18000,-0.00028,-0.00165,-0.00142,-0.002530,0.000066,0.000090,0.999997
133.534000,0.00000,0.00000,2.18000,-0.00028,-0.00165,-0.00142,-0.002530,0.000066,0.000090,0.999997
133.567000,0.00000,0.00000,2.18000,-0.00028,-0.00165,-0.00142,-0.002530,0.000066,0.000090,0.999997
133.600000,0.00000,0.00000,2.18000,-0.00028,-0.00165,-0.00142,-0.002530,0.000066,0.000090,0.999997
133.634000,0.00000,0.00000,2.18000,-0.00028,-0.00165,-0.00142,-0.002530,0.000066,0.000090,0.999997
133.667000,0.00000,0.00000,2.18000,-0.00028,-0.00165,-0.00142,-0.002530,0.000066,0.000090,0.999997
133.700000,0.00000,0.00000,2.18000,-0.00028,-0.00165,-0.00142,-0.002530,0.000066,0.000090,0.999997
133.735000,0.00000,0.00000,2.18000,-0.00028,-0.00165,-0.00142,-0.002530,0.000066,0.000090,0.999997
133.768000,0.00000,-0.01113,2.18000,0.00027,-0.00136,-0.00068,0.002022,0.000067,0.000352,0.999998
133.800000,0.00000,-0.01113,2.18000,0.00027,-0.00136,-0.00068,0.002022,0.000067,0.000352,0.999998
133.834000,0.00000,-0.01113,2.18000,0.00027,-0.00136,-0.00068,0.002022,0.000067,0.000352,0.999998
133.867000,0.00000,-0.01113,2.18000,0.00027,-0.00136,-0.00068,0.002022,0.000067,0.000352,0.999998
133.900000,0.00000,-0.01113,2.18000,0.00027,-0.00136,-0.00068,0.002022,0.000067,0.000352,0.999998
133.935000,0.00000,-0.01113,2.18000,0.00027,-0.00136,-0.00068,0.002022,0.000067,0.000352,0.999998
133.967000,0.00000,-0.01113,2.18000,0.00027,-0.00136,-0.00068,0.002022,0.000067,0.000352,0.999998
134.001000,0.00000,-0.01113,2.18000,0.00042,0.00349,-0.00352,-0.003928,0.000009,0.000249,0.999992
134.034000,0.00000,-0.01113,2.18000,0.00042,0.00349,-0.00352,-0.003928,0.000009,0.000249,0.999992
134.067000,0.00000,-0.01113,2.18000,0.00042,0.00349,-0.00352,-0.003928,0.000009,0.000249,0.999992
134.100000,0.00000,-0.01113,2.18000,0.00042,0.00349,-0.00352,-0.003928,0.000009,0.000249,0.999992
134.134000,0.00000,-0.01113,2.18000,0.00042,0.00349,-0.00352,-0.003928,0.000009,0.000249,0.999992
134.167000,0.00000,-0.01113,2.18000,0.00042,0.00349,-0.00352,-0.003928,0.000009,0.000249,0.999992
134.200000,0.00000,-0.01113,2.18000,0.00042,0.00349,-0.00352,-0.003928,0.000009,0.000249,0.999992
134.234000,0.00000,-0.01113,2.18000,0.00042,0.00349,-0.00352,-0.003928,0.000009,0.000249,0.999992
134.268000,0.00000,-0.01113,2.18000,0.00042,0.00783,-0.00546,0.002184,0.000009,0.000122,0.999998
134.300000,0.00000,-0.01113,2.18000,0.00042,0.00783,-0.00546,0.002184,0.000009,0.000122,0.999998
134.334000,0.00000,-0.01113,2.18000,0.00042,0.00783,-0.00546,0.002184,0.000009,0.000122,0.999998
134.367000,0.00000,-0.01113,2.18000,0.00042,0.00783,-0.00546,0.002184,0.000009,0.000122,0.999998
134.401000,0.00000,-0.01113,2.18000,0.00042,0.00783,-0.00546,0.002184,0.000009,0.000122,0.999998
134.434000,0.00000,-0.01113,2.18000,0.00042,0.00783,-0.00546,0.002184,0.000009,0.000122,0.999998
134.467000,0.00000,-0.01113,2.18000,0.00042,0.00783,-0.00546,0.002184,0.000009,0.000122,0.999998
134.501000,0.00000,-0.01113,2.18000,0.00024,0.00725,-0.00027,-0.002530,-0.000046,0.000234,0.999997
134.534000,0.00000,-0.01113,2.18000,0.00024,0.00725,-0.00027,-0.002530,-0.000046,0.000234,0.999997
134.567000,0.00000,-0.01113,2.18000,0.00024,0.00725,-0.00027,-0.002530,-0.000046,0.000234,0.999997
134.600000,0.00000,-0.01113,2.18000,0.00024,0.00725,-0.00027,-0.002530,-0.000046,0.000234,0.999997
134.634000,0.00000,-0.01113,2.18000,0.00024,0.00725,-0.00027,-0.002530,-0.000046,0.000234,0.999997
134.667000,0.00000,-0.01113,2.18000,0.00024,0.00725,-0.00027,-0.002530,-0.000046,0.000234,0.999997
134.700000,0.00000,-0.01113,2.18000,0.00024,0.00725,-0.00027,-0.002530,-0.000046,0.000234,0.999997
134.734000,0.00000,-0.01113,2.18000,0.00024,0.00725,-0.00027,-0.002530,-0.000046,0.000234,0.999997
134.768000,0.00000,-0.01113,2.18000,0.00006,0.01097,-0.00127,0.000854,-0.000017,0.000128,1.000000
134.800000,0.00000,-0.01113,2.18000,0.00006,0.01097,-0.00127,0.000854,-0.000017,0.000128,1.000000
134.834000,0.00000,-0.01113,2.18000,0.00006,0.01097,-0.00127,0.000854,-0.000017,0.000128,1.000000
134.868000,0.00000,-0.01113,2.18000,0.00006,0.01097,-0.00127,0.000854,-0.000017,0.000128,1.000000
134.901000,0.00000,-0.01113,2.18000,0.00006,0.01097,-0.00127,0.000854,-0.000017,0.000128,1.000000
134.934000,0.00000,-0.01113,2.18000,0.00006,0.01097,-0.00127,0.000854,-0.000017,0.000128,1.000000
134.967000,0.00000,-0.01113,2.18000,0.00006,0.01097,-0.00127,0.000854,-0.000017,0.000128,1.000000
135.001000,0.00000,-0.01113,2.17000,0.00022,0.00920,0.00239,-0.000129,0.000025,0.000333,1.000000
135.034000,0.00000,-0.01113,2.17000,0.00022,0.00920,0.00239,-0.000129,0.000025,0.000333,1.000000
135.067000,0.00000,-0.01113,2.17000,0.00022,0.00920,0.00239,-0.000129,0.000025,0.000333,1.000000
135.100000,0.00000,-0.01113,2.17000,0.00022,0.00920,0.00239,-0.000129,0.000025,0.000333,1.000000
135.134000,0.00000,-0.01113,2.17000,0.00022,0.00920,0.00239,-0.000129,0.000025,0.000333,1.000000
135.167000,0.00000,-0.01113,2.17000,0.00022,0.00920,0.00239,-0.000129,0.000025,0.000333,1.000000
135.200000,0.00000,-0.01113,2.17000,0.00022,0.00920,0.00239,-0.000129,0.000025,0.000333,1.000000
135.234000,0.00000,-0.01113,2.17000,0.00022,0.00920,0.00239,-0.000129,0.000025,0.000333,1.000000
135.268000,0.00000,-0.01113,2.18000,0.00053,0.01335,0.00920,-0.000422,-0.000015,0.000125,1.000000
135.300000,0.00000,-0.01113,2.18000,0.00053,0.01335,0.00920,-0.000422,-0.000015,0.000125,1.000000
135.334000,0.00000,-0.01113,2.18000,0.00053,0.01335,0.00920,-0.000422,-0.000015,0.000125,1.000000
135.367000,0.00000,-0.01113,2.18000,0.00053,0.01335,0.00920,-0.000422,-0.000015,0.000125,1.000000
135.400000,0.00000,-0.01113,2.18000,0.00053,0.01335,0.00920,-0.000422,-0.000015,0.000125,1.000000
135.434000,0.00000,-0.01113,2.18000,0.00053,0.01335,0.00920,-0.000422,-0.000015,0.000125,1.000000
135.467000,0.00000,-0.01113,2.18000,0.00053,0.01335,0.00920,-0.000422,-0.000015,0.000125,1.000000
135.501000,0.00000,0.00000,2.18000,0.00027,0.00714,0.00234,0.002359,-0.000078,0.000343,0.999997
135.534000,0.00000,0.00000,2.18000,0.00027,0.00714,0.00234,0.002359,-0.000078,0.000343,0.999997
135.567000,0.00000,0.00000,2.18000,0.00027,0.00714,0.00234,0.002359,-0.000078,0.000343,0.999997
135.600000,0.00000,0.00000,2.18000,0.00027,0.00714,0.00234,0.002359,-0.000078,0.000343,0.999997
135.634000,0.00000,0.00000,2.18000,0.00027,0.00714,0.00234,0.002359,-0.000078,0.000343,0.999997
135.667000,0.00000,0.00000,2.18000,0.00027,0.00714,0.00234,0.002359,-0.000078,0.000343,0.999997
135.700000,0.00000,0.00000,2.18000,0.00027,0.00714,0.00234,0.002359,-0.000078,0.000343,0.999997
135.734000,0.00000,0.00000,2.18000,0.00027,0.00714,0.00234,0.002359,-0.000078,0.000343,0.999997
135.768000,0.00000,0.00000,2.18000,-0.00005,0.00527,-0.00432,-0.001832,-0.000007,0.000118,0.999998
135.800000,0.00000,0.00000,2.18000,-0.00005,0.00527,-0.00432,-0.001832,-0.000007,0.000118,0.999998
135.834000,0.00000,0.00000,2.18000,-0.00005,0.00527,-0.00432,-0.001832,-0.000007,0.000118,0.999998
135.867000,0.00000,0.00000,2.18000,-0.00005,0.00527,-0.00432,-0.001832,-0.000007,0.000118,0.999998
135.900000,0.00000,0.00000,2.18000,-0.00005,0.00527,-0.00432,-0.001832,-0.000007,0.000118,0.999998
135.934000,0.00000,0.00000,2.18000,-0.00005,0.00527,-0.00432,-0.001832,-0.000007,0.000118,0.999998
135.967000,0.00000,0.00000,2.18000,-0.00005,0.00527,-0.00432,-0.001832,-0.000007,0.000118,0.999998
136.001000,0.00000,0.00000,2.18000,0.00026,0.00073,-0.00402,0.003430,0.000045,0.000252,0.999994
136.034000,0.00000,0.00000,2.18000,0.00026,0.00073,-0.00402,0.003430,0.000045,0.000252,0.999994
136.067000,0.00000,0.00000,2.18000,0.00026,0.00073,-0.00402,0.003430,0.000045,0.000252,0.999994
136.101000,0.00000,0.00000,2.18000,0.00026,0.00073,-0.00402,0.003430,0.000045,0.000252,0.999994
136.134000,0.00000,0.00000,2.18000,0.00026,0.00073,-0.00402,0.003430,0.000045,0.000252,0.999994
136.167000,0.00000,0.00000,2.18000,0.00026,0.00073,-0.00402,0.003430,0.000045,0.000252,0.999994
136.200000,0.00000,0.00000,2.18000,0.00026,0.00073,-0.00402,0.003430,0.000045,0.000252,0.999994
136.234000,0.00000,0.00000,2.18000,0.00026,0.00073,-0.00402,0.003430,0.000045,0.000252,0.999994
136.268000,0.00000,0.00000,2.18000,0.00012,-0.00137,-0.00398,-0.002432,-0.000102,0.000212,0.999997
136.301000,0.00000,0.00000,2.18000,0.00012,-0.00137,-0.00398,-0.002432,-0.000102,0.000212,0.999997
136.334000,0.00000,0.00000,2.18000,0.00012,-0.00137,-0.00398,-0.002432,-0.000102,0.000212,0.999997
136.367000,0.00000,0.00000,2.18000,0.00012,-0.00137,-0.00398,-0.002432,-0.000102,0.000212,0.999997
136.400000,0.00000,0.00000,2.18000,0.00012,-0.00137,-0.00398,-0.002432,-0.000102,0.000212,0.999997
136.434000,0.00000,0.00000,2.18000,0.00012,-0.00137,-0.00398,-0.002432,-0.000102,0.000212,0.999997
136.467000,0.00000,0.00000,2.18000,0.00012,-0.00137,-0.00398,-0.002432,-0.000102,0.000212,0.999997
136.501000,0.00000,0.00000,2.18000,-0.00029,-0.00142,0.00140,0.002731,-0.000076,0.000233,0.999996
136.534000,0.00000,0.00000,2.18000,-0.00029,-0.00142,0.00140,0.002731,-0.000076,0.000233,0.999996
136.567000,0.00000,0.00000,2.18000,-0.00029,-0.00142,0.00140,0.002731,-0.000076,0.000233,0.999996
136.601000,0.00000,0.00000,2.18000,-0.00029,-0.00142,0.00140,0.002731,-0.000076,0.000233,0.999996
136.635000,0.00000,0.00000,2.18000,-0.00029,-0.00142,0.00140,0.002731,-0.000076,0.000233,0.999996
136.667000,0.00000,0.00000,2.18000,-0.00029,-0.00142,0.00140,0.002731,-0.000076,0.000233,0.999996
136.700000,0.00000,0.00000,2.18000,-0.00029,-0.00142,0.00140,0.002731,-0.000076,0.000233,0.999996
136.734000,0.00000,0.00000,2.18000,-0.00029,-0.00142,0.00140,0.002731,-0.000076,0.000233,0.999996
136.768000,0.00000,0.00000,2.18000,-0.00034,-0.00347,-0.00038,-0.001937,0.000052,0.000249,0.999998
136.800000,0.00000,0.00000,2.18000,-0.00034,-0.00347,-0.00038,-0.001937,0.000052,0.000249,0.999998
136.834000,0.00000,0.00000,2.18000,-0.00034,-0.00347,-0.00038,-0.001937,0.000052,0.000249,0.999998
136.867000,0.00000,0.00000,2.18000,-0.00034,-0.00347,-0.00038,-0.001937,0.000052,0.000249,0.999998
136.900000,0.00000,0.00000,2.18000,-0.00034,-0.00347,-0.00038,-0.001937,0.000052,0.000249,0.999998
136.934000,0.00000,0.00000,2.18000,-0.00034,-0.00347,-0.00038,-0.001937,0.000052,0.000249,0.999998
136.967000,0.00000,0.00000,2.18000,-0.00034,-0.00347,-0.00038,-0.001937,0.000052,0.000249,0.999998
137.001000,0.00000,0.00000,2.18000,0.00012,-0.00090,0.00114,0.000830,0.000144,0.000179,1.000000
137.034000,0.00000,0.00000,2.18000,0.00012,-0.00090,0.00114,0.000830,0.000144,0.000179,1.000000
137.067000,0.00000,0.00000,2.18000,0.00012,-0.00090,0.00114,0.000830,0.000144,0.000179,1.000000
137.100000,0.00000,0.00000,2.18000,0.00012,-0.00090,0.00114,0.000830,0.000144,0.000179,1.000000
137.134000,0.00000,0.00000,2.18000,0.00012,-0.00090,0.00114,0.000830,0.000144,0.000179,1.000000
137.167000,0.00000,0.00000,2.18000,0.00012,-0.00090,0.00114,0.000830,0.000144,0.000179,1.000000
137.200000,0.00000,0.00000,2.18000,0.00012,-0.00090,0.00114,0.000830,0.000144,0.000179,1.000000
137.234000,0.00000,0.00000,2.18000,0.00012,-0.00090,0.00114,0.000830,0.000144,0.000179,1.000000
137.268000,0.00000,0.00000,2.17000,0.00066,-0.00514,-0.00025,0.000501,0.000011,0.000358,1.000000
137.300000,0.00000,0.00000,2.17000,0.00066,-0.00514,-0.00025,0.000501,0.000011,0.000358,1.000000
137.334000,0.00000,0.00000,2.17000,0.00066,-0.00514,-0.00025,0.000501,0.000011,0.000358,1.000000
137.367000,0.00000,0.00000,2.17000,0.00066,-0.00514,-0.00025,0.000501,0.000011,0.000358,1.000000
137.401000,0.00000,0.00000,2.17000,0.00066,-0.00514,-0.00025,0.000501,0.000011,0.000358,1.000000
137.434000,0.00000,0.00000,2.17000,0.00066,-0.00514,-0.00025,0.000501,0.000011,0.000358,1.000000
137.467000,0.00000,0.00000,2.17000,0.00066,-0.00514,-0.00025,0.000501,0.000011,0.000358,1.000000
137.501000,0.00000,0.00000,2.18000,0.00042,-0.00231,0.00433,-0.001523,-0.000052,0.000081,0.999999
137.534000,0.00000,0.00000,2.18000,0.00042,-0.00231,0.00433,-0.001523,-0.000052,0.000081,0.999999
137.567000,0.00000,0.00000,2.18000,0.00042,-0.00231,0.00433,-0.001523,-0.000052,0.000081,0.999999
137.600000,0.00000,0.00000,2.18000,0.00042,-0.00231,0.00433,-0.001523,-0.000052,0.000081,0.999999
137.634000,0.00000,0.00000,2.18000,0.00042,-0.00231,0.00433,-0.001523,-0.000052,0.000081,0.999999
137.667000,0.00000,0.00000,2.18000,0.00042,-0.00231,0.00433,-0.001523,-0.000052,0.000081,0.999999
137.700000,0.00000,0.00000,2.18000,0.00042,-0.00231,0.00433,-0.001523,-0.000052,0.000081,0.999999
137.734000,0.00000,0.00000,2.18000,0.00042,-0.00231,0.00433,-0.001523,-0.000052,0.000081,0.999999
137.768000,0.00000,0.00000,2.18000,0.00031,-0.00404,-0.00242,0.002272,-0.000002,0.000302,0.999997
137.800000,0.00000,0.00000,2.18000,0.00031,-0.00404,-0.00242,0.002272,-0.000002,0.000302,0.999997
137.834000,0.00000,0.00000,2.18000,0.00031,-0.00404,-0.00242,0.002272,-0.000002,0.000302,0.999997
137.867000,0.00000,0.00000,2.18000,0.00031,-0.00404,-0.00242,0.002272,-0.000002,0.000302,0.999997
137.901000,0.00000,0.00000,2.18000,0.00031,-0.00404,-0.00242,0.002272,-0.000002,0.000302,0.999997
137.934000,0.00000,0.00000,2.18000,0.00031,-0.00404,-0.00242,0.002272,-0.000002,0.000302,0.999997
137.967000,0.00000,0.00000,2.18000,0.00031,-0.00404,-0.00242,0.002272,-0.000002,0.000302,0.999997
138.001000,0.00000,0.00000,2.18000,0.00019,-0.00265,-0.00275,-0.002382,-0.000074,0.000187,0.999997
138.034000,0.00000,0.00000,2.18000,0.00019,-0.00265,-0.00275,-0.002382,-0.000074,0.000187,0.999997
138.067000,0.00000,0.00000,2.18000,0.00019,-0.00265,-0.00275,-0.002382,-0.000074,0.000187,0.999997
138.100000,0.00000,0.00000,2.18000,0.00019,-0.00265,-0.00275,-0.002382,-0.000074,0.000187,0.999997
138.134000,0.00000,0.00000,2.18000,0.00019,-0.00265,-0.00275,-0.002382,-0.000074,0.000187,0.999997
138.167000,0.00000,0.00000,2.18000,0.00019,-0.00265,-0.00275,-0.002382,-0.000074,0.000187,0.999997
138.200000,0.00000,0.00000,2.18000,0.00019,-0.00265,-0.00275,-0.002382,-0.000074,0.000187,0.999997
138.234000,0.00000,0.00000,2.18000,0.00019,-0.00265,-0.00275,-0.002382,-0.000074,0.000187,0.999997
138.268000,0.00000,0.00000,2.18000,-0.00027,-0.00305,-0.00439,0.002911,-0.000100,0.000336,0.999996
138.300000,0.00000,0.00000,2.18000,-0.00027,-0.00305,-0.00439,0.002911,-0.000100,0.000336,0.999996
138.334000,0.00000,0.00000,2.18000,-0.00027,-0.00305,-0.00439,0.002911,-0.000100,0.000336,0.999996
138.367000,0.00000,0.00000,2.18000,-0.00027,-0.00305,-0.00439,0.002911,-0.000100,0.000336,0.999996
138.400000,0.00000,0.00000,2.18000,-0.00027,-0.00305,-0.00439,0.002911,-0.000100,0.000336,0.999996
138.434000,0.00000,0.00000,2.18000,-0.00027,-0.00305,-0.00439,0.002911,-0.000100,0.000336,0.999996
138.467000,0.00000,0.00000,2.18000,-0.00027,-0.00305,-0.00439,0.002911,-0.000100,0.000336,0.999996
138.501000,0.00000,0.00000,2.18000,-0.00038,-0.00230,-0.00282,-0.003366,0.000035,0.000186,0.999994
138.534000,0.00000,0.00000,2.18000,-0.00038,-0.00230,-0.00282,-0.003366,0.000035,0.000186,0.999994
138.568000,0.00000,0.00000,2.18000,-0.00038,-0.00230,-0.00282,-0.003366,0.000035,0.000186,0.999994
138.600000,0.00000,0.00000,2.18000,-0.00038,-0.00230,-0.00282,-0.003366,0.000035,0.000186,0.999994
138.634000,0.00000,0.00000,2.18000,-0.00038,-0.00230,-0.00282,-0.003366,0.000035,0.000186,0.999994
138.667000,0.00000,0.00000,2.18000,-0.00038,-0.00230,-0.00282,-0.003366,0.000035,0.000186,0.999994
138.700000,0.00000,0.00000,2.18000,-0.00038,-0.00230,-0.00282,-0.003366,0.000035,0.000186,0.999994
138.734000,0.00000,0.00000,2.18000,-0.00038,-0.00230,-0.00282,-0.003366,0.000035,0.000186,0.999994
138.768000,0.00000,0.00000,2.18000,-0.00008,-0.00119,-0.00008,0.002768,0.000066,0.000189,0.999996
138.801000,0.00000,0.00000,2.18000,-0.00008,-0.00119,-0.00008,0.002768,0.000066,0.000189,0.999996
138.834000,0.00000,0.00000,2.18000,-0.00008,-0.00119,-0.00008,0.002768,0.000066,0.000189,0.999996
138.867000,0.00000,0.00000,2.18000,-0.00008,-0.00119,-0.00008,0.002768,0.000066,0.000189,0.999996
138.900000,0.00000,0.00000,2.18000,-0.00008,-0.00119,-0.00008,0.002768,0.000066,0.000189,0.999996
138.934000,0.00000,0.00000,2.18000,-0.00008,-0.00119,-0.00008,0.002768,0.000066,0.000189,0.999996
138.967000,0.00000,0.00000,2.18000,-0.00008,-0.00119,-0.00008,0.002768,0.000066,0.000189,0.999996
139.001000,0.00000,0.00000,2.18000,0.00023,-0.00372,0.00029,-0.001777,0.000001,0.000185,0.999998
139.034000,0.00000,0.00000,2.18000,0.00023,-0.00372,0.00029,-0.001777,0.000001,0.000185,0.999998
139.067000,0.00000,0.00000,2.18000,0.00023,-0.00372,0.00029,-0.001777,0.000001,0.000185,0.999998
139.100000,0.00000,0.00000,2.18000,0.00023,-0.00372,0.00029,-0.001777,0.000001,0.000185,0.999998
139.134000,0.00000,0.00000,2.18000,0.00023,-0.00372,0.00029,-0.001777,0.000001,0.000185,0.999998
139.167000,0.00000,0.00000,2.18000,0.00023,-0.00372,0.00029,-0.001777,0.000001,0.000185,0.999998
139.200000,0.00000,0.00000,2.18000,0.00023,-0.00372,0.00029,-0.001777,0.000001,0.000185,0.999998
139.234000,0.00000,0.00000,2.18000,0.00023,-0.00372,0.00029,-0.001777,0.000001,0.000185,0.999998
139.268000,0.00000,0.00000,2.18000,0.00010,-0.00152,0.00014,0.001133,0.000020,0.000072,0.999999
139.300000,0.00000,0.00000,2.18000,0.00010,-0.00152,0.00014,0.001133,0.000020,0.000072,0.999999
139.334000,0.00000,0.00000,2.18000,0.00010,-0.00152,0.00014,0.001133,0.000020,0.000072,0.999999
139.367000,0.00000,0.00000,2.18000,0.00010,-0.00152,0.00014,0.001133,0.000020,0.000072,0.999999
139.400000,0.00000,0.00000,2.18000,0.00010,-0.00152,0.00014,0.001133,0.000020,0.000072,0.999999
139.434000,0.00000,0.00000,2.18000,0.00010,-0.00152,0.00014,0.001133,0.000020,0.000072,0.999999
139.467000,0.00000,0.00000,2.18000,0.00010,-0.00152,0.00014,0.001133,0.000020,0.000072,0.999999
139.501000,0.00000,0.00000,2.17000,0.00007,-0.00433,0.00155,0.000242,-0.000034,0.000257,1.000000
139.534000,0.00000,0.00000,2.17000,0.00007,-0.00433,0.00155,0.000242,-0.000034,0.000257,1.000000
139.567000,0.00000,0.00000,2.17000,0.00007,-0.00433,0.00155,0.000242,-0.000034,0.000257,1.000000
139.600000,0.00000,0.00000,2.17000,0.00007,-0.00433,0.00155,0.000242,-0.000034,0.000257,1.000000
139.634000,0.00000,0.00000,2.17000,0.00007,-0.00433,0.00155,0.000242,-0.000034,0.000257,1.000000
139.667000,0.00000,0.00000,2.17000,0.00007,-0.00433,0.00155,0.000242,-0.000034,0.000257,1.000000
139.700000,0.00000,0.00000,2.17000,0.00007,-0.00433,0.00155,0.000242,-0.000034,0.000257,1.000000
139.734000,0.00000,0.00000,2.17000,0.00007,-0.00433,0.00155,0.000242,-0.000034,0.000257,1.000000
139.768000,0.00000,0.00000,2.18000,-0.00020,-0.00227,0.00680,-0.000505,-0.000065,0.000129,1.000000
139.800000,0.00000,0.00000,2.18000,-0.00020,-0.00227,0.00680,-0.000505,-0.000065,0.000129,1.000000
139.834000,0.00000,0.00000,2.18000,-0.00020,-0.00227,0.00680,-0.000505,-0.000065,0.000129,1.000000
139.867000,0.00000,0.00000,2.18000,-0.00020,-0.00227,0.00680,-0.000505,-0.000065,0.000129,1.000000
139.900000,0.00000,0.00000,2.18000,-0.00020,-0.00227,0.00680,-0.000505,-0.000065,0.000129,1.000000
139.934000,0.00000,0.00000,2.18000,-0.00020,-0.00227,0.00680,-0.000505,-0.000065,0.000129,1.000000
139.967000,0.00000,0.00000,2.18000,-0.00020,-0.00227,0.00680,-0.000505,-0.000065,0.000129,1.000000
140.001000,0.00000,0.00000,2.18000,-0.00017,-0.00492,0.00040,0.001717,0.000072,0.000267,0.999998
140.034000,0.00000,0.00000,2.18000,-0.00017,-0.00492,0.00040,0.001717,0.000072,0.000267,0.999998
140.067000,0.00000,0.00000,2.18000,-0.00017,-0.00492,0.00040,0.001717,0.000072,0.000267,0.999998
140.101000,0.00000,0.00000,2.18000,-0.00017,-0.00492,0.00040,0.001717,0.000072,0.000267,0.999998
140.134000,0.00000,0.00000,2.18000,-0.00017,-0.00492,0.00040,0.001717,0.000072,0.000267,0.999998
140.167000,0.00000,0.00000,2.18000,-0.00017,-0.00492,0.00040,0.001717,0.000072,0.000267,0.999998
140.200000,0.00000,0.00000,2.18000,-0.00017,-0.00492,0.00040,0.001717,0.000072,0.000267,0.999998
140.234000,0.00000,0.00000,2.18000,-0.00017,-0.00492,0.00040,0.001717,0.000072,0.000267,0.999998
140.268000,0.00000,0.00000,2.18000,0.00022,-0.00279,-0.00438,-0.002248,0.000022,0.000092,0.999997
140.300000,0.00000,0.00000,2.18000,0.00022,-0.00279,-0.00438,-0.002248,0.000022,0.000092,0.999997
140.334000,0.00000,0.00000,2.18000,0.00022,-0.00279,-0.00438,-0.002248,0.000022,0.000092,0.999997
140.367000,0.00000,0.00000,2.18000,0.00022,-0.00279,-0.00438,-0.002248,0.000022,0.000092,0.999997
140.400000,0.00000,0.00000,2.18000,0.00022,-0.00279,-0.00438,-0.002248,0.000022,0.000092,0.999997
140.434000,0.00000,0.00000,2.18000,0.00022,-0.00279,-0.00438,-0.002248,0.000022,0.000092,0.999997
140.467000,0.00000,0.00000,2.18000,0.00022,-0.00279,-0.00438,-0.002248,0.000022,0.000092,0.999997
140.501000,0.00000,0.00000,2.18000,0.00024,-0.00423,0.00027,0.002870,0.000025,0.000253,0.999996
140.534000,0.00000,0.00000,2.18000,0.00024,-0.00423,0.00027,0.002870,0.000025,0.000253,0.999996
140.567000,0.00000,0.00000,2.18000,0.00024,-0.00423,0.00027,0.002870,0.000025,0.000253,0.999996
140.600000,0.00000,0.00000,2.18000,0.00024,-0.00423,0.00027,0.002870,0.000025,0.000253,0.999996
140.634000,0.00000,0.00000,2.18000,0.00024,-0.00423,0.00027,0.002870,0.000025,0.000253,0.999996
140.667000,0.00000,0.00000,2.18000,0.00024,-0.00423,0.00027,0.002870,0.000025,0.000253,0.999996
140.700000,0.00000,0.00000,2.18000,0.00024,-0.00423,0.00027,0.002870,0.000025,0.000253,0.999996
140.734000,0.00000,0.00000,2.18000,0.00024,-0.00423,0.00027,0.002870,0.000025,0.000253,0.999996
140.768000,0.00000,0.00000,2.18000,0.00046,-0.00295,-0.00304,-0.003070,0.000069,0.000148,0.999995
140.800000,0.00000,0.00000,2.18000,0.00046,-0.00295,-0.00304,-0.003070,0.000069,0.000148,0.999995
140.834000,0.00000,0.00000,2.18000,0.00046,-0.00295,-0.00304,-0.003070,0.000069,0.000148,0.999995
140.867000,0.00000,0.00000,2.18000,0.00046,-0.00295,-0.00304,-0.003070,0.000069,0.000148,0.999995
140.900000,0.00000,0.00000,2.18000,0.00046,-0.00295,-0.00304,-0.003070,0.000069,0.000148,0.999995
140.934000,0.00000,0.00000,2.18000,0.00046,-0.00295,-0.00304,-0.003070,0.000069,0.000148,0.999995
140.967000,0.00000,0.00000,2.18000,0.00046,-0.00295,-0.00304,-0.003070,0.000069,0.000148,0.999995
141.001000,0.00000,0.00000,2.18000,0.00039,-0.00205,-0.00600,0.002923,-0.000034,0.000286,0.999996
141.034000,0.00000,0.00000,2.18000,0.00039,-0.00205,-0.00600,0.002923,-0.000034,0.000286,0.999996
141.067000,0.00000,0.00000,2.18000,0.00039,-0.00205,-0.00600,0.002923,-0.000034,0.000286,0.999996
141.100000,0.00000,0.00000,2.18000,0.00039,-0.00205,-0.00600,0.002923,-0.000034,0.000286,0.999996
141.134000,0.00000,0.00000,2.18000,0.00039,-0.00205,-0.00600,0.002923,-0.000034,0.000286,0.999996
141.168000,0.00000,0.00000,2.18000,0.00039,-0.00205,-0.00600,0.002923,-0.000034,0.000286,0.999996
141.200000,0.00000,0.00000,2.18000,0.00039,-0.00205,-0.00600,0.002923,-0.000034,0.000286,0.999996
141.234000,0.00000,0.00000,2.18000,0.00039,-0.00205,-0.00600,0.002923,-0.000034,0.000286,0.999996
141.268000,0.00000,0.00000,2.18000,0.00044,-0.00375,-0.00063,-0.002494,0.000005,0.000198,0.999997
141.300000,0.00000,0.00000,2.18000,0.00044,-0.00375,-0.00063,-0.002494,0.000005,0.000198,0.999997
141.334000,0.00000,0.00000,2.18000,0.00044,-0.00375,-0.00063,-0.002494,0.000005,0.000198,0.999997
141.367000,0.00000,0.00000,2.18000,0.00044,-0.00375,-0.00063,-0.002494,0.000005,0.000198,0.999997
141.400000,0.00000,0.00000,2.18000,0.00044,-0.00375,-0.00063,-0.002494,0.000005,0.000198,0.999997
141.434000,0.00000,0.00000,2.18000,0.00044,-0.00375,-0.00063,-0.002494,0.000005,0.000198,0.999997
141.467000,0.00000,0.00000,2.18000,0.00044,-0.00375,-0.00063,-0.002494,0.000005,0.000198,0.999997
141.501000,0.00000,0.00000,2.18000,0.00040,-0.00047,0.00063,0.001763,0.000012,0.000194,0.999998
141.534000,0.00000,0.00000,2.18000,0.00040,-0.00047,0.00063,0.001763,0.000012,0.000194,0.999998
141.567000,0.00000,0.00000,2.18000,0.00040,-0.00047,0.00063,0.001763,0.000012,0.000194,0.999998
141.600000,0.00000,0.00000,2.18000,0.00040,-0.00047,0.00063,0.001763,0.000012,0.000194,0.999998
141.634000,0.00000,0.00000,2.18000,0.00040,-0.00047,0.00063,0.001763,0.000012,0.000194,0.999998
141.667000,0.00000,0.00000,2.18000,0.00040,-0.00047,0.00063,0.001763,0.000012,0.000194,0.999998
141.700000,0.00000,0.00000,2.18000,0.00040,-0.00047,0.00063,0.001763,0.000012,0.000194,0.999998
141.735000,0.00000,0.00000,2.18000,0.00040,-0.00047,0.00063,0.001763,0.000012,0.000194,0.999998
141.768000,0.00000,0.00000,2.17000,0.00048,-0.00340,0.00129,-0.000849,-0.000006,0.000300,1.000000
141.800000,0.00000,0.00000,2.17000,0.00048,-0.00340,0.00129,-0.000849,-0.000006,0.000300,1.000000
141.834000,0.00000,0.00000,2.17000,0.00048,-0.00340,0.00129,-0.000849,-0.000006,0.000300,1.000000
141.867000,0.00000,0.00000,2.17000,0.00048,-0.00340,0.00129,-0.000849,-0.000006,0.000300,1.000000
141.900000,0.00000,0.00000,2.17000,0.00048,-0.00340,0.00129,-0.000849,-0.000006,0.000300,1.000000
141.934000,0.00000,0.00000,2.17000,0.00048,-0.00340,0.00129,-0.000849,-0.000006,0.000300,1.000000
141.967000,0.00000,0.00000,2.17000,0.00048,-0.00340,0.00129,-0.000849,-0.000006,0.000300,1.000000
142.001000,0.00000,-0.01113,2.18000,0.00014,-0.00067,0.00790,-0.000014,-0.000123,0.000117,1.000000
142.034000,0.00000,-0.01113,2.18000,0.00014,-0.00067,0.00790,-0.000014,-0.000123,0.000117,1.000000
142.067000,0.00000,-0.01113,2.18000,0.00014,-0.00067,0.00790,-0.000014,-0.000123,0.000117,1.000000
142.100000,0.00000,-0.01113,2.18000,0.00014,-0.00067,0.00790,-0.000014,-0.000123,0.000117,1.000000
142.134000,0.00000,-0.01113,2.18000,0.00014,-0.00067,0.00790,-0.000014,-0.000123,0.000117,1.000000
142.167000,0.00000,-0.01113,2.18000,0.00014,-0.00067,0.00790,-0.000014,-0.000123,0.000117,1.000000
142.200000,0.00000,-0.01113,2.18000,0.00014,-0.00067,0.00790,-0.000014,-0.000123,0.000117,1.000000
142.234000,0.00000,-0.01113,2.18000,0.00014,-0.00067,0.00790,-0.000014,-0.000123,0.000117,1.000000
142.268000,0.00000,-0.01113,2.18000,-0.00030,-0.00029,0.00171,-0.000119,0.000022,0.000340,1.000000
142.300000,0.00000,-0.01113,2.18000,-0.00030,-0.00029,0.00171,-0.000119,0.000022,0.000340,1.000000
142.334000,0.00000,-0.01113,2.18000,-0.00030,-0.00029,0.00171,-0.000119,0.000022,0.000340,1.000000
142.367000,0.00000,-0.01113,2.18000,-0.00030,-0.00029,0.00171,-0.000119,0.000022,0.000340,1.000000
142.400000,0.00000,-0.01113,2.18000,-0.00030,-0.00029,0.00171,-0.000119,0.000022,0.000340,1.000000
142.434000,0.00000,-0.01113,2.18000,-0.00030,-0.00029,0.00171,-0.000119,0.000022,0.000340,1.000000
142.467000,0.00000,-0.01113,2.18000,-0.00030,-0.00029,0.00171,-0.000119,0.000022,0.000340,1.000000
142.501000,0.00000,0.00000,2.18000,-0.00031,0.00683,-0.00014,-0.002161,-0.000004,0.000159,0.999998
142.534000,0.00000,0.00000,2.18000,-0.00031,0.00683,-0.00014,-0.002161,-0.000004,0.000159,0.999998
142.567000,0.00000,0.00000,2.18000,-0.00031,0.00683,-0.00014,-0.002161,-0.000004,0.000159,0.999998
142.600000,0.00000,0.00000,2.18000,-0.00031,0.00683,-0.00014,-0.002161,-0.000004,0.000159,0.999998
142.634000,0.00000,0.00000,2.18000,-0.00031,0.00683,-0.00014,-0.002161,-0.000004,0.000159,0.999998
142.667000,0.00000,0.00000,2.18000,-0.00031,0.00683,-0.00014,-0.002161,-0.000004,0.000159,0.999998
142.700000,0.00000,0.00000,2.18000,-0.00031,0.00683,-0.00014,-0.002161,-0.000004,0.000159,0.999998
142.734000,0.00000,0.00000,2.18000,-0.00031,0.00683,-0.00014,-0.002161,-0.000004,0.000159,0.999998
142.768000,0.00000,0.00000,2.18000,-0.00032,0.00360,-0.00492,0.003312,0.000014,0.000276,0.999994
142.800000,0.00000,0.00000,2.18000,-0.00032,0.00360,-0.00492,0.003312,0.000014,0.000276,0.999994
142.834000,0.00000,0.00000,2.18000,-0.00032,0.00360,-0.00492,0.003312,0.000014,0.000276,0.999994
142.867000,0.00000,0.00000,2.18000,-0.00032,0.00360,-0.00492,0.003312,0.000014,0.000276,0.999994
142.900000,0.00000,0.00000,2.18000,-0.00032,0.00360,-0.00492,0.003312,0.000014,0.000276,0.999994
142.934000,0.00000,0.00000,2.18000,-0.00032,0.00360,-0.00492,0.003312,0.000014,0.000276,0.999994
142.967000,0.00000,0.00000,2.18000,-0.00032,0.00360,-0.00492,0.003312,0.000014,0.000276,0.999994
143.001000,0.00000,0.00000,2.18000,-0.00014,0.00135,-0.00266,-0.002332,0.000038,0.000105,0.999997
143.034000,0.00000,0.00000,2.18000,-0.00014,0.00135,-0.00266,-0.002332,0.000038,0.000105,0.999997
143.067000,0.00000,0.00000,2.18000,-0.00014,0.00135,-0.00266,-0.002332,0.000038,0.000105,0.999997
143.100000,0.00000,0.00000,2.18000,-0.00014,0.00135,-0.00266,-0.002332,0.000038,0.000105,0.999997
143.134000,0.00000,0.00000,2.18000,-0.00014,0.00135,-0.00266,-0.002332,0.000038,0.000105,0.999997
143.167000,0.00000,0.00000,2.18000,-0.00014,0.00135,-0.00266,-0.002332,0.000038,0.000105,0.999997
143.200000,0.00000,0.00000,2.18000,-0.00014,0.00135,-0.00266,-0.002332,0.000038,0.000105,0.999997
143.234000,0.00000,0.00000,2.18000,-0.00014,0.00135,-0.00266,-0.002332,0.000038,0.000105,0.999997
143.268000,0.00000,0.00000,2.17000,-0.00022,0.00035,-0.00263,0.003028,-0.000085,0.000314,0.999995
143.301000,0.00000,0.00000,2.17000,-0.00022,0.00035,-0.00263,0.003028,-0.000085,0.000314,0.999995
143.334000,0.00000,0.00000,2.17000,-0.00022,0.00035,-0.00263,0.003028,-0.000085,0.000314,0.999995
143.367000,0.00000,0.00000,2.17000,-0.00022,0.00035,-0.00263,0.003028,-0.000085,0.000314,0.999995
143.400000,0.00000,0.00000,2.17000,-0.00022,0.00035,-0.00263,0.003028,-0.000085,0.000314,0.999995
143.434000,0.00000,0.00000,2.17000,-0.00022,0.00035,-0.00263,0.003028,-0.000085,0.000314,0.999995
143.467000,0.00000,0.00000,2.17000,-0.00022,0.00035,-0.00263,0.003028,-0.000085,0.000314,0.999995
143.501000,0.00000,0.00000,2.18000,-0.00032,-0.00112,-0.00033,-0.002774,-0.000007,0.000267,0.999996
143.534000,0.00000,0.00000,2.18000,-0.00032,-0.00112,-0.00033,-0.002774,-0.000007,0.000267,0.999996
143.567000,0.00000,0.00000,2.18000,-0.00032,-0.00112,-0.00033,-0.002774,-0.000007,0.000267,0.999996
143.600000,0.00000,0.00000,2.18000,-0.00032,-0.00112,-0.00033,-0.002774,-0.000007,0.000267,0.999996
143.634000,0.00000,0.00000,2.18000,-0.00032,-0.00112,-0.00033,-0.002774,-0.000007,0.000267,0.999996
143.667000,0.00000,0.00000,2.18000,-0.00032,-0.00112,-0.00033,-0.002774,-0.000007,0.000267,0.999996
143.700000,0.00000,0.00000,2.18000,-0.00032,-0.00112,-0.00033,-0.002774,-0.000007,0.000267,0.999996
143.734000,0.00000,0.00000,2.18000,-0.00032,-0.00112,-0.00033,-0.002774,-0.000007,0.000267,0.999996
143.768000,0.00000,0.00000,2.18000,0.00004,0.00070,0.00035,0.001882,0.000068,0.000268,0.999998
143.800000,0.00000,0.00000,2.18000,0.00004,0.00070,0.00035,0.001882,0.000068,0.000268,0.999998
143.834000,0.00000,0.00000,2.18000,0.00004,0.00070,0.00035,0.001882,0.000068,0.000268,0.999998
143.867000,0.00000,0.00000,2.18000,0.00004,0.00070,0.00035,0.001882,0.000068,0.000268,0.999998
143.900000,0.00000,0.00000,2.18000,0.00004,0.00070,0.00035,0.001882,0.000068,0.000268,0.999998
143.934000,0.00000,0.00000,2.18000,0.00004,0.00070,0.00035,0.001882,0.000068,0.000268,0.999998
143.967000,0.00000,0.00000,2.18000,0.00004,0.00070,0.00035,0.001882,0.000068,0.000268,0.999998
144.001000,0.00000,0.00000,2.18000,0.00022,-0.00227,0.00316,-0.001072,0.000009,0.000360,0.999999
144.034000,0.00000,0.00000,2.18000,0.00022,-0.00227,0.00316,-0.001072,0.000009,0.000360,0.999999
144.067000,0.00000,0.00000,2.18000,0.00022,-0.00227,0.00316,-0.001072,0.000009,0.000360,0.999999
144.100000,0.00000,0.00000,2.18000,0.00022,-0.00227,0.00316,-0.001072,0.000009,0.000360,0.999999
144.134000,0.00000,0.00000,2.18000,0.00022,-0.00227,0.00316,-0.001072,0.000009,0.000360,0.999999
144.167000,0.00000,0.00000,2.18000,0.00022,-0.00227,0.00316,-0.001072,0.000009,0.000360,0.999999
144.200000,0.00000,0.00000,2.18000,0.00022,-0.00227,0.00316,-0.001072,0.000009,0.000360,0.999999
144.234000,0.00000,0.00000,2.18000,0.00022,-0.00227,0.00316,-0.001072,0.000009,0.000360,0.999999
144.268000,0.00000,0.00000,2.18000,0.00036,0.00123,-0.00006,0.000050,0.000071,0.000089,1.000000
144.301000,0.00000,0.00000,2.18000,0.00036,0.00123,-0.00006,0.000050,0.000071,0.000089,1.000000
144.334000,0.00000,0.00000,2.18000,0.00036,0.00123,-0.00006,0.000050,0.000071,0.000089,1.000000
144.367000,0.00000,0.00000,2.18000,0.00036,0.00123,-0.00006,0.000050,0.000071,0.000089,1.000000
144.400000,0.00000,0.00000,2.18000,0.00036,0.00123,-0.00006,0.000050,0.000071,0.000089,1.000000
144.434000,0.00000,0.00000,2.18000,0.00036,0.00123,-0.00006,0.000050,0.000071,0.000089,1.000000
144.467000,0.00000,0.00000,2.18000,0.00036,0.00123,-0.00006,0.000050,0.000071,0.000089,1.000000
144.501000,0.00000,0.00000,2.18000,0.00061,-0.00202,0.00205,0.000801,0.000014,0.000242,1.000000
144.534000,0.00000,0.00000,2.18000,0.00061,-0.00202,0.00205,0.000801,0.000014,0.000242,1.000000
144.567000,0.00000,0.00000,2.18000,0.00061,-0.00202,0.00205,0.000801,0.000014,0.000242,1.000000
144.600000,0.00000,0.00000,2.18000,0.00061,-0.00202,0.00205,0.000801,0.000014,0.000242,1.000000
144.634000,0.00000,0.00000,2.18000,0.00061,-0.00202,0.00205,0.000801,0.000014,0.000242,1.000000
144.667000,0.00000,0.00000,2.18000,0.00061,-0.00202,0.00205,0.000801,0.000014,0.000242,1.000000
144.700000,0.00000,0.00000,2.18000,0.00061,-0.00202,0.00205,0.000801,0.000014,0.000242,1.000000
144.734000,0.00000,0.00000,2.18000,0.00061,-0.00202,0.00205,0.000801,0.000014,0.000242,1.000000
144.768000,0.00000,0.00000,2.18000,0.00037,-0.00069,-0.00160,-0.001658,-0.000089,0.000026,0.999999
144.800000,0.00000,0.00000,2.18000,0.00037,-0.00069,-0.00160,-0.001658,-0.000089,0.000026,0.999999
144.834000,0.00000,0.00000,2.18000,0.00037,-0.00069,-0.00160,-0.001658,-0.000089,0.000026,0.999999
144.867000,0.00000,0.00000,2.18000,0.00037,-0.00069,-0.00160,-0.001658,-0.000089,0.000026,0.999999
144.900000,0.00000,0.00000,2.18000,0.00037,-0.00069,-0.00160,-0.001658,-0.000089,0.000026,0.999999
144.934000,0.00000,0.00000,2.18000,0.00037,-0.00069,-0.00160,-0.001658,-0.000089,0.000026,0.999999
144.967000,0.00000,0.00000,2.18000,0.00037,-0.00069,-0.00160,-0.001658,-0.000089,0.000026,0.999999
145.001000,0.00000,0.00000,2.18000,0.00013,-0.00279,-0.00250,0.002345,0.000033,0.000343,0.999997
145.034000,0.00000,0.00000,2.18000,0.00013,-0.00279,-0.00250,0.002345,0.000033,0.000343,0.999997
145.067000,0.00000,0.00000,2.18000,0.00013,-0.00279,-0.00250,0.002345,0.000033,0.000343,0.999997
145.100000,0.00000,0.00000,2.18000,0.00013,-0.00279,-0.00250,0.002345,0.000033,0.000343,0.999997
145.134000,0.00000,0.00000,2.18000,0.00013,-0.00279,-0.00250,0.002345,0.000033,0.000343,0.999997
145.167000,0.00000,0.00000,2.18000,0.00013,-0.00279,-0.00250,0.002345,0.000033,0.000343,0.999997
145.200000,0.00000,0.00000,2.18000,0.00013,-0.00279,-0.00250,0.002345,0.000033,0.000343,0.999997
145.234000,0.00000,0.00000,2.18000,0.00013,-0.00279,-0.00250,0.002345,0.000033,0.000343,0.999997
145.268000,0.00000,0.00000,2.18000,0.00027,-0.00170,-0.00392,-0.002765,-0.000021,0.000121,0.999996
145.300000,0.00000,0.00000,2.18000,0.00027,-0.00170,-0.00392,-0.002765,-0.000021,0.000121,0.999996
145.334000,0.00000,0.00000,2.18000,0.00027,-0.00170,-0.00392,-0.002765,-0.000021,0.000121,0.999996
145.367000,0.00000,0.00000,2.18000,0.00027,-0.00170,-0.00392,-0.002765,-0.000021,0.000121,0.999996
145.400000,0.00000,0.00000,2.18000,0.00027,-0.00170,-0.00392,-0.002765,-0.000021,0.000121,0.999996
145.435000,0.00000,0.00000,2.18000,0.00027,-0.00170,-0.00392,-0.002765,-0.000021,0.000121,0.999996
145.467000,0.00000,0.00000,2.18000,0.00027,-0.00170,-0.00392,-0.002765,-0.000021,0.000121,0.999996
145.501000,0.00000,0.00000,2.18000,0.00011,-0.00223,-0.00175,0.002932,-0.000029,0.000242,0.999996
145.534000,0.00000,0.00000,2.18000,0.00011,-0.00223,-0.00175,0.002932,-0.000029,0.000242,0.999996
145.567000,0.00000,0.00000,2.18000,0.00011,-0.00223,-0.00175,0.002932,-0.000029,0.000242,0.999996
145.600000,0.00000,0.00000,2.18000,0.00011,-0.00223,-0.00175,0.002932,-0.000029,0.000242,0.999996
145.634000,0.00000,0.00000,2.18000,0.00011,-0.00223,-0.00175,0.002932,-0.000029,0.000242,0.999996
145.667000,0.00000,0.00000,2.18000,0.00011,-0.00223,-0.00175,0.002932,-0.000029,0.000242,0.999996
145.700000,0.00000,0.00000,2.18000,0.00011,-0.00223,-0.00175,0.002932,-0.000029,0.000242,0.999996
145.734000,0.00000,0.00000,2.18000,0.00011,-0.00223,-0.00175,0.002932,-0.000029,0.000242,0.999996
145.768000,0.00000,-0.01113,2.18000,-0.00011,-0.00058,0.00104,-0.003672,-0.000039,0.000224,0.999993
145.800000,0.00000,-0.01113,2.18000,-0.00011,-0.00058,0.00104,-0.003672,-0.000039,0.000224,0.999993
145.834000,0.00000,-0.01113,2.18000,-0.00011,-0.00058,0.00104,-0.003672,-0.000039,0.000224,0.999993
145.867000,0.00000,-0.01113,2.18000,-0.00011,-0.00058,0.00104,-0.003672,-0.000039,0.000224,0.999993
145.900000,0.00000,-0.01113,2.18000,-0.00011,-0.00058,0.00104,-0.003672,-0.000039,0.000224,0.999993
145.934000,0.00000,-0.01113,2.18000,-0.00011,-0.00058,0.00104,-0.003672,-0.000039,0.000224,0.999993
145.967000,0.00000,-0.01113,2.18000,-0.00011,-0.00058,0.00104,-0.003672,-0.000039,0.000224,0.999993
146.001000,0.00000,-0.01113,2.18000,-0.00013,0.00587,0.00330,0.001692,0.000028,0.000169,0.999999
146.034000,0.00000,-0.01113,2.18000,-0.00013,0.00587,0.00330,0.001692,0.000028,0.000169,0.999999
146.067000,0.00000,-0.01113,2.18000,-0.00013,0.00587,0.00330,0.001692,0.000028,0.000169,0.999999
146.101000,0.00000,-0.01113,2.18000,-0.00013,0.00587,0.00330,0.001692,0.000028,0.000169,0.999999
146.134000,0.00000,-0.01113,2.18000,-0.00013,0.00587,0.00330,0.001692,0.000028,0.000169,0.999999
146.167000,0.00000,-0.01113,2.18000,-0.00013,0.00587,0.00330,0.001692,0.000028,0.000169,0.999999
146.200000,0.00000,-0.01113,2.18000,-0.00013,0.00587,0.00330,0.001692,0.000028,0.000169,0.999999
146.234000,0.00000,-0.01113,2.18000,-0.00013,0.00587,0.00330,0.001692,0.000028,0.000169,0.999999
146.268000,0.00000,-0.01113,2.18000,0.00004,0.00618,0.00149,-0.002106,0.000055,0.000277,0.999998
146.300000,0.00000,-0.01113,2.18000,0.00004,0.00618,0.00149,-0.002106,0.000055,0.000277,0.999998
146.334000,0.00000,-0.01113,2.18000,0.00004,0.00618,0.00149,-0.002106,0.000055,0.000277,0.999998
146.367000,0.00000,-0.01113,2.18000,0.00004,0.00618,0.00149,-0.002106,0.000055,0.000277,0.999998
146.400000,0.00000,-0.01113,2.18000,0.00004,0.00618,0.00149,-0.002106,0.000055,0.000277,0.999998
146.434000,0.00000,-0.01113,2.18000,0.00004,0.00618,0.00149,-0.002106,0.000055,0.000277,0.999998
146.468000,0.00000,-0.01113,2.18000,0.00004,0.00618,0.00149,-0.002106,0.000055,0.000277,0.999998
146.501000,0.00000,-0.01113,2.18000,0.00015,0.01032,0.00171,0.000868,-0.000018,0.000163,1.000000
146.534000,0.00000,-0.01113,2.18000,0.00015,0.01032,0.00171,0.000868,-0.000018,0.000163,1.000000
146.567000,0.00000,-0.01113,2.18000,0.00015,0.01032,0.00171,0.000868,-0.000018,0.000163,1.000000
146.600000,0.00000,-0.01113,2.18000,0.00015,0.01032,0.00171,0.000868,-0.000018,0.000163,1.000000
146.634000,0.00000,-0.01113,2.18000,0.00015,0.01032,0.00171,0.000868,-0.000018,0.000163,1.000000
146.667000,0.00000,-0.01113,2.18000,0.00015,0.01032,0.00171,0.000868,-0.000018,0.000163,1.000000
146.700000,0.00000,-0.01113,2.18000,0.00015,0.01032,0.00171,0.000868,-0.000018,0.000163,1.000000
146.734000,0.00000,-0.01113,2.18000,0.00015,0.01032,0.00171,0.000868,-0.000018,0.000163,1.000000
146.768000,0.00000,-0.01113,2.18000,0.00018,0.00830,0.00266,-0.000946,-0.000041,0.000249,1.000000
146.800000,0.00000,-0.01113,2.18000,0.00018,0.00830,0.00266,-0.000946,-0.000041,0.000249,1.000000
146.834000,0.00000,-0.01113,2.18000,0.00018,0.00830,0.00266,-0.000946,-0.000041,0.000249,1.000000
146.867000,0.00000,-0.01113,2.18000,0.00018,0.00830,0.00266,-0.000946,-0.000041,0.000249,1.000000
146.900000,0.00000,-0.01113,2.18000,0.00018,0.00830,0.00266,-0.000946,-0.000041,0.000249,1.000000
146.934000,0.00000,-0.01113,2.18000,0.00018,0.00830,0.00266,-0.000946,-0.000041,0.000249,1.000000
146.967000,0.00000,-0.01113,2.18000,0.00018,0.00830,0.00266,-0.000946,-0.000041,0.000249,1.000000
147.001000,0.00000,-0.01113,2.18000,0.00008,0.01192,0.00086,-0.000593,-0.000008,0.000107,1.000000
147.034000,0.00000,-0.01113,2.18000,0.00008,0.01192,0.00086,-0.000593,-0.000008,0.000107,1.000000
147.067000,0.00000,-0.01113,2.18000,0.00008,0.01192,0.00086,-0.000593,-0.000008,0.000107,1.000000
147.100000,0.00000,-0.01113,2.18000,0.00008,0.01192,0.00086,-0.000593,-0.000008,0.000107,1.000000
147.134000,0.00000,-0.01113,2.18000,0.00008,0.01192,0.00086,-0.000593,-0.000008,0.000107,1.000000
147.167000,0.00000,-0.01113,2.18000,0.00008,0.01192,0.00086,-0.000593,-0.000008,0.000107,1.000000
147.200000,0.00000,-0.01113,2.18000,0.00008,0.01192,0.00086,-0.000593,-0.000008,0.000107,1.000000
147.234000,0.00000,-0.01113,2.18000,0.00008,0.01192,0.00086,-0.000593,-0.000008,0.000107,1.000000
147.268000,0.00000,0.00000,2.18000,-0.00001,0.00989,-0.00059,0.001409,0.000028,0.000374,0.999999
147.300000,0.00000,0.00000,2.18000,-0.00001,0.00989,-0.00059,0.001409,0.000028,0.000374,0.999999
147.334000,0.00000,0.00000,2.18000,-0.00001,0.00989,-0.00059,0.001409,0.000028,0.000374,0.999999
147.367000,0.00000,0.00000,2.18000,-0.00001,0.00989,-0.00059,0.001409,0.000028,0.000374,0.999999
147.400000,0.00000,0.00000,2.18000,-0.00001,0.00989,-0.00059,0.001409,0.000028,0.000374,0.999999
147.434000,0.00000,0.00000,2.18000,-0.00001,0.00989,-0.00059,0.001409,0.000028,0.000374,0.999999
147.467000,0.00000,0.00000,2.18000,-0.00001,0.00989,-0.00059,0.001409,0.000028,0.000374,0.999999
147.501000,0.00000,0.00000,2.18000,0.00010,0.00865,-0.00278,-0.001156,0.000022,0.000238,0.999999
147.534000,0.00000,0.00000,2.18000,0.00010,0.00865,-0.00278,-0.001156,0.000022,0.000238,0.999999
147.567000,0.00000,0.00000,2.18000,0.00010,0.00865,-0.00278,-0.001156,0.000022,0.000238,0.999999
147.600000,0.00000,0.00000,2.18000,0.00010,0.00865,-0.00278,-0.001156,0.000022,0.000238,0.999999
147.634000,0.00000,0.00000,2.18000,0.00010,0.00865,-0.00278,-0.001156,0.000022,0.000238,0.999999
147.667000,0.00000,0.00000,2.18000,0.00010,0.00865,-0.00278,-0.001156,0.000022,0.000238,0.999999
147.700000,0.00000,0.00000,2.18000,0.00010,0.00865,-0.00278,-0.001156,0.000022,0.000238,0.999999
147.734000,0.00000,0.00000,2.18000,0.00010,0.00865,-0.00278,-0.001156,0.000022,0.000238,0.999999
147.768000,0.00000,0.00000,2.18000,0.00034,0.00182,-0.00244,0.003456,0.000081,0.000323,0.999994
147.800000,0.00000,0.00000,2.18000,0.00034,0.00182,-0.00244,0.003456,0.000081,0.000323,0.999994
147.834000,0.00000,0.00000,2.18000,0.00034,0.00182,-0.00244,0.003456,0.000081,0.000323,0.999994
147.867000,0.00000,0.00000,2.18000,0.00034,0.00182,-0.00244,0.003456,0.000081,0.000323,0.999994
147.900000,0.00000,0.00000,2.18000,0.00034,0.00182,-0.00244,0.003456,0.000081,0.000323,0.999994
147.934000,0.00000,0.00000,2.18000,0.00034,0.00182,-0.00244,0.003456,0.000081,0.000323,0.999994
147.967000,0.00000,0.00000,2.18000,0.00034,0.00182,-0.00244,0.003456,0.000081,0.000323,0.999994
148.001000,0.00000,0.00000,2.18000,0.00063,-0.00093,-0.00420,-0.002479,0.000020,0.000244,0.999997
148.034000,0.00000,0.00000,2.18000,0.00063,-0.00093,-0.00420,-0.002479,0.000020,0.000244,0.999997
148.067000,0.00000,0.00000,2.18000,0.00063,-0.00093,-0.00420,-0.002479,0.000020,0.000244,0.999997
148.100000,0.00000,0.00000,2.18000,0.00063,-0.00093,-0.00420,-0.002479,0.000020,0.000244,0.999997
148.134000,0.00000,0.00000,2.18000,0.00063,-0.00093,-0.00420,-0.002479,0.000020,0.000244,0.999997
148.167000,0.00000,0.00000,2.18000,0.00063,-0.00093,-0.00420,-0.002479,0.000020,0.000244,0.999997
148.200000,0.00000,0.00000,2.18000,0.00063,-0.00093,-0.00420,-0.002479,0.000020,0.000244,0.999997
148.234000,0.00000,0.00000,2.18000,0.00063,-0.00093,-0.00420,-0.002479,0.000020,0.000244,0.999997
148.268000,0.00000,0.00000,2.18000,0.00039,-0.00188,-0.00066,0.002960,-0.000019,0.000215,0.999996
148.300000,0.00000,0.00000,2.18000,0.00039,-0.00188,-0.00066,0.002960,-0.000019,0.000215,0.999996
148.334000,0.00000,0.00000,2.18000,0.00039,-0.00188,-0.00066,0.002960,-0.000019,0.000215,0.999996
148.367000,0.00000,0.00000,2.18000,0.00039,-0.00188,-0.00066,0.002960,-0.000019,0.000215,0.999996
148.400000,0.00000,0.00000,2.18000,0.00039,-0.00188,-0.00066,0.002960,-0.000019,0.000215,0.999996
148.434000,0.00000,0.00000,2.18000,0.00039,-0.00188,-0.00066,0.002960,-0.000019,0.000215,0.999996
148.467000,0.00000,0.00000,2.18000,0.00039,-0.00188,-0.00066,0.002960,-0.000019,0.000215,0.999996
148.501000,0.00000,0.00000,2.18000,0.00002,-0.00405,-0.00069,-0.002313,-0.000113,0.000336,0.999997
148.534000,0.00000,0.00000,2.18000,0.00002,-0.00405,-0.00069,-0.002313,-0.000113,0.000336,0.999997
148.567000,0.00000,0.00000,2.18000,0.00002,-0.00405,-0.00069,-0.002313,-0.000113,0.000336,0.999997
148.600000,0.00000,0.00000,2.18000,0.00002,-0.00405,-0.00069,-0.002313,-0.000113,0.000336,0.999997
148.634000,0.00000,0.00000,2.18000,0.00002,-0.00405,-0.00069,-0.002313,-0.000113,0.000336,0.999997
148.667000,0.00000,0.00000,2.18000,0.00002,-0.00405,-0.00069,-0.002313,-0.000113,0.000336,0.999997
148.701000,0.00000,0.00000,2.18000,0.00002,-0.00405,-0.00069,-0.002313,-0.000113,0.000336,0.999997
148.734000,0.00000,0.00000,2.18000,0.00002,-0.00405,-0.00069,-0.002313,-0.000113,0.000336,0.999997
148.768000,0.00000,0.00000,2.18000,-0.00030,-0.00183,0.00160,0.001782,-0.000038,0.000202,0.999998
148.800000,0.00000,0.00000,2.18000,-0.00030,-0.00183,0.00160,0.001782,-0.000038,0.000202,0.999998
148.834000,0.00000,0.00000,2.18000,-0.00030,-0.00183,0.00160,0.001782,-0.000038,0.000202,0.999998
148.867000,0.00000,0.00000,2.18000,-0.00030,-0.00183,0.00160,0.001782,-0.000038,0.000202,0.999998
148.900000,0.00000,0.00000,2.18000,-0.00030,-0.00183,0.00160,0.001782,-0.000038,0.000202,0.999998
148.934000,0.00000,0.00000,2.18000,-0.00030,-0.00183,0.00160,0.001782,-0.000038,0.000202,0.999998
148.967000,0.00000,0.00000,2.18000,-0.00030,-0.00183,0.00160,0.001782,-0.000038,0.000202,0.999998
149.001000,0.00000,0.00000,2.18000,-0.00030,-0.00495,0.00232,-0.000910,-0.000052,0.000313,1.000000
149.034000,0.00000,0.00000,2.18000,-0.00030,-0.00495,0.00232,-0.000910,-0.000052,0.000313,1.000000
149.067000,0.00000,0.00000,2.18000,-0.00030,-0.00495,0.00232,-0.000910,-0.000052,0.000313,1.000000
149.101000,0.00000,0.00000,2.18000,-0.00030,-0.00495,0.00232,-0.000910,-0.000052,0.000313,1.000000
149.134000,0.00000,0.00000,2.18000,-0.00030,-0.00495,0.00232,-0.000910,-0.000052,0.000313,1.000000
149.167000,0.00000,0.00000,2.18000,-0.00030,-0.00495,0.00232,-0.000910,-0.000052,0.000313,1.000000
149.200000,0.00000,0.00000,2.18000,-0.00030,-0.00495,0.00232,-0.000910,-0.000052,0.000313,1.000000
149.234000,0.00000,0.00000,2.18000,-0.00030,-0.00495,0.00232,-0.000910,-0.000052,0.000313,1.000000
149.268000,0.00000,0.00000,2.18000,-0.00031,-0.00169,0.00148,-0.000280,0.000037,0.000251,1.000000
149.301000,0.00000,0.00000,2.18000,-0.00031,-0.00169,0.00148,-0.000280,0.000037,0.000251,1.000000
149.334000,0.00000,0.00000,2.18000,-0.00031,-0.00169,0.00148,-0.000280,0.000037,0.000251,1.000000
149.367000,0.00000,0.00000,2.18000,-0.00031,-0.00169,0.00148,-0.000280,0.000037,0.000251,1.000000
149.400000,0.00000,0.00000,2.18000,-0.00031,-0.00169,0.00148,-0.000280,0.000037,0.000251,1.000000
149.434000,0.00000,0.00000,2.18000,-0.00031,-0.00169,0.00148,-0.000280,0.000037,0.000251,1.000000
149.467000,0.00000,0.00000,2.18000,-0.00031,-0.00169,0.00148,-0.000280,0.000037,0.000251,1.000000
149.501000,0.00000,0.00000,2.18000,-0.00014,-0.00432,0.00244,0.001097,0.000010,0.000377,0.999999
149.534000,0.00000,0.00000,2.18000,-0.00014,-0.00432,0.00244,0.001097,0.000010,0.000377,0.999999
149.567000,0.00000,0.00000,2.18000,-0.00014,-0.00432,0.00244,0.001097,0.000010,0.000377,0.999999
149.600000,0.00000,0.00000,2.18000,-0.00014,-0.00432,0.00244,0.001097,0.000010,0.000377,0.999999
149.634000,0.00000,0.00000,2.18000,-0.00014,-0.00432,0.00244,0.001097,0.000010,0.000377,0.999999
149.667000,0.00000,0.00000,2.18000,-0.00014,-0.00432,0.00244,0.001097,0.000010,0.000377,0.999999
149.700000,0.00000,0.00000,2.18000,-0.00014,-0.00432,0.00244,0.001097,0.000010,0.000377,0.999999
149.734000,0.00000,0.00000,2.18000,-0.00014,-0.00432,0.00244,0.001097,0.000010,0.000377,0.999999
149.768000,0.00000,0.00000,2.18000,-0.00000,-0.00084,-0.00163,-0.001633,0.000060,0.000064,0.999999
149.800000,0.00000,0.00000,2.18000,-0.00000,-0.00084,-0.00163,-0.001633,0.000060,0.000064,0.999999
149.834000,0.00000,0.00000,2.18000,-0.00000,-0.00084,-0.00163,-0.001633,0.000060,0.000064,0.999999
149.867000,0.00000,0.00000,2.18000,-0.00000,-0.00084,-0.00163,-0.001633,0.000060,0.000064,0.999999
149.900000,0.00000,0.00000,2.18000,-0.00000,-0.00084,-0.00163,-0.001633,0.000060,0.000064,0.999999
149.934000,0.00000,0.00000,2.18000,-0.00000,-0.00084,-0.00163,-0.001633,0.000060,0.000064,0.999999
149.967000,0.00000,0.00000,2.18000,-0.00000,-0.00084,-0.00163,-0.001633,0.000060,0.000064,0.999999
150.001000,0.00000,0.00000,2.18000,0.00038,-0.00411,-0.00115,0.002854,0.000063,0.000405,0.999996
150.034000,0.00000,0.00000,2.18000,0.00038,-0.00411,-0.00115,0.002854,0.000063,0.000405,0.999996
150.067000,0.00000,0.00000,2.18000,0.00038,-0.00411,-0.00115,0.002854,0.000063,0.000405,0.999996
150.100000,0.00000,0.00000,2.18000,0.00038,-0.00411,-0.00115,0.002854,0.000063,0.000405,0.999996
150.134000,0.00000,0.00000,2.18000,0.00038,-0.00411,-0.00115,0.002854,0.000063,0.000405,0.999996
150.167000,0.00000,0.00000,2.18000,0.00038,-0.00411,-0.00115,0.002854,0.000063,0.000405,0.999996
150.200000,0.00000,0.00000,2.18000,0.00038,-0.00411,-0.00115,0.002854,0.000063,0.000405,0.999996
150.234000,0.00000,0.00000,2.18000,0.00038,-0.00411,-0.00115,0.002854,0.000063,0.000405,0.999996
150.268000,0.00000,0.00000,2.18000,0.00065,-0.00347,-0.00416,-0.003216,0.000050,0.000270,0.999995
150.300000,0.00000,0.00000,2.18000,0.00065,-0.00347,-0.00416,-0.003216,0.000050,0.000270,0.999995
150.334000,0.00000,0.00000,2.18000,0.00065,-0.00347,-0.00416,-0.003216,0.000050,0.000270,0.999995
150.367000,0.00000,0.00000,2.18000,0.00065,-0.00347,-0.00416,-0.003216,0.000050,0.000270,0.999995
150.400000,0.00000,0.00000,2.18000,0.00065,-0.00347,-0.00416,-0.003216,0.000050,0.000270,0.999995
150.434000,0.00000,0.00000,2.18000,0.00065,-0.00347,-0.00416,-0.003216,0.000050,0.000270,0.999995
150.467000,0.00000,0.00000,2.18000,0.00065,-0.00347,-0.00416,-0.003216,0.000050,0.000270,0.999995
150.501000,0.00000,0.00000,2.18000,0.00069,-0.00177,0.00120,0.003090,-0.000078,0.000305,0.999995
150.534000,0.00000,0.00000,2.18000,0.00069,-0.00177,0.00120,0.003090,-0.000078,0.000305,0.999995
150.567000,0.00000,0.00000,2.18000,0.00069,-0.00177,0.00120,0.003090,-0.000078,0.000305,0.999995
150.600000,0.00000,0.00000,2.18000,0.00069,-0.00177,0.00120,0.003090,-0.000078,0.000305,0.999995
150.634000,0.00000,0.00000,2.18000,0.00069,-0.00177,0.00120,0.003090,-0.000078,0.000305,0.999995
150.667000,0.00000,0.00000,2.18000,0.00069,-0.00177,0.00120,0.003090,-0.000078,0.000305,0.999995
150.700000,0.00000,0.00000,2.18000,0.00069,-0.00177,0.00120,0.003090,-0.000078,0.000305,0.999995
150.734000,0.00000,0.00000,2.18000,0.00069,-0.00177,0.00120,0.003090,-0.000078,0.000305,0.999995
150.768000,0.00000,0.00000,2.18000,0.00032,-0.00298,-0.00153,-0.002487,-0.000043,0.000261,0.999997
150.800000,0.00000,0.00000,2.18000,0.00032,-0.00298,-0.00153,-0.002487,-0.000043,0.000261,0.999997
150.834000,0.00000,0.00000,2.18000,0.00032,-0.00298,-0.00153,-0.002487,-0.000043,0.000261,0.999997
150.867000,0.00000,0.00000,2.18000,0.00032,-0.00298,-0.00153,-0.002487,-0.000043,0.000261,0.999997
150.900000,0.00000,0.00000,2.18000,0.00032,-0.00298,-0.00153,-0.002487,-0.000043,0.000261,0.999997
150.934000,0.00000,0.00000,2.18000,0.00032,-0.00298,-0.00153,-0.002487,-0.000043,0.000261,0.999997
150.967000,0.00000,0.00000,2.18000,0.00032,-0.00298,-0.00153,-0.002487,-0.000043,0.000261,0.999997
151.001000,0.00000,0.00000,2.18000,0.00038,-0.00139,-0.00033,0.002156,-0.000030,0.000244,0.999998
151.034000,0.00000,0.00000,2.18000,0.00038,-0.00139,-0.00033,0.002156,-0.000030,0.000244,0.999998
151.067000,0.00000,0.00000,2.18000,0.00038,-0.00139,-0.00033,0.002156,-0.000030,0.000244,0.999998
151.100000,0.00000,0.00000,2.18000,0.00038,-0.00139,-0.00033,0.002156,-0.000030,0.000244,0.999998
151.134000,0.00000,0.00000,2.18000,0.00038,-0.00139,-0.00033,0.002156,-0.000030,0.000244,0.999998
151.167000,0.00000,0.00000,2.18000,0.00038,-0.00139,-0.00033,0.002156,-0.000030,0.000244,0.999998
151.200000,0.00000,0.00000,2.18000,0.00038,-0.00139,-0.00033,0.002156,-0.000030,0.000244,0.999998
151.234000,0.00000,0.00000,2.18000,0.00038,-0.00139,-0.00033,0.002156,-0.000030,0.000244,0.999998
151.268000,0.00000,0.00000,2.18000,0.00032,-0.00439,0.00238,-0.001092,-0.000059,0.000412,0.999999
151.300000,0.00000,0.00000,2.18000,0.00032,-0.00439,0.00238,-0.001092,-0.000059,0.000412,0.999999
151.334000,0.00000,0.00000,2.18000,0.00032,-0.00439,0.00238,-0.001092,-0.000059,0.000412,0.999999
151.367000,0.00000,0.00000,2.18000,0.00032,-0.00439,0.00238,-0.001092,-0.000059,0.000412,0.999999
151.400000,0.00000,0.00000,2.18000,0.00032,-0.00439,0.00238,-0.001092,-0.000059,0.000412,0.999999
151.434000,0.00000,0.00000,2.18000,0.00032,-0.00439,0.00238,-0.001092,-0.000059,0.000412,0.999999
151.467000,0.00000,0.00000,2.18000,0.00032,-0.00439,0.00238,-0.001092,-0.000059,0.000412,0.999999
151.501000,0.00000,0.00000,2.18000,-0.00011,-0.00090,0.00142,-0.000331,-0.000077,0.000105,1.000000
151.534000,0.00000,0.00000,2.18000,-0.00011,-0.00090,0.00142,-0.000331,-0.000077,0.000105,1.000000
151.568000,0.00000,0.00000,2.18000,-0.00011,-0.00090,0.00142,-0.000331,-0.000077,0.000105,1.000000
151.600000,0.00000,0.00000,2.18000,-0.00011,-0.00090,0.00142,-0.000331,-0.000077,0.000105,1.000000
151.634000,0.00000,0.00000,2.18000,-0.00011,-0.00090,0.00142,-0.000331,-0.000077,0.000105,1.000000
151.667000,0.00000,0.00000,2.18000,-0.00011,-0.00090,0.00142,-0.000331,-0.000077,0.000105,1.000000
151.700000,0.00000,0.00000,2.18000,-0.00011,-0.00090,0.00142,-0.000331,-0.000077,0.000105,1.000000
151.734000,0.00000,0.00000,2.18000,-0.00011,-0.00090,0.00142,-0.000331,-0.000077,0.000105,1.000000
151.768000,0.00000,0.00000,2.17000,-0.00016,-0.00325,-0.00172,0.001357,0.000025,0.000409,0.999999
151.800000,0.00000,0.00000,2.17000,-0.00016,-0.00325,-0.00172,0.001357,0.000025,0.000409,0.999999
151.834000,0.00000,0.00000,2.17000,-0.00016,-0.00325,-0.00172,0.001357,0.000025,0.000409,0.999999
151.867000,0.00000,0.00000,2.17000,-0.00016,-0.00325,-0.00172,0.001357,0.000025,0.000409,0.999999
151.901000,0.00000,0.00000,2.17000,-0.00016,-0.00325,-0.00172,0.001357,0.000025,0.000409,0.999999
151.934000,0.00000,0.00000,2.17000,-0.00016,-0.00325,-0.00172,0.001357,0.000025,0.000409,0.999999
151.967000,0.00000,0.00000,2.17000,-0.00016,-0.00325,-0.00172,0.001357,0.000025,0.000409,0.999999
152.001000,0.00000,0.00000,2.18000,-0.00016,-0.00124,0.00553,-0.002078,-0.000038,0.000219,0.999998
152.034000,0.00000,0.00000,2.18000,-0.00016,-0.00124,0.00553,-0.002078,-0.000038,0.000219,0.999998
152.067000,0.00000,0.00000,2.18000,-0.00016,-0.00124,0.00553,-0.002078,-0.000038,0.000219,0.999998
152.100000,0.00000,0.00000,2.18000,-0.00016,-0.00124,0.00553,-0.002078,-0.000038,0.000219,0.999998
152.134000,0.00000,0.00000,2.18000,-0.00016,-0.00124,0.00553,-0.002078,-0.000038,0.000219,0.999998
152.167000,0.00000,0.00000,2.18000,-0.00016,-0.00124,0.00553,-0.002078,-0.000038,0.000219,0.999998
152.200000,0.00000,0.00000,2.18000,-0.00016,-0.00124,0.00553,-0.002078,-0.000038,0.000219,0.999998
152.234000,0.00000,0.00000,2.18000,-0.00016,-0.00124,0.00553,-0.002078,-0.000038,0.000219,0.999998
152.268000,0.00000,0.00000,2.18000,-0.00019,-0.00244,0.00282,0.002698,-0.000017,0.000334,0.999996
152.300000,0.00000,0.00000,2.18000,-0.00019,-0.00244,0.00282,0.002698,-0.000017,0.000334,0.999996
152.334000,0.00000,0.00000,2.18000,-0.00019,-0.00244,0.00282,0.002698,-0.000017,0.000334,0.999996
152.367000,0.00000,0.00000,2.18000,-0.00019,-0.00244,0.00282,0.002698,-0.000017,0.000334,0.999996
152.400000,0.00000,0.00000,2.18000,-0.00019,-0.00244,0.00282,0.002698,-0.000017,0.000334,0.999996
152.434000,0.00000,0.00000,2.18000,-0.00019,-0.00244,0.00282,0.002698,-0.000017,0.000334,0.999996
152.467000,0.00000,0.00000,2.18000,-0.00019,-0.00244,0.00282,0.002698,-0.000017,0.000334,0.999996
152.501000,0.00000,0.00000,2.18000,-0.00010,-0.00166,-0.00026,-0.002580,0.000050,0.000288,0.999997
152.534000,0.00000,0.00000,2.18000,-0.00010,-0.00166,-0.00026,-0.002580,0.000050,0.000288,0.999997
152.567000,0.00000,0.00000,2.18000,-0.00010,-0.00166,-0.00026,-0.002580,0.000050,0.000288,0.999997
152.600000,0.00000,0.00000,2.18000,-0.00010,-0.00166,-0.00026,-0.002580,0.000050,0.000288,0.999997
152.634000,0.00000,0.00000,2.18000,-0.00010,-0.00166,-0.00026,-0.002580,0.000050,0.000288,0.999997
152.667000,0.00000,0.00000,2.18000,-0.00010,-0.00166,-0.00026,-0.002580,0.000050,0.000288,0.999997
152.700000,0.00000,0.00000,2.18000,-0.00010,-0.00166,-0.00026,-0.002580,0.000050,0.000288,0.999997
152.734000,0.00000,0.00000,2.18000,-0.00010,-0.00166,-0.00026,-0.002580,0.000050,0.000288,0.999997
152.768000,0.00000,0.00000,2.18000,-0.00004,-0.00190,-0.00109,0.003190,0.000001,0.000283,0.999995
152.800000,0.00000,0.00000,2.18000,-0.00004,-0.00190,-0.00109,0.003190,0.000001,0.000283,0.999995
152.834000,0.00000,0.00000,2.18000,-0.00004,-0.00190,-0.00109,0.003190,0.000001,0.000283,0.999995
152.867000,0.00000,0.00000,2.18000,-0.00004,-0.00190,-0.00109,0.003190,0.000001,0.000283,0.999995
152.901000,0.00000,0.00000,2.18000,-0.00004,-0.00190,-0.00109,0.003190,0.000001,0.000283,0.999995
152.934000,0.00000,0.00000,2.18000,-0.00004,-0.00190,-0.00109,0.003190,0.000001,0.000283,0.999995
152.967000,0.00000,0.00000,2.18000,-0.00004,-0.00190,-0.00109,0.003190,0.000001,0.000283,0.999995
153.001000,0.00000,0.00000,2.18000,-0.00020,-0.00344,-0.00023,-0.002511,-0.000063,0.000302,0.999997
153.034000,0.00000,0.00000,2.18000,-0.00020,-0.00344,-0.00023,-0.002511,-0.000063,0.000302,0.999997
153.067000,0.00000,0.00000,2.18000,-0.00020,-0.00344,-0.00023,-0.002511,-0.000063,0.000302,0.999997
153.100000,0.00000,0.00000,2.18000,-0.00020,-0.00344,-0.00023,-0.002511,-0.000063,0.000302,0.999997
153.134000,0.00000,0.00000,2.18000,-0.00020,-0.00344,-0.00023,-0.002511,-0.000063,0.000302,0.999997
153.167000,0.00000,0.00000,2.18000,-0.00020,-0.00344,-0.00023,-0.002511,-0.000063,0.000302,0.999997
153.200000,0.00000,0.00000,2.18000,-0.00020,-0.00344,-0.00023,-0.002511,-0.000063,0.000302,0.999997
153.234000,0.00000,0.00000,2.18000,-0.00020,-0.00344,-0.00023,-0.002511,-0.000063,0.000302,0.999997
153.268000,0.00000,0.00000,2.18000,-0.00035,-0.00245,0.00031,0.002187,0.000048,0.000175,0.999998
153.300000,0.00000,0.00000,2.18000,-0.00035,-0.00245,0.00031,0.002187,0.000048,0.000175,0.999998
153.334000,0.00000,0.00000,2.18000,-0.00035,-0.00245,0.00031,0.002187,0.000048,0.000175,0.999998
153.367000,0.00000,0.00000,2.18000,-0.00035,-0.00245,0.00031,0.002187,0.000048,0.000175,0.999998
153.400000,0.00000,0.00000,2.18000,-0.00035,-0.00245,0.00031,0.002187,0.000048,0.000175,0.999998
153.434000,0.00000,0.00000,2.18000,-0.00035,-0.00245,0.00031,0.002187,0.000048,0.000175,0.999998
153.467000,0.00000,0.00000,2.18000,-0.00035,-0.00245,0.00031,0.002187,0.000048,0.000175,0.999998
153.501000,0.00000,0.00000,2.18000,-0.00006,-0.00495,0.00039,-0.001529,0.000090,0.000335,0.999999
153.534000,0.00000,0.00000,2.18000,-0.00006,-0.00495,0.00039,-0.001529,0.000090,0.000335,0.999999
153.567000,0.00000,0.00000,2.18000,-0.00006,-0.00495,0.00039,-0.001529,0.000090,0.000335,0.999999
153.600000,0.00000,0.00000,2.18000,-0.00006,-0.00495,0.00039,-0.001529,0.000090,0.000335,0.999999
153.634000,0.00000,0.00000,2.18000,-0.00006,-0.00495,0.00039,-0.001529,0.000090,0.000335,0.999999
153.667000,0.00000,0.00000,2.18000,-0.00006,-0.00495,0.00039,-0.001529,0.000090,0.000335,0.999999
153.700000,0.00000,0.00000,2.18000,-0.00006,-0.00495,0.00039,-0.001529,0.000090,0.000335,0.999999
153.734000,0.00000,0.00000,2.18000,-0.00006,-0.00495,0.00039,-0.001529,0.000090,0.000335,0.999999
153.768000,0.00000,-0.01113,2.18000,0.00001,-0.00072,0.00125,-0.000356,-0.000012,0.000100,1.000000
153.800000,0.00000,-0.01113,2.18000,0.00001,-0.00072,0.00125,-0.000356,-0.000012,0.000100,1.000000
153.834000,0.00000,-0.01113,2.18000,0.00001,-0.00072,0.00125,-0.000356,-0.000012,0.000100,1.000000
153.867000,0.00000,-0.01113,2.18000,0.00001,-0.00072,0.00125,-0.000356,-0.000012,0.000100,1.000000
153.900000,0.00000,-0.01113,2.18000,0.00001,-0.00072,0.00125,-0.000356,-0.000012,0.000100,1.000000
153.934000,0.00000,-0.01113,2.18000,0.00001,-0.00072,0.00125,-0.000356,-0.000012,0.000100,1.000000
153.967000,0.00000,-0.01113,2.18000,0.00001,-0.00072,0.00125,-0.000356,-0.000012,0.000100,1.000000
154.001000,0.00000,-0.01113,2.18000,-0.00000,0.00097,0.00132,0.000171,0.000047,0.000420,1.000000
154.034000,0.00000,-0.01113,2.18000,-0.00000,0.00097,0.00132,0.000171,0.000047,0.000420,1.000000
154.067000,0.00000,-0.01113,2.18000,-0.00000,0.00097,0.00132,0.000171,0.000047,0.000420,1.000000
154.100000,0.00000,-0.01113,2.18000,-0.00000,0.00097,0.00132,0.000171,0.000047,0.000420,1.000000
154.134000,0.00000,-0.01113,2.18000,-0.00000,0.00097,0.00132,0.000171,0.000047,0.000420,1.000000
154.167000,0.00000,-0.01113,2.18000,-0.00000,0.00097,0.00132,0.000171,0.000047,0.000420,1.000000
154.200000,0.00000,-0.01113,2.18000,-0.00000,0.00097,0.00132,0.000171,0.000047,0.000420,1.000000
154.234000,0.00000,-0.01113,2.18000,-0.00000,0.00097,0.00132,0.000171,0.000047,0.000420,1.000000
154.268000,0.00000,-0.01113,2.18000,0.00020,0.00807,-0.00276,-0.002761,0.000000,0.000136,0.999996
154.300000,0.00000,-0.01113,2.18000,0.00020,0.00807,-0.00276,-0.002761,0.000000,0.000136,0.999996
154.334000,0.00000,-0.01113,2.18000,0.00020,0.00807,-0.00276,-0.002761,0.000000,0.000136,0.999996
154.367000,0.00000,-0.01113,2.18000,0.00020,0.00807,-0.00276,-0.002761,0.000000,0.000136,0.999996
154.400000,0.00000,-0.01113,2.18000,0.00020,0.00807,-0.00276,-0.002761,0.000000,0.000136,0.999996
154.434000,0.00000,-0.01113,2.18000,0.00020,0.00807,-0.00276,-0.002761,0.000000,0.000136,0.999996
154.467000,0.00000,-0.01113,2.18000,0.00020,0.00807,-0.00276,-0.002761,0.000000,0.000136,0.999996
154.501000,0.00000,-0.01113,2.18000,0.00022,0.00841,0.00027,0.002119,0.000039,0.000394,0.999998
154.534000,0.00000,-0.01113,2.18000,0.00022,0.00841,0.00027,0.002119,0.000039,0.000394,0.999998
154.567000,0.00000,-0.01113,2.18000,0.00022,0.00841,0.00027,0.002119,0.000039,0.000394,0.999998
154.600000,0.00000,-0.01113,2.18000,0.00022,0.00841,0.00027,0.002119,0.000039,0.000394,0.999998
154.634000,0.00000,-0.01113,2.18000,0.00022,0.00841,0.00027,0.002119,0.000039,0.000394,0.999998
154.667000,0.00000,-0.01113,2.18000,0.00022,0.00841,0.00027,0.002119,0.000039,0.000394,0.999998
154.701000,0.00000,-0.01113,2.18000,0.00022,0.00841,0.00027,0.002119,0.000039,0.000394,0.999998
154.734000,0.00000,-0.01113,2.18000,0.00022,0.00841,0.00027,0.002119,0.000039,0.000394,0.999998
154.768000,0.00000,-0.01113,2.18000,0.00049,0.01096,-0.00368,-0.003466,0.000060,0.000203,0.999994
154.800000,0.00000,-0.01113,2.18000,0.00049,0.01096,-0.00368,-0.003466,0.000060,0.000203,0.999994
154.834000,0.00000,-0.01113,2.18000,0.00049,0.01096,-0.00368,-0.003466,0.000060,0.000203,0.999994
154.867000,0.00000,-0.01113,2.18000,0.00049,0.01096,-0.00368,-0.003466,0.000060,0.000203,0.999994
154.901000,0.00000,-0.01113,2.18000,0.00049,0.01096,-0.00368,-0.003466,0.000060,0.000203,0.999994
154.934000,0.00000,-0.01113,2.18000,0.00049,0.01096,-0.00368,-0.003466,0.000060,0.000203,0.999994
154.967000,0.00000,-0.01113,2.18000,0.00049,0.01096,-0.00368,-0.003466,0.000060,0.000203,0.999994
155.001000,0.00000,-0.01113,2.18000,0.00043,0.01154,-0.00493,0.002760,-0.000016,0.000317,0.999996
155.034000,0.00000,-0.01113,2.18000,0.00043,0.01154,-0.00493,0.002760,-0.000016,0.000317,0.999996
155.067000,0.00000,-0.01113,2.18000,0.00043,0.01154,-0.00493,0.002760,-0.000016,0.000317,0.999996
155.100000,0.00000,-0.01113,2.18000,0.00043,0.01154,-0.00493,0.002760,-0.000016,0.000317,0.999996
155.134000,0.00000,-0.01113,2.18000,0.00043,0.01154,-0.00493,0.002760,-0.000016,0.000317,0.999996
155.167000,0.00000,-0.01113,2.18000,0.00043,0.01154,-0.00493,0.002760,-0.000016,0.000317,0.999996
155.200000,0.00000,-0.01113,2.18000,0.00043,0.01154,-0.00493,0.002760,-0.000016,0.000317,0.999996
155.234000,0.00000,-0.01113,2.18000,0.00043,0.01154,-0.00493,0.002760,-0.000016,0.000317,0.999996
155.268000,0.00000,0.00000,2.18000,0.00049,0.01029,-0.00128,-0.002648,-0.000014,0.000261,0.999996
155.300000,0.00000,0.00000,2.18000,0.00049,0.01029,-0.00128,-0.002648,-0.000014,0.000261,0.999996
155.334000,0.00000,0.00000,2.18000,0.00049,0.01029,-0.00128,-0.002648,-0.000014,0.000261,0.999996
155.367000,0.00000,0.00000,2.18000,0.00049,0.01029,-0.00128,-0.002648,-0.000014,0.000261,0.999996
155.400000,0.00000,0.00000,2.18000,0.00049,0.01029,-0.00128,-0.002648,-0.000014,0.000261,0.999996
155.434000,0.00000,0.00000,2.18000,0.00049,0.01029,-0.00128,-0.002648,-0.000014,0.000261,0.999996
155.468000,0.00000,0.00000,2.18000,0.00049,0.01029,-0.00128,-0.002648,-0.000014,0.000261,0.999996
155.501000,0.00000,0.00000,2.18000,0.00027,0.00769,0.00076,0.003916,0.000018,0.000245,0.999992
155.534000,0.00000,0.00000,2.18000,0.00027,0.00769,0.00076,0.003916,0.000018,0.000245,0.999992
155.567000,0.00000,0.00000,2.18000,0.00027,0.00769,0.00076,0.003916,0.000018,0.000245,0.999992
155.600000,0.00000,0.00000,2.18000,0.00027,0.00769,0.00076,0.003916,0.000018,0.000245,0.999992
155.634000,0.00000,0.00000,2.18000,0.00027,0.00769,0.00076,0.003916,0.000018,0.000245,0.999992
155.667000,0.00000,0.00000,2.18000,0.00027,0.00769,0.00076,0.003916,0.000018,0.000245,0.999992
155.700000,0.00000,0.00000,2.18000,0.00027,0.00769,0.00076,0.003916,0.000018,0.000245,0.999992
155.734000,0.00000,0.00000,2.18000,0.00027,0.00769,0.00076,0.003916,0.000018,0.000245,0.999992
155.768000,0.00000,0.00000,2.18000,0.00041,0.00019,-0.00063,-0.000975,0.000003,0.000330,0.999999
155.800000,0.00000,0.00000,2.18000,0.00041,0.00019,-0.00063,-0.000975,0.000003,0.000330,0.999999
155.834000,0.00000,0.00000,2.18000,0.00041,0.00019,-0.00063,-0.000975,0.000003,0.000330,0.999999
155.867000,0.00000,0.00000,2.18000,0.00041,0.00019,-0.00063,-0.000975,0.000003,0.000330,0.999999
155.900000,0.00000,0.00000,2.18000,0.00041,0.00019,-0.00063,-0.000975,0.000003,0.000330,0.999999
155.934000,0.00000,0.00000,2.18000,0.00041,0.00019,-0.00063,-0.000975,0.000003,0.000330,0.999999
155.967000,0.00000,0.00000,2.18000,0.00041,0.00019,-0.00063,-0.000975,0.000003,0.000330,0.999999
156.001000,0.00000,0.00000,2.18000,0.00036,-0.00012,0.00051,0.001472,0.000002,0.000145,0.999999
156.034000,0.00000,0.00000,2.18000,0.00036,-0.00012,0.00051,0.001472,0.000002,0.000145,0.999999
156.067000,0.00000,0.00000,2.18000,0.00036,-0.00012,0.00051,0.001472,0.000002,0.000145,0.999999
156.101000,0.00000,0.00000,2.18000,0.00036,-0.00012,0.00051,0.001472,0.000002,0.000145,0.999999
156.134000,0.00000,0.00000,2.18000,0.00036,-0.00012,0.00051,0.001472,0.000002,0.000145,0.999999
156.167000,0.00000,0.00000,2.18000,0.00036,-0.00012,0.00051,0.001472,0.000002,0.000145,0.999999
156.200000,0.00000,0.00000,2.18000,0.00036,-0.00012,0.00051,0.001472,0.000002,0.000145,0.999999
156.234000,0.00000,0.00000,2.18000,0.00036,-0.00012,0.00051,0.001472,0.000002,0.000145,0.999999
156.268000,0.00000,0.00000,2.18000,0.00015,-0.00378,0.00182,-0.000725,-0.000019,0.000457,1.000000
156.300000,0.00000,0.00000,2.18000,0.00015,-0.00378,0.00182,-0.000725,-0.000019,0.000457,1.000000
156.334000,0.00000,0.00000,2.18000,0.00015,-0.00378,0.00182,-0.000725,-0.000019,0.000457,1.000000
156.367000,0.00000,0.00000,2.18000,0.00015,-0.00378,0.00182,-0.000725,-0.000019,0.000457,1.000000
156.400000,0.00000,0.00000,2.18000,0.00015,-0.00378,0.00182,-0.000725,-0.000019,0.000457,1.000000
156.434000,0.00000,0.00000,2.18000,0.00015,-0.00378,0.00182,-0.000725,-0.000019,0.000457,1.000000
156.467000,0.00000,0.00000,2.18000,0.00015,-0.00378,0.00182,-0.000725,-0.000019,0.000457,1.000000
156.501000,0.00000,0.00000,2.18000,0.00002,-0.00027,-0.00108,-0.000571,-0.000018,0.000071,1.000000
156.534000,0.00000,0.00000,2.18000,0.00002,-0.00027,-0.00108,-0.000571,-0.000018,0.000071,1.000000
156.567000,0.00000,0.00000,2.18000,0.00002,-0.00027,-0.00108,-0.000571,-0.000018,0.000071,1.000000
156.601000,0.00000,0.00000,2.18000,0.00002,-0.00027,-0.00108,-0.000571,-0.000018,0.000071,1.000000
156.634000,0.00000,0.00000,2.18000,0.00002,-0.00027,-0.00108,-0.000571,-0.000018,0.000071,1.000000
156.667000,0.00000,0.00000,2.18000,0.00002,-0.00027,-0.00108,-0.000571,-0.000018,0.000071,1.000000
156.700000,0.00000,0.00000,2.18000,0.00002,-0.00027,-0.00108,-0.000571,-0.000018,0.000071,1.000000
156.734000,0.00000,0.00000,2.18000,0.00002,-0.00027,-0.00108,-0.000571,-0.000018,0.000071,1.000000
156.768000,0.00000,0.00000,2.17000,-0.00008,-0.00270,0.00241,0.001367,-0.000030,0.000446,0.999999
156.800000,0.00000,0.00000,2.17000,-0.00008,-0.00270,0.00241,0.001367,-0.000030,0.000446,0.999999
156.834000,0.00000,0.00000,2.17000,-0.00008,-0.00270,0.00241,0.001367,-0.000030,0.000446,0.999999
156.867000,0.00000,0.00000,2.17000,-0.00008,-0.00270,0.00241,0.001367,-0.000030,0.000446,0.999999
156.900000,0.00000,0.00000,2.17000,-0.00008,-0.00270,0.00241,0.001367,-0.000030,0.000446,0.999999
156.934000,0.00000,0.00000,2.17000,-0.00008,-0.00270,0.00241,0.001367,-0.000030,0.000446,0.999999
156.967000,0.00000,0.00000,2.17000,-0.00008,-0.00270,0.00241,0.001367,-0.000030,0.000446,0.999999
157.001000,0.00000,0.00000,2.18000,-0.00010,-0.00007,0.00244,-0.002000,0.000023,0.000136,0.999998
157.034000,0.00000,0.00000,2.18000,-0.00010,-0.00007,0.00244,-0.002000,0.000023,0.000136,0.999998
157.067000,0.00000,0.00000,2.18000,-0.00010,-0.00007,0.00244,-0.002000,0.000023,0.000136,0.999998
157.100000,0.00000,0.00000,2.18000,-0.00010,-0.00007,0.00244,-0.002000,0.000023,0.000136,0.999998
157.134000,0.00000,0.00000,2.18000,-0.00010,-0.00007,0.00244,-0.002000,0.000023,0.000136,0.999998
157.167000,0.00000,0.00000,2.18000,-0.00010,-0.00007,0.00244,-0.002000,0.000023,0.000136,0.999998
157.200000,0.00000,0.00000,2.18000,-0.00010,-0.00007,0.00244,-0.002000,0.000023,0.000136,0.999998
157.234000,0.00000,0.00000,2.18000,-0.00010,-0.00007,0.00244,-0.002000,0.000023,0.000136,0.999998
157.268000,0.00000,0.00000,2.18000,-0.00013,-0.00209,0.00177,0.002740,-0.000012,0.000361,0.999996
157.301000,0.00000,0.00000,2.18000,-0.00013,-0.00209,0.00177,0.002740,-0.000012,0.000361,0.999996
157.334000,0.00000,0.00000,2.18000,-0.00013,-0.00209,0.00177,0.002740,-0.000012,0.000361,0.999996
157.367000,0.00000,0.00000,2.18000,-0.00013,-0.00209,0.00177,0.002740,-0.000012,0.000361,0.999996
157.400000,0.00000,0.00000,2.18000,-0.00013,-0.00209,0.00177,0.002740,-0.000012,0.000361,0.999996
157.434000,0.00000,0.00000,2.18000,-0.00013,-0.00209,0.00177,0.002740,-0.000012,0.000361,0.999996
157.467000,0.00000,0.00000,2.18000,-0.00013,-0.00209,0.00177,0.002740,-0.000012,0.000361,0.999996
157.501000,0.00000,0.00000,2.18000,0.00005,-0.00144,0.00009,-0.002625,0.000076,0.000211,0.999997
157.534000,0.00000,0.00000,2.18000,0.00005,-0.00144,0.00009,-0.002625,0.000076,0.000211,0.999997
157.568000,0.00000,0.00000,2.18000,0.00005,-0.00144,0.00009,-0.002625,0.000076,0.000211,0.999997
157.600000,0.00000,0.00000,2.18000,0.00005,-0.00144,0.00009,-0.002625,0.000076,0.000211,0.999997
157.634000,0.00000,0.00000,2.18000,0.00005,-0.00144,0.00009,-0.002625,0.000076,0.000211,0.999997
157.667000,0.00000,0.00000,2.18000,0.00005,-0.00144,0.00009,-0.002625,0.000076,0.000211,0.999997
157.700000,0.00000,0.00000,2.18000,0.00005,-0.00144,0.00009,-0.002625,0.000076,0.000211,0.999997
157.734000,0.00000,0.00000,2.18000,0.00005,-0.00144,0.00009,-0.002625,0.000076,0.000211,0.999997
157.768000,0.00000,0.00000,2.18000,0.00016,-0.00237,-0.00585,0.003017,-0.000057,0.000328,0.999995
157.800000,0.00000,0.00000,2.18000,0.00016,-0.00237,-0.00585,0.003017,-0.000057,0.000328,0.999995
157.835000,0.00000,0.00000,2.18000,0.00016,-0.00237,-0.00585,0.003017,-0.000057,0.000328,0.999995
157.867000,0.00000,0.00000,2.18000,0.00016,-0.00237,-0.00585,0.003017,-0.000057,0.000328,0.999995
157.900000,0.00000,0.00000,2.18000,0.00016,-0.00237,-0.00585,0.003017,-0.000057,0.000328,0.999995
157.934000,0.00000,0.00000,2.18000,0.00016,-0.00237,-0.00585,0.003017,-0.000057,0.000328,0.999995
157.967000,0.00000,0.00000,2.18000,0.00016,-0.00237,-0.00585,0.003017,-0.000057,0.000328,0.999995
158.001000,0.00000,0.00000,2.18000,0.00012,-0.00303,-0.00481,-0.002550,0.000044,0.000330,0.999997
158.034000,0.00000,0.00000,2.18000,0.00012,-0.00303,-0.00481,-0.002550,0.000044,0.000330,0.999997
158.067000,0.00000,0.00000,2.18000,0.00012,-0.00303,-0.00481,-0.002550,0.000044,0.000330,0.999997
158.100000,0.00000,0.00000,2.18000,0.00012,-0.00303,-0.00481,-0.002550,0.000044,0.000330,0.999997
158.134000,0.00000,0.00000,2.18000,0.00012,-0.00303,-0.00481,-0.002550,0.000044,0.000330,0.999997
158.167000,0.00000,0.00000,2.18000,0.00012,-0.00303,-0.00481,-0.002550,0.000044,0.000330,0.999997
158.200000,0.00000,0.00000,2.18000,0.00012,-0.00303,-0.00481,-0.002550,0.000044,0.000330,0.999997
158.234000,0.00000,0.00000,2.18000,0.00012,-0.00303,-0.00481,-0.002550,0.000044,0.000330,0.999997
158.268000,0.00000,0.00000,2.18000,0.00038,-0.00163,0.00027,0.001885,0.000059,0.000219,0.999998
158.300000,0.00000,0.00000,2.18000,0.00038,-0.00163,0.00027,0.001885,0.000059,0.000219,0.999998
158.334000,0.00000,0.00000,2.18000,0.00038,-0.00163,0.00027,0.001885,0.000059,0.000219,0.999998
158.367000,0.00000,0.00000,2.18000,0.00038,-0.00163,0.00027,0.001885,0.000059,0.000219,0.999998
158.400000,0.00000,0.00000,2.18000,0.00038,-0.00163,0.00027,0.001885,0.000059,0.000219,0.999998
158.434000,0.00000,0.00000,2.18000,0.00038,-0.00163,0.00027,0.001885,0.000059,0.000219,0.999998
158.467000,0.00000,0.00000,2.18000,0.00038,-0.00163,0.00027,0.001885,0.000059,0.000219,0.999998
158.501000,0.00000,0.00000,2.18000,0.00037,-0.00478,0.00426,-0.001129,-0.000010,0.000352,0.999999
158.534000,0.00000,0.00000,2.18000,0.00037,-0.00478,0.00426,-0.001129,-0.000010,0.000352,0.999999
158.568000,0.00000,0.00000,2.18000,0.00037,-0.00478,0.00426,-0.001129,-0.000010,0.000352,0.999999
158.600000,0.00000,0.00000,2.18000,0.00037,-0.00478,0.00426,-0.001129,-0.000010,0.000352,0.999999
158.634000,0.00000,0.00000,2.18000,0.00037,-0.00478,0.00426,-0.001129,-0.000010,0.000352,0.999999
158.667000,0.00000,0.00000,2.18000,0.00037,-0.00478,0.00426,-0.001129,-0.000010,0.000352,0.999999
158.700000,0.00000,0.00000,2.18000,0.00037,-0.00478,0.00426,-0.001129,-0.000010,0.000352,0.999999
158.734000,0.00000,0.00000,2.18000,0.00037,-0.00478,0.00426,-0.001129,-0.000010,0.000352,0.999999
158.768000,0.00000,0.00000,2.18000,0.00025,-0.00150,0.00388,0.000123,-0.000037,0.000207,1.000000
158.800000,0.00000,0.00000,2.18000,0.00025,-0.00150,0.00388,0.000123,-0.000037,0.000207,1.000000
158.834000,0.00000,0.00000,2.18000,0.00025,-0.00150,0.00388,0.000123,-0.000037,0.000207,1.000000
158.867000,0.00000,0.00000,2.18000,0.00025,-0.00150,0.00388,0.000123,-0.000037,0.000207,1.000000
158.900000,0.00000,0.00000,2.18000,0.00025,-0.00150,0.00388,0.000123,-0.000037,0.000207,1.000000
158.934000,0.00000,0.00000,2.18000,0.00025,-0.00150,0.00388,0.000123,-0.000037,0.000207,1.000000
158.967000,0.00000,0.00000,2.18000,0.00025,-0.00150,0.00388,0.000123,-0.000037,0.000207,1.000000
159.001000,0.00000,0.00000,2.18000,0.00018,-0.00361,-0.00014,0.000875,0.000010,0.000378,1.000000
159.034000,0.00000,0.00000,2.18000,0.00018,-0.00361,-0.00014,0.000875,0.000010,0.000378,1.000000
159.067000,0.00000,0.00000,2.18000,0.00018,-0.00361,-0.00014,0.000875,0.000010,0.000378,1.000000
159.100000,0.00000,0.00000,2.18000,0.00018,-0.00361,-0.00014,0.000875,0.000010,0.000378,1.000000
159.134000,0.00000,0.00000,2.18000,0.00018,-0.00361,-0.00014,0.000875,0.000010,0.000378,1.000000
159.167000,0.00000,0.00000,2.18000,0.00018,-0.00361,-0.00014,0.000875,0.000010,0.000378,1.000000
159.200000,0.00000,0.00000,2.18000,0.00018,-0.00361,-0.00014,0.000875,0.000010,0.000378,1.000000
159.234000,0.00000,0.00000,2.18000,0.00018,-0.00361,-0.00014,0.000875,0.000010,0.000378,1.000000
159.268000,0.00000,0.00000,2.18000,0.00024,-0.00138,0.00003,-0.001788,-0.000051,0.000118,0.999998
159.300000,0.00000,0.00000,2.18000,0.00024,-0.00138,0.00003,-0.001788,-0.000051,0.000118,0.999998
159.334000,0.00000,0.00000,2.18000,0.00024,-0.00138,0.00003,-0.001788,-0.000051,0.000118,0.999998
159.367000,0.00000,0.00000,2.18000,0.00024,-0.00138,0.00003,-0.001788,-0.000051,0.000118,0.999998
159.400000,0.00000,0.00000,2.18000,0.00024,-0.00138,0.00003,-0.001788,-0.000051,0.000118,0.999998
159.434000,0.00000,0.00000,2.18000,0.00024,-0.00138,0.00003,-0.001788,-0.000051,0.000118,0.999998
159.467000,0.00000,0.00000,2.18000,0.00024,-0.00138,0.00003,-0.001788,-0.000051,0.000118,0.999998
159.501000,0.00000,0.00000,2.18000,-0.00004,-0.00239,-0.00229,0.002480,-0.000021,0.000202,0.999997
159.534000,0.00000,0.00000,2.18000,-0.00004,-0.00239,-0.00229,0.002480,-0.000021,0.000202,0.999997
159.567000,0.00000,0.00000,2.18000,-0.00004,-0.00239,-0.00229,0.002480,-0.000021,0.000202,0.999997
159.600000,0.00000,0.00000,2.18000,-0.00004,-0.00239,-0.00229,0.002480,-0.000021,0.000202,0.999997
159.634000,0.00000,0.00000,2.18000,-0.00004,-0.00239,-0.00229,0.002480,-0.000021,0.000202,0.999997
159.667000,0.00000,0.00000,2.18000,-0.00004,-0.00239,-0.00229,0.002480,-0.000021,0.000202,0.999997
159.700000,0.00000,0.00000,2.18000,-0.00004,-0.00239,-0.00229,0.002480,-0.000021,0.000202,0.999997
159.734000,0.00000,0.00000,2.18000,-0.00004,-0.00239,-0.00229,0.002480,-0.000021,0.000202,0.999997
159.768000,0.00000,0.00000,2.18000,0.00014,-0.00132,-0.00183,-0.002530,0.000024,0.000145,0.999997
159.800000,0.00000,0.00000,2.18000,0.00014,-0.00132,-0.00183,-0.002530,0.000024,0.000145,0.999997
159.834000,0.00000,0.00000,2.18000,0.00014,-0.00132,-0.00183,-0.002530,0.000024,0.000145,0.999997
159.867000,0.00000,0.00000,2.18000,0.00014,-0.00132,-0.00183,-0.002530,0.000024,0.000145,0.999997
159.900000,0.00000,0.00000,2.18000,0.00014,-0.00132,-0.00183,-0.002530,0.000024,0.000145,0.999997
159.934000,0.00000,0.00000,2.18000,0.00014,-0.00132,-0.00183,-0.002530,0.000024,0.000145,0.999997
159.967000,0.00000,0.00000,2.18000,0.00014,-0.00132,-0.00183,-0.002530,0.000024,0.000145,0.999997
160.001000,0.00000,0.00000,2.18000,0.00026,-0.00294,-0.00267,0.003257,-0.000010,0.000268,0.999995
160.034000,0.00000,0.00000,2.18000,0.00026,-0.00294,-0.00267,0.003257,-0.000010,0.000268,0.999995
160.067000,0.00000,0.00000,2.18000,0.00026,-0.00294,-0.00267,0.003257,-0.000010,0.000268,0.999995
160.100000,0.00000,0.00000,2.18000,0.00026,-0.00294,-0.00267,0.003257,-0.000010,0.000268,0.999995
160.134000,0.00000,0.00000,2.18000,0.00026,-0.00294,-0.00267,0.003257,-0.000010,0.000268,0.999995
160.167000,0.00000,0.00000,2.18000,0.00026,-0.00294,-0.00267,0.003257,-0.000010,0.000268,0.999995
160.200000,0.00000,0.00000,2.18000,0.00026,-0.00294,-0.00267,0.003257,-0.000010,0.000268,0.999995
160.234000,0.00000,0.00000,2.18000,0.00026,-0.00294,-0.00267,0.003257,-0.000010,0.000268,0.999995
160.268000,0.00000,0.00000,2.18000,0.00029,-0.00387,-0.00155,-0.002686,0.000036,0.000308,0.999996
160.300000,0.00000,0.00000,2.18000,0.00029,-0.00387,-0.00155,-0.002686,0.000036,0.000308,0.999996
160.334000,0.00000,0.00000,2.18000,0.00029,-0.00387,-0.00155,-0.002686,0.000036,0.000308,0.999996
160.367000,0.00000,0.00000,2.18000,0.00029,-0.00387,-0.00155,-0.002686,0.000036,0.000308,0.999996
160.400000,0.00000,0.00000,2.18000,0.00029,-0.00387,-0.00155,-0.002686,0.000036,0.000308,0.999996
160.434000,0.00000,0.00000,2.18000,0.00029,-0.00387,-0.00155,-0.002686,0.000036,0.000308,0.999996
160.467000,0.00000,0.00000,2.18000,0.00029,-0.00387,-0.00155,-0.002686,0.000036,0.000308,0.999996
160.501000,0.00000,0.00000,2.18000,0.00027,-0.00206,-0.00054,0.002255,-0.000045,0.000212,0.999997
160.534000,0.00000,0.00000,2.18000,0.00027,-0.00206,-0.00054,0.002255,-0.000045,0.000212,0.999997
160.567000,0.00000,0.00000,2.18000,0.00027,-0.00206,-0.00054,0.002255,-0.000045,0.000212,0.999997
160.600000,0.00000,0.00000,2.18000,0.00027,-0.00206,-0.00054,0.002255,-0.000045,0.000212,0.999997
160.634000,0.00000,0.00000,2.18000,0.00027,-0.00206,-0.00054,0.002255,-0.000045,0.000212,0.999997
160.667000,0.00000,0.00000,2.18000,0.00027,-0.00206,-0.00054,0.002255,-0.000045,0.000212,0.999997
160.700000,0.00000,0.00000,2.18000,0.00027,-0.00206,-0.00054,0.002255,-0.000045,0.000212,0.999997
160.734000,0.00000,0.00000,2.18000,0.00027,-0.00206,-0.00054,0.002255,-0.000045,0.000212,0.999997
160.768000,0.00000,0.00000,2.18000,-0.00013,-0.00455,0.00191,-0.001682,-0.000055,0.000285,0.999999
160.800000,0.00000,0.00000,2.18000,-0.00013,-0.00455,0.00191,-0.001682,-0.000055,0.000285,0.999999
160.834000,0.00000,0.00000,2.18000,-0.00013,-0.00455,0.00191,-0.001682,-0.000055,0.000285,0.999999
160.867000,0.00000,0.00000,2.18000,-0.00013,-0.00455,0.00191,-0.001682,-0.000055,0.000285,0.999999
160.900000,0.00000,0.00000,2.18000,-0.00013,-0.00455,0.00191,-0.001682,-0.000055,0.000285,0.999999
160.934000,0.00000,0.00000,2.18000,-0.00013,-0.00455,0.00191,-0.001682,-0.000055,0.000285,0.999999
160.967000,0.00000,0.00000,2.18000,-0.00013,-0.00455,0.00191,-0.001682,-0.000055,0.000285,0.999999
161.001000,0.00000,0.00000,2.18000,-0.00005,-0.00168,0.00285,0.000956,0.000052,0.000204,1.000000
161.034000,0.00000,0.00000,2.18000,-0.00005,-0.00168,0.00285,0.000956,0.000052,0.000204,1.000000
161.067000,0.00000,0.00000,2.18000,-0.00005,-0.00168,0.00285,0.000956,0.000052,0.000204,1.000000
161.100000,0.00000,0.00000,2.18000,-0.00005,-0.00168,0.00285,0.000956,0.000052,0.000204,1.000000
161.134000,0.00000,0.00000,2.18000,-0.00005,-0.00168,0.00285,0.000956,0.000052,0.000204,1.000000
161.167000,0.00000,0.00000,2.18000,-0.00005,-0.00168,0.00285,0.000956,0.000052,0.000204,1.000000
161.200000,0.00000,0.00000,2.18000,-0.00005,-0.00168,0.00285,0.000956,0.000052,0.000204,1.000000
161.234000,0.00000,0.00000,2.18000,-0.00005,-0.00168,0.00285,0.000956,0.000052,0.000204,1.000000
161.268000,0.00000,0.00000,2.18000,0.00085,-0.00459,0.00326,-0.000257,0.000514,0.000277,1.000000
161.300000,0.00000,0.00000,2.18000,0.00085,-0.00459,0.00326,-0.000257,0.000514,0.000277,1.000000
161.334000,0.00000,0.00000,2.18000,0.00085,-0.00459,0.00326,-0.000257,0.000514,0.000277,1.000000
161.367000,0.00000,0.00000,2.18000,0.00085,-0.00459,0.00326,-0.000257,0.000514,0.000277,1.000000
161.400000,0.00000,0.00000,2.18000,0.00085,-0.00459,0.00326,-0.000257,0.000514,0.000277,1.000000
161.434000,0.00000,0.00000,2.18000,0.00085,-0.00459,0.00326,-0.000257,0.000514,0.000277,1.000000
161.467000,0.00000,0.00000,2.18000,0.00085,-0.00459,0.00326,-0.000257,0.000514,0.000277,1.000000
161.501000,0.00000,0.00000,2.18000,0.00269,-0.00160,0.00452,-0.000516,0.000042,0.000116,1.000000
161.534000,0.00000,0.00000,2.18000,0.00269,-0.00160,0.00452,-0.000516,0.000042,0.000116,1.000000
161.567000,0.00000,0.00000,2.18000,0.00269,-0.00160,0.00452,-0.000516,0.000042,0.000116,1.000000
161.600000,0.00000,0.00000,2.18000,0.00269,-0.00160,0.00452,-0.000516,0.000042,0.000116,1.000000
161.634000,0.00000,0.00000,2.18000,0.00269,-0.00160,0.00452,-0.000516,0.000042,0.000116,1.000000
161.667000,0.00000,0.00000,2.18000,0.00269,-0.00160,0.00452,-0.000516,0.000042,0.000116,1.000000
161.700000,0.00000,0.00000,2.18000,0.00269,-0.00160,0.00452,-0.000516,0.000042,0.000116,1.000000
161.734000,0.00000,0.00000,2.18000,0.00269,-0.00160,0.00452,-0.000516,0.000042,0.000116,1.000000
161.768000,0.00000,0.00000,2.18000,0.00198,-0.00357,0.00108,0.001224,-0.000228,0.000324,0.999999
161.800000,0.00000,0.00000,2.18000,0.00198,-0.00357,0.00108,0.001224,-0.000228,0.000324,0.999999
161.834000,0.00000,0.00000,2.18000,0.00198,-0.00357,0.00108,0.001224,-0.000228,0.000324,0.999999
161.867000,0.00000,0.00000,2.18000,0.00198,-0.00357,0.00108,0.001224,-0.000228,0.000324,0.999999
161.900000,0.00000,0.00000,2.18000,0.00198,-0.00357,0.00108,0.001224,-0.000228,0.000324,0.999999
161.934000,0.00000,0.00000,2.18000,0.00198,-0.00357,0.00108,0.001224,-0.000228,0.000324,0.999999
161.967000,0.00000,0.00000,2.18000,0.00198,-0.00357,0.00108,0.001224,-0.000228,0.000324,0.999999
162.001000,0.00000,0.00000,2.18000,0.00136,-0.00107,-0.00090,-0.001969,-0.000027,0.000006,0.999998
162.034000,0.00000,0.00000,2.18000,0.00136,-0.00107,-0.00090,-0.001969,-0.000027,0.000006,0.999998
162.067000,0.00000,0.00000,2.18000,0.00136,-0.00107,-0.00090,-0.001969,-0.000027,0.000006,0.999998
162.100000,0.00000,0.00000,2.18000,0.00136,-0.00107,-0.00090,-0.001969,-0.000027,0.000006,0.999998
162.134000,0.00000,0.00000,2.18000,0.00136,-0.00107,-0.00090,-0.001969,-0.000027,0.000006,0.999998
162.167000,0.00000,0.00000,2.18000,0.00136,-0.00107,-0.00090,-0.001969,-0.000027,0.000006,0.999998
162.200000,0.00000,0.00000,2.18000,0.00136,-0.00107,-0.00090,-0.001969,-0.000027,0.000006,0.999998
162.234000,0.00000,0.00000,2.18000,0.00136,-0.00107,-0.00090,-0.001969,-0.000027,0.000006,0.999998
162.268000,0.00000,-0.01113,2.18000,0.00119,-0.00270,-0.00417,0.002034,-0.000009,0.000265,0.999998
162.300000,0.00000,-0.01113,2.18000,0.00119,-0.00270,-0.00417,0.002034,-0.000009,0.000265,0.999998
162.334000,0.00000,-0.01113,2.18000,0.00119,-0.00270,-0.00417,0.002034,-0.000009,0.000265,0.999998
162.367000,0.00000,-0.01113,2.18000,0.00119,-0.00270,-0.00417,0.002034,-0.000009,0.000265,0.999998
162.400000,0.00000,-0.01113,2.18000,0.00119,-0.00270,-0.00417,0.002034,-0.000009,0.000265,0.999998
162.434000,0.00000,-0.01113,2.18000,0.00119,-0.00270,-0.00417,0.002034,-0.000009,0.000265,0.999998
162.467000,0.00000,-0.01113,2.18000,0.00119,-0.00270,-0.00417,0.002034,-0.000009,0.000265,0.999998
162.501000,0.00000,-0.01113,2.18000,0.00095,0.00275,-0.00512,-0.003802,0.000000,0.000165,0.999993
162.534000,0.00000,-0.01113,2.18000,0.00095,0.00275,-0.00512,-0.003802,0.000000,0.000165,0.999993
162.567000,0.00000,-0.01113,2.18000,0.00095,0.00275,-0.00512,-0.003802,0.000000,0.000165,0.999993
162.600000,0.00000,-0.01113,2.18000,0.00095,0.00275,-0.00512,-0.003802,0.000000,0.000165,0.999993
162.634000,0.00000,-0.01113,2.18000,0.00095,0.00275,-0.00512,-0.003802,0.000000,0.000165,0.999993
162.667000,0.00000,-0.01113,2.18000,0.00095,0.00275,-0.00512,-0.003802,0.000000,0.000165,0.999993
162.700000,0.00000,-0.01113,2.18000,0.00095,0.00275,-0.00512,-0.003802,0.000000,0.000165,0.999993
162.734000,0.00000,-0.01113,2.18000,0.00095,0.00275,-0.00512,-0.003802,0.000000,0.000165,0.999993
162.768000,0.00000,0.00000,2.17000,0.00124,0.00596,-0.00435,0.003225,0.000092,0.000291,0.999995
162.801000,0.00000,0.00000,2.17000,0.00124,0.00596,-0.00435,0.003225,0.000092,0.000291,0.999995
162.834000,0.00000,0.00000,2.17000,0.00124,0.00596,-0.00435,0.003225,0.000092,0.000291,0.999995
162.867000,0.00000,0.00000,2.17000,0.00124,0.00596,-0.00435,0.003225,0.000092,0.000291,0.999995
162.900000,0.00000,0.00000,2.17000,0.00124,0.00596,-0.00435,0.003225,0.000092,0.000291,0.999995
162.934000,0.00000,0.00000,2.17000,0.00124,0.00596,-0.00435,0.003225,0.000092,0.000291,0.999995
162.967000,0.00000,0.00000,2.17000,0.00124,0.00596,-0.00435,0.003225,0.000092,0.000291,0.999995
163.001000,0.00000,0.00000,2.18000,0.00134,0.00208,0.00533,-0.002003,-0.000043,0.000218,0.999998
163.034000,0.00000,0.00000,2.18000,0.00134,0.00208,0.00533,-0.002003,-0.000043,0.000218,0.999998
163.067000,0.00000,0.00000,2.18000,0.00134,0.00208,0.00533,-0.002003,-0.000043,0.000218,0.999998
163.100000,0.00000,0.00000,2.18000,0.00134,0.00208,0.00533,-0.002003,-0.000043,0.000218,0.999998
163.134000,0.00000,0.00000,2.18000,0.00134,0.00208,0.00533,-0.002003,-0.000043,0.000218,0.999998
163.167000,0.00000,0.00000,2.18000,0.00134,0.00208,0.00533,-0.002003,-0.000043,0.000218,0.999998
163.200000,0.00000,0.00000,2.18000,0.00134,0.00208,0.00533,-0.002003,-0.000043,0.000218,0.999998
163.234000,0.00000,0.00000,2.18000,0.00134,0.00208,0.00533,-0.002003,-0.000043,0.000218,0.999998
163.268000,0.00000,0.00000,2.18000,0.00121,0.00192,0.00114,0.002485,-0.000073,0.000280,0.999997
163.300000,0.00000,0.00000,2.18000,0.00121,0.00192,0.00114,0.002485,-0.000073,0.000280,0.999997
163.334000,0.00000,0.00000,2.18000,0.00121,0.00192,0.00114,0.002485,-0.000073,0.000280,0.999997
163.367000,0.00000,0.00000,2.18000,0.00121,0.00192,0.00114,0.002485,-0.000073,0.000280,0.999997
163.400000,0.00000,0.00000,2.18000,0.00121,0.00192,0.00114,0.002485,-0.000073,0.000280,0.999997
163.434000,0.00000,0.00000,2.18000,0.00121,0.00192,0.00114,0.002485,-0.000073,0.000280,0.999997
163.467000,0.00000,0.00000,2.18000,0.00121,0.00192,0.00114,0.002485,-0.000073,0.000280,0.999997
163.501000,0.00000,0.00000,2.18000,0.00098,-0.00121,0.00373,-0.001078,-0.000048,0.000288,0.999999
163.534000,0.00000,0.00000,2.18000,0.00098,-0.00121,0.00373,-0.001078,-0.000048,0.000288,0.999999
163.567000,0.00000,0.00000,2.18000,0.00098,-0.00121,0.00373,-0.001078,-0.000048,0.000288,0.999999
163.600000,0.00000,0.00000,2.18000,0.00098,-0.00121,0.00373,-0.001078,-0.000048,0.000288,0.999999
163.634000,0.00000,0.00000,2.18000,0.00098,-0.00121,0.00373,-0.001078,-0.000048,0.000288,0.999999
163.667000,0.00000,0.00000,2.18000,0.00098,-0.00121,0.00373,-0.001078,-0.000048,0.000288,0.999999
163.700000,0.00000,0.00000,2.18000,0.00098,-0.00121,0.00373,-0.001078,-0.000048,0.000288,0.999999
163.734000,0.00000,0.00000,2.18000,0.00098,-0.00121,0.00373,-0.001078,-0.000048,0.000288,0.999999
163.768000,0.00000,0.00000,2.18000,0.00096,0.00077,0.00145,0.000448,0.000020,0.000101,1.000000
163.800000,0.00000,0.00000,2.18000,0.00096,0.00077,0.00145,0.000448,0.000020,0.000101,1.000000
163.834000,0.00000,0.00000,2.18000,0.00096,0.00077,0.00145,0.000448,0.000020,0.000101,1.000000
163.867000,0.00000,0.00000,2.18000,0.00096,0.00077,0.00145,0.000448,0.000020,0.000101,1.000000
163.900000,0.00000,0.00000,2.18000,0.00096,0.00077,0.00145,0.000448,0.000020,0.000101,1.000000
163.934000,0.00000,0.00000,2.18000,0.00096,0.00077,0.00145,0.000448,0.000020,0.000101,1.000000
163.967000,0.00000,0.00000,2.18000,0.00096,0.00077,0.00145,0.000448,0.000020,0.000101,1.000000
164.001000,0.00000,0.00000,2.18000,0.00126,-0.00309,0.00044,0.000929,0.000077,0.000295,1.000000
164.034000,0.00000,0.00000,2.18000,0.00126,-0.00309,0.00044,0.000929,0.000077,0.000295,1.000000
164.067000,0.00000,0.00000,2.18000,0.00126,-0.00309,0.00044,0.000929,0.000077,0.000295,1.000000
164.100000,0.00000,0.00000,2.18000,0.00126,-0.00309,0.00044,0.000929,0.000077,0.000295,1.000000
164.134000,0.00000,0.00000,2.18000,0.00126,-0.00309,0.00044,0.000929,0.000077,0.000295,1.000000
164.167000,0.00000,0.00000,2.18000,0.00126,-0.00309,0.00044,0.000929,0.000077,0.000295,1.000000
164.200000,0.00000,0.00000,2.18000,0.00126,-0.00309,0.00044,0.000929,0.000077,0.000295,1.000000
164.234000,0.00000,0.00000,2.18000,0.00126,-0.00309,0.00044,0.000929,0.000077,0.000295,1.000000
164.268000,0.00000,0.00000,2.18000,0.00115,-0.00085,0.00376,-0.001665,-0.000028,0.000081,0.999999
164.300000,0.00000,0.00000,2.18000,0.00115,-0.00085,0.00376,-0.001665,-0.000028,0.000081,0.999999
164.334000,0.00000,0.00000,2.18000,0.00115,-0.00085,0.00376,-0.001665,-0.000028,0.000081,0.999999
164.367000,0.00000,0.00000,2.18000,0.00115,-0.00085,0.00376,-0.001665,-0.000028,0.000081,0.999999
164.400000,0.00000,0.00000,2.18000,0.00115,-0.00085,0.00376,-0.001665,-0.000028,0.000081,0.999999
164.434000,0.00000,0.00000,2.18000,0.00115,-0.00085,0.00376,-0.001665,-0.000028,0.000081,0.999999
164.467000,0.00000,0.00000,2.18000,0.00115,-0.00085,0.00376,-0.001665,-0.000028,0.000081,0.999999
164.501000,0.00000,0.00000,2.18000,0.00086,-0.00371,0.00002,0.002250,-0.000062,0.000398,0.999997
164.534000,0.00000,0.00000,2.18000,0.00086,-0.00371,0.00002,0.002250,-0.000062,0.000398,0.999997
164.567000,0.00000,0.00000,2.18000,0.00086,-0.00371,0.00002,0.002250,-0.000062,0.000398,0.999997
164.600000,0.00000,0.00000,2.18000,0.00086,-0.00371,0.00002,0.002250,-0.000062,0.000398,0.999997
164.634000,0.00000,0.00000,2.18000,0.00086,-0.00371,0.00002,0.002250,-0.000062,0.000398,0.999997
164.667000,0.00000,0.00000,2.18000,0.00086,-0.00371,0.00002,0.002250,-0.000062,0.000398,0.999997
164.700000,0.00000,0.00000,2.18000,0.00086,-0.00371,0.00002,0.002250,-0.000062,0.000398,0.999997
164.734000,0.00000,0.00000,2.18000,0.00086,-0.00371,0.00002,0.002250,-0.000062,0.000398,0.999997
164.768000,0.00000,0.00000,2.18000,0.00053,-0.00166,-0.00367,-0.003056,-0.000055,0.000234,0.999995
164.800000,0.00000,0.00000,2.18000,0.00053,-0.00166,-0.00367,-0.003056,-0.000055,0.000234,0.999995
164.834000,0.00000,0.00000,2.18000,0.00053,-0.00166,-0.00367,-0.003056,-0.000055,0.000234,0.999995
164.867000,0.00000,0.00000,2.18000,0.00053,-0.00166,-0.00367,-0.003056,-0.000055,0.000234,0.999995
164.900000,0.00000,0.00000,2.18000,0.00053,-0.00166,-0.00367,-0.003056,-0.000055,0.000234,0.999995
164.934000,0.00000,0.00000,2.18000,0.00053,-0.00166,-0.00367,-0.003056,-0.000055,0.000234,0.999995
164.967000,0.00000,0.00000,2.18000,0.00053,-0.00166,-0.00367,-0.003056,-0.000055,0.000234,0.999995
165.001000,0.00000,-0.01113,2.18000,0.00054,-0.00130,-0.00563,0.002726,0.000134,0.000281,0.999996
165.034000,0.00000,-0.01113,2.18000,0.00054,-0.00130,-0.00563,0.002726,0.000134,0.000281,0.999996
165.068000,0.00000,-0.01113,2.18000,0.00054,-0.00130,-0.00563,0.002726,0.000134,0.000281,0.999996
165.100000,0.00000,-0.01113,2.18000,0.00054,-0.00130,-0.00563,0.002726,0.000134,0.000281,0.999996
165.134000,0.00000,-0.01113,2.18000,0.00054,-0.00130,-0.00563,0.002726,0.000134,0.000281,0.999996
165.167000,0.00000,-0.01113,2.18000,0.00054,-0.00130,-0.00563,0.002726,0.000134,0.000281,0.999996
165.200000,0.00000,-0.01113,2.18000,0.00054,-0.00130,-0.00563,0.002726,0.000134,0.000281,0.999996
165.234000,0.00000,-0.01113,2.18000,0.00054,-0.00130,-0.00563,0.002726,0.000134,0.000281,0.999996
165.268000,0.00000,-0.01113,2.18000,0.00123,0.00140,-0.00386,-0.004016,0.000084,0.000388,0.999992
165.300000,0.00000,-0.01113,2.18000,0.00123,0.00140,-0.00386,-0.004016,0.000084,0.000388,0.999992
165.334000,0.00000,-0.01113,2.18000,0.00123,0.00140,-0.00386,-0.004016,0.000084,0.000388,0.999992
165.367000,0.00000,-0.01113,2.18000,0.00123,0.00140,-0.00386,-0.004016,0.000084,0.000388,0.999992
165.400000,0.00000,-0.01113,2.18000,0.00123,0.00140,-0.00386,-0.004016,0.000084,0.000388,0.999992
165.434000,0.00000,-0.01113,2.18000,0.00123,0.00140,-0.00386,-0.004016,0.000084,0.000388,0.999992
165.467000,0.00000,-0.01113,2.18000,0.00123,0.00140,-0.00386,-0.004016,0.000084,0.000388,0.999992
165.501000,0.00000,0.00000,2.18000,0.00135,0.00568,-0.00176,0.002399,0.000037,0.000229,0.999997
165.534000,0.00000,0.00000,2.18000,0.00135,0.00568,-0.00176,0.002399,0.000037,0.000229,0.999997
165.567000,0.00000,0.00000,2.18000,0.00135,0.00568,-0.00176,0.002399,0.000037,0.000229,0.999997
165.600000,0.00000,0.00000,2.18000,0.00135,0.00568,-0.00176,0.002399,0.000037,0.000229,0.999997
165.634000,0.00000,0.00000,2.18000,0.00135,0.00568,-0.00176,0.002399,0.000037,0.000229,0.999997
165.667000,0.00000,0.00000,2.18000,0.00135,0.00568,-0.00176,0.002399,0.000037,0.000229,0.999997
165.700000,0.00000,0.00000,2.18000,0.00135,0.00568,-0.00176,0.002399,0.000037,0.000229,0.999997
165.734000,0.00000,0.00000,2.18000,0.00135,0.00568,-0.00176,0.002399,0.000037,0.000229,0.999997
165.768000,0.00000,0.00000,2.18000,0.00149,0.00034,0.00150,-0.001056,-0.000019,0.000302,0.999999
165.800000,0.00000,0.00000,2.18000,0.00149,0.00034,0.00150,-0.001056,-0.000019,0.000302,0.999999
165.834000,0.00000,0.00000,2.18000,0.00149,0.00034,0.00150,-0.001056,-0.000019,0.000302,0.999999
165.867000,0.00000,0.00000,2.18000,0.00149,0.00034,0.00150,-0.001056,-0.000019,0.000302,0.999999
165.900000,0.00000,0.00000,2.18000,0.00149,0.00034,0.00150,-0.001056,-0.000019,0.000302,0.999999
165.934000,0.00000,0.00000,2.18000,0.00149,0.00034,0.00150,-0.001056,-0.000019,0.000302,0.999999
165.967000,0.00000,0.00000,2.18000,0.00149,0.00034,0.00150,-0.001056,-0.000019,0.000302,0.999999
166.000000,0.00000,0.00000,2.18000,0.00154,0.00132,0.00460,0.000586,0.000038,0.000171,1.000000
166.034000,0.00000,0.00000,2.18000,0.00154,0.00132,0.00460,0.000586,0.000038,0.000171,1.000000
166.067000,0.00000,0.00000,2.18000,0.00154,0.00132,0.00460,0.000586,0.000038,0.000171,1.000000
166.100000,0.00000,0.00000,2.18000,0.00154,0.00132,0.00460,0.000586,0.000038,0.000171,1.000000
166.134000,0.00000,0.00000,2.18000,0.00154,0.00132,0.00460,0.000586,0.000038,0.000171,1.000000
166.167000,0.00000,0.00000,2.18000,0.00154,0.00132,0.00460,0.000586,0.000038,0.000171,1.000000
166.201000,0.00000,0.00000,2.18000,0.00154,0.00132,0.00460,0.000586,0.000038,0.000171,1.000000
166.234000,0.00000,0.00000,2.18000,0.00154,0.00132,0.00460,0.000586,0.000038,0.000171,1.000000
166.268000,0.00000,0.00000,2.18000,0.00137,-0.00302,-0.00009,0.001071,-0.000070,0.000336,0.999999
166.300000,0.00000,0.00000,2.18000,0.00137,-0.00302,-0.00009,0.001071,-0.000070,0.000336,0.999999
166.334000,0.00000,0.00000,2.18000,0.00137,-0.00302,-0.00009,0.001071,-0.000070,0.000336,0.999999
166.367000,0.00000,0.00000,2.18000,0.00137,-0.00302,-0.00009,0.001071,-0.000070,0.000336,0.999999
166.401000,0.00000,0.00000,2.18000,0.00137,-0.00302,-0.00009,0.001071,-0.000070,0.000336,0.999999
166.434000,0.00000,0.00000,2.18000,0.00137,-0.00302,-0.00009,0.001071,-0.000070,0.000336,0.999999
166.467000,0.00000,0.00000,2.18000,0.00137,-0.00302,-0.00009,0.001071,-0.000070,0.000336,0.999999
166.501000,0.00000,0.00000,2.18000,0.00125,-0.00040,-0.00036,-0.001526,0.000039,0.000013,0.999999
166.534000,0.00000,0.00000,2.18000,0.00125,-0.00040,-0.00036,-0.001526,0.000039,0.000013,0.999999
166.567000,0.00000,0.00000,2.18000,0.00125,-0.00040,-0.00036,-0.001526,0.000039,0.000013,0.999999
166.600000,0.00000,0.00000,2.18000,0.00125,-0.00040,-0.00036,-0.001526,0.000039,0.000013,0.999999
166.634000,0.00000,0.00000,2.18000,0.00125,-0.00040,-0.00036,-0.001526,0.000039,0.000013,0.999999
166.667000,0.00000,0.00000,2.18000,0.00125,-0.00040,-0.00036,-0.001526,0.000039,0.000013,0.999999
166.700000,0.00000,0.00000,2.18000,0.00125,-0.00040,-0.00036,-0.001526,0.000039,0.000013,0.999999
166.734000,0.00000,0.00000,2.18000,0.00125,-0.00040,-0.00036,-0.001526,0.000039,0.000013,0.999999
166.768000,0.00000,0.00000,2.18000,0.00153,-0.00312,-0.00145,0.002475,0.000028,0.000458,0.999997
166.800000,0.00000,0.00000,2.18000,0.00153,-0.00312,-0.00145,0.002475,0.000028,0.000458,0.999997
166.834000,0.00000,0.00000,2.18000,0.00153,-0.00312,-0.00145,0.002475,0.000028,0.000458,0.999997
166.867000,0.00000,0.00000,2.18000,0.00153,-0.00312,-0.00145,0.002475,0.000028,0.000458,0.999997
166.900000,0.00000,0.00000,2.18000,0.00153,-0.00312,-0.00145,0.002475,0.000028,0.000458,0.999997
166.934000,0.00000,0.00000,2.18000,0.00153,-0.00312,-0.00145,0.002475,0.000028,0.000458,0.999997
166.967000,0.00000,0.00000,2.18000,0.00153,-0.00312,-0.00145,0.002475,0.000028,0.000458,0.999997
167.001000,0.00000,0.00000,2.18000,0.00153,-0.00165,-0.00161,-0.002497,-0.000003,0.000098,0.999997
167.034000,0.00000,0.00000,2.18000,0.00153,-0.00165,-0.00161,-0.002497,-0.000003,0.000098,0.999997
167.067000,0.00000,0.00000,2.18000,0.00153,-0.00165,-0.00161,-0.002497,-0.000003,0.000098,0.999997
167.100000,0.00000,0.00000,2.18000,0.00153,-0.00165,-0.00161,-0.002497,-0.000003,0.000098,0.999997
167.134000,0.00000,0.00000,2.18000,0.00153,-0.00165,-0.00161,-0.002497,-0.000003,0.000098,0.999997
167.167000,0.00000,0.00000,2.18000,0.00153,-0.00165,-0.00161,-0.002497,-0.000003,0.000098,0.999997
167.200000,0.00000,0.00000,2.18000,0.00153,-0.00165,-0.00161,-0.002497,-0.000003,0.000098,0.999997
167.234000,0.00000,0.00000,2.18000,0.00153,-0.00165,-0.00161,-0.002497,-0.000003,0.000098,0.999997
167.268000,0.00000,-0.01113,2.18000,0.00147,-0.00174,-0.00181,0.002098,-0.000033,0.000344,0.999998
167.300000,0.00000,-0.01113,2.18000,0.00147,-0.00174,-0.00181,0.002098,-0.000033,0.000344,0.999998
167.334000,0.00000,-0.01113,2.18000,0.00147,-0.00174,-0.00181,0.002098,-0.000033,0.000344,0.999998
167.367000,0.00000,-0.01113,2.18000,0.00147,-0.00174,-0.00181,0.002098,-0.000033,0.000344,0.999998
167.400000,0.00000,-0.01113,2.18000,0.00147,-0.00174,-0.00181,0.002098,-0.000033,0.000344,0.999998
167.434000,0.00000,-0.01113,2.18000,0.00147,-0.00174,-0.00181,0.002098,-0.000033,0.000344,0.999998
167.467000,0.00000,-0.01113,2.18000,0.00147,-0.00174,-0.00181,0.002098,-0.000033,0.000344,0.999998
167.501000,0.00000,-0.01113,2.18000,0.00128,0.00333,-0.00307,-0.003754,-0.000045,0.000302,0.999993
167.534000,0.00000,-0.01113,2.18000,0.00128,0.00333,-0.00307,-0.003754,-0.000045,0.000302,0.999993
167.568000,0.00000,-0.01113,2.18000,0.00128,0.00333,-0.00307,-0.003754,-0.000045,0.000302,0.999993
167.600000,0.00000,-0.01113,2.18000,0.00128,0.00333,-0.00307,-0.003754,-0.000045,0.000302,0.999993
167.634000,0.00000,-0.01113,2.18000,0.00128,0.00333,-0.00307,-0.003754,-0.000045,0.000302,0.999993
167.667000,0.00000,-0.01113,2.18000,0.00128,0.00333,-0.00307,-0.003754,-0.000045,0.000302,0.999993
167.700000,0.00000,-0.01113,2.18000,0.00128,0.00333,-0.00307,-0.003754,-0.000045,0.000302,0.999993
167.734000,0.00000,-0.01113,2.18000,0.00128,0.00333,-0.00307,-0.003754,-0.000045,0.000302,0.999993
167.768000,0.00000,0.00000,2.18000,0.00097,0.00565,-0.00303,0.003030,-0.000007,0.000187,0.999995
167.800000,0.00000,0.00000,2.18000,0.00097,0.00565,-0.00303,0.003030,-0.000007,0.000187,0.999995
167.834000,0.00000,0.00000,2.18000,0.00097,0.00565,-0.00303,0.003030,-0.000007,0.000187,0.999995
167.867000,0.00000,0.00000,2.18000,0.00097,0.00565,-0.00303,0.003030,-0.000007,0.000187,0.999995
167.900000,0.00000,0.00000,2.18000,0.00097,0.00565,-0.00303,0.003030,-0.000007,0.000187,0.999995
167.934000,0.00000,0.00000,2.18000,0.00097,0.00565,-0.00303,0.003030,-0.000007,0.000187,0.999995
167.967000,0.00000,0.00000,2.18000,0.00097,0.00565,-0.00303,0.003030,-0.000007,0.000187,0.999995
168.001000,0.00000,0.00000,2.17000,0.00081,0.00005,-0.00136,-0.001114,-0.000008,0.000289,0.999999
168.034000,0.00000,0.00000,2.17000,0.00081,0.00005,-0.00136,-0.001114,-0.000008,0.000289,0.999999
168.067000,0.00000,0.00000,2.17000,0.00081,0.00005,-0.00136,-0.001114,-0.000008,0.000289,0.999999
168.100000,0.00000,0.00000,2.17000,0.00081,0.00005,-0.00136,-0.001114,-0.000008,0.000289,0.999999
168.134000,0.00000,0.00000,2.17000,0.00081,0.00005,-0.00136,-0.001114,-0.000008,0.000289,0.999999
168.167000,0.00000,0.00000,2.17000,0.00081,0.00005,-0.00136,-0.001114,-0.000008,0.000289,0.999999
168.200000,0.00000,0.00000,2.17000,0.00081,0.00005,-0.00136,-0.001114,-0.000008,0.000289,0.999999
168.234000,0.00000,0.00000,2.17000,0.00081,0.00005,-0.00136,-0.001114,-0.000008,0.000289,0.999999
168.268000,0.00000,0.00000,2.18000,0.00103,0.00046,0.00701,0.001258,0.000028,0.000157,0.999999
168.300000,0.00000,0.00000,2.18000,0.00103,0.00046,0.00701,0.001258,0.000028,0.000157,0.999999
168.334000,0.00000,0.00000,2.18000,0.00103,0.00046,0.00701,0.001258,0.000028,0.000157,0.999999
168.367000,0.00000,0.00000,2.18000,0.00103,0.00046,0.00701,0.001258,0.000028,0.000157,0.999999
168.400000,0.00000,0.00000,2.18000,0.00103,0.00046,0.00701,0.001258,0.000028,0.000157,0.999999
168.434000,0.00000,0.00000,2.18000,0.00103,0.00046,0.00701,0.001258,0.000028,0.000157,0.999999
168.467000,0.00000,0.00000,2.18000,0.00103,0.00046,0.00701,0.001258,0.000028,0.000157,0.999999
168.501000,0.00000,0.00000,2.18000,0.00108,-0.00392,0.00514,0.000401,-0.000014,0.000366,1.000000
168.534000,0.00000,0.00000,2.18000,0.00108,-0.00392,0.00514,0.000401,-0.000014,0.000366,1.000000
168.567000,0.00000,0.00000,2.18000,0.00108,-0.00392,0.00514,0.000401,-0.000014,0.000366,1.000000
168.600000,0.00000,0.00000,2.18000,0.00108,-0.00392,0.00514,0.000401,-0.000014,0.000366,1.000000
168.634000,0.00000,0.00000,2.18000,0.00108,-0.00392,0.00514,0.000401,-0.000014,0.000366,1.000000
168.667000,0.00000,0.00000,2.18000,0.00108,-0.00392,0.00514,0.000401,-0.000014,0.000366,1.000000
168.700000,0.00000,0.00000,2.18000,0.00108,-0.00392,0.00514,0.000401,-0.000014,0.000366,1.000000
168.735000,0.00000,0.00000,2.18000,0.00108,-0.00392,0.00514,0.000401,-0.000014,0.000366,1.000000
168.768000,0.00000,0.00000,2.18000,0.00090,-0.00158,0.00150,-0.000513,-0.000017,0.000131,1.000000
168.800000,0.00000,0.00000,2.18000,0.00090,-0.00158,0.00150,-0.000513,-0.000017,0.000131,1.000000
168.834000,0.00000,0.00000,2.18000,0.00090,-0.00158,0.00150,-0.000513,-0.000017,0.000131,1.000000
168.867000,0.00000,0.00000,2.18000,0.00090,-0.00158,0.00150,-0.000513,-0.000017,0.000131,1.000000
168.900000,0.00000,0.00000,2.18000,0.00090,-0.00158,0.00150,-0.000513,-0.000017,0.000131,1.000000
168.934000,0.00000,0.00000,2.18000,0.00090,-0.00158,0.00150,-0.000513,-0.000017,0.000131,1.000000
168.967000,0.00000,0.00000,2.18000,0.00090,-0.00158,0.00150,-0.000513,-0.000017,0.000131,1.000000
169.001000,0.00000,0.00000,2.18000,0.00081,-0.00434,-0.00182,0.001746,-0.000011,0.000424,0.999998
169.034000,0.00000,0.00000,2.18000,0.00081,-0.00434,-0.00182,0.001746,-0.000011,0.000424,0.999998
169.067000,0.00000,0.00000,2.18000,0.00081,-0.00434,-0.00182,0.001746,-0.000011,0.000424,0.999998
169.100000,0.00000,0.00000,2.18000,0.00081,-0.00434,-0.00182,0.001746,-0.000011,0.000424,0.999998
169.134000,0.00000,0.00000,2.18000,0.00081,-0.00434,-0.00182,0.001746,-0.000011,0.000424,0.999998
169.167000,0.00000,0.00000,2.18000,0.00081,-0.00434,-0.00182,0.001746,-0.000011,0.000424,0.999998
169.201000,0.00000,0.00000,2.18000,0.00081,-0.00434,-0.00182,0.001746,-0.000011,0.000424,0.999998
169.234000,0.00000,0.00000,2.18000,0.00081,-0.00434,-0.00182,0.001746,-0.000011,0.000424,0.999998
169.268000,0.00000,-0.01113,2.18000,0.00097,0.00111,-0.00228,-0.003334,0.000050,0.000182,0.999994
169.300000,0.00000,-0.01113,2.18000,0.00097,0.00111,-0.00228,-0.003334,0.000050,0.000182,0.999994
169.334000,0.00000,-0.01113,2.18000,0.00097,0.00111,-0.00228,-0.003334,0.000050,0.000182,0.999994
169.368000,0.00000,-0.01113,2.18000,0.00097,0.00111,-0.00228,-0.003334,0.000050,0.000182,0.999994
169.400000,0.00000,-0.01113,2.18000,0.00097,0.00111,-0.00228,-0.003334,0.000050,0.000182,0.999994
169.434000,0.00000,-0.01113,2.18000,0.00097,0.00111,-0.00228,-0.003334,0.000050,0.000182,0.999994
169.468000,0.00000,-0.01113,2.18000,0.00097,0.00111,-0.00228,-0.003334,0.000050,0.000182,0.999994
169.501000,0.00000,0.00000,2.18000,0.00123,0.00490,-0.00479,0.002448,0.000011,0.000367,0.999997
169.534000,0.00000,0.00000,2.18000,0.00123,0.00490,-0.00479,0.002448,0.000011,0.000367,0.999997
169.567000,0.00000,0.00000,2.18000,0.00123,0.00490,-0.00479,0.002448,0.000011,0.000367,0.999997
169.601000,0.00000,0.00000,2.18000,0.00123,0.00490,-0.00479,0.002448,0.000011,0.000367,0.999997
169.634000,0.00000,0.00000,2.18000,0.00123,0.00490,-0.00479,0.002448,0.000011,0.000367,0.999997
169.667000,0.00000,0.00000,2.18000,0.00123,0.00490,-0.00479,0.002448,0.000011,0.000367,0.999997
169.700000,0.00000,0.00000,2.18000,0.00123,0.00490,-0.00479,0.002448,0.000011,0.000367,0.999997
169.734000,0.00000,0.00000,2.18000,0.00123,0.00490,-0.00479,0.002448,0.000011,0.000367,0.999997
169.768000,0.00000,0.00000,2.18000,0.00087,0.00379,-0.00338,-0.002325,-0.000172,0.000214,0.999997
169.800000,0.00000,0.00000,2.18000,0.00087,0.00379,-0.00338,-0.002325,-0.000172,0.000214,0.999997
169.834000,0.00000,0.00000,2.18000,0.00087,0.00379,-0.00338,-0.002325,-0.000172,0.000214,0.999997
169.867000,0.00000,0.00000,2.18000,0.00087,0.00379,-0.00338,-0.002325,-0.000172,0.000214,0.999997
169.901000,0.00000,0.00000,2.18000,0.00087,0.00379,-0.00338,-0.002325,-0.000172,0.000214,0.999997
169.934000,0.00000,0.00000,2.18000,0.00087,0.00379,-0.00338,-0.002325,-0.000172,0.000214,0.999997
169.967000,0.00000,0.00000,2.18000,0.00087,0.00379,-0.00338,-0.002325,-0.000172,0.000214,0.999997
170.001000,0.00000,0.00000,2.18000,0.00055,0.00134,-0.00128,0.003149,0.000010,0.000247,0.999995
170.034000,0.00000,0.00000,2.18000,0.00055,0.00134,-0.00128,0.003149,0.000010,0.000247,0.999995
170.067000,0.00000,0.00000,2.18000,0.00055,0.00134,-0.00128,0.003149,0.000010,0.000247,0.999995
170.100000,0.00000,0.00000,2.18000,0.00055,0.00134,-0.00128,0.003149,0.000010,0.000247,0.999995
170.134000,0.00000,0.00000,2.18000,0.00055,0.00134,-0.00128,0.003149,0.000010,0.000247,0.999995
170.167000,0.00000,0.00000,2.18000,0.00055,0.00134,-0.00128,0.003149,0.000010,0.000247,0.999995
170.200000,0.00000,0.00000,2.18000,0.00055,0.00134,-0.00128,0.003149,0.000010,0.000247,0.999995
170.234000,0.00000,0.00000,2.18000,0.00055,0.00134,-0.00128,0.003149,0.000010,0.000247,0.999995
170.268000,0.00000,0.00000,2.18000,0.00056,-0.00104,-0.00095,-0.002361,0.000001,0.000234,0.999997
170.300000,0.00000,0.00000,2.18000,0.00056,-0.00104,-0.00095,-0.002361,0.000001,0.000234,0.999997
170.334000,0.00000,0.00000,2.18000,0.00056,-0.00104,-0.00095,-0.002361,0.000001,0.000234,0.999997
170.367000,0.00000,0.00000,2.18000,0.00056,-0.00104,-0.00095,-0.002361,0.000001,0.000234,0.999997
170.400000,0.00000,0.00000,2.18000,0.00056,-0.00104,-0.00095,-0.002361,0.000001,0.000234,0.999997
170.434000,0.00000,0.00000,2.18000,0.00056,-0.00104,-0.00095,-0.002361,0.000001,0.000234,0.999997
170.467000,0.00000,0.00000,2.18000,0.00056,-0.00104,-0.00095,-0.002361,0.000001,0.000234,0.999997
170.501000,0.00000,0.00000,2.18000,0.00077,0.00041,-0.00150,0.002313,0.000089,0.000154,0.999997
170.534000,0.00000,0.00000,2.18000,0.00077,0.00041,-0.00150,0.002313,0.000089,0.000154,0.999997
170.567000,0.00000,0.00000,2.18000,0.00077,0.00041,-0.00150,0.002313,0.000089,0.000154,0.999997
170.600000,0.00000,0.00000,2.18000,0.00077,0.00041,-0.00150,0.002313,0.000089,0.000154,0.999997
170.634000,0.00000,0.00000,2.18000,0.00077,0.00041,-0.00150,0.002313,0.000089,0.000154,0.999997
170.667000,0.00000,0.00000,2.18000,0.00077,0.00041,-0.00150,0.002313,0.000089,0.000154,0.999997
170.700000,0.00000,0.00000,2.18000,0.00077,0.00041,-0.00150,0.002313,0.000089,0.000154,0.999997
170.734000,0.00000,0.00000,2.18000,0.00077,0.00041,-0.00150,0.002313,0.000089,0.000154,0.999997
170.768000,0.00000,0.00000,2.17000,0.00118,-0.00373,0.00568,-0.001173,0.000086,0.000330,0.999999
170.801000,0.00000,0.00000,2.17000,0.00118,-0.00373,0.00568,-0.001173,0.000086,0.000330,0.999999
170.834000,0.00000,0.00000,2.17000,0.00118,-0.00373,0.00568,-0.001173,0.000086,0.000330,0.999999
170.867000,0.00000,0.00000,2.17000,0.00118,-0.00373,0.00568,-0.001173,0.000086,0.000330,0.999999
170.900000,0.00000,0.00000,2.17000,0.00118,-0.00373,0.00568,-0.001173,0.000086,0.000330,0.999999
170.934000,0.00000,0.00000,2.17000,0.00118,-0.00373,0.00568,-0.001173,0.000086,0.000330,0.999999
170.967000,0.00000,0.00000,2.17000,0.00118,-0.00373,0.00568,-0.001173,0.000086,0.000330,0.999999
171.001000,0.00000,0.00000,2.18000,0.00135,-0.00046,0.00361,0.000174,-0.000021,0.000098,1.000000
171.034000,0.00000,0.00000,2.18000,0.00135,-0.00046,0.00361,0.000174,-0.000021,0.000098,1.000000
171.067000,0.00000,0.00000,2.18000,0.00135,-0.00046,0.00361,0.000174,-0.000021,0.000098,1.000000
171.100000,0.00000,0.00000,2.18000,0.00135,-0.00046,0.00361,0.000174,-0.000021,0.000098,1.000000
171.134000,0.00000,0.00000,2.18000,0.00135,-0.00046,0.00361,0.000174,-0.000021,0.000098,1.000000
171.167000,0.00000,0.00000,2.18000,0.00135,-0.00046,0.00361,0.000174,-0.000021,0.000098,1.000000
171.200000,0.00000,0.00000,2.18000,0.00135,-0.00046,0.00361,0.000174,-0.000021,0.000098,1.000000
171.234000,0.00000,0.00000,2.18000,0.00135,-0.00046,0.00361,0.000174,-0.000021,0.000098,1.000000
171.268000,0.00000,0.00000,2.18000,0.00115,-0.00369,0.00130,0.000887,-0.000048,0.000348,1.000000
171.300000,0.00000,0.00000,2.18000,0.00115,-0.00369,0.00130,0.000887,-0.000048,0.000348,1.000000
171.334000,0.00000,0.00000,2.18000,0.00115,-0.00369,0.00130,0.000887,-0.000048,0.000348,1.000000
171.367000,0.00000,0.00000,2.18000,0.00115,-0.00369,0.00130,0.000887,-0.000048,0.000348,1.000000
171.400000,0.00000,0.00000,2.18000,0.00115,-0.00369,0.00130,0.000887,-0.000048,0.000348,1.000000
171.434000,0.00000,0.00000,2.18000,0.00115,-0.00369,0.00130,0.000887,-0.000048,0.000348,1.000000
171.467000,0.00000,0.00000,2.18000,0.00115,-0.00369,0.00130,0.000887,-0.000048,0.000348,1.000000
171.501000,0.00000,0.00000,2.18000,0.00098,-0.00184,0.00252,-0.001396,-0.000024,0.000129,0.999999
171.534000,0.00000,0.00000,2.18000,0.00098,-0.00184,0.00252,-0.001396,-0.000024,0.000129,0.999999
171.567000,0.00000,0.00000,2.18000,0.00098,-0.00184,0.00252,-0.001396,-0.000024,0.000129,0.999999
171.601000,0.00000,0.00000,2.18000,0.00098,-0.00184,0.00252,-0.001396,-0.000024,0.000129,0.999999
171.634000,0.00000,0.00000,2.18000,0.00098,-0.00184,0.00252,-0.001396,-0.000024,0.000129,0.999999
171.667000,0.00000,0.00000,2.18000,0.00098,-0.00184,0.00252,-0.001396,-0.000024,0.000129,0.999999
171.700000,0.00000,0.00000,2.18000,0.00098,-0.00184,0.00252,-0.001396,-0.000024,0.000129,0.999999
171.734000,0.00000,0.00000,2.18000,0.00098,-0.00184,0.00252,-0.001396,-0.000024,0.000129,0.999999
171.768000,0.00000,-0.01113,2.18000,0.00079,-0.00273,-0.00054,0.000654,-0.000052,0.000316,1.000000
171.800000,0.00000,-0.01113,2.18000,0.00079,-0.00273,-0.00054,0.000654,-0.000052,0.000316,1.000000
171.834000,0.00000,-0.01113,2.18000,0.00079,-0.00273,-0.00054,0.000654,-0.000052,0.000316,1.000000
171.867000,0.00000,-0.01113,2.18000,0.00079,-0.00273,-0.00054,0.000654,-0.000052,0.000316,1.000000
171.900000,0.00000,-0.01113,2.18000,0.00079,-0.00273,-0.00054,0.000654,-0.000052,0.000316,1.000000
171.934000,0.00000,-0.01113,2.18000,0.00079,-0.00273,-0.00054,0.000654,-0.000052,0.000316,1.000000
171.967000,0.00000,-0.01113,2.18000,0.00079,-0.00273,-0.00054,0.000654,-0.000052,0.000316,1.000000
172.001000,0.00000,-0.01113,2.18000,0.00063,0.00472,-0.00457,-0.003606,-0.000011,0.000224,0.999993
172.034000,0.00000,-0.01113,2.18000,0.00063,0.00472,-0.00457,-0.003606,-0.000011,0.000224,0.999993
172.067000,0.00000,-0.01113,2.18000,0.00063,0.00472,-0.00457,-0.003606,-0.000011,0.000224,0.999993
172.100000,0.00000,-0.01113,2.18000,0.00063,0.00472,-0.00457,-0.003606,-0.000011,0.000224,0.999993
172.134000,0.00000,-0.01113,2.18000,0.00063,0.00472,-0.00457,-0.003606,-0.000011,0.000224,0.999993
172.167000,0.00000,-0.01113,2.18000,0.00063,0.00472,-0.00457,-0.003606,-0.000011,0.000224,0.999993
172.200000,0.00000,-0.01113,2.18000,0.00063,0.00472,-0.00457,-0.003606,-0.000011,0.000224,0.999993
172.234000,0.00000,-0.01113,2.18000,0.00063,0.00472,-0.00457,-0.003606,-0.000011,0.000224,0.999993
172.268000,0.00000,-0.01113,2.18000,0.00049,0.00741,-0.00732,0.002349,-0.000019,0.000376,0.999997
172.300000,0.00000,-0.01113,2.18000,0.00049,0.00741,-0.00732,0.002349,-0.000019,0.000376,0.999997
172.334000,0.00000,-0.01113,2.18000,0.00049,0.00741,-0.00732,0.002349,-0.000019,0.000376,0.999997
172.367000,0.00000,-0.01113,2.18000,0.00049,0.00741,-0.00732,0.002349,-0.000019,0.000376,0.999997
172.400000,0.00000,-0.01113,2.18000,0.00049,0.00741,-0.00732,0.002349,-0.000019,0.000376,0.999997
172.434000,0.00000,-0.01113,2.18000,0.00049,0.00741,-0.00732,0.002349,-0.000019,0.000376,0.999997
172.467000,0.00000,-0.01113,2.18000,0.00049,0.00741,-0.00732,0.002349,-0.000019,0.000376,0.999997
172.501000,0.00000,-0.01113,2.17000,0.00065,0.00996,0.00276,-0.003141,0.000044,0.000234,0.999995
172.534000,0.00000,-0.01113,2.17000,0.00065,0.00996,0.00276,-0.003141,0.000044,0.000234,0.999995
172.567000,0.00000,-0.01113,2.17000,0.00065,0.00996,0.00276,-0.003141,0.000044,0.000234,0.999995
172.600000,0.00000,-0.01113,2.17000,0.00065,0.00996,0.00276,-0.003141,0.000044,0.000234,0.999995
172.634000,0.00000,-0.01113,2.17000,0.00065,0.00996,0.00276,-0.003141,0.000044,0.000234,0.999995
172.667000,0.00000,-0.01113,2.17000,0.00065,0.00996,0.00276,-0.003141,0.000044,0.000234,0.999995
172.700000,0.00000,-0.01113,2.17000,0.00065,0.00996,0.00276,-0.003141,0.000044,0.000234,0.999995
172.734000,0.00000,-0.01113,2.17000,0.00065,0.00996,0.00276,-0.003141,0.000044,0.000234,0.999995
172.768000,0.00000,-0.01113,2.18000,0.00087,0.01166,0.00221,0.002895,0.000037,0.000265,0.999996
172.800000,0.00000,-0.01113,2.18000,0.00087,0.01166,0.00221,0.002895,0.000037,0.000265,0.999996
172.834000,0.00000,-0.01113,2.18000,0.00087,0.01166,0.00221,0.002895,0.000037,0.000265,0.999996
172.867000,0.00000,-0.01113,2.18000,0.00087,0.01166,0.00221,0.002895,0.000037,0.000265,0.999996
172.900000,0.00000,-0.01113,2.18000,0.00087,0.01166,0.00221,0.002895,0.000037,0.000265,0.999996
172.934000,0.00000,-0.01113,2.18000,0.00087,0.01166,0.00221,0.002895,0.000037,0.000265,0.999996
172.967000,0.00000,-0.01113,2.18000,0.00087,0.01166,0.00221,0.002895,0.000037,0.000265,0.999996
173.001000,0.00000,-0.01113,2.18000,0.00099,0.01018,0.00283,-0.002294,0.000026,0.000283,0.999997
173.034000,0.00000,-0.01113,2.18000,0.00099,0.01018,0.00283,-0.002294,0.000026,0.000283,0.999997
173.067000,0.00000,-0.01113,2.18000,0.00099,0.01018,0.00283,-0.002294,0.000026,0.000283,0.999997
173.100000,0.00000,-0.01113,2.18000,0.00099,0.01018,0.00283,-0.002294,0.000026,0.000283,0.999997
173.134000,0.00000,-0.01113,2.18000,0.00099,0.01018,0.00283,-0.002294,0.000026,0.000283,0.999997
173.167000,0.00000,-0.01113,2.18000,0.00099,0.01018,0.00283,-0.002294,0.000026,0.000283,0.999997
173.200000,0.00000,-0.01113,2.18000,0.00099,0.01018,0.00283,-0.002294,0.000026,0.000283,0.999997
173.234000,0.00000,-0.01113,2.18000,0.00099,0.01018,0.00283,-0.002294,0.000026,0.000283,0.999997
173.268000,0.00000,0.00000,2.18000,0.00097,0.01132,0.00073,0.001925,-0.000058,0.000223,0.999998
173.300000,0.00000,0.00000,2.18000,0.00097,0.01132,0.00073,0.001925,-0.000058,0.000223,0.999998
173.334000,0.00000,0.00000,2.18000,0.00097,0.01132,0.00073,0.001925,-0.000058,0.000223,0.999998
173.368000,0.00000,0.00000,2.18000,0.00097,0.01132,0.00073,0.001925,-0.000058,0.000223,0.999998
173.400000,0.00000,0.00000,2.18000,0.00097,0.01132,0.00073,0.001925,-0.000058,0.000223,0.999998
173.434000,0.00000,0.00000,2.18000,0.00097,0.01132,0.00073,0.001925,-0.000058,0.000223,0.999998
173.467000,0.00000,0.00000,2.18000,0.00097,0.01132,0.00073,0.001925,-0.000058,0.000223,0.999998
173.501000,0.00000,0.00000,2.18000,0.00059,0.00478,0.00264,0.000420,-0.000040,0.000392,1.000000
173.534000,0.00000,0.00000,2.18000,0.00059,0.00478,0.00264,0.000420,-0.000040,0.000392,1.000000
173.567000,0.00000,0.00000,2.18000,0.00059,0.00478,0.00264,0.000420,-0.000040,0.000392,1.000000
173.600000,0.00000,0.00000,2.18000,0.00059,0.00478,0.00264,0.000420,-0.000040,0.000392,1.000000
173.634000,0.00000,0.00000,2.18000,0.00059,0.00478,0.00264,0.000420,-0.000040,0.000392,1.000000
173.667000,0.00000,0.00000,2.18000,0.00059,0.00478,0.00264,0.000420,-0.000040,0.000392,1.000000
173.701000,0.00000,0.00000,2.18000,0.00059,0.00478,0.00264,0.000420,-0.000040,0.000392,1.000000
173.734000,0.00000,0.00000,2.18000,0.00059,0.00478,0.00264,0.000420,-0.000040,0.000392,1.000000
173.768000,0.00908,0.00000,2.18000,0.00058,0.00395,0.00322,0.000782,0.000018,0.000215,1.000000
173.800000,0.00908,0.00000,2.18000,0.00058,0.00395,0.00322,0.000782,0.000018,0.000215,1.000000
173.834000,0.00908,0.00000,2.18000,0.00058,0.00395,0.00322,0.000782,0.000018,0.000215,1.000000
173.867000,0.00908,0.00000,2.18000,0.00058,0.00395,0.00322,0.000782,0.000018,0.000215,1.000000
173.901000,0.00908,0.00000,2.18000,0.00058,0.00395,0.00322,0.000782,0.000018,0.000215,1.000000
173.934000,0.00908,0.00000,2.18000,0.00058,0.00395,0.00322,0.000782,0.000018,0.000215,1.000000
173.967000,0.00908,0.00000,2.18000,0.00058,0.00395,0.00322,0.000782,0.000018,0.000215,1.000000
174.001000,0.00000,0.00000,2.18000,-0.00147,-0.00126,0.00076,0.001578,-0.000812,0.000455,0.999998
174.034000,0.00000,0.00000,2.18000,-0.00147,-0.00126,0.00076,0.001578,-0.000812,0.000455,0.999998
174.068000,0.00000,0.00000,2.18000,-0.00147,-0.00126,0.00076,0.001578,-0.000812,0.000455,0.999998
174.100000,0.00000,0.00000,2.18000,-0.00147,-0.00126,0.00076,0.001578,-0.000812,0.000455,0.999998
174.134000,0.00000,0.00000,2.18000,-0.00147,-0.00126,0.00076,0.001578,-0.000812,0.000455,0.999998
174.167000,0.00000,0.00000,2.18000,-0.00147,-0.00126,0.00076,0.001578,-0.000812,0.000455,0.999998
174.200000,0.00000,0.00000,2.18000,-0.00147,-0.00126,0.00076,0.001578,-0.000812,0.000455,0.999998
174.234000,0.00000,0.00000,2.18000,-0.00147,-0.00126,0.00076,0.001578,-0.000812,0.000455,0.999998
174.268000,0.00000,0.00000,2.18000,-0.00321,0.00026,-0.00146,-0.001873,0.000286,0.000185,0.999998
174.300000,0.00000,0.00000,2.18000,-0.00321,0.00026,-0.00146,-0.001873,0.000286,0.000185,0.999998
174.334000,0.00000,0.00000,2.18000,-0.00321,0.00026,-0.00146,-0.001873,0.000286,0.000185,0.999998
174.368000,0.00000,0.00000,2.18000,-0.00321,0.00026,-0.00146,-0.001873,0.000286,0.000185,0.999998
174.401000,0.00000,0.00000,2.18000,-0.00321,0.00026,-0.00146,-0.001873,0.000286,0.000185,0.999998
174.434000,0.00000,0.00000,2.18000,-0.00321,0.00026,-0.00146,-0.001873,0.000286,0.000185,0.999998
174.467000,0.00000,0.00000,2.18000,-0.00321,0.00026,-0.00146,-0.001873,0.000286,0.000185,0.999998
174.501000,0.00000,0.00000,2.18000,-0.00145,-0.00245,-0.00126,0.002490,0.000332,0.000385,0.999997
174.534000,0.00000,0.00000,2.18000,-0.00145,-0.00245,-0.00126,0.002490,0.000332,0.000385,0.999997
174.567000,0.00000,0.00000,2.18000,-0.00145,-0.00245,-0.00126,0.002490,0.000332,0.000385,0.999997
174.601000,0.00000,0.00000,2.18000,-0.00145,-0.00245,-0.00126,0.002490,0.000332,0.000385,0.999997
174.634000,0.00000,0.00000,2.18000,-0.00145,-0.00245,-0.00126,0.002490,0.000332,0.000385,0.999997
174.667000,0.00000,0.00000,2.18000,-0.00145,-0.00245,-0.00126,0.002490,0.000332,0.000385,0.999997
174.701000,0.00000,0.00000,2.18000,-0.00145,-0.00245,-0.00126,0.002490,0.000332,0.000385,0.999997
174.734000,0.00000,0.00000,2.18000,-0.00145,-0.00245,-0.00126,0.002490,0.000332,0.000385,0.999997
174.768000,0.00000,0.00000,2.18000,-0.00001,-0.00218,-0.00326,-0.002879,0.000249,0.000132,0.999996
174.800000,0.00000,0.00000,2.18000,-0.00001,-0.00218,-0.00326,-0.002879,0.000249,0.000132,0.999996
174.834000,0.00000,0.00000,2.18000,-0.00001,-0.00218,-0.00326,-0.002879,0.000249,0.000132,0.999996
174.867000,0.00000,0.00000,2.18000,-0.00001,-0.00218,-0.00326,-0.002879,0.000249,0.000132,0.999996
174.900000,0.00000,0.00000,2.18000,-0.00001,-0.00218,-0.00326,-0.002879,0.000249,0.000132,0.999996
174.934000,0.00000,0.00000,2.18000,-0.00001,-0.00218,-0.00326,-0.002879,0.000249,0.000132,0.999996
174.967000,0.00000,0.00000,2.18000,-0.00001,-0.00218,-0.00326,-0.002879,0.000249,0.000132,0.999996
175.001000,0.00000,0.00000,2.18000,0.00071,-0.00236,-0.00706,0.003013,0.000126,0.000355,0.999995
175.034000,0.00000,0.00000,2.18000,0.00071,-0.00236,-0.00706,0.003013,0.000126,0.000355,0.999995
175.067000,0.00000,0.00000,2.18000,0.00071,-0.00236,-0.00706,0.003013,0.000126,0.000355,0.999995
175.100000,0.00000,0.00000,2.18000,0.00071,-0.00236,-0.00706,0.003013,0.000126,0.000355,0.999995
175.134000,0.00000,0.00000,2.18000,0.00071,-0.00236,-0.00706,0.003013,0.000126,0.000355,0.999995
175.167000,0.00000,0.00000,2.18000,0.00071,-0.00236,-0.00706,0.003013,0.000126,0.000355,0.999995
175.200000,0.00000,0.00000,2.18000,0.00071,-0.00236,-0.00706,0.003013,0.000126,0.000355,0.999995
175.234000,0.00000,0.00000,2.18000,0.00071,-0.00236,-0.00706,0.003013,0.000126,0.000355,0.999995
175.268000,0.00000,0.00000,2.17000,0.00134,-0.00417,0.00108,-0.002164,0.000052,0.000234,0.999998
175.300000,0.00000,0.00000,2.17000,0.00134,-0.00417,0.00108,-0.002164,0.000052,0.000234,0.999998
175.334000,0.00000,0.00000,2.17000,0.00134,-0.00417,0.00108,-0.002164,0.000052,0.000234,0.999998
175.367000,0.00000,0.00000,2.17000,0.00134,-0.00417,0.00108,-0.002164,0.000052,0.000234,0.999998
175.400000,0.00000,0.00000,2.17000,0.00134,-0.00417,0.00108,-0.002164,0.000052,0.000234,0.999998
175.434000,0.00000,0.00000,2.17000,0.00134,-0.00417,0.00108,-0.002164,0.000052,0.000234,0.999998
175.467000,0.00000,0.00000,2.17000,0.00134,-0.00417,0.00108,-0.002164,0.000052,0.000234,0.999998
175.501000,0.00000,0.00000,2.18000,0.00129,-0.00334,0.00239,0.002592,-0.000020,0.000202,0.999997
175.534000,0.00000,0.00000,2.18000,0.00129,-0.00334,0.00239,0.002592,-0.000020,0.000202,0.999997
175.567000,0.00000,0.00000,2.18000,0.00129,-0.00334,0.00239,0.002592,-0.000020,0.000202,0.999997
175.601000,0.00000,0.00000,2.18000,0.00129,-0.00334,0.00239,0.002592,-0.000020,0.000202,0.999997
175.634000,0.00000,0.00000,2.18000,0.00129,-0.00334,0.00239,0.002592,-0.000020,0.000202,0.999997
175.667000,0.00000,0.00000,2.18000,0.00129,-0.00334,0.00239,0.002592,-0.000020,0.000202,0.999997
175.700000,0.00000,0.00000,2.18000,0.00129,-0.00334,0.00239,0.002592,-0.000020,0.000202,0.999997
175.734000,0.00000,0.00000,2.18000,0.00129,-0.00334,0.00239,0.002592,-0.000020,0.000202,0.999997
175.768000,0.00000,0.00000,2.18000,0.00115,-0.00593,0.00217,-0.001472,-0.000073,0.000344,0.999999
175.800000,0.00000,0.00000,2.18000,0.00115,-0.00593,0.00217,-0.001472,-0.000073,0.000344,0.999999
175.834000,0.00000,0.00000,2.18000,0.00115,-0.00593,0.00217,-0.001472,-0.000073,0.000344,0.999999
175.867000,0.00000,0.00000,2.18000,0.00115,-0.00593,0.00217,-0.001472,-0.000073,0.000344,0.999999
175.900000,0.00000,0.00000,2.18000,0.00115,-0.00593,0.00217,-0.001472,-0.000073,0.000344,0.999999
175.934000,0.00000,0.00000,2.18000,0.00115,-0.00593,0.00217,-0.001472,-0.000073,0.000344,0.999999
175.967000,0.00000,0.00000,2.18000,0.00115,-0.00593,0.00217,-0.001472,-0.000073,0.000344,0.999999
176.001000,0.00000,0.00000,2.18000,0.00062,-0.00282,0.00551,0.001132,-0.000139,0.000291,0.999999
176.034000,0.00000,0.00000,2.18000,0.00062,-0.00282,0.00551,0.001132,-0.000139,0.000291,0.999999
176.067000,0.00000,0.00000,2.18000,0.00062,-0.00282,0.00551,0.001132,-0.000139,0.000291,0.999999
176.100000,0.00000,0.00000,2.18000,0.00062,-0.00282,0.00551,0.001132,-0.000139,0.000291,0.999999
176.134000,0.00000,0.00000,2.18000,0.00062,-0.00282,0.00551,0.001132,-0.000139,0.000291,0.999999
176.167000,0.00000,0.00000,2.18000,0.00062,-0.00282,0.00551,0.001132,-0.000139,0.000291,0.999999
176.200000,0.00000,0.00000,2.18000,0.00062,-0.00282,0.00551,0.001132,-0.000139,0.000291,0.999999
176.234000,0.00000,0.00000,2.18000,0.00062,-0.00282,0.00551,0.001132,-0.000139,0.000291,0.999999
176.268000,0.00000,0.00000,2.18000,0.00042,-0.00535,0.00213,-0.000073,0.000049,0.000388,1.000000
176.300000,0.00000,0.00000,2.18000,0.00042,-0.00535,0.00213,-0.000073,0.000049,0.000388,1.000000
176.334000,0.00000,0.00000,2.18000,0.00042,-0.00535,0.00213,-0.000073,0.000049,0.000388,1.000000
176.367000,0.00000,0.00000,2.18000,0.00042,-0.00535,0.00213,-0.000073,0.000049,0.000388,1.000000
176.401000,0.00000,0.00000,2.18000,0.00042,-0.00535,0.00213,-0.000073,0.000049,0.000388,1.000000
176.434000,0.00000,0.00000,2.18000,0.00042,-0.00535,0.00213,-0.000073,0.000049,0.000388,1.000000
176.467000,0.00000,0.00000,2.18000,0.00042,-0.00535,0.00213,-0.000073,0.000049,0.000388,1.000000
176.501000,0.00908,0.00000,2.18000,0.00084,-0.00125,0.00241,-0.000396,0.000048,0.000258,1.000000
176.534000,0.00908,0.00000,2.18000,0.00084,-0.00125,0.00241,-0.000396,0.000048,0.000258,1.000000
176.567000,0.00908,0.00000,2.18000,0.00084,-0.00125,0.00241,-0.000396,0.000048,0.000258,1.000000
176.600000,0.00908,0.00000,2.18000,0.00084,-0.00125,0.00241,-0.000396,0.000048,0.000258,1.000000
176.634000,0.00908,0.00000,2.18000,0.00084,-0.00125,0.00241,-0.000396,0.000048,0.000258,1.000000
176.667000,0.00908,0.00000,2.18000,0.00084,-0.00125,0.00241,-0.000396,0.000048,0.000258,1.000000
176.700000,0.00908,0.00000,2.18000,0.00084,-0.00125,0.00241,-0.000396,0.000048,0.000258,1.000000
176.734000,0.00908,0.00000,2.18000,0.00084,-0.00125,0.00241,-0.000396,0.000048,0.000258,1.000000
176.768000,0.00908,0.00000,2.18000,-0.00162,-0.00456,0.00060,0.001526,-0.000890,0.000395,0.999998
176.801000,0.00908,0.00000,2.18000,-0.00162,-0.00456,0.00060,0.001526,-0.000890,0.000395,0.999998
176.834000,0.00908,0.00000,2.18000,-0.00162,-0.00456,0.00060,0.001526,-0.000890,0.000395,0.999998
176.867000,0.00908,0.00000,2.18000,-0.00162,-0.00456,0.00060,0.001526,-0.000890,0.000395,0.999998
176.900000,0.00908,0.00000,2.18000,-0.00162,-0.00456,0.00060,0.001526,-0.000890,0.000395,0.999998
176.934000,0.00908,0.00000,2.18000,-0.00162,-0.00456,0.00060,0.001526,-0.000890,0.000395,0.999998
176.967000,0.00908,0.00000,2.18000,-0.00162,-0.00456,0.00060,0.001526,-0.000890,0.000395,0.999998
177.001000,0.00908,0.00000,2.18000,-0.00563,-0.00183,-0.00090,-0.002054,-0.000645,0.000203,0.999998
177.034000,0.00908,0.00000,2.18000,-0.00563,-0.00183,-0.00090,-0.002054,-0.000645,0.000203,0.999998
177.067000,0.00908,0.00000,2.18000,-0.00563,-0.00183,-0.00090,-0.002054,-0.000645,0.000203,0.999998
177.100000,0.00908,0.00000,2.18000,-0.00563,-0.00183,-0.00090,-0.002054,-0.000645,0.000203,0.999998
177.134000,0.00908,0.00000,2.18000,-0.00563,-0.00183,-0.00090,-0.002054,-0.000645,0.000203,0.999998
177.167000,0.00908,0.00000,2.18000,-0.00563,-0.00183,-0.00090,-0.002054,-0.000645,0.000203,0.999998
177.200000,0.00908,0.00000,2.18000,-0.00563,-0.00183,-0.00090,-0.002054,-0.000645,0.000203,0.999998
177.234000,0.00908,0.00000,2.18000,-0.00563,-0.00183,-0.00090,-0.002054,-0.000645,0.000203,0.999998
177.268000,0.00908,0.00000,2.18000,-0.00770,-0.00420,-0.00440,0.002598,-0.000298,0.000266,0.999997
177.300000,0.00908,0.00000,2.18000,-0.00770,-0.00420,-0.00440,0.002598,-0.000298,0.000266,0.999997
177.334000,0.00908,0.00000,2.18000,-0.00770,-0.00420,-0.00440,0.002598,-0.000298,0.000266,0.999997
177.367000,0.00908,0.00000,2.18000,-0.00770,-0.00420,-0.00440,0.002598,-0.000298,0.000266,0.999997
177.400000,0.00908,0.00000,2.18000,-0.00770,-0.00420,-0.00440,0.002598,-0.000298,0.000266,0.999997
177.434000,0.00908,0.00000,2.18000,-0.00770,-0.00420,-0.00440,0.002598,-0.000298,0.000266,0.999997
177.467000,0.00908,0.00000,2.18000,-0.00770,-0.00420,-0.00440,0.002598,-0.000298,0.000266,0.999997
177.501000,0.00908,0.00000,2.18000,-0.00867,-0.00301,-0.00279,-0.003156,-0.000110,0.000135,0.999995
177.534000,0.00908,0.00000,2.18000,-0.00867,-0.00301,-0.00279,-0.003156,-0.000110,0.000135,0.999995
177.567000,0.00908,0.00000,2.18000,-0.00867,-0.00301,-0.00279,-0.003156,-0.000110,0.000135,0.999995
177.600000,0.00908,0.00000,2.18000,-0.00867,-0.00301,-0.00279,-0.003156,-0.000110,0.000135,0.999995
177.634000,0.00908,0.00000,2.18000,-0.00867,-0.00301,-0.00279,-0.003156,-0.000110,0.000135,0.999995
177.667000,0.00908,0.00000,2.18000,-0.00867,-0.00301,-0.00279,-0.003156,-0.000110,0.000135,0.999995
177.700000,0.00908,0.00000,2.18000,-0.00867,-0.00301,-0.00279,-0.003156,-0.000110,0.000135,0.999995
177.734000,0.00908,0.00000,2.18000,-0.00867,-0.00301,-0.00279,-0.003156,-0.000110,0.000135,0.999995
177.768000,0.00908,0.00000,2.18000,-0.00900,-0.00249,-0.00250,0.002742,-0.000042,0.000277,0.999996
177.800000,0.00908,0.00000,2.18000,-0.00900,-0.00249,-0.00250,0.002742,-0.000042,0.000277,0.999996
177.834000,0.00908,0.00000,2.18000,-0.00900,-0.00249,-0.00250,0.002742,-0.000042,0.000277,0.999996
177.867000,0.00908,0.00000,2.18000,-0.00900,-0.00249,-0.00250,0.002742,-0.000042,0.000277,0.999996
177.900000,0.00908,0.00000,2.18000,-0.00900,-0.00249,-0.00250,0.002742,-0.000042,0.000277,0.999996
177.934000,0.00908,0.00000,2.18000,-0.00900,-0.00249,-0.00250,0.002742,-0.000042,0.000277,0.999996
177.967000,0.00908,0.00000,2.18000,-0.00900,-0.00249,-0.00250,0.002742,-0.000042,0.000277,0.999996
178.001000,0.00000,0.00000,2.18000,-0.00914,-0.00285,0.00055,-0.003055,-0.000040,0.000265,0.999995
178.034000,0.00000,0.00000,2.18000,-0.00914,-0.00285,0.00055,-0.003055,-0.000040,0.000265,0.999995
178.067000,0.00000,0.00000,2.18000,-0.00914,-0.00285,0.00055,-0.003055,-0.000040,0.000265,0.999995
178.100000,0.00000,0.00000,2.18000,-0.00914,-0.00285,0.00055,-0.003055,-0.000040,0.000265,0.999995
178.134000,0.00000,0.00000,2.18000,-0.00914,-0.00285,0.00055,-0.003055,-0.000040,0.000265,0.999995
178.167000,0.00000,0.00000,2.18000,-0.00914,-0.00285,0.00055,-0.003055,-0.000040,0.000265,0.999995
178.201000,0.00000,0.00000,2.18000,-0.00914,-0.00285,0.00055,-0.003055,-0.000040,0.000265,0.999995
178.234000,0.00000,0.00000,2.18000,-0.00914,-0.00285,0.00055,-0.003055,-0.000040,0.000265,0.999995
178.268000,0.00000,0.00000,2.18000,-0.00703,0.00041,0.00117,0.001846,0.000890,0.000136,0.999998
178.300000,0.00000,0.00000,2.18000,-0.00703,0.00041,0.00117,0.001846,0.000890,0.000136,0.999998
178.334000,0.00000,0.00000,2.18000,-0.00703,0.00041,0.00117,0.001846,0.000890,0.000136,0.999998
178.367000,0.00000,0.00000,2.18000,-0.00703,0.00041,0.00117,0.001846,0.000890,0.000136,0.999998
178.400000,0.00000,0.00000,2.18000,-0.00703,0.00041,0.00117,0.001846,0.000890,0.000136,0.999998
178.434000,0.00000,0.00000,2.18000,-0.00703,0.00041,0.00117,0.001846,0.000890,0.000136,0.999998
178.467000,0.00000,0.00000,2.18000,-0.00703,0.00041,0.00117,0.001846,0.000890,0.000136,0.999998
178.501000,0.00000,0.00000,2.18000,-0.00288,-0.00204,0.00291,-0.001548,0.000641,0.000321,0.999999
178.534000,0.00000,0.00000,2.18000,-0.00288,-0.00204,0.00291,-0.001548,0.000641,0.000321,0.999999
178.567000,0.00000,0.00000,2.18000,-0.00288,-0.00204,0.00291,-0.001548,0.000641,0.000321,0.999999
178.600000,0.00000,0.00000,2.18000,-0.00288,-0.00204,0.00291,-0.001548,0.000641,0.000321,0.999999
178.634000,0.00000,0.00000,2.18000,-0.00288,-0.00204,0.00291,-0.001548,0.000641,0.000321,0.999999
178.667000,0.00000,0.00000,2.18000,-0.00288,-0.00204,0.00291,-0.001548,0.000641,0.000321,0.999999
178.700000,0.00000,0.00000,2.18000,-0.00288,-0.00204,0.00291,-0.001548,0.000641,0.000321,0.999999
178.734000,0.00000,0.00000,2.18000,-0.00288,-0.00204,0.00291,-0.001548,0.000641,0.000321,0.999999
178.768000,0.00000,0.00000,2.18000,-0.00080,0.00028,0.00420,0.000727,0.000269,0.000135,1.000000
178.800000,0.00000,0.00000,2.18000,-0.00080,0.00028,0.00420,0.000727,0.000269,0.000135,1.000000
178.834000,0.00000,0.00000,2.18000,-0.00080,0.00028,0.00420,0.000727,0.000269,0.000135,1.000000
178.867000,0.00000,0.00000,2.18000,-0.00080,0.00028,0.00420,0.000727,0.000269,0.000135,1.000000
178.901000,0.00000,0.00000,2.18000,-0.00080,0.00028,0.00420,0.000727,0.000269,0.000135,1.000000
178.934000,0.00000,0.00000,2.18000,-0.00080,0.00028,0.00420,0.000727,0.000269,0.000135,1.000000
178.967000,0.00000,0.00000,2.18000,-0.00080,0.00028,0.00420,0.000727,0.000269,0.000135,1.000000
179.001000,0.00000,0.00000,2.18000,0.00049,-0.00193,0.00167,-0.000205,0.000222,0.000279,1.000000
179.034000,0.00000,0.00000,2.18000,0.00049,-0.00193,0.00167,-0.000205,0.000222,0.000279,1.000000
179.067000,0.00000,0.00000,2.18000,0.00049,-0.00193,0.00167,-0.000205,0.000222,0.000279,1.000000
179.100000,0.00000,0.00000,2.18000,0.00049,-0.00193,0.00167,-0.000205,0.000222,0.000279,1.000000
179.134000,0.00000,0.00000,2.18000,0.00049,-0.00193,0.00167,-0.000205,0.000222,0.000279,1.000000
179.167000,0.00000,0.00000,2.18000,0.00049,-0.00193,0.00167,-0.000205,0.000222,0.000279,1.000000
179.200000,0.00000,0.00000,2.18000,0.00049,-0.00193,0.00167,-0.000205,0.000222,0.000279,1.000000
179.234000,0.00000,0.00000,2.18000,0.00049,-0.00193,0.00167,-0.000205,0.000222,0.000279,1.000000
179.268000,0.00000,0.00000,2.18000,0.00129,0.00144,0.00010,-0.001101,0.000102,0.000097,0.999999
179.300000,0.00000,0.00000,2.18000,0.00129,0.00144,0.00010,-0.001101,0.000102,0.000097,0.999999
179.334000,0.00000,0.00000,2.18000,0.00129,0.00144,0.00010,-0.001101,0.000102,0.000097,0.999999
179.367000,0.00000,0.00000,2.18000,0.00129,0.00144,0.00010,-0.001101,0.000102,0.000097,0.999999
179.400000,0.00000,0.00000,2.18000,0.00129,0.00144,0.00010,-0.001101,0.000102,0.000097,0.999999
179.434000,0.00000,0.00000,2.18000,0.00129,0.00144,0.00010,-0.001101,0.000102,0.000097,0.999999
179.467000,0.00000,0.00000,2.18000,0.00129,0.00144,0.00010,-0.001101,0.000102,0.000097,0.999999
179.501000,0.00000,0.00000,2.18000,0.00158,-0.00181,0.00073,0.001398,0.000035,0.000365,0.999999
179.534000,0.00000,0.00000,2.18000,0.00158,-0.00181,0.00073,0.001398,0.000035,0.000365,0.999999
179.567000,0.00000,0.00000,2.18000,0.00158,-0.00181,0.00073,0.001398,0.000035,0.000365,0.999999
179.601000,0.00000,0.00000,2.18000,0.00158,-0.00181,0.00073,0.001398,0.000035,0.000365,0.999999
179.634000,0.00000,0.00000,2.18000,0.00158,-0.00181,0.00073,0.001398,0.000035,0.000365,0.999999
179.667000,0.00000,0.00000,2.18000,0.00158,-0.00181,0.00073,0.001398,0.000035,0.000365,0.999999
179.700000,0.00000,0.00000,2.18000,0.00158,-0.00181,0.00073,0.001398,0.000035,0.000365,0.999999
179.734000,0.00000,0.00000,2.18000,0.00158,-0.00181,0.00073,0.001398,0.000035,0.000365,0.999999
179.768000,0.00000,0.00000,2.18000,0.00150,0.00068,-0.00304,-0.002108,-0.000017,0.000152,0.999998
179.800000,0.00000,0.00000,2.18000,0.00150,0.00068,-0.00304,-0.002108,-0.000017,0.000152,0.999998
179.834000,0.00000,0.00000,2.18000,0.00150,0.00068,-0.00304,-0.002108,-0.000017,0.000152,0.999998
179.867000,0.00000,0.00000,2.18000,0.00150,0.00068,-0.00304,-0.002108,-0.000017,0.000152,0.999998
179.900000,0.00000,0.00000,2.18000,0.00150,0.00068,-0.00304,-0.002108,-0.000017,0.000152,0.999998
179.934000,0.00000,0.00000,2.18000,0.00150,0.00068,-0.00304,-0.002108,-0.000017,0.000152,0.999998
179.967000,0.00000,0.00000,2.18000,0.00150,0.00068,-0.00304,-0.002108,-0.000017,0.000152,0.999998
180.001000,0.00000,0.00000,2.18000,0.00164,-0.00074,-0.00583,0.002752,0.000029,0.000375,0.999996
180.034000,0.00000,0.00000,2.18000,0.00164,-0.00074,-0.00583,0.002752,0.000029,0.000375,0.999996
180.067000,0.00000,0.00000,2.18000,0.00164,-0.00074,-0.00583,0.002752,0.000029,0.000375,0.999996
180.100000,0.00000,0.00000,2.18000,0.00164,-0.00074,-0.00583,0.002752,0.000029,0.000375,0.999996
180.134000,0.00000,0.00000,2.18000,0.00164,-0.00074,-0.00583,0.002752,0.000029,0.000375,0.999996
180.167000,0.00000,0.00000,2.18000,0.00164,-0.00074,-0.00583,0.002752,0.000029,0.000375,0.999996
180.201000,0.00000,0.00000,2.18000,0.00164,-0.00074,-0.00583,0.002752,0.000029,0.000375,0.999996
180.234000,0.00000,0.00000,2.18000,0.00164,-0.00074,-0.00583,0.002752,0.000029,0.000375,0.999996
180.268000,0.00000,0.00000,2.18000,0.00181,-0.00163,-0.00468,-0.002506,0.000025,0.000262,0.999997
180.300000,0.00000,0.00000,2.18000,0.00181,-0.00163,-0.00468,-0.002506,0.000025,0.000262,0.999997
180.334000,0.00000,0.00000,2.18000,0.00181,-0.00163,-0.00468,-0.002506,0.000025,0.000262,0.999997
180.367000,0.00000,0.00000,2.18000,0.00181,-0.00163,-0.00468,-0.002506,0.000025,0.000262,0.999997
180.400000,0.00000,0.00000,2.18000,0.00181,-0.00163,-0.00468,-0.002506,0.000025,0.000262,0.999997
180.434000,0.00000,0.00000,2.18000,0.00181,-0.00163,-0.00468,-0.002506,0.000025,0.000262,0.999997
180.467000,0.00000,0.00000,2.18000,0.00181,-0.00163,-0.00468,-0.002506,0.000025,0.000262,0.999997
180.501000,0.00000,0.00000,2.18000,0.00186,-0.00153,-0.00349,0.003010,-0.000041,0.000429,0.999995
180.534000,0.00000,0.00000,2.18000,0.00186,-0.00153,-0.00349,0.003010,-0.000041,0.000429,0.999995
180.567000,0.00000,0.00000,2.18000,0.00186,-0.00153,-0.00349,0.003010,-0.000041,0.000429,0.999995
180.601000,0.00000,0.00000,2.18000,0.00186,-0.00153,-0.00349,0.003010,-0.000041,0.000429,0.999995
180.634000,0.00000,0.00000,2.18000,0.00186,-0.00153,-0.00349,0.003010,-0.000041,0.000429,0.999995
180.667000,0.00000,0.00000,2.18000,0.00186,-0.00153,-0.00349,0.003010,-0.000041,0.000429,0.999995
180.700000,0.00000,0.00000,2.18000,0.00186,-0.00153,-0.00349,0.003010,-0.000041,0.000429,0.999995
180.734000,0.00000,0.00000,2.18000,0.00186,-0.00153,-0.00349,0.003010,-0.000041,0.000429,0.999995
180.768000,0.00000,0.00000,2.18000,0.00186,-0.00214,0.00078,-0.002659,0.000024,0.000434,0.999996
180.800000,0.00000,0.00000,2.18000,0.00186,-0.00214,0.00078,-0.002659,0.000024,0.000434,0.999996
180.834000,0.00000,0.00000,2.18000,0.00186,-0.00214,0.00078,-0.002659,0.000024,0.000434,0.999996
180.867000,0.00000,0.00000,2.18000,0.00186,-0.00214,0.00078,-0.002659,0.000024,0.000434,0.999996
180.900000,0.00000,0.00000,2.18000,0.00186,-0.00214,0.00078,-0.002659,0.000024,0.000434,0.999996
180.934000,0.00000,0.00000,2.18000,0.00186,-0.00214,0.00078,-0.002659,0.000024,0.000434,0.999996
180.968000,0.00000,0.00000,2.18000,0.00186,-0.00214,0.00078,-0.002659,0.000024,0.000434,0.999996
181.001000,0.00000,0.00000,2.18000,0.00177,0.00054,0.00414,0.001956,-0.000046,0.000326,0.999998
181.034000,0.00000,0.00000,2.18000,0.00177,0.00054,0.00414,0.001956,-0.000046,0.000326,0.999998
181.067000,0.00000,0.00000,2.18000,0.00177,0.00054,0.00414,0.001956,-0.000046,0.000326,0.999998
181.100000,0.00000,0.00000,2.18000,0.00177,0.00054,0.00414,0.001956,-0.000046,0.000326,0.999998
181.134000,0.00000,0.00000,2.18000,0.00177,0.00054,0.00414,0.001956,-0.000046,0.000326,0.999998
181.167000,0.00000,0.00000,2.18000,0.00177,0.00054,0.00414,0.001956,-0.000046,0.000326,0.999998
181.200000,0.00000,0.00000,2.18000,0.00177,0.00054,0.00414,0.001956,-0.000046,0.000326,0.999998
181.234000,0.00000,0.00000,2.18000,0.00177,0.00054,0.00414,0.001956,-0.000046,0.000326,0.999998
181.268000,0.00000,0.00000,2.18000,0.00139,-0.00194,0.00303,-0.001167,-0.000093,0.000415,0.999999
181.300000,0.00000,0.00000,2.18000,0.00139,-0.00194,0.00303,-0.001167,-0.000093,0.000415,0.999999
181.334000,0.00000,0.00000,2.18000,0.00139,-0.00194,0.00303,-0.001167,-0.000093,0.000415,0.999999
181.367000,0.00000,0.00000,2.18000,0.00139,-0.00194,0.00303,-0.001167,-0.000093,0.000415,0.999999
181.400000,0.00000,0.00000,2.18000,0.00139,-0.00194,0.00303,-0.001167,-0.000093,0.000415,0.999999
181.434000,0.00000,0.00000,2.18000,0.00139,-0.00194,0.00303,-0.001167,-0.000093,0.000415,0.999999
181.467000,0.00000,0.00000,2.18000,0.00139,-0.00194,0.00303,-0.001167,-0.000093,0.000415,0.999999
181.501000,0.00000,0.00000,2.18000,0.00119,0.00116,0.00386,0.000715,-0.000007,0.000242,1.000000
181.534000,0.00000,0.00000,2.18000,0.00119,0.00116,0.00386,0.000715,-0.000007,0.000242,1.000000
181.567000,0.00000,0.00000,2.18000,0.00119,0.00116,0.00386,0.000715,-0.000007,0.000242,1.000000
181.600000,0.00000,0.00000,2.18000,0.00119,0.00116,0.00386,0.000715,-0.000007,0.000242,1.000000
181.634000,0.00000,0.00000,2.18000,0.00119,0.00116,0.00386,0.000715,-0.000007,0.000242,1.000000
181.667000,0.00000,0.00000,2.18000,0.00119,0.00116,0.00386,0.000715,-0.000007,0.000242,1.000000
181.700000,0.00000,0.00000,2.18000,0.00119,0.00116,0.00386,0.000715,-0.000007,0.000242,1.000000
181.734000,0.00000,0.00000,2.18000,0.00119,0.00116,0.00386,0.000715,-0.000007,0.000242,1.000000
181.768000,0.00000,0.00000,2.18000,0.00122,-0.00146,0.00151,0.000326,-0.000012,0.000442,1.000000
181.800000,0.00000,0.00000,2.18000,0.00122,-0.00146,0.00151,0.000326,-0.000012,0.000442,1.000000
181.834000,0.00000,0.00000,2.18000,0.00122,-0.00146,0.00151,0.000326,-0.000012,0.000442,1.000000
181.867000,0.00000,0.00000,2.18000,0.00122,-0.00146,0.00151,0.000326,-0.000012,0.000442,1.000000
181.900000,0.00000,0.00000,2.18000,0.00122,-0.00146,0.00151,0.000326,-0.000012,0.000442,1.000000
181.934000,0.00000,0.00000,2.18000,0.00122,-0.00146,0.00151,0.000326,-0.000012,0.000442,1.000000
181.967000,0.00000,0.00000,2.18000,0.00122,-0.00146,0.00151,0.000326,-0.000012,0.000442,1.000000
182.001000,0.00000,0.00000,2.18000,0.00117,0.00146,-0.00043,-0.000900,-0.000059,0.000155,1.000000
182.034000,0.00000,0.00000,2.18000,0.00117,0.00146,-0.00043,-0.000900,-0.000059,0.000155,1.000000
182.067000,0.00000,0.00000,2.18000,0.00117,0.00146,-0.00043,-0.000900,-0.000059,0.000155,1.000000
182.100000,0.00000,0.00000,2.18000,0.00117,0.00146,-0.00043,-0.000900,-0.000059,0.000155,1.000000
182.134000,0.00000,0.00000,2.18000,0.00117,0.00146,-0.00043,-0.000900,-0.000059,0.000155,1.000000
182.168000,0.00000,0.00000,2.18000,0.00117,0.00146,-0.00043,-0.000900,-0.000059,0.000155,1.000000
182.201000,0.00000,0.00000,2.18000,0.00117,0.00146,-0.00043,-0.000900,-0.000059,0.000155,1.000000
182.234000,0.00000,0.00000,2.18000,0.00117,0.00146,-0.00043,-0.000900,-0.000059,0.000155,1.000000
182.268000,0.00000,0.00000,2.18000,0.00085,-0.00166,-0.00157,0.002089,0.000015,0.000461,0.999998
182.300000,0.00000,0.00000,2.18000,0.00085,-0.00166,-0.00157,0.002089,0.000015,0.000461,0.999998
182.334000,0.00000,0.00000,2.18000,0.00085,-0.00166,-0.00157,0.002089,0.000015,0.000461,0.999998
182.367000,0.00000,0.00000,2.18000,0.00085,-0.00166,-0.00157,0.002089,0.000015,0.000461,0.999998
182.400000,0.00000,0.00000,2.18000,0.00085,-0.00166,-0.00157,0.002089,0.000015,0.000461,0.999998
182.434000,0.00000,0.00000,2.18000,0.00085,-0.00166,-0.00157,0.002089,0.000015,0.000461,0.999998
182.467000,0.00000,0.00000,2.18000,0.00085,-0.00166,-0.00157,0.002089,0.000015,0.000461,0.999998
182.501000,0.00000,0.00000,2.18000,0.00077,0.00014,-0.00451,-0.002426,0.000020,0.000208,0.999997
182.534000,0.00000,0.00000,2.18000,0.00077,0.00014,-0.00451,-0.002426,0.000020,0.000208,0.999997
182.567000,0.00000,0.00000,2.18000,0.00077,0.00014,-0.00451,-0.002426,0.000020,0.000208,0.999997
182.600000,0.00000,0.00000,2.18000,0.00077,0.00014,-0.00451,-0.002426,0.000020,0.000208,0.999997
182.634000,0.00000,0.00000,2.18000,0.00077,0.00014,-0.00451,-0.002426,0.000020,0.000208,0.999997
182.667000,0.00000,0.00000,2.18000,0.00077,0.00014,-0.00451,-0.002426,0.000020,0.000208,0.999997
182.700000,0.00000,0.00000,2.18000,0.00077,0.00014,-0.00451,-0.002426,0.000020,0.000208,0.999997
182.734000,0.00000,0.00000,2.18000,0.00077,0.00014,-0.00451,-0.002426,0.000020,0.000208,0.999997
182.768000,0.00000,0.00000,2.18000,0.00114,-0.00125,-0.00267,0.003124,-0.000003,0.000373,0.999995
182.800000,0.00000,0.00000,2.18000,0.00114,-0.00125,-0.00267,0.003124,-0.000003,0.000373,0.999995
182.834000,0.00000,0.00000,2.18000,0.00114,-0.00125,-0.00267,0.003124,-0.000003,0.000373,0.999995
182.867000,0.00000,0.00000,2.18000,0.00114,-0.00125,-0.00267,0.003124,-0.000003,0.000373,0.999995
182.900000,0.00000,0.00000,2.18000,0.00114,-0.00125,-0.00267,0.003124,-0.000003,0.000373,0.999995
182.934000,0.00000,0.00000,2.18000,0.00114,-0.00125,-0.00267,0.003124,-0.000003,0.000373,0.999995
182.967000,0.00000,0.00000,2.18000,0.00114,-0.00125,-0.00267,0.003124,-0.000003,0.000373,0.999995
183.001000,0.00000,-0.01113,2.18000,0.00096,-0.00019,-0.00436,-0.003825,-0.000028,0.000290,0.999993
183.035000,0.00000,-0.01113,2.18000,0.00096,-0.00019,-0.00436,-0.003825,-0.000028,0.000290,0.999993
183.067000,0.00000,-0.01113,2.18000,0.00096,-0.00019,-0.00436,-0.003825,-0.000028,0.000290,0.999993
183.100000,0.00000,-0.01113,2.18000,0.00096,-0.00019,-0.00436,-0.003825,-0.000028,0.000290,0.999993
183.134000,0.00000,-0.01113,2.18000,0.00096,-0.00019,-0.00436,-0.003825,-0.000028,0.000290,0.999993
183.167000,0.00000,-0.01113,2.18000,0.00096,-0.00019,-0.00436,-0.003825,-0.000028,0.000290,0.999993
183.200000,0.00000,-0.01113,2.18000,0.00096,-0.00019,-0.00436,-0.003825,-0.000028,0.000290,0.999993
183.234000,0.00000,-0.01113,2.18000,0.00096,-0.00019,-0.00436,-0.003825,-0.000028,0.000290,0.999993
183.268000,0.00000,0.00000,2.17000,0.00066,0.00570,-0.00365,0.002428,-0.000037,0.000352,0.999997
183.300000,0.00000,0.00000,2.17000,0.00066,0.00570,-0.00365,0.002428,-0.000037,0.000352,0.999997
183.334000,0.00000,0.00000,2.17000,0.00066,0.00570,-0.00365,0.002428,-0.000037,0.000352,0.999997
183.367000,0.00000,0.00000,2.17000,0.00066,0.00570,-0.00365,0.002428,-0.000037,0.000352,0.999997
183.400000,0.00000,0.00000,2.17000,0.00066,0.00570,-0.00365,0.002428,-0.000037,0.000352,0.999997
183.434000,0.00000,0.00000,2.17000,0.00066,0.00570,-0.00365,0.002428,-0.000037,0.000352,0.999997
183.467000,0.00000,0.00000,2.17000,0.00066,0.00570,-0.00365,0.002428,-0.000037,0.000352,0.999997
183.501000,0.00000,0.00000,2.18000,0.00061,0.00234,0.00579,-0.001456,0.000005,0.000290,0.999999
183.534000,0.00000,0.00000,2.18000,0.00061,0.00234,0.00579,-0.001456,0.000005,0.000290,0.999999
183.567000,0.00000,0.00000,2.18000,0.00061,0.00234,0.00579,-0.001456,0.000005,0.000290,0.999999
183.600000,0.00000,0.00000,2.18000,0.00061,0.00234,0.00579,-0.001456,0.000005,0.000290,0.999999
183.634000,0.00000,0.00000,2.18000,0.00061,0.00234,0.00579,-0.001456,0.000005,0.000290,0.999999
183.667000,0.00000,0.00000,2.18000,0.00061,0.00234,0.00579,-0.001456,0.000005,0.000290,0.999999
183.701000,0.00000,0.00000,2.18000,0.00061,0.00234,0.00579,-0.001456,0.000005,0.000290,0.999999
183.734000,0.00000,0.00000,2.18000,0.00061,0.00234,0.00579,-0.001456,0.000005,0.000290,0.999999
183.768000,0.00000,0.00000,2.18000,0.00056,0.00154,0.00394,0.002177,0.000017,0.000199,0.999998
183.801000,0.00000,0.00000,2.18000,0.00056,0.00154,0.00394,0.002177,0.000017,0.000199,0.999998
183.834000,0.00000,0.00000,2.18000,0.00056,0.00154,0.00394,0.002177,0.000017,0.000199,0.999998
183.867000,0.00000,0.00000,2.18000,0.00056,0.00154,0.00394,0.002177,0.000017,0.000199,0.999998
183.900000,0.00000,0.00000,2.18000,0.00056,0.00154,0.00394,0.002177,0.000017,0.000199,0.999998
183.934000,0.00000,0.00000,2.18000,0.00056,0.00154,0.00394,0.002177,0.000017,0.000199,0.999998
183.967000,0.00000,0.00000,2.18000,0.00056,0.00154,0.00394,0.002177,0.000017,0.000199,0.999998
184.001000,0.00000,0.00000,2.18000,0.00068,-0.00180,0.00273,-0.001047,0.000056,0.000459,0.999999
184.034000,0.00000,0.00000,2.18000,0.00068,-0.00180,0.00273,-0.001047,0.000056,0.000459,0.999999
184.067000,0.00000,0.00000,2.18000,0.00068,-0.00180,0.00273,-0.001047,0.000056,0.000459,0.999999
184.100000,0.00000,0.00000,2.18000,0.00068,-0.00180,0.00273,-0.001047,0.000056,0.000459,0.999999
184.134000,0.00000,0.00000,2.18000,0.00068,-0.00180,0.00273,-0.001047,0.000056,0.000459,0.999999
184.167000,0.00000,0.00000,2.18000,0.00068,-0.00180,0.00273,-0.001047,0.000056,0.000459,0.999999
184.200000,0.00000,0.00000,2.18000,0.00068,-0.00180,0.00273,-0.001047,0.000056,0.000459,0.999999
184.234000,0.00000,0.00000,2.18000,0.00068,-0.00180,0.00273,-0.001047,0.000056,0.000459,0.999999
184.268000,0.00000,0.00000,2.18000,0.00083,0.00113,0.00464,0.000348,0.000029,0.000206,1.000000
184.300000,0.00000,0.00000,2.18000,0.00083,0.00113,0.00464,0.000348,0.000029,0.000206,1.000000
184.334000,0.00000,0.00000,2.18000,0.00083,0.00113,0.00464,0.000348,0.000029,0.000206,1.000000
184.367000,0.00000,0.00000,2.18000,0.00083,0.00113,0.00464,0.000348,0.000029,0.000206,1.000000
184.400000,0.00000,0.00000,2.18000,0.00083,0.00113,0.00464,0.000348,0.000029,0.000206,1.000000
184.434000,0.00000,0.00000,2.18000,0.00083,0.00113,0.00464,0.000348,0.000029,0.000206,1.000000
184.467000,0.00000,0.00000,2.18000,0.00083,0.00113,0.00464,0.000348,0.000029,0.000206,1.000000
184.501000,0.00000,0.00000,2.18000,0.00123,-0.00274,-0.00111,0.001108,0.000123,0.000318,0.999999
184.534000,0.00000,0.00000,2.18000,0.00123,-0.00274,-0.00111,0.001108,0.000123,0.000318,0.999999
184.567000,0.00000,0.00000,2.18000,0.00123,-0.00274,-0.00111,0.001108,0.000123,0.000318,0.999999
184.600000,0.00000,0.00000,2.18000,0.00123,-0.00274,-0.00111,0.001108,0.000123,0.000318,0.999999
184.634000,0.00000,0.00000,2.18000,0.00123,-0.00274,-0.00111,0.001108,0.000123,0.000318,0.999999
184.667000,0.00000,0.00000,2.18000,0.00123,-0.00274,-0.00111,0.001108,0.000123,0.000318,0.999999
184.700000,0.00000,0.00000,2.18000,0.00123,-0.00274,-0.00111,0.001108,0.000123,0.000318,0.999999
184.734000,0.00000,0.00000,2.18000,0.00123,-0.00274,-0.00111,0.001108,0.000123,0.000318,0.999999
184.768000,0.00000,0.00000,2.18000,0.00144,-0.00066,0.00020,-0.001469,-0.000044,0.000136,0.999999
184.800000,0.00000,0.00000,2.18000,0.00144,-0.00066,0.00020,-0.001469,-0.000044,0.000136,0.999999
184.834000,0.00000,0.00000,2.18000,0.00144,-0.00066,0.00020,-0.001469,-0.000044,0.000136,0.999999
184.867000,0.00000,0.00000,2.18000,0.00144,-0.00066,0.00020,-0.001469,-0.000044,0.000136,0.999999
184.900000,0.00000,0.00000,2.18000,0.00144,-0.00066,0.00020,-0.001469,-0.000044,0.000136,0.999999
184.934000,0.00000,0.00000,2.18000,0.00144,-0.00066,0.00020,-0.001469,-0.000044,0.000136,0.999999
184.967000,0.00000,0.00000,2.18000,0.00144,-0.00066,0.00020,-0.001469,-0.000044,0.000136,0.999999
185.001000,0.00000,0.00000,2.18000,0.00127,-0.00239,-0.00117,0.001814,-0.000075,0.000320,0.999998
185.034000,0.00000,0.00000,2.18000,0.00127,-0.00239,-0.00117,0.001814,-0.000075,0.000320,0.999998
185.067000,0.00000,0.00000,2.18000,0.00127,-0.00239,-0.00117,0.001814,-0.000075,0.000320,0.999998
185.101000,0.00000,0.00000,2.18000,0.00127,-0.00239,-0.00117,0.001814,-0.000075,0.000320,0.999998
185.134000,0.00000,0.00000,2.18000,0.00127,-0.00239,-0.00117,0.001814,-0.000075,0.000320,0.999998
185.167000,0.00000,0.00000,2.18000,0.00127,-0.00239,-0.00117,0.001814,-0.000075,0.000320,0.999998
185.200000,0.00000,0.00000,2.18000,0.00127,-0.00239,-0.00117,0.001814,-0.000075,0.000320,0.999998
185.234000,0.00000,0.00000,2.18000,0.00127,-0.00239,-0.00117,0.001814,-0.000075,0.000320,0.999998
185.268000,0.00000,0.00000,2.18000,0.00083,-0.00006,-0.00261,-0.002767,-0.000090,0.000136,0.999996
185.300000,0.00000,0.00000,2.18000,0.00083,-0.00006,-0.00261,-0.002767,-0.000090,0.000136,0.999996
185.334000,0.00000,0.00000,2.18000,0.00083,-0.00006,-0.00261,-0.002767,-0.000090,0.000136,0.999996
185.367000,0.00000,0.00000,2.18000,0.00083,-0.00006,-0.00261,-0.002767,-0.000090,0.000136,0.999996
185.400000,0.00000,0.00000,2.18000,0.00083,-0.00006,-0.00261,-0.002767,-0.000090,0.000136,0.999996
185.434000,0.00000,0.00000,2.18000,0.00083,-0.00006,-0.00261,-0.002767,-0.000090,0.000136,0.999996
185.467000,0.00000,0.00000,2.18000,0.00083,-0.00006,-0.00261,-0.002767,-0.000090,0.000136,0.999996
185.501000,0.00000,0.00000,2.18000,0.00043,-0.00101,-0.00224,0.002708,-0.000022,0.000333,0.999996
185.534000,0.00000,0.00000,2.18000,0.00043,-0.00101,-0.00224,0.002708,-0.000022,0.000333,0.999996
185.567000,0.00000,0.00000,2.18000,0.00043,-0.00101,-0.00224,0.002708,-0.000022,0.000333,0.999996
185.600000,0.00000,0.00000,2.18000,0.00043,-0.00101,-0.00224,0.002708,-0.000022,0.000333,0.999996
185.634000,0.00000,0.00000,2.18000,0.00043,-0.00101,-0.00224,0.002708,-0.000022,0.000333,0.999996
185.667000,0.00000,0.00000,2.18000,0.00043,-0.00101,-0.00224,0.002708,-0.000022,0.000333,0.999996
185.700000,0.00000,0.00000,2.18000,0.00043,-0.00101,-0.00224,0.002708,-0.000022,0.000333,0.999996
185.734000,0.00000,0.00000,2.18000,0.00043,-0.00101,-0.00224,0.002708,-0.000022,0.000333,0.999996
185.768000,0.00000,-0.01113,2.18000,0.00062,-0.00078,-0.00461,-0.003269,0.000029,0.000277,0.999995
185.800000,0.00000,-0.01113,2.18000,0.00062,-0.00078,-0.00461,-0.003269,0.000029,0.000277,0.999995
185.834000,0.00000,-0.01113,2.18000,0.00062,-0.00078,-0.00461,-0.003269,0.000029,0.000277,0.999995
185.868000,0.00000,-0.01113,2.18000,0.00062,-0.00078,-0.00461,-0.003269,0.000029,0.000277,0.999995
185.900000,0.00000,-0.01113,2.18000,0.00062,-0.00078,-0.00461,-0.003269,0.000029,0.000277,0.999995
185.934000,0.00000,-0.01113,2.18000,0.00062,-0.00078,-0.00461,-0.003269,0.000029,0.000277,0.999995
185.967000,0.00000,-0.01113,2.18000,0.00062,-0.00078,-0.00461,-0.003269,0.000029,0.000277,0.999995
186.001000,0.00000,0.00000,2.18000,0.00084,0.00261,-0.00344,0.001809,0.000040,0.000283,0.999998
186.034000,0.00000,0.00000,2.18000,0.00084,0.00261,-0.00344,0.001809,0.000040,0.000283,0.999998
186.067000,0.00000,0.00000,2.18000,0.00084,0.00261,-0.00344,0.001809,0.000040,0.000283,0.999998
186.100000,0.00000,0.00000,2.18000,0.00084,0.00261,-0.00344,0.001809,0.000040,0.000283,0.999998
186.134000,0.00000,0.00000,2.18000,0.00084,0.00261,-0.00344,0.001809,0.000040,0.000283,0.999998
186.167000,0.00000,0.00000,2.18000,0.00084,0.00261,-0.00344,0.001809,0.000040,0.000283,0.999998
186.200000,0.00000,0.00000,2.18000,0.00084,0.00261,-0.00344,0.001809,0.000040,0.000283,0.999998
186.234000,0.00000,0.00000,2.18000,0.00084,0.00261,-0.00344,0.001809,0.000040,0.000283,0.999998
186.268000,0.00000,0.00000,2.17000,0.00092,0.00184,-0.00067,-0.001660,-0.000002,0.000300,0.999999
186.301000,0.00000,0.00000,2.17000,0.00092,0.00184,-0.00067,-0.001660,-0.000002,0.000300,0.999999
186.334000,0.00000,0.00000,2.17000,0.00092,0.00184,-0.00067,-0.001660,-0.000002,0.000300,0.999999
186.367000,0.00000,0.00000,2.17000,0.00092,0.00184,-0.00067,-0.001660,-0.000002,0.000300,0.999999
186.401000,0.00000,0.00000,2.17000,0.00092,0.00184,-0.00067,-0.001660,-0.000002,0.000300,0.999999
186.434000,0.00000,0.00000,2.17000,0.00092,0.00184,-0.00067,-0.001660,-0.000002,0.000300,0.999999
186.467000,0.00000,0.00000,2.17000,0.00092,0.00184,-0.00067,-0.001660,-0.000002,0.000300,0.999999
186.501000,0.00000,0.00000,2.18000,0.00104,0.00144,0.00935,0.001794,0.000048,0.000194,0.999998
186.534000,0.00000,0.00000,2.18000,0.00104,0.00144,0.00935,0.001794,0.000048,0.000194,0.999998
186.567000,0.00000,0.00000,2.18000,0.00104,0.00144,0.00935,0.001794,0.000048,0.000194,0.999998
186.600000,0.00000,0.00000,2.18000,0.00104,0.00144,0.00935,0.001794,0.000048,0.000194,0.999998
186.634000,0.00000,0.00000,2.18000,0.00104,0.00144,0.00935,0.001794,0.000048,0.000194,0.999998
186.667000,0.00000,0.00000,2.18000,0.00104,0.00144,0.00935,0.001794,0.000048,0.000194,0.999998
186.701000,0.00000,0.00000,2.18000,0.00104,0.00144,0.00935,0.001794,0.000048,0.000194,0.999998
186.734000,0.00000,0.00000,2.18000,0.00104,0.00144,0.00935,0.001794,0.000048,0.000194,0.999998
186.768000,0.00000,0.00000,2.18000,0.00110,-0.00332,0.00542,-0.000643,0.000004,0.000395,1.000000
186.800000,0.00000,0.00000,2.18000,0.00110,-0.00332,0.00542,-0.000643,0.000004,0.000395,1.000000
186.834000,0.00000,0.00000,2.18000,0.00110,-0.00332,0.00542,-0.000643,0.000004,0.000395,1.000000
186.867000,0.00000,0.00000,2.18000,0.00110,-0.00332,0.00542,-0.000643,0.000004,0.000395,1.000000
186.901000,0.00000,0.00000,2.18000,0.00110,-0.00332,0.00542,-0.000643,0.000004,0.000395,1.000000
186.934000,0.00000,0.00000,2.18000,0.00110,-0.00332,0.00542,-0.000643,0.000004,0.000395,1.000000
186.967000,0.00000,0.00000,2.18000,0.00110,-0.00332,0.00542,-0.000643,0.000004,0.000395,1.000000
187.002000,0.00000,0.00000,2.18000,0.00111,-0.00015,0.00282,-0.000413,-0.000013,0.000240,1.000000
187.034000,0.00000,0.00000,2.18000,0.00111,-0.00015,0.00282,-0.000413,-0.000013,0.000240,1.000000
187.067000,0.00000,0.00000,2.18000,0.00111,-0.00015,0.00282,-0.000413,-0.000013,0.000240,1.000000
187.100000,0.00000,0.00000,2.18000,0.00111,-0.00015,0.00282,-0.000413,-0.000013,0.000240,1.000000
187.134000,0.00000,0.00000,2.18000,0.00111,-0.00015,0.00282,-0.000413,-0.000013,0.000240,1.000000
187.167000,0.00000,0.00000,2.18000,0.00111,-0.00015,0.00282,-0.000413,-0.000013,0.000240,1.000000
187.200000,0.00000,0.00000,2.18000,0.00111,-0.00015,0.00282,-0.000413,-0.000013,0.000240,1.000000
187.234000,0.00000,0.00000,2.18000,0.00111,-0.00015,0.00282,-0.000413,-0.000013,0.000240,1.000000
187.268000,0.00000,-0.01113,2.18000,0.00110,-0.00307,0.00004,0.000600,-0.000038,0.000300,1.000000
187.300000,0.00000,-0.01113,2.18000,0.00110,-0.00307,0.00004,0.000600,-0.000038,0.000300,1.000000
187.334000,0.00000,-0.01113,2.18000,0.00110,-0.00307,0.00004,0.000600,-0.000038,0.000300,1.000000
187.367000,0.00000,-0.01113,2.18000,0.00110,-0.00307,0.00004,0.000600,-0.000038,0.000300,1.000000
187.400000,0.00000,-0.01113,2.18000,0.00110,-0.00307,0.00004,0.000600,-0.000038,0.000300,1.000000
187.434000,0.00000,-0.01113,2.18000,0.00110,-0.00307,0.00004,0.000600,-0.000038,0.000300,1.000000
187.467000,0.00000,-0.01113,2.18000,0.00110,-0.00307,0.00004,0.000600,-0.000038,0.000300,1.000000
187.501000,0.00000,-0.01113,2.18000,0.00103,0.00340,-0.00060,-0.003045,0.000053,0.000097,0.999995
187.534000,0.00000,-0.01113,2.18000,0.00103,0.00340,-0.00060,-0.003045,0.000053,0.000097,0.999995
187.567000,0.00000,-0.01113,2.18000,0.00103,0.00340,-0.00060,-0.003045,0.000053,0.000097,0.999995
187.600000,0.00000,-0.01113,2.18000,0.00103,0.00340,-0.00060,-0.003045,0.000053,0.000097,0.999995
187.634000,0.00000,-0.01113,2.18000,0.00103,0.00340,-0.00060,-0.003045,0.000053,0.000097,0.999995
187.667000,0.00000,-0.01113,2.18000,0.00103,0.00340,-0.00060,-0.003045,0.000053,0.000097,0.999995
187.700000,0.00000,-0.01113,2.18000,0.00103,0.00340,-0.00060,-0.003045,0.000053,0.000097,0.999995
187.734000,0.00000,-0.01113,2.18000,0.00103,0.00340,-0.00060,-0.003045,0.000053,0.000097,0.999995
187.768000,0.00000,0.00000,2.18000,0.00128,0.00418,0.00042,0.002222,0.000029,0.000366,0.999997
187.800000,0.00000,0.00000,2.18000,0.00128,0.00418,0.00042,0.002222,0.000029,0.000366,0.999997
187.834000,0.00000,0.00000,2.18000,0.00128,0.00418,0.00042,0.002222,0.000029,0.000366,0.999997
187.867000,0.00000,0.00000,2.18000,0.00128,0.00418,0.00042,0.002222,0.000029,0.000366,0.999997
187.900000,0.00000,0.00000,2.18000,0.00128,0.00418,0.00042,0.002222,0.000029,0.000366,0.999997
187.934000,0.00000,0.00000,2.18000,0.00128,0.00418,0.00042,0.002222,0.000029,0.000366,0.999997
187.967000,0.00000,0.00000,2.18000,0.00128,0.00418,0.00042,0.002222,0.000029,0.000366,0.999997
188.001000,0.00000,0.00000,2.18000,0.00103,0.00373,-0.00170,-0.002417,-0.000039,0.000165,0.999997
188.034000,0.00000,0.00000,2.18000,0.00103,0.00373,-0.00170,-0.002417,-0.000039,0.000165,0.999997
188.067000,0.00000,0.00000,2.18000,0.00103,0.00373,-0.00170,-0.002417,-0.000039,0.000165,0.999997
188.100000,0.00000,0.00000,2.18000,0.00103,0.00373,-0.00170,-0.002417,-0.000039,0.000165,0.999997
188.134000,0.00000,0.00000,2.18000,0.00103,0.00373,-0.00170,-0.002417,-0.000039,0.000165,0.999997
188.167000,0.00000,0.00000,2.18000,0.00103,0.00373,-0.00170,-0.002417,-0.000039,0.000165,0.999997
188.200000,0.00000,0.00000,2.18000,0.00103,0.00373,-0.00170,-0.002417,-0.000039,0.000165,0.999997
188.234000,0.00000,0.00000,2.18000,0.00103,0.00373,-0.00170,-0.002417,-0.000039,0.000165,0.999997
188.268000,0.00000,0.00000,2.18000,0.00103,0.00133,-0.00503,0.003171,-0.000027,0.000395,0.999995
188.300000,0.00000,0.00000,2.18000,0.00103,0.00133,-0.00503,0.003171,-0.000027,0.000395,0.999995
188.334000,0.00000,0.00000,2.18000,0.00103,0.00133,-0.00503,0.003171,-0.000027,0.000395,0.999995
188.367000,0.00000,0.00000,2.18000,0.00103,0.00133,-0.00503,0.003171,-0.000027,0.000395,0.999995
188.400000,0.00000,0.00000,2.18000,0.00103,0.00133,-0.00503,0.003171,-0.000027,0.000395,0.999995
188.434000,0.00000,0.00000,2.18000,0.00103,0.00133,-0.00503,0.003171,-0.000027,0.000395,0.999995
188.467000,0.00000,0.00000,2.18000,0.00103,0.00133,-0.00503,0.003171,-0.000027,0.000395,0.999995
188.502000,0.00000,0.00000,2.18000,0.00081,-0.00038,-0.00176,-0.002863,-0.000005,0.000317,0.999996
188.534000,0.00000,0.00000,2.18000,0.00081,-0.00038,-0.00176,-0.002863,-0.000005,0.000317,0.999996
188.567000,0.00000,0.00000,2.18000,0.00081,-0.00038,-0.00176,-0.002863,-0.000005,0.000317,0.999996
188.600000,0.00000,0.00000,2.18000,0.00081,-0.00038,-0.00176,-0.002863,-0.000005,0.000317,0.999996
188.634000,0.00000,0.00000,2.18000,0.00081,-0.00038,-0.00176,-0.002863,-0.000005,0.000317,0.999996
188.667000,0.00000,0.00000,2.18000,0.00081,-0.00038,-0.00176,-0.002863,-0.000005,0.000317,0.999996
188.700000,0.00000,0.00000,2.18000,0.00081,-0.00038,-0.00176,-0.002863,-0.000005,0.000317,0.999996
188.734000,0.00000,0.00000,2.18000,0.00081,-0.00038,-0.00176,-0.002863,-0.000005,0.000317,0.999996
188.768000,0.00000,0.00000,2.18000,0.00089,0.00051,-0.00289,0.002499,-0.000012,0.000246,0.999997
188.801000,0.00000,0.00000,2.18000,0.00089,0.00051,-0.00289,0.002499,-0.000012,0.000246,0.999997
188.834000,0.00000,0.00000,2.18000,0.00089,0.00051,-0.00289,0.002499,-0.000012,0.000246,0.999997
188.867000,0.00000,0.00000,2.18000,0.00089,0.00051,-0.00289,0.002499,-0.000012,0.000246,0.999997
188.900000,0.00000,0.00000,2.18000,0.00089,0.00051,-0.00289,0.002499,-0.000012,0.000246,0.999997
188.934000,0.00000,0.00000,2.18000,0.00089,0.00051,-0.00289,0.002499,-0.000012,0.000246,0.999997
188.967000,0.00000,0.00000,2.18000,0.00089,0.00051,-0.00289,0.002499,-0.000012,0.000246,0.999997
189.001000,0.00000,0.00000,2.18000,0.00063,-0.00198,0.00056,-0.001641,-0.000061,0.000291,0.999999
189.035000,0.00000,0.00000,2.18000,0.00063,-0.00198,0.00056,-0.001641,-0.000061,0.000291,0.999999
189.067000,0.00000,0.00000,2.18000,0.00063,-0.00198,0.00056,-0.001641,-0.000061,0.000291,0.999999
189.100000,0.00000,0.00000,2.18000,0.00063,-0.00198,0.00056,-0.001641,-0.000061,0.000291,0.999999
189.134000,0.00000,0.00000,2.18000,0.00063,-0.00198,0.00056,-0.001641,-0.000061,0.000291,0.999999
189.167000,0.00000,0.00000,2.18000,0.00063,-0.00198,0.00056,-0.001641,-0.000061,0.000291,0.999999
189.200000,0.00000,0.00000,2.18000,0.00063,-0.00198,0.00056,-0.001641,-0.000061,0.000291,0.999999
189.234000,0.00000,0.00000,2.18000,0.00063,-0.00198,0.00056,-0.001641,-0.000061,0.000291,0.999999
189.268000,0.00000,0.00000,2.18000,0.00047,0.00006,0.00179,0.000966,-0.000017,0.000214,1.000000
189.300000,0.00000,0.00000,2.18000,0.00047,0.00006,0.00179,0.000966,-0.000017,0.000214,1.000000
189.335000,0.00000,0.00000,2.18000,0.00047,0.00006,0.00179,0.000966,-0.000017,0.000214,1.000000
189.367000,0.00000,0.00000,2.18000,0.00047,0.00006,0.00179,0.000966,-0.000017,0.000214,1.000000
189.400000,0.00000,0.00000,2.18000,0.00047,0.00006,0.00179,0.000966,-0.000017,0.000214,1.000000
189.434000,0.00000,0.00000,2.18000,0.00047,0.00006,0.00179,0.000966,-0.000017,0.000214,1.000000
189.467000,0.00000,0.00000,2.18000,0.00047,0.00006,0.00179,0.000966,-0.000017,0.000214,1.000000
189.501000,0.00000,0.00000,2.18000,0.00079,-0.00366,0.00183,-0.000190,0.000098,0.000317,1.000000
189.534000,0.00000,0.00000,2.18000,0.00079,-0.00366,0.00183,-0.000190,0.000098,0.000317,1.000000
189.567000,0.00000,0.00000,2.18000,0.00079,-0.00366,0.00183,-0.000190,0.000098,0.000317,1.000000
189.600000,0.00000,0.00000,2.18000,0.00079,-0.00366,0.00183,-0.000190,0.000098,0.000317,1.000000
189.634000,0.00000,0.00000,2.18000,0.00079,-0.00366,0.00183,-0.000190,0.000098,0.000317,1.000000
189.667000,0.00000,0.00000,2.18000,0.00079,-0.00366,0.00183,-0.000190,0.000098,0.000317,1.000000
189.700000,0.00000,0.00000,2.18000,0.00079,-0.00366,0.00183,-0.000190,0.000098,0.000317,1.000000
189.734000,0.00000,0.00000,2.18000,0.00079,-0.00366,0.00183,-0.000190,0.000098,0.000317,1.000000
189.768000,0.00000,0.00000,2.18000,0.00099,-0.00011,0.00233,-0.000827,-0.000023,0.000157,1.000000
189.800000,0.00000,0.00000,2.18000,0.00099,-0.00011,0.00233,-0.000827,-0.000023,0.000157,1.000000
189.834000,0.00000,0.00000,2.18000,0.00099,-0.00011,0.00233,-0.000827,-0.000023,0.000157,1.000000
189.867000,0.00000,0.00000,2.18000,0.00099,-0.00011,0.00233,-0.000827,-0.000023,0.000157,1.000000
189.900000,0.00000,0.00000,2.18000,0.00099,-0.00011,0.00233,-0.000827,-0.000023,0.000157,1.000000
189.934000,0.00000,0.00000,2.18000,0.00099,-0.00011,0.00233,-0.000827,-0.000023,0.000157,1.000000
189.967000,0.00000,0.00000,2.18000,0.00099,-0.00011,0.00233,-0.000827,-0.000023,0.000157,1.000000
190.001000,0.00000,0.00000,2.17000,0.00113,-0.00218,-0.00052,0.001406,0.000068,0.000375,0.999999
190.034000,0.00000,0.00000,2.17000,0.00113,-0.00218,-0.00052,0.001406,0.000068,0.000375,0.999999
190.067000,0.00000,0.00000,2.17000,0.00113,-0.00218,-0.00052,0.001406,0.000068,0.000375,0.999999
190.100000,0.00000,0.00000,2.17000,0.00113,-0.00218,-0.00052,0.001406,0.000068,0.000375,0.999999
190.134000,0.00000,0.00000,2.17000,0.00113,-0.00218,-0.00052,0.001406,0.000068,0.000375,0.999999
190.167000,0.00000,0.00000,2.17000,0.00113,-0.00218,-0.00052,0.001406,0.000068,0.000375,0.999999
190.200000,0.00000,0.00000,2.17000,0.00113,-0.00218,-0.00052,0.001406,0.000068,0.000375,0.999999
190.234000,0.00000,0.00000,2.17000,0.00113,-0.00218,-0.00052,0.001406,0.000068,0.000375,0.999999
190.268000,0.00000,0.00000,2.18000,0.00107,-0.00066,-0.00134,-0.002375,-0.000052,0.000194,0.999997
190.300000,0.00000,0.00000,2.18000,0.00107,-0.00066,-0.00134,-0.002375,-0.000052,0.000194,0.999997
190.334000,0.00000,0.00000,2.18000,0.00107,-0.00066,-0.00134,-0.002375,-0.000052,0.000194,0.999997
190.368000,0.00000,0.00000,2.18000,0.00107,-0.00066,-0.00134,-0.002375,-0.000052,0.000194,0.999997
190.400000,0.00000,0.00000,2.18000,0.00107,-0.00066,-0.00134,-0.002375,-0.000052,0.000194,0.999997
190.434000,0.00000,0.00000,2.18000,0.00107,-0.00066,-0.00134,-0.002375,-0.000052,0.000194,0.999997
190.467000,0.00000,0.00000,2.18000,0.00107,-0.00066,-0.00134,-0.002375,-0.000052,0.000194,0.999997
190.501000,0.00000,0.00000,2.18000,0.00079,-0.00212,-0.00182,0.002615,0.000003,0.000404,0.999997
190.534000,0.00000,0.00000,2.18000,0.00079,-0.00212,-0.00182,0.002615,0.000003,0.000404,0.999997
190.567000,0.00000,0.00000,2.18000,0.00079,-0.00212,-0.00182,0.002615,0.000003,0.000404,0.999997
190.600000,0.00000,0.00000,2.18000,0.00079,-0.00212,-0.00182,0.002615,0.000003,0.000404,0.999997
190.634000,0.00000,0.00000,2.18000,0.00079,-0.00212,-0.00182,0.002615,0.000003,0.000404,0.999997
190.667000,0.00000,0.00000,2.18000,0.00079,-0.00212,-0.00182,0.002615,0.000003,0.000404,0.999997
190.700000,0.00000,0.00000,2.18000,0.00079,-0.00212,-0.00182,0.002615,0.000003,0.000404,0.999997
190.734000,0.00000,0.00000,2.18000,0.00079,-0.00212,-0.00182,0.002615,0.000003,0.000404,0.999997
190.768000,0.00000,-0.01113,2.18000,0.00072,-0.00170,-0.00512,-0.003168,-0.000026,0.000201,0.999995
190.800000,0.00000,-0.01113,2.18000,0.00072,-0.00170,-0.00512,-0.003168,-0.000026,0.000201,0.999995
190.834000,0.00000,-0.01113,2.18000,0.00072,-0.00170,-0.00512,-0.003168,-0.000026,0.000201,0.999995
190.867000,0.00000,-0.01113,2.18000,0.00072,-0.00170,-0.00512,-0.003168,-0.000026,0.000201,0.999995
190.900000,0.00000,-0.01113,2.18000,0.00072,-0.00170,-0.00512,-0.003168,-0.000026,0.000201,0.999995
190.934000,0.00000,-0.01113,2.18000,0.00072,-0.00170,-0.00512,-0.003168,-0.000026,0.000201,0.999995
190.967000,0.00000,-0.01113,2.18000,0.00072,-0.00170,-0.00512,-0.003168,-0.000026,0.000201,0.999995
191.001000,0.00000,-0.01113,2.18000,0.00056,0.00205,-0.00280,0.001543,-0.000015,0.000279,0.999999
191.034000,0.00000,-0.01113,2.18000,0.00056,0.00205,-0.00280,0.001543,-0.000015,0.000279,0.999999
191.067000,0.00000,-0.01113,2.18000,0.00056,0.00205,-0.00280,0.001543,-0.000015,0.000279,0.999999
191.100000,0.00000,-0.01113,2.18000,0.00056,0.00205,-0.00280,0.001543,-0.000015,0.000279,0.999999
191.134000,0.00000,-0.01113,2.18000,0.00056,0.00205,-0.00280,0.001543,-0.000015,0.000279,0.999999
191.167000,0.00000,-0.01113,2.18000,0.00056,0.00205,-0.00280,0.001543,-0.000015,0.000279,0.999999
191.200000,0.00000,-0.01113,2.18000,0.00056,0.00205,-0.00280,0.001543,-0.000015,0.000279,0.999999
191.234000,0.00000,-0.01113,2.18000,0.00056,0.00205,-0.00280,0.001543,-0.000015,0.000279,0.999999
191.268000,0.00000,0.00000,2.17000,0.00059,0.00456,-0.00083,-0.002554,0.000044,0.000244,0.999997
191.300000,0.00000,0.00000,2.17000,0.00059,0.00456,-0.00083,-0.002554,0.000044,0.000244,0.999997
191.334000,0.00000,0.00000,2.17000,0.00059,0.00456,-0.00083,-0.002554,0.000044,0.000244,0.999997
191.367000,0.00000,0.00000,2.17000,0.00059,0.00456,-0.00083,-0.002554,0.000044,0.000244,0.999997
191.401000,0.00000,0.00000,2.17000,0.00059,0.00456,-0.00083,-0.002554,0.000044,0.000244,0.999997
191.434000,0.00000,0.00000,2.17000,0.00059,0.00456,-0.00083,-0.002554,0.000044,0.000244,0.999997
191.467000,0.00000,0.00000,2.17000,0.00059,0.00456,-0.00083,-0.002554,0.000044,0.000244,0.999997
191.501000,0.00908,0.00000,2.18000,0.00081,0.00300,0.00258,0.002851,0.000043,0.000134,0.999996
191.534000,0.00908,0.00000,2.18000,0.00081,0.00300,0.00258,0.002851,0.000043,0.000134,0.999996
191.567000,0.00908,0.00000,2.18000,0.00081,0.00300,0.00258,0.002851,0.000043,0.000134,0.999996
191.600000,0.00908,0.00000,2.18000,0.00081,0.00300,0.00258,0.002851,0.000043,0.000134,0.999996
191.634000,0.00908,0.00000,2.18000,0.00081,0.00300,0.00258,0.002851,0.000043,0.000134,0.999996
191.667000,0.00908,0.00000,2.18000,0.00081,0.00300,0.00258,0.002851,0.000043,0.000134,0.999996
191.700000,0.00908,0.00000,2.18000,0.00081,0.00300,0.00258,0.002851,0.000043,0.000134,0.999996
191.734000,0.00908,0.00000,2.18000,0.00081,0.00300,0.00258,0.002851,0.000043,0.000134,0.999996
191.768000,0.00908,0.00000,2.18000,-0.00148,-0.00137,-0.00105,-0.001426,-0.000904,0.000372,0.999999
191.800000,0.00908,0.00000,2.18000,-0.00148,-0.00137,-0.00105,-0.001426,-0.000904,0.000372,0.999999
191.834000,0.00908,0.00000,2.18000,-0.00148,-0.00137,-0.00105,-0.001426,-0.000904,0.000372,0.999999
191.867000,0.00908,0.00000,2.18000,-0.00148,-0.00137,-0.00105,-0.001426,-0.000904,0.000372,0.999999
191.900000,0.00908,0.00000,2.18000,-0.00148,-0.00137,-0.00105,-0.001426,-0.000904,0.000372,0.999999
191.934000,0.00908,0.00000,2.18000,-0.00148,-0.00137,-0.00105,-0.001426,-0.000904,0.000372,0.999999
191.968000,0.00908,0.00000,2.18000,-0.00148,-0.00137,-0.00105,-0.001426,-0.000904,0.000372,0.999999
192.001000,0.00908,0.00000,2.18000,-0.00557,0.00105,0.00368,0.000797,-0.000645,0.000283,0.999999
192.034000,0.00908,0.00000,2.18000,-0.00557,0.00105,0.00368,0.000797,-0.000645,0.000283,0.999999
192.067000,0.00908,0.00000,2.18000,-0.00557,0.00105,0.00368,0.000797,-0.000645,0.000283,0.999999
192.100000,0.00908,0.00000,2.18000,-0.00557,0.00105,0.00368,0.000797,-0.000645,0.000283,0.999999
192.134000,0.00908,0.00000,2.18000,-0.00557,0.00105,0.00368,0.000797,-0.000645,0.000283,0.999999
192.167000,0.00908,0.00000,2.18000,-0.00557,0.00105,0.00368,0.000797,-0.000645,0.000283,0.999999
192.200000,0.00908,0.00000,2.18000,-0.00557,0.00105,0.00368,0.000797,-0.000645,0.000283,0.999999
192.234000,0.00908,0.00000,2.18000,-0.00557,0.00105,0.00368,0.000797,-0.000645,0.000283,0.999999
192.268000,0.00908,0.00000,2.17000,-0.00753,-0.00177,-0.00030,0.000759,-0.000240,0.000417,1.000000
192.300000,0.00908,0.00000,2.17000,-0.00753,-0.00177,-0.00030,0.000759,-0.000240,0.000417,1.000000
192.334000,0.00908,0.00000,2.17000,-0.00753,-0.00177,-0.00030,0.000759,-0.000240,0.000417,1.000000
192.367000,0.00908,0.00000,2.17000,-0.00753,-0.00177,-0.00030,0.000759,-0.000240,0.000417,1.000000
192.400000,0.00908,0.00000,2.17000,-0.00753,-0.00177,-0.00030,0.000759,-0.000240,0.000417,1.000000
192.434000,0.00908,0.00000,2.17000,-0.00753,-0.00177,-0.00030,0.000759,-0.000240,0.000417,1.000000
192.467000,0.00908,0.00000,2.17000,-0.00753,-0.00177,-0.00030,0.000759,-0.000240,0.000417,1.000000
192.501000,0.00908,0.00000,2.18000,-0.00834,0.00022,0.00488,-0.001606,-0.000151,0.000119,0.999999
192.534000,0.00908,0.00000,2.18000,-0.00834,0.00022,0.00488,-0.001606,-0.000151,0.000119,0.999999
192.567000,0.00908,0.00000,2.18000,-0.00834,0.00022,0.00488,-0.001606,-0.000151,0.000119,0.999999
192.600000,0.00908,0.00000,2.18000,-0.00834,0.00022,0.00488,-0.001606,-0.000151,0.000119,0.999999
192.634000,0.00908,0.00000,2.18000,-0.00834,0.00022,0.00488,-0.001606,-0.000151,0.000119,0.999999
192.667000,0.00908,0.00000,2.18000,-0.00834,0.00022,0.00488,-0.001606,-0.000151,0.000119,0.999999
192.700000,0.00908,0.00000,2.18000,-0.00834,0.00022,0.00488,-0.001606,-0.000151,0.000119,0.999999
192.734000,0.00908,0.00000,2.18000,-0.00834,0.00022,0.00488,-0.001606,-0.000151,0.000119,0.999999
192.768000,0.00908,0.00000,2.18000,-0.00898,-0.00222,-0.00024,0.002275,-0.000185,0.000404,0.999997
192.800000,0.00908,0.00000,2.18000,-0.00898,-0.00222,-0.00024,0.002275,-0.000185,0.000404,0.999997
192.834000,0.00908,0.00000,2.18000,-0.00898,-0.00222,-0.00024,0.002275,-0.000185,0.000404,0.999997
192.867000,0.00908,0.00000,2.18000,-0.00898,-0.00222,-0.00024,0.002275,-0.000185,0.000404,0.999997
192.900000,0.00908,0.00000,2.18000,-0.00898,-0.00222,-0.00024,0.002275,-0.000185,0.000404,0.999997
192.934000,0.00908,0.00000,2.18000,-0.00898,-0.00222,-0.00024,0.002275,-0.000185,0.000404,0.999997
192.967000,0.00908,0.00000,2.18000,-0.00898,-0.00222,-0.00024,0.002275,-0.000185,0.000404,0.999997
193.001000,0.00000,0.00000,2.18000,-0.00979,-0.00055,-0.00422,-0.003081,-0.000071,0.000193,0.999995
193.034000,0.00000,0.00000,2.18000,-0.00979,-0.00055,-0.00422,-0.003081,-0.000071,0.000193,0.999995
193.067000,0.00000,0.00000,2.18000,-0.00979,-0.00055,-0.00422,-0.003081,-0.000071,0.000193,0.999995
193.100000,0.00000,0.00000,2.18000,-0.00979,-0.00055,-0.00422,-0.003081,-0.000071,0.000193,0.999995
193.134000,0.00000,0.00000,2.18000,-0.00979,-0.00055,-0.00422,-0.003081,-0.000071,0.000193,0.999995
193.167000,0.00000,0.00000,2.18000,-0.00979,-0.00055,-0.00422,-0.003081,-0.000071,0.000193,0.999995
193.200000,0.00000,0.00000,2.18000,-0.00979,-0.00055,-0.00422,-0.003081,-0.000071,0.000193,0.999995
193.234000,0.00000,0.00000,2.18000,-0.00979,-0.00055,-0.00422,-0.003081,-0.000071,0.000193,0.999995
193.268000,0.00000,0.00000,2.18000,-0.00763,-0.00037,-0.00048,0.003145,0.000941,0.000272,0.999995
193.300000,0.00000,0.00000,2.18000,-0.00763,-0.00037,-0.00048,0.003145,0.000941,0.000272,0.999995
193.334000,0.00000,0.00000,2.18000,-0.00763,-0.00037,-0.00048,0.003145,0.000941,0.000272,0.999995
193.367000,0.00000,0.00000,2.18000,-0.00763,-0.00037,-0.00048,0.003145,0.000941,0.000272,0.999995
193.401000,0.00000,0.00000,2.18000,-0.00763,-0.00037,-0.00048,0.003145,0.000941,0.000272,0.999995
193.434000,0.00000,0.00000,2.18000,-0.00763,-0.00037,-0.00048,0.003145,0.000941,0.000272,0.999995
193.467000,0.00000,0.00000,2.18000,-0.00763,-0.00037,-0.00048,0.003145,0.000941,0.000272,0.999995
193.501000,0.00000,0.00000,2.18000,-0.00335,-0.00216,-0.00019,-0.002423,0.000660,0.000237,0.999997
193.534000,0.00000,0.00000,2.18000,-0.00335,-0.00216,-0.00019,-0.002423,0.000660,0.000237,0.999997
193.567000,0.00000,0.00000,2.18000,-0.00335,-0.00216,-0.00019,-0.002423,0.000660,0.000237,0.999997
193.600000,0.00000,0.00000,2.18000,-0.00335,-0.00216,-0.00019,-0.002423,0.000660,0.000237,0.999997
193.634000,0.00000,0.00000,2.18000,-0.00335,-0.00216,-0.00019,-0.002423,0.000660,0.000237,0.999997
193.667000,0.00000,0.00000,2.18000,-0.00335,-0.00216,-0.00019,-0.002423,0.000660,0.000237,0.999997
193.700000,0.00000,0.00000,2.18000,-0.00335,-0.00216,-0.00019,-0.002423,0.000660,0.000237,0.999997
193.734000,0.00000,0.00000,2.18000,-0.00335,-0.00216,-0.00019,-0.002423,0.000660,0.000237,0.999997
193.768000,0.00000,-0.01113,2.18000,-0.00105,-0.00279,-0.00265,0.002764,0.000282,0.000290,0.999996
193.801000,0.00000,-0.01113,2.18000,-0.00105,-0.00279,-0.00265,0.002764,0.000282,0.000290,0.999996
193.834000,0.00000,-0.01113,2.18000,-0.00105,-0.00279,-0.00265,0.002764,0.000282,0.000290,0.999996
193.867000,0.00000,-0.01113,2.18000,-0.00105,-0.00279,-0.00265,0.002764,0.000282,0.000290,0.999996
193.900000,0.00000,-0.01113,2.18000,-0.00105,-0.00279,-0.00265,0.002764,0.000282,0.000290,0.999996
193.934000,0.00000,-0.01113,2.18000,-0.00105,-0.00279,-0.00265,0.002764,0.000282,0.000290,0.999996
193.967000,0.00000,-0.01113,2.18000,-0.00105,-0.00279,-0.00265,0.002764,0.000282,0.000290,0.999996
194.001000,0.00000,-0.01113,2.18000,0.00008,-0.00187,-0.00183,-0.003009,0.000185,0.000382,0.999995
194.034000,0.00000,-0.01113,2.18000,0.00008,-0.00187,-0.00183,-0.003009,0.000185,0.000382,0.999995
194.067000,0.00000,-0.01113,2.18000,0.00008,-0.00187,-0.00183,-0.003009,0.000185,0.000382,0.999995
194.100000,0.00000,-0.01113,2.18000,0.00008,-0.00187,-0.00183,-0.003009,0.000185,0.000382,0.999995
194.134000,0.00000,-0.01113,2.18000,0.00008,-0.00187,-0.00183,-0.003009,0.000185,0.000382,0.999995
194.167000,0.00000,-0.01113,2.18000,0.00008,-0.00187,-0.00183,-0.003009,0.000185,0.000382,0.999995
194.201000,0.00000,-0.01113,2.18000,0.00008,-0.00187,-0.00183,-0.003009,0.000185,0.000382,0.999995
194.234000,0.00000,-0.01113,2.18000,0.00008,-0.00187,-0.00183,-0.003009,0.000185,0.000382,0.999995
194.268000,0.00000,-0.01113,2.17000,0.00086,0.00693,-0.00200,-0.000138,0.000141,0.000297,1.000000
194.300000,0.00000,-0.01113,2.17000,0.00086,0.00693,-0.00200,-0.000138,0.000141,0.000297,1.000000
194.334000,0.00000,-0.01113,2.17000,0.00086,0.00693,-0.00200,-0.000138,0.000141,0.000297,1.000000
194.367000,0.00000,-0.01113,2.17000,0.00086,0.00693,-0.00200,-0.000138,0.000141,0.000297,1.000000
194.400000,0.00000,-0.01113,2.17000,0.00086,0.00693,-0.00200,-0.000138,0.000141,0.000297,1.000000
194.434000,0.00000,-0.01113,2.17000,0.00086,0.00693,-0.00200,-0.000138,0.000141,0.000297,1.000000
194.467000,0.00000,-0.01113,2.17000,0.00086,0.00693,-0.00200,-0.000138,0.000141,0.000297,1.000000
194.501000,0.00000,0.00000,2.18000,0.00158,0.00377,0.00751,0.001068,0.000092,0.000480,0.999999
194.534000,0.00000,0.00000,2.18000,0.00158,0.00377,0.00751,0.001068,0.000092,0.000480,0.999999
194.567000,0.00000,0.00000,2.18000,0.00158,0.00377,0.00751,0.001068,0.000092,0.000480,0.999999
194.600000,0.00000,0.00000,2.18000,0.00158,0.00377,0.00751,0.001068,0.000092,0.000480,0.999999
194.634000,0.00000,0.00000,2.18000,0.00158,0.00377,0.00751,0.001068,0.000092,0.000480,0.999999
194.667000,0.00000,0.00000,2.18000,0.00158,0.00377,0.00751,0.001068,0.000092,0.000480,0.999999
194.700000,0.00000,0.00000,2.18000,0.00158,0.00377,0.00751,0.001068,0.000092,0.000480,0.999999
194.734000,0.00000,0.00000,2.18000,0.00158,0.00377,0.00751,0.001068,0.000092,0.000480,0.999999
194.768000,0.00000,0.00000,2.18000,0.00231,0.00383,0.00394,-0.000215,0.000494,0.000167,1.000000
194.800000,0.00000,0.00000,2.18000,0.00231,0.00383,0.00394,-0.000215,0.000494,0.000167,1.000000
194.834000,0.00000,0.00000,2.18000,0.00231,0.00383,0.00394,-0.000215,0.000494,0.000167,1.000000
194.867000,0.00000,0.00000,2.18000,0.00231,0.00383,0.00394,-0.000215,0.000494,0.000167,1.000000
194.900000,0.00000,0.00000,2.18000,0.00231,0.00383,0.00394,-0.000215,0.000494,0.000167,1.000000
194.934000,0.00000,0.00000,2.18000,0.00231,0.00383,0.00394,-0.000215,0.000494,0.000167,1.000000
194.967000,0.00000,0.00000,2.18000,0.00231,0.00383,0.00394,-0.000215,0.000494,0.000167,1.000000
195.001000,0.00000,0.00000,2.18000,0.00405,-0.00075,0.00292,0.001526,0.000051,0.000451,0.999999
195.034000,0.00000,0.00000,2.18000,0.00405,-0.00075,0.00292,0.001526,0.000051,0.000451,0.999999
195.067000,0.00000,0.00000,2.18000,0.00405,-0.00075,0.00292,0.001526,0.000051,0.000451,0.999999
195.100000,0.00000,0.00000,2.18000,0.00405,-0.00075,0.00292,0.001526,0.000051,0.000451,0.999999
195.134000,0.00000,0.00000,2.18000,0.00405,-0.00075,0.00292,0.001526,0.000051,0.000451,0.999999
195.167000,0.00000,0.00000,2.18000,0.00405,-0.00075,0.00292,0.001526,0.000051,0.000451,0.999999
195.200000,0.00000,0.00000,2.18000,0.00405,-0.00075,0.00292,0.001526,0.000051,0.000451,0.999999
195.234000,0.00000,0.00000,2.18000,0.00405,-0.00075,0.00292,0.001526,0.000051,0.000451,0.999999
195.268000,0.00000,0.00000,2.18000,0.00353,0.00111,0.00015,-0.001893,-0.000170,0.000138,0.999998
195.300000,0.00000,0.00000,2.18000,0.00353,0.00111,0.00015,-0.001893,-0.000170,0.000138,0.999998
195.334000,0.00000,0.00000,2.18000,0.00353,0.00111,0.00015,-0.001893,-0.000170,0.000138,0.999998
195.367000,0.00000,0.00000,2.18000,0.00353,0.00111,0.00015,-0.001893,-0.000170,0.000138,0.999998
195.400000,0.00000,0.00000,2.18000,0.00353,0.00111,0.00015,-0.001893,-0.000170,0.000138,0.999998
195.434000,0.00000,0.00000,2.18000,0.00353,0.00111,0.00015,-0.001893,-0.000170,0.000138,0.999998
195.467000,0.00000,0.00000,2.18000,0.00353,0.00111,0.00015,-0.001893,-0.000170,0.000138,0.999998
195.501000,0.00000,0.00000,2.18000,0.00282,-0.00143,-0.00446,0.002673,-0.000119,0.000447,0.999996
195.534000,0.00000,0.00000,2.18000,0.00282,-0.00143,-0.00446,0.002673,-0.000119,0.000447,0.999996
195.567000,0.00000,0.00000,2.18000,0.00282,-0.00143,-0.00446,0.002673,-0.000119,0.000447,0.999996
195.600000,0.00000,0.00000,2.18000,0.00282,-0.00143,-0.00446,0.002673,-0.000119,0.000447,0.999996
195.634000,0.00000,0.00000,2.18000,0.00282,-0.00143,-0.00446,0.002673,-0.000119,0.000447,0.999996
195.667000,0.00000,0.00000,2.18000,0.00282,-0.00143,-0.00446,0.002673,-0.000119,0.000447,0.999996
195.700000,0.00000,0.00000,2.18000,0.00282,-0.00143,-0.00446,0.002673,-0.000119,0.000447,0.999996
195.734000,0.00000,0.00000,2.18000,0.00282,-0.00143,-0.00446,0.002673,-0.000119,0.000447,0.999996
195.768000,0.00000,0.00000,2.18000,0.00220,-0.00091,-0.00511,-0.002740,-0.000093,0.000295,0.999996
195.801000,0.00000,0.00000,2.18000,0.00220,-0.00091,-0.00511,-0.002740,-0.000093,0.000295,0.999996
195.834000,0.00000,0.00000,2.18000,0.00220,-0.00091,-0.00511,-0.002740,-0.000093,0.000295,0.999996
195.867000,0.00000,0.00000,2.18000,0.00220,-0.00091,-0.00511,-0.002740,-0.000093,0.000295,0.999996
195.901000,0.00000,0.00000,2.18000,0.00220,-0.00091,-0.00511,-0.002740,-0.000093,0.000295,0.999996
195.934000,0.00000,0.00000,2.18000,0.00220,-0.00091,-0.00511,-0.002740,-0.000093,0.000295,0.999996
195.967000,0.00000,0.00000,2.18000,0.00220,-0.00091,-0.00511,-0.002740,-0.000093,0.000295,0.999996
196.000000,0.00000,0.00000,2.18000,0.00220,-0.00091,-0.00511,0.002919,0.000046,0.000339,0.999996
196.034000,0.00000,0.00000,2.18000,0.00199,-0.00153,-0.00682,0.002919,0.000046,0.000339,0.999996
196.067000,0.00000,0.00000,2.18000,0.00199,-0.00153,-0.00682,0.002919,0.000046,0.000339,0.999996
196.100000,0.00000,0.00000,2.18000,0.00199,-0.00153,-0.00682,0.002919,0.000046,0.000339,0.999996
196.134000,0.00000,0.00000,2.18000,0.00199,-0.00153,-0.00682,0.002919,0.000046,0.000339,0.999996
196.167000,0.00000,0.00000,2.18000,0.00199,-0.00153,-0.00682,0.002919,0.000046,0.000339,0.999996
196.200000,0.00000,0.00000,2.18000,0.00199,-0.00153,-0.00682,0.002919,0.000046,0.000339,0.999996
196.234000,0.00000,0.00000,2.18000,0.00199,-0.00153,-0.00682,0.002919,0.000046,0.000339,0.999996
196.268000,0.00000,0.00000,2.18000,0.00238,-0.00246,-0.00505,-0.002809,0.000078,0.000244,0.999996
196.300000,0.00000,0.00000,2.18000,0.00238,-0.00246,-0.00505,-0.002809,0.000078,0.000244,0.999996
196.334000,0.00000,0.00000,2.18000,0.00238,-0.00246,-0.00505,-0.002809,0.000078,0.000244,0.999996
196.367000,0.00000,0.00000,2.18000,0.00238,-0.00246,-0.00505,-0.002809,0.000078,0.000244,0.999996
196.400000,0.00000,0.00000,2.18000,0.00238,-0.00246,-0.00505,-0.002809,0.000078,0.000244,0.999996
196.434000,0.00000,0.00000,2.18000,0.00238,-0.00246,-0.00505,-0.002809,0.000078,0.000244,0.999996
196.467000,0.00000,0.00000,2.18000,0.00238,-0.00246,-0.00505,-0.002809,0.000078,0.000244,0.999996
196.501000,0.00000,0.00000,2.18000,0.00271,0.00055,0.00366,0.001619,0.000015,0.000211,0.999999
196.534000,0.00000,0.00000,2.18000,0.00271,0.00055,0.00366,0.001619,0.000015,0.000211,0.999999
196.567000,0.00000,0.00000,2.18000,0.00271,0.00055,0.00366,0.001619,0.000015,0.000211,0.999999
196.600000,0.00000,0.00000,2.18000,0.00271,0.00055,0.00366,0.001619,0.000015,0.000211,0.999999
196.634000,0.00000,0.00000,2.18000,0.00271,0.00055,0.00366,0.001619,0.000015,0.000211,0.999999
196.667000,0.00000,0.00000,2.18000,0.00271,0.00055,0.00366,0.001619,0.000015,0.000211,0.999999
196.700000,0.00000,0.00000,2.18000,0.00271,0.00055,0.00366,0.001619,0.000015,0.000211,0.999999
196.734000,0.00000,0.00000,2.18000,0.00271,0.00055,0.00366,0.001619,0.000015,0.000211,0.999999
196.768000,0.00000,0.00000,2.18000,0.00259,-0.00175,0.00474,-0.001426,-0.000065,0.000381,0.999999
196.800000,0.00000,0.00000,2.18000,0.00259,-0.00175,0.00474,-0.001426,-0.000065,0.000381,0.999999
196.834000,0.00000,0.00000,2.18000,0.00259,-0.00175,0.00474,-0.001426,-0.000065,0.000381,0.999999
196.867000,0.00000,0.00000,2.18000,0.00259,-0.00175,0.00474,-0.001426,-0.000065,0.000381,0.999999
196.900000,0.00000,0.00000,2.18000,0.00259,-0.00175,0.00474,-0.001426,-0.000065,0.000381,0.999999
196.934000,0.00000,0.00000,2.18000,0.00259,-0.00175,0.00474,-0.001426,-0.000065,0.000381,0.999999
196.967000,0.00000,0.00000,2.18000,0.00259,-0.00175,0.00474,-0.001426,-0.000065,0.000381,0.999999
197.001000,0.00000,0.00000,2.18000,0.00259,-0.00175,0.00474,0.000680,-0.000100,0.000244,1.000000
197.034000,0.00000,0.00000,2.18000,0.00207,0.00065,0.00403,0.000680,-0.000100,0.000244,1.000000
197.067000,0.00000,0.00000,2.18000,0.00207,0.00065,0.00403,0.000680,-0.000100,0.000244,1.000000
197.100000,0.00000,0.00000,2.18000,0.00207,0.00065,0.00403,0.000680,-0.000100,0.000244,1.000000
197.134000,0.00000,0.00000,2.18000,0.00207,0.00065,0.00403,0.000680,-0.000100,0.000244,1.000000
197.167000,0.00000,0.00000,2.18000,0.00207,0.00065,0.00403,0.000680,-0.000100,0.000244,1.000000
197.200000,0.00000,0.00000,2.18000,0.00207,0.00065,0.00403,0.000680,-0.000100,0.000244,1.000000
197.234000,0.00000,0.00000,2.18000,0.00207,0.00065,0.00403,0.000680,-0.000100,0.000244,1.000000
197.268000,0.00000,0.00000,2.18000,0.00153,-0.00257,0.00549,-0.000016,-0.000086,0.000444,1.000000
197.300000,0.00000,0.00000,2.18000,0.00153,-0.00257,0.00549,-0.000016,-0.000086,0.000444,1.000000
197.334000,0.00000,0.00000,2.18000,0.00153,-0.00257,0.00549,-0.000016,-0.000086,0.000444,1.000000
197.367000,0.00000,0.00000,2.18000,0.00153,-0.00257,0.00549,-0.000016,-0.000086,0.000444,1.000000
197.400000,0.00000,0.00000,2.18000,0.00153,-0.00257,0.00549,-0.000016,-0.000086,0.000444,1.000000
197.434000,0.00000,0.00000,2.18000,0.00153,-0.00257,0.00549,-0.000016,-0.000086,0.000444,1.000000
197.467000,0.00000,0.00000,2.18000,0.00153,-0.00257,0.00549,-0.000016,-0.000086,0.000444,1.000000
197.501000,0.00000,0.00000,2.18000,0.00158,0.00083,0.00167,-0.001404,0.000088,0.000126,0.999999
197.534000,0.00000,0.00000,2.18000,0.00158,0.00083,0.00167,-0.001404,0.000088,0.000126,0.999999
197.567000,0.00000,0.00000,2.18000,0.00158,0.00083,0.00167,-0.001404,0.000088,0.000126,0.999999
197.600000,0.00000,0.00000,2.18000,0.00158,0.00083,0.00167,-0.001404,0.000088,0.000126,0.999999
197.634000,0.00000,0.00000,2.18000,0.00158,0.00083,0.00167,-0.001404,0.000088,0.000126,0.999999
197.668000,0.00000,0.00000,2.18000,0.00158,0.00083,0.00167,-0.001404,0.000088,0.000126,0.999999
197.700000,0.00000,0.00000,2.18000,0.00158,0.00083,0.00167,-0.001404,0.000088,0.000126,0.999999
197.734000,0.00000,0.00000,2.18000,0.00158,0.00083,0.00167,-0.001404,0.000088,0.000126,0.999999
197.768000,0.00000,0.00000,2.18000,0.00225,-0.00147,-0.00202,0.002154,0.000073,0.000399,0.999998
197.800000,0.00000,0.00000,2.18000,0.00225,-0.00147,-0.00202,0.002154,0.000073,0.000399,0.999998
197.834000,0.00000,0.00000,2.18000,0.00225,-0.00147,-0.00202,0.002154,0.000073,0.000399,0.999998
197.867000,0.00000,0.00000,2.18000,0.00225,-0.00147,-0.00202,0.002154,0.000073,0.000399,0.999998
197.900000,0.00000,0.00000,2.18000,0.00225,-0.00147,-0.00202,0.002154,0.000073,0.000399,0.999998
197.934000,0.00000,0.00000,2.18000,0.00225,-0.00147,-0.00202,0.002154,0.000073,0.000399,0.999998
197.967000,0.00000,0.00000,2.18000,0.00225,-0.00147,-0.00202,0.002154,0.000073,0.000399,0.999998
198.001000,0.00000,0.00000,2.18000,0.00225,-0.00147,-0.00202,-0.002488,0.000010,0.000182,0.999997
198.034000,0.00000,0.00000,2.18000,0.00254,-0.00132,-0.00470,-0.002488,0.000010,0.000182,0.999997
198.067000,0.00000,0.00000,2.18000,0.00254,-0.00132,-0.00470,-0.002488,0.000010,0.000182,0.999997
198.100000,0.00000,0.00000,2.18000,0.00254,-0.00132,-0.00470,-0.002488,0.000010,0.000182,0.999997
198.134000,0.00000,0.00000,2.18000,0.00254,-0.00132,-0.00470,-0.002488,0.000010,0.000182,0.999997
198.167000,0.00000,0.00000,2.18000,0.00254,-0.00132,-0.00470,-0.002488,0.000010,0.000182,0.999997
198.200000,0.00000,0.00000,2.18000,0.00254,-0.00132,-0.00470,-0.002488,0.000010,0.000182,0.999997
198.235000,0.00000,0.00000,2.18000,0.00254,-0.00132,-0.00470,-0.002488,0.000010,0.000182,0.999997
198.268000,0.00000,-0.01113,2.18000,0.00241,-0.00252,-0.00593,0.002612,-0.000009,0.000337,0.999997
198.300000,0.00000,-0.01113,2.18000,0.00241,-0.00252,-0.00593,0.002612,-0.000009,0.000337,0.999997
198.334000,0.00000,-0.01113,2.18000,0.00241,-0.00252,-0.00593,0.002612,-0.000009,0.000337,0.999997
198.367000,0.00000,-0.01113,2.18000,0.00241,-0.00252,-0.00593,0.002612,-0.000009,0.000337,0.999997
198.400000,0.00000,-0.01113,2.18000,0.00241,-0.00252,-0.00593,0.002612,-0.000009,0.000337,0.999997
198.434000,0.00000,-0.01113,2.18000,0.00241,-0.00252,-0.00593,0.002612,-0.000009,0.000337,0.999997
198.467000,0.00000,-0.01113,2.18000,0.00241,-0.00252,-0.00593,0.002612,-0.000009,0.000337,0.999997
198.501000,0.00000,-0.01113,2.18000,0.00241,-0.00252,-0.00593,-0.003969,0.000077,0.000336,0.999992
198.534000,0.00000,-0.01113,2.18000,0.00261,0.00147,-0.00273,-0.003969,0.000077,0.000336,0.999992
198.567000,0.00000,-0.01113,2.18000,0.00261,0.00147,-0.00273,-0.003969,0.000077,0.000336,0.999992
198.600000,0.00000,-0.01113,2.18000,0.00261,0.00147,-0.00273,-0.003969,0.000077,0.000336,0.999992
198.634000,0.00000,-0.01113,2.18000,0.00261,0.00147,-0.00273,-0.003969,0.000077,0.000336,0.999992
198.667000,0.00000,-0.01113,2.18000,0.00261,0.00147,-0.00273,-0.003969,0.000077,0.000336,0.999992
198.701000,0.00000,-0.01113,2.18000,0.00261,0.00147,-0.00273,-0.003969,0.000077,0.000336,0.999992
198.734000,0.00000,-0.01113,2.18000,0.00261,0.00147,-0.00273,-0.003969,0.000077,0.000336,0.999992
198.768000,0.00000,0.00000,2.18000,0.00262,0.00563,-0.00243,0.002701,-0.000073,0.000237,0.999996
198.800000,0.00000,0.00000,2.18000,0.00262,0.00563,-0.00243,0.002701,-0.000073,0.000237,0.999996
198.834000,0.00000,0.00000,2.18000,0.00262,0.00563,-0.00243,0.002701,-0.000073,0.000237,0.999996
198.867000,0.00000,0.00000,2.18000,0.00262,0.00563,-0.00243,0.002701,-0.000073,0.000237,0.999996
198.900000,0.00000,0.00000,2.18000,0.00262,0.00563,-0.00243,0.002701,-0.000073,0.000237,0.999996
198.934000,0.00000,0.00000,2.18000,0.00262,0.00563,-0.00243,0.002701,-0.000073,0.000237,0.999996
198.967000,0.00000,0.00000,2.18000,0.00262,0.00563,-0.00243,0.002701,-0.000073,0.000237,0.999996
199.001000,0.00000,0.00000,2.18000,0.00262,0.00563,-0.00243,-0.001927,-0.000071,0.000422,0.999998
199.035000,0.00000,0.00000,2.18000,0.00204,0.00185,0.00046,-0.001927,-0.000071,0.000422,0.999998
199.067000,0.00000,0.00000,2.18000,0.00204,0.00185,0.00046,-0.001927,-0.000071,0.000422,0.999998
199.100000,0.00000,0.00000,2.18000,0.00204,0.00185,0.00046,-0.001927,-0.000071,0.000422,0.999998
199.134000,0.00000,0.00000,2.18000,0.00204,0.00185,0.00046,-0.001927,-0.000071,0.000422,0.999998
199.167000,0.00000,0.00000,2.18000,0.00204,0.00185,0.00046,-0.001927,-0.000071,0.000422,0.999998
199.200000,0.00000,0.00000,2.18000,0.00204,0.00185,0.00046,-0.001927,-0.000071,0.000422,0.999998
199.234000,0.00000,0.00000,2.18000,0.00204,0.00185,0.00046,-0.001927,-0.000071,0.000422,0.999998
199.268000,0.00000,0.00000,2.18000,0.00190,0.00177,0.00168,0.002378,0.000014,0.000192,0.999997
199.300000,0.00000,0.00000,2.18000,0.00190,0.00177,0.00168,0.002378,0.000014,0.000192,0.999997
199.334000,0.00000,0.00000,2.18000,0.00190,0.00177,0.00168,0.002378,0.000014,0.000192,0.999997
199.367000,0.00000,0.00000,2.18000,0.00190,0.00177,0.00168,0.002378,0.000014,0.000192,0.999997
199.400000,0.00000,0.00000,2.18000,0.00190,0.00177,0.00168,0.002378,0.000014,0.000192,0.999997
199.434000,0.00000,0.00000,2.18000,0.00190,0.00177,0.00168,0.002378,0.000014,0.000192,0.999997
199.467000,0.00000,0.00000,2.18000,0.00190,0.00177,0.00168,0.002378,0.000014,0.000192,0.999997
199.501000,0.00000,0.00000,2.18000,0.00190,0.00177,0.00168,-0.001139,-0.000016,0.000376,0.999999
199.534000,0.00000,0.00000,2.18000,0.00183,-0.00160,0.00128,-0.001139,-0.000016,0.000376,0.999999
199.567000,0.00000,0.00000,2.18000,0.00183,-0.00160,0.00128,-0.001139,-0.000016,0.000376,0.999999
199.601000,0.00000,0.00000,2.18000,0.00183,-0.00160,0.00128,-0.001139,-0.000016,0.000376,0.999999
199.634000,0.00000,0.00000,2.18000,0.00183,-0.00160,0.00128,-0.001139,-0.000016,0.000376,0.999999
199.667000,0.00000,0.00000,2.18000,0.00183,-0.00160,0.00128,-0.001139,-0.000016,0.000376,0.999999
199.700000,0.00000,0.00000,2.18000,0.00183,-0.00160,0.00128,-0.001139,-0.000016,0.000376,0.999999
199.735000,0.00000,0.00000,2.18000,0.00183,-0.00160,0.00128,-0.001139,-0.000016,0.000376,0.999999
199.768000,0.00000,0.00000,2.17000,0.00156,0.00059,0.00214,0.001095,-0.000057,0.000196,0.999999
199.800000,0.00000,0.00000,2.17000,0.00156,0.00059,0.00214,0.001095,-0.000057,0.000196,0.999999
199.834000,0.00000,0.00000,2.17000,0.00156,0.00059,0.00214,0.001095,-0.000057,0.000196,0.999999
199.867000,0.00000,0.00000,2.17000,0.00156,0.00059,0.00214,0.001095,-0.000057,0.000196,0.999999
199.900000,0.00000,0.00000,2.17000,0.00156,0.00059,0.00214,0.001095,-0.000057,0.000196,0.999999
199.934000,0.00000,0.00000,2.17000,0.00156,0.00059,0.00214,0.001095,-0.000057,0.000196,0.999999
199.967000,0.00000,0.00000,2.17000,0.00156,0.00059,0.00214,0.001095,-0.000057,0.000196,0.999999
200.001000,0.00000,0.00000,2.17000,0.00156,0.00059,0.00214,0.000459,0.000065,0.000405,1.000000
200.034000,0.00000,0.00000,2.18000,0.00166,-0.00325,0.00519,0.000459,0.000065,0.000405,1.000000
200.067000,0.00000,0.00000,2.18000,0.00166,-0.00325,0.00519,0.000459,0.000065,0.000405,1.000000
200.100000,0.00000,0.00000,2.18000,0.00166,-0.00325,0.00519,0.000459,0.000065,0.000405,1.000000
200.134000,0.00000,0.00000,2.18000,0.00166,-0.00325,0.00519,0.000459,0.000065,0.000405,1.000000
200.167000,0.00000,0.00000,2.18000,0.00166,-0.00325,0.00519,0.000459,0.000065,0.000405,1.000000
200.200000,0.00000,0.00000,2.18000,0.00166,-0.00325,0.00519,0.000459,0.000065,0.000405,1.000000
200.234000,0.00000,0.00000,2.18000,0.00166,-0.00325,0.00519,0.000459,0.000065,0.000405,1.000000
200.268000,0.00908,0.00000,2.18000,0.00095,-0.00137,-0.00210,-0.000976,-0.000707,0.000222,0.999999
200.300000,0.00908,0.00000,2.18000,0.00095,-0.00137,-0.00210,-0.000976,-0.000707,0.000222,0.999999
200.334000,0.00908,0.00000,2.18000,0.00095,-0.00137,-0.00210,-0.000976,-0.000707,0.000222,0.999999
200.367000,0.00908,0.00000,2.18000,0.00095,-0.00137,-0.00210,-0.000976,-0.000707,0.000222,0.999999
200.400000,0.00908,0.00000,2.18000,0.00095,-0.00137,-0.00210,-0.000976,-0.000707,0.000222,0.999999
200.434000,0.00908,0.00000,2.18000,0.00095,-0.00137,-0.00210,-0.000976,-0.000707,0.000222,0.999999
200.467000,0.00908,0.00000,2.18000,0.00095,-0.00137,-0.00210,-0.000976,-0.000707,0.000222,0.999999
200.501000,0.00908,0.00000,2.18000,0.00095,-0.00137,-0.00210,0.002108,-0.000751,0.000414,0.999997
200.534000,0.00908,0.00000,2.17000,-0.00323,-0.00416,0.00220,0.002108,-0.000751,0.000414,0.999997
200.567000,0.00908,0.00000,2.17000,-0.00323,-0.00416,0.00220,0.002108,-0.000751,0.000414,0.999997
200.600000,0.00908,0.00000,2.17000,-0.00323,-0.00416,0.00220,0.002108,-0.000751,0.000414,0.999997
200.634000,0.00908,0.00000,2.17000,-0.00323,-0.00416,0.00220,0.002108,-0.000751,0.000414,0.999997
200.667000,0.00908,0.00000,2.17000,-0.00323,-0.00416,0.00220,0.002108,-0.000751,0.000414,0.999997
200.700000,0.00908,0.00000,2.17000,-0.00323,-0.00416,0.00220,0.002108,-0.000751,0.000414,0.999997
200.734000,0.00908,0.00000,2.17000,-0.00323,-0.00416,0.00220,0.002108,-0.000751,0.000414,0.999997
200.768000,0.00000,-0.01113,2.18000,-0.00412,-0.00209,-0.00057,-0.003067,0.000416,0.000242,0.999995
200.800000,0.00000,-0.01113,2.18000,-0.00412,-0.00209,-0.00057,-0.003067,0.000416,0.000242,0.999995
200.834000,0.00000,-0.01113,2.18000,-0.00412,-0.00209,-0.00057,-0.003067,0.000416,0.000242,0.999995
200.867000,0.00000,-0.01113,2.18000,-0.00412,-0.00209,-0.00057,-0.003067,0.000416,0.000242,0.999995
200.900000,0.00000,-0.01113,2.18000,-0.00412,-0.00209,-0.00057,-0.003067,0.000416,0.000242,0.999995
200.934000,0.00000,-0.01113,2.18000,-0.00412,-0.00209,-0.00057,-0.003067,0.000416,0.000242,0.999995
200.967000,0.00000,-0.01113,2.18000,-0.00412,-0.00209,-0.00057,-0.003067,0.000416,0.000242,0.999995
201.001000,0.00000,-0.01113,2.18000,-0.00412,-0.00209,-0.00057,0.002247,0.000511,0.000278,0.999997
201.034000,0.00000,-0.01113,2.18000,-0.00151,0.00049,-0.00451,0.002247,0.000511,0.000278,0.999997
201.067000,0.00000,-0.01113,2.18000,-0.00151,0.00049,-0.00451,0.002247,0.000511,0.000278,0.999997
201.100000,0.00000,-0.01113,2.18000,-0.00151,0.00049,-0.00451,0.002247,0.000511,0.000278,0.999997
201.134000,0.00000,-0.01113,2.18000,-0.00151,0.00049,-0.00451,0.002247,0.000511,0.000278,0.999997
201.167000,0.00000,-0.01113,2.18000,-0.00151,0.00049,-0.00451,0.002247,0.000511,0.000278,0.999997
201.200000,0.00000,-0.01113,2.18000,-0.00151,0.00049,-0.00451,0.002247,0.000511,0.000278,0.999997
201.234000,0.00000,-0.01113,2.18000,-0.00151,0.00049,-0.00451,0.002247,0.000511,0.000278,0.999997
201.268000,0.00000,-0.01113,2.18000,0.00018,0.00480,-0.00304,-0.003636,0.000217,0.000216,0.999993
201.300000,0.00000,-0.01113,2.18000,0.00018,0.00480,-0.00304,-0.003636,0.000217,0.000216,0.999993
201.334000,0.00000,-0.01113,2.18000,0.00018,0.00480,-0.00304,-0.003636,0.000217,0.000216,0.999993
201.367000,0.00000,-0.01113,2.18000,0.00018,0.00480,-0.00304,-0.003636,0.000217,0.000216,0.999993
201.400000,0.00000,-0.01113,2.18000,0.00018,0.00480,-0.00304,-0.003636,0.000217,0.000216,0.999993
201.434000,0.00000,-0.01113,2.18000,0.00018,0.00480,-0.00304,-0.003636,0.000217,0.000216,0.999993
201.467000,0.00000,-0.01113,2.18000,0.00018,0.00480,-0.00304,-0.003636,0.000217,0.000216,0.999993
201.501000,0.00000,-0.01113,2.18000,0.00018,0.00480,-0.00304,0.002198,0.000166,0.000225,0.999998
201.535000,0.00000,-0.01113,2.18000,0.00121,0.01026,-0.00027,0.002198,0.000166,0.000225,0.999998
201.567000,0.00000,-0.01113,2.18000,0.00121,0.01026,-0.00027,0.002198,0.000166,0.000225,0.999998
201.600000,0.00000,-0.01113,2.18000,0.00121,0.01026,-0.00027,0.002198,0.000166,0.000225,0.999998
201.634000,0.00000,-0.01113,2.18000,0.00121,0.01026,-0.00027,0.002198,0.000166,0.000225,0.999998
201.667000,0.00000,-0.01113,2.18000,0.00121,0.01026,-0.00027,0.002198,0.000166,0.000225,0.999998
201.700000,0.00000,-0.01113,2.18000,0.00121,0.01026,-0.00027,0.002198,0.000166,0.000225,0.999998
201.734000,0.00000,-0.01113,2.18000,0.00121,0.01026,-0.00027,0.002198,0.000166,0.000225,0.999998
201.768000,0.00000,-0.01113,2.18000,0.00180,0.01096,0.00113,-0.002347,0.000116,0.000331,0.999997
201.800000,0.00000,-0.01113,2.18000,0.00180,0.01096,0.00113,-0.002347,0.000116,0.000331,0.999997
201.834000,0.00000,-0.01113,2.18000,0.00180,0.01096,0.00113,-0.002347,0.000116,0.000331,0.999997
201.867000,0.00000,-0.01113,2.18000,0.00180,0.01096,0.00113,-0.002347,0.000116,0.000331,0.999997
201.900000,0.00000,-0.01113,2.18000,0.00180,0.01096,0.00113,-0.002347,0.000116,0.000331,0.999997
201.934000,0.00000,-0.01113,2.18000,0.00180,0.01096,0.00113,-0.002347,0.000116,0.000331,0.999997
201.967000,0.00000,-0.01113,2.18000,0.00180,0.01096,0.00113,-0.002347,0.000116,0.000331,0.999997
202.001000,0.00000,-0.01113,2.18000,0.00209,0.01233,-0.00021,0.001878,0.000021,0.000197,0.999998
202.034000,0.00000,-0.01113,2.18000,0.00209,0.01233,-0.00021,0.001878,0.000021,0.000197,0.999998
202.067000,0.00000,-0.01113,2.18000,0.00209,0.01233,-0.00021,0.001878,0.000021,0.000197,0.999998
202.100000,0.00000,-0.01113,2.18000,0.00209,0.01233,-0.00021,0.001878,0.000021,0.000197,0.999998
202.134000,0.00000,-0.01113,2.18000,0.00209,0.01233,-0.00021,0.001878,0.000021,0.000197,0.999998
202.167000,0.00000,-0.01113,2.18000,0.00209,0.01233,-0.00021,0.001878,0.000021,0.000197,0.999998
202.200000,0.00000,-0.01113,2.18000,0.00209,0.01233,-0.00021,0.001878,0.000021,0.000197,0.999998
202.234000,0.00000,-0.01113,2.18000,0.00209,0.01233,-0.00021,0.001878,0.000021,0.000197,0.999998
202.268000,0.00000,-0.01113,2.17000,0.00195,0.00986,0.00042,-0.000682,-0.000057,0.000443,1.000000
202.300000,0.00000,-0.01113,2.17000,0.00195,0.00986,0.00042,-0.000682,-0.000057,0.000443,1.000000
202.335000,0.00000,-0.01113,2.17000,0.00195,0.00986,0.00042,-0.000682,-0.000057,0.000443,1.000000
202.367000,0.00000,-0.01113,2.17000,0.00195,0.00986,0.00042,-0.000682,-0.000057,0.000443,1.000000
202.400000,0.00000,-0.01113,2.17000,0.00195,0.00986,0.00042,-0.000682,-0.000057,0.000443,1.000000
202.434000,0.00000,-0.01113,2.17000,0.00195,0.00986,0.00042,-0.000682,-0.000057,0.000443,1.000000
202.467000,0.00000,-0.01113,2.17000,0.00195,0.00986,0.00042,-0.000682,-0.000057,0.000443,1.000000
202.501000,0.00000,-0.01113,2.17000,0.00195,0.00986,0.00042,0.000058,-0.000169,0.000152,1.000000
202.534000,0.00908,0.00000,2.18000,0.00186,0.01265,0.00517,0.000058,-0.000169,0.000152,1.000000
202.567000,0.00908,0.00000,2.18000,0.00186,0.01265,0.00517,0.000058,-0.000169,0.000152,1.000000
202.600000,0.00908,0.00000,2.18000,0.00186,0.01265,0.00517,0.000058,-0.000169,0.000152,1.000000
202.634000,0.00908,0.00000,2.18000,0.00186,0.01265,0.00517,0.000058,-0.000169,0.000152,1.000000
202.667000,0.00908,0.00000,2.18000,0.00186,0.01265,0.00517,0.000058,-0.000169,0.000152,1.000000
202.700000,0.00908,0.00000,2.18000,0.00186,0.01265,0.00517,0.000058,-0.000169,0.000152,1.000000
202.735000,0.00908,0.00000,2.18000,0.00186,0.01265,0.00517,0.000058,-0.000169,0.000152,1.000000
202.768000,0.00908,0.00000,2.18000,-0.00139,0.00515,0.00101,0.002727,-0.000841,0.000430,0.999996
202.800000,0.00908,0.00000,2.18000,-0.00139,0.00515,0.00101,0.002727,-0.000841,0.000430,0.999996
202.834000,0.00908,0.00000,2.18000,-0.00139,0.00515,0.00101,0.002727,-0.000841,0.000430,0.999996
202.867000,0.00908,0.00000,2.18000,-0.00139,0.00515,0.00101,0.002727,-0.000841,0.000430,0.999996
202.900000,0.00908,0.00000,2.18000,-0.00139,0.00515,0.00101,0.002727,-0.000841,0.000430,0.999996
202.934000,0.00908,0.00000,2.18000,-0.00139,0.00515,0.00101,0.002727,-0.000841,0.000430,0.999996
202.967000,0.00908,0.00000,2.18000,-0.00139,0.00515,0.00101,0.002727,-0.000841,0.000430,0.999996
203.000000,0.00908,0.00000,2.18000,-0.00139,0.00515,0.00101,-0.002064,-0.000479,0.000166,0.999998
203.035000,0.00908,0.00000,2.18000,-0.00488,0.00377,0.00128,-0.002064,-0.000479,0.000166,0.999998
203.067000,0.00908,0.00000,2.18000,-0.00488,0.00377,0.00128,-0.002064,-0.000479,0.000166,0.999998
203.100000,0.00908,0.00000,2.18000,-0.00488,0.00377,0.00128,-0.002064,-0.000479,0.000166,0.999998
203.134000,0.00908,0.00000,2.18000,-0.00488,0.00377,0.00128,-0.002064,-0.000479,0.000166,0.999998
203.167000,0.00908,0.00000,2.18000,-0.00488,0.00377,0.00128,-0.002064,-0.000479,0.000166,0.999998
203.201000,0.00908,0.00000,2.18000,-0.00488,0.00377,0.00128,-0.002064,-0.000479,0.000166,0.999998
203.234000,0.00908,0.00000,2.18000,-0.00488,0.00377,0.00128,-0.002064,-0.000479,0.000166,0.999998
203.268000,0.00908,0.00000,2.18000,-0.00767,-0.00026,-0.00203,0.003049,-0.000536,0.000394,0.999995
203.300000,0.00908,0.00000,2.18000,-0.00767,-0.00026,-0.00203,0.003049,-0.000536,0.000394,0.999995
203.334000,0.00908,0.00000,2.18000,-0.00767,-0.00026,-0.00203,0.003049,-0.000536,0.000394,0.999995
203.367000,0.00908,0.00000,2.18000,-0.00767,-0.00026,-0.00203,0.003049,-0.000536,0.000394,0.999995
203.400000,0.00908,0.00000,2.18000,-0.00767,-0.00026,-0.00203,0.003049,-0.000536,0.000394,0.999995
203.434000,0.00908,0.00000,2.18000,-0.00767,-0.00026,-0.00203,0.003049,-0.000536,0.000394,0.999995
203.467000,0.00908,0.00000,2.18000,-0.00767,-0.00026,-0.00203,0.003049,-0.000536,0.000394,0.999995
203.501000,0.00908,0.00000,2.18000,-0.00767,-0.00026,-0.00203,-0.003261,-0.000122,0.000162,0.999995
203.534000,0.00908,0.00000,2.18000,-0.00909,-0.00055,-0.00389,-0.003261,-0.000122,0.000162,0.999995
203.567000,0.00908,0.00000,2.18000,-0.00909,-0.00055,-0.00389,-0.003261,-0.000122,0.000162,0.999995
203.601000,0.00908,0.00000,2.18000,-0.00909,-0.00055,-0.00389,-0.003261,-0.000122,0.000162,0.999995
203.634000,0.00908,0.00000,2.18000,-0.00909,-0.00055,-0.00389,-0.003261,-0.000122,0.000162,0.999995
203.667000,0.00908,0.00000,2.18000,-0.00909,-0.00055,-0.00389,-0.003261,-0.000122,0.000162,0.999995
203.700000,0.00908,0.00000,2.18000,-0.00909,-0.00055,-0.00389,-0.003261,-0.000122,0.000162,0.999995
203.734000,0.00908,0.00000,2.18000,-0.00909,-0.00055,-0.00389,-0.003261,-0.000122,0.000162,0.999995
203.768000,0.00908,0.00000,2.18000,-0.00913,0.00039,-0.00012,0.002721,0.000012,0.000256,0.999996
203.800000,0.00908,0.00000,2.18000,-0.00913,0.00039,-0.00012,0.002721,0.000012,0.000256,0.999996
203.834000,0.00908,0.00000,2.18000,-0.00913,0.00039,-0.00012,0.002721,0.000012,0.000256,0.999996
203.867000,0.00908,0.00000,2.18000,-0.00913,0.00039,-0.00012,0.002721,0.000012,0.000256,0.999996
203.900000,0.00908,0.00000,2.18000,-0.00913,0.00039,-0.00012,0.002721,0.000012,0.000256,0.999996
203.934000,0.00908,0.00000,2.18000,-0.00913,0.00039,-0.00012,0.002721,0.000012,0.000256,0.999996
203.967000,0.00908,0.00000,2.18000,-0.00913,0.00039,-0.00012,0.002721,0.000012,0.000256,0.999996
204.000000,0.00908,0.00000,2.18000,-0.00913,0.00039,-0.00012,-0.002115,-0.000048,0.000403,0.999998
204.034000,0.00908,0.00000,2.18000,-0.00937,-0.00265,-0.00339,-0.002115,-0.000048,0.000403,0.999998
204.067000,0.00908,0.00000,2.18000,-0.00937,-0.00265,-0.00339,-0.002115,-0.000048,0.000403,0.999998
204.100000,0.00908,0.00000,2.18000,-0.00937,-0.00265,-0.00339,-0.002115,-0.000048,0.000403,0.999998
204.134000,0.00908,0.00000,2.18000,-0.00937,-0.00265,-0.00339,-0.002115,-0.000048,0.000403,0.999998
204.167000,0.00908,0.00000,2.18000,-0.00937,-0.00265,-0.00339,-0.002115,-0.000048,0.000403,0.999998
204.200000,0.00908,0.00000,2.18000,-0.00937,-0.00265,-0.00339,-0.002115,-0.000048,0.000403,0.999998
204.234000,0.00908,0.00000,2.18000,-0.00937,-0.00265,-0.00339,-0.002115,-0.000048,0.000403,0.999998
204.268000,0.00000,0.00000,2.18000,-0.00775,-0.00144,-0.00017,0.001814,0.000908,0.000221,0.999998
204.300000,0.00000,0.00000,2.18000,-0.00775,-0.00144,-0.00017,0.001814,0.000908,0.000221,0.999998
204.334000,0.00000,0.00000,2.18000,-0.00775,-0.00144,-0.00017,0.001814,0.000908,0.000221,0.999998
204.367000,0.00000,0.00000,2.18000,-0.00775,-0.00144,-0.00017,0.001814,0.000908,0.000221,0.999998
204.400000,0.00000,0.00000,2.18000,-0.00775,-0.00144,-0.00017,0.001814,0.000908,0.000221,0.999998
204.434000,0.00000,0.00000,2.18000,-0.00775,-0.00144,-0.00017,0.001814,0.000908,0.000221,0.999998
204.467000,0.00000,0.00000,2.18000,-0.00775,-0.00144,-0.00017,0.001814,0.000908,0.000221,0.999998
204.500000,0.00000,0.00000,2.18000,-0.00775,-0.00144,-0.00017,-0.000656,0.000756,0.000427,0.999999
204.535000,0.00000,0.00000,2.18000,-0.00306,-0.00449,0.00191,-0.000656,0.000756,0.000427,0.999999
204.567000,0.00000,0.00000,2.18000,-0.00306,-0.00449,0.00191,-0.000656,0.000756,0.000427,0.999999
204.600000,0.00000,0.00000,2.18000,-0.00306,-0.00449,0.00191,-0.000656,0.000756,0.000427,0.999999
204.634000,0.00000,0.00000,2.18000,-0.00306,-0.00449,0.00191,-0.000656,0.000756,0.000427,0.999999
204.667000,0.00000,0.00000,2.18000,-0.00306,-0.00449,0.00191,-0.000656,0.000756,0.000427,0.999999
204.700000,0.00000,0.00000,2.18000,-0.00306,-0.00449,0.00191,-0.000656,0.000756,0.000427,0.999999
204.734000,0.00000,0.00000,2.18000,-0.00306,-0.00449,0.00191,-0.000656,0.000756,0.000427,0.999999
204.768000,0.00000,0.00000,2.18000,-0.00054,-0.00116,0.00062,-0.000728,0.000326,0.000188,1.000000
204.800000,0.00000,0.00000,2.18000,-0.00054,-0.00116,0.00062,-0.000728,0.000326,0.000188,1.000000
204.834000,0.00000,0.00000,2.18000,-0.00054,-0.00116,0.00062,-0.000728,0.000326,0.000188,1.000000
204.867000,0.00000,0.00000,2.18000,-0.00054,-0.00116,0.00062,-0.000728,0.000326,0.000188,1.000000
204.900000,0.00000,0.00000,2.18000,-0.00054,-0.00116,0.00062,-0.000728,0.000326,0.000188,1.000000
204.934000,0.00000,0.00000,2.18000,-0.00054,-0.00116,0.00062,-0.000728,0.000326,0.000188,1.000000
204.967000,0.00000,0.00000,2.18000,-0.00054,-0.00116,0.00062,-0.000728,0.000326,0.000188,1.000000
205.002000,0.00000,0.00000,2.18000,0.00053,-0.00371,0.00159,0.001710,0.000170,0.000430,0.999998
205.034000,0.00000,0.00000,2.18000,0.00053,-0.00371,0.00159,0.001710,0.000170,0.000430,0.999998
205.067000,0.00000,0.00000,2.18000,0.00053,-0.00371,0.00159,0.001710,0.000170,0.000430,0.999998
205.100000,0.00000,0.00000,2.18000,0.00053,-0.00371,0.00159,0.001710,0.000170,0.000430,0.999998
205.134000,0.00000,0.00000,2.18000,0.00053,-0.00371,0.00159,0.001710,0.000170,0.000430,0.999998
205.167000,0.00000,0.00000,2.18000,0.00053,-0.00371,0.00159,0.001710,0.000170,0.000430,0.999998
205.201000,0.00000,0.00000,2.18000,0.00053,-0.00371,0.00159,0.001710,0.000170,0.000430,0.999998
205.234000,0.00000,0.00000,2.18000,0.00053,-0.00371,0.00159,0.001710,0.000170,0.000430,0.999998
205.268000,0.00000,0.00000,2.18000,0.00110,-0.00147,-0.00203,-0.002103,0.000105,0.000182,0.999998
205.300000,0.00000,0.00000,2.18000,0.00110,-0.00147,-0.00203,-0.002103,0.000105,0.000182,0.999998
205.335000,0.00000,0.00000,2.18000,0.00110,-0.00147,-0.00203,-0.002103,0.000105,0.000182,0.999998
205.367000,0.00000,0.00000,2.18000,0.00110,-0.00147,-0.00203,-0.002103,0.000105,0.000182,0.999998
205.401000,0.00000,0.00000,2.18000,0.00110,-0.00147,-0.00203,-0.002103,0.000105,0.000182,0.999998
205.434000,0.00000,0.00000,2.18000,0.00110,-0.00147,-0.00203,-0.002103,0.000105,0.000182,0.999998
205.467000,0.00000,0.00000,2.18000,0.00110,-0.00147,-0.00203,-0.002103,0.000105,0.000182,0.999998
205.501000,0.00000,0.00000,2.18000,0.00110,-0.00147,-0.00203,0.003060,0.000063,0.000289,0.999995
205.534000,0.00000,0.00000,2.18000,0.00161,-0.00328,-0.00154,0.003060,0.000063,0.000289,0.999995
205.568000,0.00000,0.00000,2.18000,0.00161,-0.00328,-0.00154,0.003060,0.000063,0.000289,0.999995
205.600000,0.00000,0.00000,2.18000,0.00161,-0.00328,-0.00154,0.003060,0.000063,0.000289,0.999995
205.634000,0.00000,0.00000,2.18000,0.00161,-0.00328,-0.00154,0.003060,0.000063,0.000289,0.999995
205.667000,0.00000,0.00000,2.18000,0.00161,-0.00328,-0.00154,0.003060,0.000063,0.000289,0.999995
205.700000,0.00000,0.00000,2.18000,0.00161,-0.00328,-0.00154,0.003060,0.000063,0.000289,0.999995
205.735000,0.00000,0.00000,2.18000,0.00161,-0.00328,-0.00154,0.003060,0.000063,0.000289,0.999995
205.768000,0.00000,0.00000,2.18000,0.00181,-0.00358,-0.00577,-0.002978,-0.000024,0.000164,0.999996
205.800000,0.00000,0.00000,2.18000,0.00181,-0.00358,-0.00577,-0.002978,-0.000024,0.000164,0.999996
205.834000,0.00000,0.00000,2.18000,0.00181,-0.00358,-0.00577,-0.002978,-0.000024,0.000164,0.999996
205.867000,0.00000,0.00000,2.18000,0.00181,-0.00358,-0.00577,-0.002978,-0.000024,0.000164,0.999996
205.900000,0.00000,0.00000,2.18000,0.00181,-0.00358,-0.00577,-0.002978,-0.000024,0.000164,0.999996
205.934000,0.00000,0.00000,2.18000,0.00181,-0.00358,-0.00577,-0.002978,-0.000024,0.000164,0.999996
205.967000,0.00000,0.00000,2.18000,0.00181,-0.00358,-0.00577,-0.002978,-0.000024,0.000164,0.999996
206.000000,0.00000,0.00000,2.18000,0.00181,-0.00358,-0.00577,0.002698,-0.000007,0.000276,0.999996
206.034000,0.00000,0.00000,2.18000,0.00163,-0.00233,-0.00304,0.002698,-0.000007,0.000276,0.999996
206.067000,0.00000,0.00000,2.18000,0.00163,-0.00233,-0.00304,0.002698,-0.000007,0.000276,0.999996
206.100000,0.00000,0.00000,2.18000,0.00163,-0.00233,-0.00304,0.002698,-0.000007,0.000276,0.999996
206.134000,0.00000,0.00000,2.18000,0.00163,-0.00233,-0.00304,0.002698,-0.000007,0.000276,0.999996
206.167000,0.00000,0.00000,2.18000,0.00163,-0.00233,-0.00304,0.002698,-0.000007,0.000276,0.999996
206.200000,0.00000,0.00000,2.18000,0.00163,-0.00233,-0.00304,0.002698,-0.000007,0.000276,0.999996
206.234000,0.00000,0.00000,2.18000,0.00163,-0.00233,-0.00304,0.002698,-0.000007,0.000276,0.999996
206.268000,0.00000,0.00000,2.18000,0.00181,-0.00316,-0.00310,-0.002426,0.000067,0.000286,0.999997
206.300000,0.00000,0.00000,2.18000,0.00181,-0.00316,-0.00310,-0.002426,0.000067,0.000286,0.999997
206.334000,0.00000,0.00000,2.18000,0.00181,-0.00316,-0.00310,-0.002426,0.000067,0.000286,0.999997
206.367000,0.00000,0.00000,2.18000,0.00181,-0.00316,-0.00310,-0.002426,0.000067,0.000286,0.999997
206.400000,0.00000,0.00000,2.18000,0.00181,-0.00316,-0.00310,-0.002426,0.000067,0.000286,0.999997
206.434000,0.00000,0.00000,2.18000,0.00181,-0.00316,-0.00310,-0.002426,0.000067,0.000286,0.999997
206.467000,0.00000,0.00000,2.18000,0.00181,-0.00316,-0.00310,-0.002426,0.000067,0.000286,0.999997
206.500000,0.00000,0.00000,2.18000,0.00181,-0.00316,-0.00310,0.001501,0.000027,0.000214,0.999999
206.535000,0.00000,0.00000,2.18000,0.00219,-0.00065,0.00167,0.001501,0.000027,0.000214,0.999999
206.567000,0.00000,0.00000,2.18000,0.00219,-0.00065,0.00167,0.001501,0.000027,0.000214,0.999999
206.600000,0.00000,0.00000,2.18000,0.00219,-0.00065,0.00167,0.001501,0.000027,0.000214,0.999999
206.634000,0.00000,0.00000,2.18000,0.00219,-0.00065,0.00167,0.001501,0.000027,0.000214,0.999999
206.667000,0.00000,0.00000,2.18000,0.00219,-0.00065,0.00167,0.001501,0.000027,0.000214,0.999999
206.701000,0.00000,0.00000,2.18000,0.00219,-0.00065,0.00167,0.001501,0.000027,0.000214,0.999999
206.734000,0.00000,0.00000,2.18000,0.00219,-0.00065,0.00167,0.001501,0.000027,0.000214,0.999999
206.768000,0.00000,0.00000,2.18000,0.00223,-0.00326,0.00308,-0.001303,0.000002,0.000396,0.999999
206.800000,0.00000,0.00000,2.18000,0.00223,-0.00326,0.00308,-0.001303,0.000002,0.000396,0.999999
206.834000,0.00000,0.00000,2.18000,0.00223,-0.00326,0.00308,-0.001303,0.000002,0.000396,0.999999
206.867000,0.00000,0.00000,2.18000,0.00223,-0.00326,0.00308,-0.001303,0.000002,0.000396,0.999999
206.900000,0.00000,0.00000,2.18000,0.00223,-0.00326,0.00308,-0.001303,0.000002,0.000396,0.999999
206.934000,0.00000,0.00000,2.18000,0.00223,-0.00326,0.00308,-0.001303,0.000002,0.000396,0.999999
206.967000,0.00000,0.00000,2.18000,0.00223,-0.00326,0.00308,-0.001303,0.000002,0.000396,0.999999
207.000000,0.00000,0.00000,2.18000,0.00223,-0.00326,0.00308,0.000096,-0.000027,0.000191,1.000000
207.035000,0.00000,0.00000,2.18000,0.00218,0.00060,0.00239,0.000096,-0.000027,0.000191,1.000000
207.067000,0.00000,0.00000,2.18000,0.00218,0.00060,0.00239,0.000096,-0.000027,0.000191,1.000000
207.100000,0.00000,0.00000,2.18000,0.00218,0.00060,0.00239,0.000096,-0.000027,0.000191,1.000000
207.134000,0.00000,0.00000,2.18000,0.00218,0.00060,0.00239,0.000096,-0.000027,0.000191,1.000000
207.167000,0.00000,0.00000,2.18000,0.00218,0.00060,0.00239,0.000096,-0.000027,0.000191,1.000000
207.200000,0.00000,0.00000,2.18000,0.00218,0.00060,0.00239,0.000096,-0.000027,0.000191,1.000000
207.234000,0.00000,0.00000,2.18000,0.00218,0.00060,0.00239,0.000096,-0.000027,0.000191,1.000000
207.268000,0.00000,0.00000,2.17000,0.00193,-0.00281,0.00143,0.001283,-0.000029,0.000482,0.999999
207.300000,0.00000,0.00000,2.17000,0.00193,-0.00281,0.00143,0.001283,-0.000029,0.000482,0.999999
207.334000,0.00000,0.00000,2.17000,0.00193,-0.00281,0.00143,0.001283,-0.000029,0.000482,0.999999
207.367000,0.00000,0.00000,2.17000,0.00193,-0.00281,0.00143,0.001283,-0.000029,0.000482,0.999999
207.400000,0.00000,0.00000,2.17000,0.00193,-0.00281,0.00143,0.001283,-0.000029,0.000482,0.999999
207.434000,0.00000,0.00000,2.17000,0.00193,-0.00281,0.00143,0.001283,-0.000029,0.000482,0.999999
207.467000,0.00000,0.00000,2.17000,0.00193,-0.00281,0.00143,0.001283,-0.000029,0.000482,0.999999
207.500000,0.00000,0.00000,2.17000,0.00193,-0.00281,0.00143,-0.001598,-0.000121,0.000272,0.999999
207.534000,0.00000,0.00000,2.18000,0.00158,-0.00016,0.00673,-0.001598,-0.000121,0.000272,0.999999
207.567000,0.00000,0.00000,2.18000,0.00158,-0.00016,0.00673,-0.001598,-0.000121,0.000272,0.999999
207.600000,0.00000,0.00000,2.18000,0.00158,-0.00016,0.00673,-0.001598,-0.000121,0.000272,0.999999
207.634000,0.00000,0.00000,2.18000,0.00158,-0.00016,0.00673,-0.001598,-0.000121,0.000272,0.999999
207.667000,0.00000,0.00000,2.18000,0.00158,-0.00016,0.00673,-0.001598,-0.000121,0.000272,0.999999
207.700000,0.00000,0.00000,2.18000,0.00158,-0.00016,0.00673,-0.001598,-0.000121,0.000272,0.999999
207.734000,0.00000,0.00000,2.18000,0.00158,-0.00016,0.00673,-0.001598,-0.000121,0.000272,0.999999
207.768000,0.00000,0.00000,2.18000,0.00129,-0.00232,-0.00245,0.002604,0.000018,0.000361,0.999997
207.800000,0.00000,0.00000,2.18000,0.00129,-0.00232,-0.00245,0.002604,0.000018,0.000361,0.999997
207.834000,0.00000,0.00000,2.18000,0.00129,-0.00232,-0.00245,0.002604,0.000018,0.000361,0.999997
207.867000,0.00000,0.00000,2.18000,0.00129,-0.00232,-0.00245,0.002604,0.000018,0.000361,0.999997
207.900000,0.00000,0.00000,2.18000,0.00129,-0.00232,-0.00245,0.002604,0.000018,0.000361,0.999997
207.934000,0.00000,0.00000,2.18000,0.00129,-0.00232,-0.00245,0.002604,0.000018,0.000361,0.999997
207.967000,0.00000,0.00000,2.18000,0.00129,-0.00232,-0.00245,0.002604,0.000018,0.000361,0.999997
208.001000,0.00000,0.00000,2.18000,0.00129,-0.00232,-0.00245,-0.002767,0.000050,0.000222,0.999996
208.034000,0.00000,0.00000,2.18000,0.00126,-0.00093,-0.00468,-0.002767,0.000050,0.000222,0.999996
208.067000,0.00000,0.00000,2.18000,0.00126,-0.00093,-0.00468,-0.002767,0.000050,0.000222,0.999996
208.100000,0.00000,0.00000,2.18000,0.00126,-0.00093,-0.00468,-0.002767,0.000050,0.000222,0.999996
208.134000,0.00000,0.00000,2.18000,0.00126,-0.00093,-0.00468,-0.002767,0.000050,0.000222,0.999996
208.167000,0.00000,0.00000,2.18000,0.00126,-0.00093,-0.00468,-0.002767,0.000050,0.000222,0.999996
208.200000,0.00000,0.00000,2.18000,0.00126,-0.00093,-0.00468,-0.002767,0.000050,0.000222,0.999996
208.234000,0.00000,0.00000,2.18000,0.00126,-0.00093,-0.00468,-0.002767,0.000050,0.000222,0.999996
208.268000,0.00000,0.00000,2.18000,0.00170,-0.00075,-0.00463,0.002781,0.000061,0.000334,0.999996
208.300000,0.00000,0.00000,2.18000,0.00170,-0.00075,-0.00463,0.002781,0.000061,0.000334,0.999996
208.334000,0.00000,0.00000,2.18000,0.00170,-0.00075,-0.00463,0.002781,0.000061,0.000334,0.999996
208.367000,0.00000,0.00000,2.18000,0.00170,-0.00075,-0.00463,0.002781,0.000061,0.000334,0.999996
208.401000,0.00000,0.00000,2.18000,0.00170,-0.00075,-0.00463,0.002781,0.000061,0.000334,0.999996
208.434000,0.00000,0.00000,2.18000,0.00170,-0.00075,-0.00463,0.002781,0.000061,0.000334,0.999996
208.467000,0.00000,0.00000,2.18000,0.00170,-0.00075,-0.00463,0.002781,0.000061,0.000334,0.999996
208.500000,0.00000,0.00000,2.18000,0.00170,-0.00075,-0.00463,-0.002893,0.000026,0.000320,0.999996
208.534000,0.00000,0.00000,2.18000,0.00178,-0.00116,-0.00133,-0.002893,0.000026,0.000320,0.999996
208.567000,0.00000,0.00000,2.18000,0.00178,-0.00116,-0.00133,-0.002893,0.000026,0.000320,0.999996
208.600000,0.00000,0.00000,2.18000,0.00178,-0.00116,-0.00133,-0.002893,0.000026,0.000320,0.999996
208.634000,0.00000,0.00000,2.18000,0.00178,-0.00116,-0.00133,-0.002893,0.000026,0.000320,0.999996
208.667000,0.00000,0.00000,2.18000,0.00178,-0.00116,-0.00133,-0.002893,0.000026,0.000320,0.999996
208.700000,0.00000,0.00000,2.18000,0.00178,-0.00116,-0.00133,-0.002893,0.000026,0.000320,0.999996
208.734000,0.00000,0.00000,2.18000,0.00178,-0.00116,-0.00133,-0.002893,0.000026,0.000320,0.999996
208.768000,0.00000,0.00000,2.18000,0.00174,0.00017,0.00044,0.002739,-0.000106,0.000299,0.999996
208.800000,0.00000,0.00000,2.18000,0.00174,0.00017,0.00044,0.002739,-0.000106,0.000299,0.999996
208.834000,0.00000,0.00000,2.18000,0.00174,0.00017,0.00044,0.002739,-0.000106,0.000299,0.999996
208.867000,0.00000,0.00000,2.18000,0.00174,0.00017,0.00044,0.002739,-0.000106,0.000299,0.999996
208.900000,0.00000,0.00000,2.18000,0.00174,0.00017,0.00044,0.002739,-0.000106,0.000299,0.999996
208.934000,0.00000,0.00000,2.18000,0.00174,0.00017,0.00044,0.002739,-0.000106,0.000299,0.999996
208.967000,0.00000,0.00000,2.18000,0.00174,0.00017,0.00044,0.002739,-0.000106,0.000299,0.999996
209.001000,0.00000,0.00000,2.18000,0.00174,0.00017,0.00044,-0.001627,-0.000086,0.000378,0.999999
209.035000,0.00000,0.00000,2.18000,0.00118,-0.00250,0.00025,-0.001627,-0.000086,0.000378,0.999999
209.067000,0.00000,0.00000,2.18000,0.00118,-0.00250,0.00025,-0.001627,-0.000086,0.000378,0.999999
209.100000,0.00000,0.00000,2.18000,0.00118,-0.00250,0.00025,-0.001627,-0.000086,0.000378,0.999999
209.134000,0.00000,0.00000,2.18000,0.00118,-0.00250,0.00025,-0.001627,-0.000086,0.000378,0.999999
209.167000,0.00000,0.00000,2.18000,0.00118,-0.00250,0.00025,-0.001627,-0.000086,0.000378,0.999999
209.200000,0.00000,0.00000,2.18000,0.00118,-0.00250,0.00025,-0.001627,-0.000086,0.000378,0.999999
209.234000,0.00000,0.00000,2.18000,0.00118,-0.00250,0.00025,-0.001627,-0.000086,0.000378,0.999999
209.268000,0.00000,0.00000,2.18000,0.00117,-0.00046,0.00281,0.001688,0.000036,0.000285,0.999999
209.300000,0.00000,0.00000,2.18000,0.00117,-0.00046,0.00281,0.001688,0.000036,0.000285,0.999999
209.334000,0.00000,0.00000,2.18000,0.00117,-0.00046,0.00281,0.001688,0.000036,0.000285,0.999999
209.367000,0.00000,0.00000,2.18000,0.00117,-0.00046,0.00281,0.001688,0.000036,0.000285,0.999999
209.400000,0.00000,0.00000,2.18000,0.00117,-0.00046,0.00281,0.001688,0.000036,0.000285,0.999999
209.434000,0.00000,0.00000,2.18000,0.00117,-0.00046,0.00281,0.001688,0.000036,0.000285,0.999999
209.467000,0.00000,0.00000,2.18000,0.00117,-0.00046,0.00281,0.001688,0.000036,0.000285,0.999999
209.501000,0.00000,0.00000,2.18000,0.00117,-0.00046,0.00281,-0.000479,-0.000063,0.000388,1.000000
209.534000,0.00000,0.00000,2.18000,0.00120,-0.00343,0.00136,-0.000479,-0.000063,0.000388,1.000000
209.567000,0.00000,0.00000,2.18000,0.00120,-0.00343,0.00136,-0.000479,-0.000063,0.000388,1.000000
209.600000,0.00000,0.00000,2.18000,0.00120,-0.00343,0.00136,-0.000479,-0.000063,0.000388,1.000000
209.634000,0.00000,0.00000,2.18000,0.00120,-0.00343,0.00136,-0.000479,-0.000063,0.000388,1.000000
209.667000,0.00000,0.00000,2.18000,0.00120,-0.00343,0.00136,-0.000479,-0.000063,0.000388,1.000000
209.700000,0.00000,0.00000,2.18000,0.00120,-0.00343,0.00136,-0.000479,-0.000063,0.000388,1.000000
209.734000,0.00000,0.00000,2.18000,0.00120,-0.00343,0.00136,-0.000479,-0.000063,0.000388,1.000000
209.768000,0.00000,0.00000,2.18000,0.00095,-0.00100,-0.00007,0.000050,-0.000032,0.000147,1.000000
209.800000,0.00000,0.00000,2.18000,0.00095,-0.00100,-0.00007,0.000050,-0.000032,0.000147,1.000000
209.834000,0.00000,0.00000,2.18000,0.00095,-0.00100,-0.00007,0.000050,-0.000032,0.000147,1.000000
209.867000,0.00000,0.00000,2.18000,0.00095,-0.00100,-0.00007,0.000050,-0.000032,0.000147,1.000000
209.900000,0.00000,0.00000,2.18000,0.00095,-0.00100,-0.00007,0.000050,-0.000032,0.000147,1.000000
209.934000,0.00000,0.00000,2.18000,0.00095,-0.00100,-0.00007,0.000050,-0.000032,0.000147,1.000000
209.967000,0.00000,0.00000,2.18000,0.00095,-0.00100,-0.00007,0.000050,-0.000032,0.000147,1.000000
210.001000,0.00000,0.00000,2.18000,0.00095,-0.00100,-0.00007,0.001578,0.000076,0.000385,0.999999
210.035000,0.00000,0.00000,2.17000,0.00103,-0.00420,0.00373,0.001578,0.000076,0.000385,0.999999
210.067000,0.00000,0.00000,2.17000,0.00103,-0.00420,0.00373,0.001578,0.000076,0.000385,0.999999
210.100000,0.00000,0.00000,2.17000,0.00103,-0.00420,0.00373,0.001578,0.000076,0.000385,0.999999
210.134000,0.00000,0.00000,2.17000,0.00103,-0.00420,0.00373,0.001578,0.000076,0.000385,0.999999
210.167000,0.00000,0.00000,2.17000,0.00103,-0.00420,0.00373,0.001578,0.000076,0.000385,0.999999
210.200000,0.00000,0.00000,2.17000,0.00103,-0.00420,0.00373,0.001578,0.000076,0.000385,0.999999
210.234000,0.00000,0.00000,2.17000,0.00103,-0.00420,0.00373,0.001578,0.000076,0.000385,0.999999
210.268000,0.00000,0.00000,2.18000,0.00134,-0.00185,0.00439,-0.002234,0.000045,0.000108,0.999997
210.300000,0.00000,0.00000,2.18000,0.00134,-0.00185,0.00439,-0.002234,0.000045,0.000108,0.999997
210.334000,0.00000,0.00000,2.18000,0.00134,-0.00185,0.00439,-0.002234,0.000045,0.000108,0.999997
210.367000,0.00000,0.00000,2.18000,0.00134,-0.00185,0.00439,-0.002234,0.000045,0.000108,0.999997
210.400000,0.00000,0.00000,2.18000,0.00134,-0.00185,0.00439,-0.002234,0.000045,0.000108,0.999997
210.434000,0.00000,0.00000,2.18000,0.00134,-0.00185,0.00439,-0.002234,0.000045,0.000108,0.999997
210.467000,0.00000,0.00000,2.18000,0.00134,-0.00185,0.00439,-0.002234,0.000045,0.000108,0.999997
210.501000,0.00000,0.00000,2.18000,0.00134,-0.00185,0.00439,0.002801,0.000022,0.000402,0.999996
210.535000,0.00000,0.00000,2.18000,0.00148,-0.00301,-0.00150,0.002801,0.000022,0.000402,0.999996
210.567000,0.00000,0.00000,2.18000,0.00148,-0.00301,-0.00150,0.002801,0.000022,0.000402,0.999996
210.600000,0.00000,0.00000,2.18000,0.00148,-0.00301,-0.00150,0.002801,0.000022,0.000402,0.999996
210.634000,0.00000,0.00000,2.18000,0.00148,-0.00301,-0.00150,0.002801,0.000022,0.000402,0.999996
210.667000,0.00000,0.00000,2.18000,0.00148,-0.00301,-0.00150,0.002801,0.000022,0.000402,0.999996
210.700000,0.00000,0.00000,2.18000,0.00148,-0.00301,-0.00150,0.002801,0.000022,0.000402,0.999996
210.734000,0.00000,0.00000,2.18000,0.00148,-0.00301,-0.00150,0.002801,0.000022,0.000402,0.999996
210.768000,0.00000,0.00000,2.18000,0.00122,-0.00205,-0.00026,-0.003074,-0.000055,0.000231,0.999995
210.800000,0.00000,0.00000,2.18000,0.00122,-0.00205,-0.00026,-0.003074,-0.000055,0.000231,0.999995
210.834000,0.00000,0.00000,2.18000,0.00122,-0.00205,-0.00026,-0.003074,-0.000055,0.000231,0.999995
210.867000,0.00000,0.00000,2.18000,0.00122,-0.00205,-0.00026,-0.003074,-0.000055,0.000231,0.999995
210.900000,0.00000,0.00000,2.18000,0.00122,-0.00205,-0.00026,-0.003074,-0.000055,0.000231,0.999995
210.934000,0.00000,0.00000,2.18000,0.00122,-0.00205,-0.00026,-0.003074,-0.000055,0.000231,0.999995
210.967000,0.00000,0.00000,2.18000,0.00122,-0.00205,-0.00026,-0.003074,-0.000055,0.000231,0.999995
211.000000,0.00000,0.00000,2.18000,0.00122,-0.00205,-0.00026,0.002543,0.000008,0.000282,0.999997
211.034000,0.00000,0.00000,2.18000,0.00101,-0.00052,-0.00131,0.002543,0.000008,0.000282,0.999997
211.067000,0.00000,0.00000,2.18000,0.00101,-0.00052,-0.00131,0.002543,0.000008,0.000282,0.999997
211.100000,0.00000,0.00000,2.18000,0.00101,-0.00052,-0.00131,0.002543,0.000008,0.000282,0.999997
211.134000,0.00000,0.00000,2.18000,0.00101,-0.00052,-0.00131,0.002543,0.000008,0.000282,0.999997
211.167000,0.00000,0.00000,2.18000,0.00101,-0.00052,-0.00131,0.002543,0.000008,0.000282,0.999997
211.200000,0.00000,0.00000,2.18000,0.00101,-0.00052,-0.00131,0.002543,0.000008,0.000282,0.999997
211.234000,0.00000,0.00000,2.18000,0.00101,-0.00052,-0.00131,0.002543,0.000008,0.000282,0.999997
211.268000,0.00000,0.00000,2.18000,0.00111,-0.00108,-0.00148,-0.002366,0.000013,0.000257,0.999997
211.300000,0.00000,0.00000,2.18000,0.00111,-0.00108,-0.00148,-0.002366,0.000013,0.000257,0.999997
211.334000,0.00000,0.00000,2.18000,0.00111,-0.00108,-0.00148,-0.002366,0.000013,0.000257,0.999997
211.367000,0.00000,0.00000,2.18000,0.00111,-0.00108,-0.00148,-0.002366,0.000013,0.000257,0.999997
211.401000,0.00000,0.00000,2.18000,0.00111,-0.00108,-0.00148,-0.002366,0.000013,0.000257,0.999997
211.434000,0.00000,0.00000,2.18000,0.00111,-0.00108,-0.00148,-0.002366,0.000013,0.000257,0.999997
211.467000,0.00000,0.00000,2.18000,0.00111,-0.00108,-0.00148,-0.002366,0.000013,0.000257,0.999997
211.500000,0.00000,0.00000,2.18000,0.00111,-0.00108,-0.00148,0.001527,0.000062,0.000253,0.999999
211.535000,0.00000,0.00000,2.18000,0.00131,0.00080,0.00049,0.001527,0.000062,0.000253,0.999999
211.567000,0.00000,0.00000,2.18000,0.00131,0.00080,0.00049,0.001527,0.000062,0.000253,0.999999
211.600000,0.00000,0.00000,2.18000,0.00131,0.00080,0.00049,0.001527,0.000062,0.000253,0.999999
211.634000,0.00000,0.00000,2.18000,0.00131,0.00080,0.00049,0.001527,0.000062,0.000253,0.999999
211.667000,0.00000,0.00000,2.18000,0.00131,0.00080,0.00049,0.001527,0.000062,0.000253,0.999999
211.700000,0.00000,0.00000,2.18000,0.00131,0.00080,0.00049,0.001527,0.000062,0.000253,0.999999
211.734000,0.00000,0.00000,2.18000,0.00131,0.00080,0.00049,0.001527,0.000062,0.000253,0.999999
211.768000,0.00000,0.00000,2.18000,0.00149,-0.00251,0.00155,-0.000882,0.000018,0.000354,1.000000
211.800000,0.00000,0.00000,2.18000,0.00149,-0.00251,0.00155,-0.000882,0.000018,0.000354,1.000000
211.834000,0.00000,0.00000,2.18000,0.00149,-0.00251,0.00155,-0.000882,0.000018,0.000354,1.000000
211.867000,0.00000,0.00000,2.18000,0.00149,-0.00251,0.00155,-0.000882,0.000018,0.000354,1.000000
211.900000,0.00000,0.00000,2.18000,0.00149,-0.00251,0.00155,-0.000882,0.000018,0.000354,1.000000
211.934000,0.00000,0.00000,2.18000,0.00149,-0.00251,0.00155,-0.000882,0.000018,0.000354,1.000000
211.967000,0.00000,0.00000,2.18000,0.00149,-0.00251,0.00155,-0.000882,0.000018,0.000354,1.000000
212.000000,0.00000,0.00000,2.18000,0.00149,-0.00251,0.00155,-0.000882,0.000018,0.000354,1.000000
212.035000,0.00000,0.00000,2.18000,0.00159,0.00050,0.00053,-0.000310,0.000038,0.000108,1.000000
212.067000,0.00000,0.00000,2.18000,0.00159,0.00050,0.00053,-0.000310,0.000038,0.000108,1.000000
212.100000,0.00000,0.00000,2.18000,0.00159,0.00050,0.00053,-0.000310,0.000038,0.000108,1.000000
212.134000,0.00000,0.00000,2.18000,0.00159,0.00050,0.00053,-0.000310,0.000038,0.000108,1.000000
212.167000,0.00000,0.00000,2.18000,0.00159,0.00050,0.00053,-0.000310,0.000038,0.000108,1.000000
212.200000,0.00000,0.00000,2.18000,0.00159,0.00050,0.00053,-0.000310,0.000038,0.000108,1.000000
212.234000,0.00000,0.00000,2.18000,0.00159,0.00050,0.00053,-0.000310,0.000038,0.000108,1.000000
212.268000,0.00000,0.00000,2.18000,0.00156,-0.00220,0.00242,0.001044,-0.000008,0.000392,0.999999
212.300000,0.00000,0.00000,2.18000,0.00156,-0.00220,0.00242,0.001044,-0.000008,0.000392,0.999999
212.334000,0.00000,0.00000,2.18000,0.00156,-0.00220,0.00242,0.001044,-0.000008,0.000392,0.999999
212.367000,0.00000,0.00000,2.18000,0.00156,-0.00220,0.00242,0.001044,-0.000008,0.000392,0.999999
212.400000,0.00000,0.00000,2.18000,0.00156,-0.00220,0.00242,0.001044,-0.000008,0.000392,0.999999
212.434000,0.00000,0.00000,2.18000,0.00156,-0.00220,0.00242,0.001044,-0.000008,0.000392,0.999999
212.467000,0.00000,0.00000,2.18000,0.00156,-0.00220,0.00242,0.001044,-0.000008,0.000392,0.999999
212.500000,0.00000,0.00000,2.18000,0.00156,-0.00220,0.00242,-0.002104,-0.000031,0.000073,0.999998
212.534000,0.00000,0.00000,2.18000,0.00146,0.00079,-0.00167,-0.002104,-0.000031,0.000073,0.999998
212.567000,0.00000,0.00000,2.18000,0.00146,0.00079,-0.00167,-0.002104,-0.000031,0.000073,0.999998
212.600000,0.00000,0.00000,2.18000,0.00146,0.00079,-0.00167,-0.002104,-0.000031,0.000073,0.999998
212.634000,0.00000,0.00000,2.18000,0.00146,0.00079,-0.00167,-0.002104,-0.000031,0.000073,0.999998
212.668000,0.00000,0.00000,2.18000,0.00146,0.00079,-0.00167,-0.002104,-0.000031,0.000073,0.999998
212.701000,0.00000,0.00000,2.18000,0.00146,0.00079,-0.00167,-0.002104,-0.000031,0.000073,0.999998
212.734000,0.00000,0.00000,2.18000,0.00146,0.00079,-0.00167,-0.002104,-0.000031,0.000073,0.999998
212.768000,0.00000,0.00000,2.18000,0.00119,-0.00037,-0.00270,0.002488,-0.000058,0.000286,0.999997
212.801000,0.00000,0.00000,2.18000,0.00119,-0.00037,-0.00270,0.002488,-0.000058,0.000286,0.999997
212.834000,0.00000,0.00000,2.18000,0.00119,-0.00037,-0.00270,0.002488,-0.000058,0.000286,0.999997
212.867000,0.00000,0.00000,2.18000,0.00119,-0.00037,-0.00270,0.002488,-0.000058,0.000286,0.999997
212.900000,0.00000,0.00000,2.18000,0.00119,-0.00037,-0.00270,0.002488,-0.000058,0.000286,0.999997
212.934000,0.00000,0.00000,2.18000,0.00119,-0.00037,-0.00270,0.002488,-0.000058,0.000286,0.999997
212.967000,0.00000,0.00000,2.18000,0.00119,-0.00037,-0.00270,0.002488,-0.000058,0.000286,0.999997
213.000000,0.00000,0.00000,2.18000,0.00119,-0.00037,-0.00270,-0.002838,-0.000086,0.000308,0.999996
213.035000,0.00000,0.00000,2.18000,0.00090,-0.00083,-0.00613,-0.002838,-0.000086,0.000308,0.999996
213.067000,0.00000,0.00000,2.18000,0.00090,-0.00083,-0.00613,-0.002838,-0.000086,0.000308,0.999996
213.101000,0.00000,0.00000,2.18000,0.00090,-0.00083,-0.00613,-0.002838,-0.000086,0.000308,0.999996
213.134000,0.00000,0.00000,2.18000,0.00090,-0.00083,-0.00613,-0.002838,-0.000086,0.000308,0.999996
213.167000,0.00000,0.00000,2.18000,0.00090,-0.00083,-0.00613,-0.002838,-0.000086,0.000308,0.999996
213.200000,0.00000,0.00000,2.18000,0.00090,-0.00083,-0.00613,-0.002838,-0.000086,0.000308,0.999996
213.234000,0.00000,0.00000,2.18000,0.00090,-0.00083,-0.00613,-0.002838,-0.000086,0.000308,0.999996
213.268000,0.00000,0.00000,2.17000,0.00084,-0.00032,-0.00040,0.002526,0.000030,0.000375,0.999997
213.301000,0.00000,0.00000,2.17000,0.00084,-0.00032,-0.00040,0.002526,0.000030,0.000375,0.999997
213.334000,0.00000,0.00000,2.17000,0.00084,-0.00032,-0.00040,0.002526,0.000030,0.000375,0.999997
213.367000,0.00000,0.00000,2.17000,0.00084,-0.00032,-0.00040,0.002526,0.000030,0.000375,0.999997
213.400000,0.00000,0.00000,2.17000,0.00084,-0.00032,-0.00040,0.002526,0.000030,0.000375,0.999997
213.434000,0.00000,0.00000,2.17000,0.00084,-0.00032,-0.00040,0.002526,0.000030,0.000375,0.999997
213.467000,0.00000,0.00000,2.17000,0.00084,-0.00032,-0.00040,0.002526,0.000030,0.000375,0.999997
213.501000,0.00000,0.00000,2.17000,0.00084,-0.00032,-0.00040,-0.002615,-0.000032,0.000251,0.999997
213.534000,0.00000,0.00000,2.18000,0.00101,-0.00105,0.00313,-0.002615,-0.000032,0.000251,0.999997
213.567000,0.00000,0.00000,2.18000,0.00101,-0.00105,0.00313,-0.002615,-0.000032,0.000251,0.999997
213.600000,0.00000,0.00000,2.18000,0.00101,-0.00105,0.00313,-0.002615,-0.000032,0.000251,0.999997
213.634000,0.00000,0.00000,2.18000,0.00101,-0.00105,0.00313,-0.002615,-0.000032,0.000251,0.999997
213.667000,0.00000,0.00000,2.18000,0.00101,-0.00105,0.00313,-0.002615,-0.000032,0.000251,0.999997
213.700000,0.00000,0.00000,2.18000,0.00101,-0.00105,0.00313,-0.002615,-0.000032,0.000251,0.999997
213.734000,0.00000,0.00000,2.18000,0.00101,-0.00105,0.00313,-0.002615,-0.000032,0.000251,0.999997
213.768000,0.00000,0.00000,2.18000,0.00103,0.00112,0.00340,0.001973,0.000028,0.000188,0.999998
213.800000,0.00000,0.00000,2.18000,0.00103,0.00112,0.00340,0.001973,0.000028,0.000188,0.999998
213.834000,0.00000,0.00000,2.18000,0.00103,0.00112,0.00340,0.001973,0.000028,0.000188,0.999998
213.867000,0.00000,0.00000,2.18000,0.00103,0.00112,0.00340,0.001973,0.000028,0.000188,0.999998
213.900000,0.00000,0.00000,2.18000,0.00103,0.00112,0.00340,0.001973,0.000028,0.000188,0.999998
213.934000,0.00000,0.00000,2.18000,0.00103,0.00112,0.00340,0.001973,0.000028,0.000188,0.999998
213.967000,0.00000,0.00000,2.18000,0.00103,0.00112,0.00340,0.001973,0.000028,0.000188,0.999998
214.000000,0.00000,0.00000,2.18000,0.00103,0.00112,0.00340,-0.000894,-0.000021,0.000413,1.000000
214.035000,0.00000,0.00000,2.18000,0.00102,-0.00223,0.00307,-0.000894,-0.000021,0.000413,1.000000
214.067000,0.00000,0.00000,2.18000,0.00102,-0.00223,0.00307,-0.000894,-0.000021,0.000413,1.000000
214.100000,0.00000,0.00000,2.18000,0.00102,-0.00223,0.00307,-0.000894,-0.000021,0.000413,1.000000
214.134000,0.00000,0.00000,2.18000,0.00102,-0.00223,0.00307,-0.000894,-0.000021,0.000413,1.000000
214.167000,0.00000,0.00000,2.18000,0.00102,-0.00223,0.00307,-0.000894,-0.000021,0.000413,1.000000
214.200000,0.00000,0.00000,2.18000,0.00102,-0.00223,0.00307,-0.000894,-0.000021,0.000413,1.000000
214.234000,0.00000,0.00000,2.18000,0.00102,-0.00223,0.00307,-0.000894,-0.000021,0.000413,1.000000
214.268000,0.00908,0.00000,2.18000,0.00006,-0.00047,0.00247,0.000425,-0.000663,0.000140,1.000000
214.300000,0.00908,0.00000,2.18000,0.00006,-0.00047,0.00247,0.000425,-0.000663,0.000140,1.000000
214.334000,0.00908,0.00000,2.18000,0.00006,-0.00047,0.00247,0.000425,-0.000663,0.000140,1.000000
214.367000,0.00908,0.00000,2.18000,0.00006,-0.00047,0.00247,0.000425,-0.000663,0.000140,1.000000
214.400000,0.00908,0.00000,2.18000,0.00006,-0.00047,0.00247,0.000425,-0.000663,0.000140,1.000000
214.434000,0.00908,0.00000,2.18000,0.00006,-0.00047,0.00247,0.000425,-0.000663,0.000140,1.000000
214.467000,0.00908,0.00000,2.18000,0.00006,-0.00047,0.00247,0.000425,-0.000663,0.000140,1.000000
214.500000,0.00908,0.00000,2.18000,0.00006,-0.00047,0.00247,0.000425,-0.000663,0.000140,1.000000
214.535000,0.00000,0.00000,2.18000,-0.00383,-0.00405,0.00317,0.001108,-0.000393,0.000325,0.999999
214.567000,0.00000,0.00000,2.18000,-0.00383,-0.00405,0.00317,0.001108,-0.000393,0.000325,0.999999
214.600000,0.00000,0.00000,2.18000,-0.00383,-0.00405,0.00317,0.001108,-0.000393,0.000325,0.999999
214.634000,0.00000,0.00000,2.18000,-0.00383,-0.00405,0.00317,0.001108,-0.000393,0.000325,0.999999
214.667000,0.00000,0.00000,2.18000,-0.00383,-0.00405,0.00317,0.001108,-0.000393,0.000325,0.999999
214.700000,0.00000,0.00000,2.18000,-0.00383,-0.00405,0.00317,0.001108,-0.000393,0.000325,0.999999
214.734000,0.00000,0.00000,2.18000,-0.00383,-0.00405,0.00317,0.001108,-0.000393,0.000325,0.999999
214.768000,0.00000,-0.01113,2.18000,-0.00258,0.00065,0.00045,-0.002558,0.000535,0.000076,0.999997
214.800000,0.00000,-0.01113,2.18000,-0.00258,0.00065,0.00045,-0.002558,0.000535,0.000076,0.999997
214.834000,0.00000,-0.01113,2.18000,-0.00258,0.00065,0.00045,-0.002558,0.000535,0.000076,0.999997
214.867000,0.00000,-0.01113,2.18000,-0.00258,0.00065,0.00045,-0.002558,0.000535,0.000076,0.999997
214.900000,0.00000,-0.01113,2.18000,-0.00258,0.00065,0.00045,-0.002558,0.000535,0.000076,0.999997
214.934000,0.00000,-0.01113,2.18000,-0.00258,0.00065,0.00045,-0.002558,0.000535,0.000076,0.999997
214.967000,0.00000,-0.01113,2.18000,-0.00258,0.00065,0.00045,-0.002558,0.000535,0.000076,0.999997
215.000000,0.00000,-0.01113,2.18000,-0.00258,0.00065,0.00045,-0.002558,0.000535,0.000076,0.999997
215.035000,0.00000,-0.01113,2.18000,-0.00039,0.00431,-0.00056,0.001396,0.000271,0.000510,0.999999
215.067000,0.00000,-0.01113,2.18000,-0.00039,0.00431,-0.00056,0.001396,0.000271,0.000510,0.999999
215.101000,0.00000,-0.01113,2.18000,-0.00039,0.00431,-0.00056,0.001396,0.000271,0.000510,0.999999
215.134000,0.00000,-0.01113,2.18000,-0.00039,0.00431,-0.00056,0.001396,0.000271,0.000510,0.999999
215.167000,0.00000,-0.01113,2.18000,-0.00039,0.00431,-0.00056,0.001396,0.000271,0.000510,0.999999
215.201000,0.00000,-0.01113,2.18000,-0.00039,0.00431,-0.00056,0.001396,0.000271,0.000510,0.999999
215.234000,0.00000,-0.01113,2.18000,-0.00039,0.00431,-0.00056,0.001396,0.000271,0.000510,0.999999
215.268000,0.00000,-0.01113,2.18000,0.00043,0.00915,-0.00477,-0.003292,0.000096,0.000194,0.999995
215.300000,0.00000,-0.01113,2.18000,0.00043,0.00915,-0.00477,-0.003292,0.000096,0.000194,0.999995
215.334000,0.00000,-0.01113,2.18000,0.00043,0.00915,-0.00477,-0.003292,0.000096,0.000194,0.999995
215.367000,0.00000,-0.01113,2.18000,0.00043,0.00915,-0.00477,-0.003292,0.000096,0.000194,0.999995
215.400000,0.00000,-0.01113,2.18000,0.00043,0.00915,-0.00477,-0.003292,0.000096,0.000194,0.999995
215.434000,0.00000,-0.01113,2.18000,0.00043,0.00915,-0.00477,-0.003292,0.000096,0.000194,0.999995
215.467000,0.00000,-0.01113,2.18000,0.00043,0.00915,-0.00477,-0.003292,0.000096,0.000194,0.999995
215.500000,0.00000,-0.01113,2.18000,0.00043,0.00915,-0.00477,0.002794,0.000006,0.000354,0.999996
215.535000,0.00000,-0.01113,2.18000,0.00063,0.01029,-0.00117,0.002794,0.000006,0.000354,0.999996
215.567000,0.00000,-0.01113,2.18000,0.00063,0.01029,-0.00117,0.002794,0.000006,0.000354,0.999996
215.600000,0.00000,-0.01113,2.18000,0.00063,0.01029,-0.00117,0.002794,0.000006,0.000354,0.999996
215.634000,0.00000,-0.01113,2.18000,0.00063,0.01029,-0.00117,0.002794,0.000006,0.000354,0.999996
215.667000,0.00000,-0.01113,2.18000,0.00063,0.01029,-0.00117,0.002794,0.000006,0.000354,0.999996
215.700000,0.00000,-0.01113,2.18000,0.00063,0.01029,-0.00117,0.002794,0.000006,0.000354,0.999996
215.734000,0.00000,-0.01113,2.18000,0.00063,0.01029,-0.00117,0.002794,0.000006,0.000354,0.999996
215.768000,0.00000,-0.01113,2.18000,0.00096,0.01193,-0.00220,-0.003234,0.000067,0.000259,0.999995
215.800000,0.00000,-0.01113,2.18000,0.00096,0.01193,-0.00220,-0.003234,0.000067,0.000259,0.999995
215.834000,0.00000,-0.01113,2.18000,0.00096,0.01193,-0.00220,-0.003234,0.000067,0.000259,0.999995
215.867000,0.00000,-0.01113,2.18000,0.00096,0.01193,-0.00220,-0.003234,0.000067,0.000259,0.999995
215.900000,0.00000,-0.01113,2.18000,0.00096,0.01193,-0.00220,-0.003234,0.000067,0.000259,0.999995
215.934000,0.00000,-0.01113,2.18000,0.00096,0.01193,-0.00220,-0.003234,0.000067,0.000259,0.999995
215.967000,0.00000,-0.01113,2.18000,0.00096,0.01193,-0.00220,-0.003234,0.000067,0.000259,0.999995
216.000000,0.00000,-0.01113,2.18000,0.00096,0.01193,-0.00220,-0.003234,0.000067,0.000259,0.999995
216.035000,0.00000,-0.01113,2.18000,0.00127,0.01289,-0.00422,0.002626,0.000033,0.000263,0.999997
216.067000,0.00000,-0.01113,2.18000,0.00127,0.01289,-0.00422,0.002626,0.000033,0.000263,0.999997
216.100000,0.00000,-0.01113,2.18000,0.00127,0.01289,-0.00422,0.002626,0.000033,0.000263,0.999997
216.134000,0.00000,-0.01113,2.18000,0.00127,0.01289,-0.00422,0.002626,0.000033,0.000263,0.999997
216.167000,0.00000,-0.01113,2.18000,0.00127,0.01289,-0.00422,0.002626,0.000033,0.000263,0.999997
216.200000,0.00000,-0.01113,2.18000,0.00127,0.01289,-0.00422,0.002626,0.000033,0.000263,0.999997
216.234000,0.00000,-0.01113,2.18000,0.00127,0.01289,-0.00422,0.002626,0.000033,0.000263,0.999997
216.268000,0.00000,0.00000,2.17000,0.00157,0.00956,0.00500,-0.000763,0.000065,0.000290,1.000000
216.300000,0.00000,0.00000,2.17000,0.00157,0.00956,0.00500,-0.000763,0.000065,0.000290,1.000000
216.334000,0.00000,0.00000,2.17000,0.00157,0.00956,0.00500,-0.000763,0.000065,0.000290,1.000000
216.367000,0.00000,0.00000,2.17000,0.00157,0.00956,0.00500,-0.000763,0.000065,0.000290,1.000000
216.400000,0.00000,0.00000,2.17000,0.00157,0.00956,0.00500,-0.000763,0.000065,0.000290,1.000000
216.434000,0.00000,0.00000,2.17000,0.00157,0.00956,0.00500,-0.000763,0.000065,0.000290,1.000000
216.467000,0.00000,0.00000,2.17000,0.00157,0.00956,0.00500,-0.000763,0.000065,0.000290,1.000000
216.500000,0.00000,0.00000,2.17000,0.00157,0.00956,0.00500,-0.000763,0.000065,0.000290,1.000000
216.535000,0.00000,0.00000,2.18000,0.00179,0.00624,0.00610,0.002238,-0.000020,0.000166,0.999997
216.567000,0.00000,0.00000,2.18000,0.00179,0.00624,0.00610,0.002238,-0.000020,0.000166,0.999997
216.600000,0.00000,0.00000,2.18000,0.00179,0.00624,0.00610,0.002238,-0.000020,0.000166,0.999997
216.634000,0.00000,0.00000,2.18000,0.00179,0.00624,0.00610,0.002238,-0.000020,0.000166,0.999997
216.667000,0.00000,0.00000,2.18000,0.00179,0.00624,0.00610,0.002238,-0.000020,0.000166,0.999997
216.700000,0.00000,0.00000,2.18000,0.00179,0.00624,0.00610,0.002238,-0.000020,0.000166,0.999997
216.734000,0.00000,0.00000,2.18000,0.00179,0.00624,0.00610,0.002238,-0.000020,0.000166,0.999997
216.768000,0.00908,0.00000,2.18000,0.00067,0.00047,0.00262,0.000036,-0.000790,0.000404,1.000000
216.800000,0.00908,0.00000,2.18000,0.00067,0.00047,0.00262,0.000036,-0.000790,0.000404,1.000000
216.834000,0.00908,0.00000,2.18000,0.00067,0.00047,0.00262,0.000036,-0.000790,0.000404,1.000000
216.867000,0.00908,0.00000,2.18000,0.00067,0.00047,0.00262,0.000036,-0.000790,0.000404,1.000000
216.900000,0.00908,0.00000,2.18000,0.00067,0.00047,0.00262,0.000036,-0.000790,0.000404,1.000000
216.934000,0.00908,0.00000,2.18000,0.00067,0.00047,0.00262,0.000036,-0.000790,0.000404,1.000000
216.967000,0.00908,0.00000,2.18000,0.00067,0.00047,0.00262,0.000036,-0.000790,0.000404,1.000000
217.000000,0.00908,0.00000,2.18000,0.00067,0.00047,0.00262,0.000036,-0.000790,0.000404,1.000000
217.035000,0.00908,0.00000,2.18000,-0.00408,0.00238,0.00344,-0.000173,-0.000858,0.000131,1.000000
217.067000,0.00908,0.00000,2.18000,-0.00408,0.00238,0.00344,-0.000173,-0.000858,0.000131,1.000000
217.101000,0.00908,0.00000,2.18000,-0.00408,0.00238,0.00344,-0.000173,-0.000858,0.000131,1.000000
217.134000,0.00908,0.00000,2.18000,-0.00408,0.00238,0.00344,-0.000173,-0.000858,0.000131,1.000000
217.167000,0.00908,0.00000,2.18000,-0.00408,0.00238,0.00344,-0.000173,-0.000858,0.000131,1.000000
217.200000,0.00908,0.00000,2.18000,-0.00408,0.00238,0.00344,-0.000173,-0.000858,0.000131,1.000000
217.234000,0.00908,0.00000,2.18000,-0.00408,0.00238,0.00344,-0.000173,-0.000858,0.000131,1.000000
217.268000,0.00908,0.00000,2.18000,-0.00692,-0.00184,-0.00140,0.001308,-0.000369,0.000395,0.999999
217.300000,0.00908,0.00000,2.18000,-0.00692,-0.00184,-0.00140,0.001308,-0.000369,0.000395,0.999999
217.334000,0.00908,0.00000,2.18000,-0.00692,-0.00184,-0.00140,0.001308,-0.000369,0.000395,0.999999
217.367000,0.00908,0.00000,2.18000,-0.00692,-0.00184,-0.00140,0.001308,-0.000369,0.000395,0.999999
217.400000,0.00908,0.00000,2.18000,-0.00692,-0.00184,-0.00140,0.001308,-0.000369,0.000395,0.999999
217.434000,0.00908,0.00000,2.18000,-0.00692,-0.00184,-0.00140,0.001308,-0.000369,0.000395,0.999999
217.467000,0.00908,0.00000,2.18000,-0.00692,-0.00184,-0.00140,0.001308,-0.000369,0.000395,0.999999
217.500000,0.00908,0.00000,2.18000,-0.00692,-0.00184,-0.00140,0.001308,-0.000369,0.000395,0.999999
217.535000,0.00908,0.00000,2.18000,-0.00829,0.00020,-0.00195,-0.001841,-0.000177,0.000194,0.999998
217.567000,0.00908,0.00000,2.18000,-0.00829,0.00020,-0.00195,-0.001841,-0.000177,0.000194,0.999998
217.600000,0.00908,0.00000,2.18000,-0.00829,0.00020,-0.00195,-0.001841,-0.000177,0.000194,0.999998
217.634000,0.00908,0.00000,2.18000,-0.00829,0.00020,-0.00195,-0.001841,-0.000177,0.000194,0.999998
217.667000,0.00908,0.00000,2.18000,-0.00829,0.00020,-0.00195,-0.001841,-0.000177,0.000194,0.999998
217.700000,0.00908,0.00000,2.18000,-0.00829,0.00020,-0.00195,-0.001841,-0.000177,0.000194,0.999998
217.734000,0.00908,0.00000,2.18000,-0.00829,0.00020,-0.00195,-0.001841,-0.000177,0.000194,0.999998
217.768000,0.00908,0.00000,2.18000,-0.00897,-0.00208,-0.00257,0.002561,-0.000119,0.000391,0.999997
217.801000,0.00908,0.00000,2.18000,-0.00897,-0.00208,-0.00257,0.002561,-0.000119,0.000391,0.999997
217.834000,0.00908,0.00000,2.18000,-0.00897,-0.00208,-0.00257,0.002561,-0.000119,0.000391,0.999997
217.867000,0.00908,0.00000,2.18000,-0.00897,-0.00208,-0.00257,0.002561,-0.000119,0.000391,0.999997
217.900000,0.00908,0.00000,2.18000,-0.00897,-0.00208,-0.00257,0.002561,-0.000119,0.000391,0.999997
217.934000,0.00908,0.00000,2.18000,-0.00897,-0.00208,-0.00257,0.002561,-0.000119,0.000391,0.999997
217.967000,0.00908,0.00000,2.18000,-0.00897,-0.00208,-0.00257,0.002561,-0.000119,0.000391,0.999997
218.000000,0.00908,0.00000,2.18000,-0.00897,-0.00208,-0.00257,-0.002735,-0.000077,0.000298,0.999996
218.035000,0.00908,0.00000,2.18000,-0.00948,-0.00199,-0.00638,-0.002735,-0.000077,0.000298,0.999996
218.067000,0.00908,0.00000,2.18000,-0.00948,-0.00199,-0.00638,-0.002735,-0.000077,0.000298,0.999996
218.100000,0.00908,0.00000,2.18000,-0.00948,-0.00199,-0.00638,-0.002735,-0.000077,0.000298,0.999996
218.134000,0.00908,0.00000,2.18000,-0.00948,-0.00199,-0.00638,-0.002735,-0.000077,0.000298,0.999996
218.167000,0.00908,0.00000,2.18000,-0.00948,-0.00199,-0.00638,-0.002735,-0.000077,0.000298,0.999996
218.200000,0.00908,0.00000,2.18000,-0.00948,-0.00199,-0.00638,-0.002735,-0.000077,0.000298,0.999996
218.234000,0.00908,0.00000,2.18000,-0.00948,-0.00199,-0.00638,-0.002735,-0.000077,0.000298,0.999996
218.268000,0.00000,0.00000,2.18000,-0.00928,-0.00176,-0.00238,0.003081,0.000542,0.000259,0.999995
218.300000,0.00000,0.00000,2.18000,-0.00928,-0.00176,-0.00238,0.003081,0.000542,0.000259,0.999995
218.334000,0.00000,0.00000,2.18000,-0.00928,-0.00176,-0.00238,0.003081,0.000542,0.000259,0.999995
218.367000,0.00000,0.00000,2.18000,-0.00928,-0.00176,-0.00238,0.003081,0.000542,0.000259,0.999995
218.400000,0.00000,0.00000,2.18000,-0.00928,-0.00176,-0.00238,0.003081,0.000542,0.000259,0.999995
218.434000,0.00000,0.00000,2.18000,-0.00928,-0.00176,-0.00238,0.003081,0.000542,0.000259,0.999995
218.467000,0.00000,0.00000,2.18000,-0.00928,-0.00176,-0.00238,0.003081,0.000542,0.000259,0.999995
218.500000,0.00000,0.00000,2.18000,-0.00928,-0.00176,-0.00238,0.003081,0.000542,0.000259,0.999995
218.535000,0.00000,0.00000,2.18000,-0.00494,-0.00267,0.00257,-0.002450,0.000888,0.000291,0.999997
218.567000,0.00000,0.00000,2.18000,-0.00494,-0.00267,0.00257,-0.002450,0.000888,0.000291,0.999997
218.600000,0.00000,0.00000,2.18000,-0.00494,-0.00267,0.00257,-0.002450,0.000888,0.000291,0.999997
218.634000,0.00000,0.00000,2.18000,-0.00494,-0.00267,0.00257,-0.002450,0.000888,0.000291,0.999997
218.667000,0.00000,0.00000,2.18000,-0.00494,-0.00267,0.00257,-0.002450,0.000888,0.000291,0.999997
218.700000,0.00000,0.00000,2.18000,-0.00494,-0.00267,0.00257,-0.002450,0.000888,0.000291,0.999997
218.734000,0.00000,0.00000,2.18000,-0.00494,-0.00267,0.00257,-0.002450,0.000888,0.000291,0.999997
218.768000,0.00000,0.00000,2.18000,-0.00172,-0.00106,0.00184,0.002265,0.000488,0.000170,0.999997
218.800000,0.00000,0.00000,2.18000,-0.00172,-0.00106,0.00184,0.002265,0.000488,0.000170,0.999997
218.834000,0.00000,0.00000,2.18000,-0.00172,-0.00106,0.00184,0.002265,0.000488,0.000170,0.999997
218.867000,0.00000,0.00000,2.18000,-0.00172,-0.00106,0.00184,0.002265,0.000488,0.000170,0.999997
218.900000,0.00000,0.00000,2.18000,-0.00172,-0.00106,0.00184,0.002265,0.000488,0.000170,0.999997
218.934000,0.00000,0.00000,2.18000,-0.00172,-0.00106,0.00184,0.002265,0.000488,0.000170,0.999997
218.967000,0.00000,0.00000,2.18000,-0.00172,-0.00106,0.00184,0.002265,0.000488,0.000170,0.999997
219.001000,0.00000,0.00000,2.18000,-0.00172,-0.00106,0.00184,0.002265,0.000488,0.000170,0.999997
219.035000,0.00000,0.00000,2.18000,0.00028,-0.00330,-0.00030,-0.001884,0.000324,0.000357,0.999998
219.067000,0.00000,0.00000,2.18000,0.00028,-0.00330,-0.00030,-0.001884,0.000324,0.000357,0.999998
219.100000,0.00000,0.00000,2.18000,0.00028,-0.00330,-0.00030,-0.001884,0.000324,0.000357,0.999998
219.134000,0.00000,0.00000,2.18000,0.00028,-0.00330,-0.00030,-0.001884,0.000324,0.000357,0.999998
219.167000,0.00000,0.00000,2.18000,0.00028,-0.00330,-0.00030,-0.001884,0.000324,0.000357,0.999998
219.200000,0.00000,0.00000,2.18000,0.00028,-0.00330,-0.00030,-0.001884,0.000324,0.000357,0.999998
219.234000,0.00000,0.00000,2.18000,0.00028,-0.00330,-0.00030,-0.001884,0.000324,0.000357,0.999998
219.268000,0.00000,0.00000,2.18000,0.00120,-0.00070,0.00332,0.000968,0.000075,0.000194,1.000000
219.300000,0.00000,0.00000,2.18000,0.00120,-0.00070,0.00332,0.000968,0.000075,0.000194,1.000000
219.334000,0.00000,0.00000,2.18000,0.00120,-0.00070,0.00332,0.000968,0.000075,0.000194,1.000000
219.367000,0.00000,0.00000,2.18000,0.00120,-0.00070,0.00332,0.000968,0.000075,0.000194,1.000000
219.400000,0.00000,0.00000,2.18000,0.00120,-0.00070,0.00332,0.000968,0.000075,0.000194,1.000000
219.435000,0.00000,0.00000,2.18000,0.00120,-0.00070,0.00332,0.000968,0.000075,0.000194,1.000000
219.467000,0.00000,0.00000,2.18000,0.00120,-0.00070,0.00332,0.000968,0.000075,0.000194,1.000000
219.500000,0.00000,0.00000,2.18000,0.00120,-0.00070,0.00332,0.000968,0.000075,0.000194,1.000000
219.535000,0.00000,0.00000,2.18000,0.00133,-0.00321,0.00099,-0.000264,0.000049,0.000303,1.000000
219.567000,0.00000,0.00000,2.18000,0.00133,-0.00321,0.00099,-0.000264,0.000049,0.000303,1.000000
219.600000,0.00000,0.00000,2.18000,0.00133,-0.00321,0.00099,-0.000264,0.000049,0.000303,1.000000
219.634000,0.00000,0.00000,2.18000,0.00133,-0.00321,0.00099,-0.000264,0.000049,0.000303,1.000000
219.667000,0.00000,0.00000,2.18000,0.00133,-0.00321,0.00099,-0.000264,0.000049,0.000303,1.000000
219.700000,0.00000,0.00000,2.18000,0.00133,-0.00321,0.00099,-0.000264,0.000049,0.000303,1.000000
219.734000,0.00000,0.00000,2.18000,0.00133,-0.00321,0.00099,-0.000264,0.000049,0.000303,1.000000
219.768000,0.00000,0.00000,2.18000,0.00166,0.00040,0.00890,-0.000885,0.000088,0.000189,1.000000
219.800000,0.00000,0.00000,2.18000,0.00166,0.00040,0.00890,-0.000885,0.000088,0.000189,1.000000
219.834000,0.00000,0.00000,2.18000,0.00166,0.00040,0.00890,-0.000885,0.000088,0.000189,1.000000
219.867000,0.00000,0.00000,2.18000,0.00166,0.00040,0.00890,-0.000885,0.000088,0.000189,1.000000
219.901000,0.00000,0.00000,2.18000,0.00166,0.00040,0.00890,-0.000885,0.000088,0.000189,1.000000
219.934000,0.00000,0.00000,2.18000,0.00166,0.00040,0.00890,-0.000885,0.000088,0.000189,1.000000
219.967000,0.00000,0.00000,2.18000,0.00166,0.00040,0.00890,-0.000885,0.000088,0.000189,1.000000
220.000000,0.00000,0.00000,2.18000,0.00166,0.00040,0.00890,-0.000885,0.000088,0.000189,1.000000
220.035000,0.00000,0.00000,2.18000,0.00188,-0.00310,0.00147,0.001713,-0.000009,0.000400,0.999998
220.067000,0.00000,0.00000,2.18000,0.00188,-0.00310,0.00147,0.001713,-0.000009,0.000400,0.999998
220.100000,0.00000,0.00000,2.18000,0.00188,-0.00310,0.00147,0.001713,-0.000009,0.000400,0.999998
220.134000,0.00000,0.00000,2.18000,0.00188,-0.00310,0.00147,0.001713,-0.000009,0.000400,0.999998
220.167000,0.00000,0.00000,2.18000,0.00188,-0.00310,0.00147,0.001713,-0.000009,0.000400,0.999998
220.200000,0.00000,0.00000,2.18000,0.00188,-0.00310,0.00147,0.001713,-0.000009,0.000400,0.999998
220.234000,0.00000,0.00000,2.18000,0.00188,-0.00310,0.00147,0.001713,-0.000009,0.000400,0.999998
220.268000,0.00000,0.00000,2.18000,0.00205,-0.00123,-0.00245,-0.002709,0.000046,0.000133,0.999996
220.300000,0.00000,0.00000,2.18000,0.00205,-0.00123,-0.00245,-0.002709,0.000046,0.000133,0.999996
220.334000,0.00000,0.00000,2.18000,0.00205,-0.00123,-0.00245,-0.002709,0.000046,0.000133,0.999996
220.367000,0.00000,0.00000,2.18000,0.00205,-0.00123,-0.00245,-0.002709,0.000046,0.000133,0.999996
220.400000,0.00000,0.00000,2.18000,0.00205,-0.00123,-0.00245,-0.002709,0.000046,0.000133,0.999996
220.434000,0.00000,0.00000,2.18000,0.00205,-0.00123,-0.00245,-0.002709,0.000046,0.000133,0.999996
220.467000,0.00000,0.00000,2.18000,0.00205,-0.00123,-0.00245,-0.002709,0.000046,0.000133,0.999996
220.500000,0.00000,0.00000,2.18000,0.00205,-0.00123,-0.00245,-0.002709,0.000046,0.000133,0.999996
220.535000,0.00000,0.00000,2.18000,0.00228,-0.00178,-0.00597,0.002863,0.000020,0.000299,0.999996
220.567000,0.00000,0.00000,2.18000,0.00228,-0.00178,-0.00597,0.002863,0.000020,0.000299,0.999996
220.600000,0.00000,0.00000,2.18000,0.00228,-0.00178,-0.00597,0.002863,0.000020,0.000299,0.999996
220.634000,0.00000,0.00000,2.18000,0.00228,-0.00178,-0.00597,0.002863,0.000020,0.000299,0.999996
220.667000,0.00000,0.00000,2.18000,0.00228,-0.00178,-0.00597,0.002863,0.000020,0.000299,0.999996
220.700000,0.00000,0.00000,2.18000,0.00228,-0.00178,-0.00597,0.002863,0.000020,0.000299,0.999996
220.735000,0.00000,0.00000,2.18000,0.00228,-0.00178,-0.00597,0.002863,0.000020,0.000299,0.999996
220.768000,0.00000,0.00000,2.18000,0.00206,-0.00148,-0.00444,-0.003092,-0.000066,0.000242,0.999995
220.800000,0.00000,0.00000,2.18000,0.00206,-0.00148,-0.00444,-0.003092,-0.000066,0.000242,0.999995
220.834000,0.00000,0.00000,2.18000,0.00206,-0.00148,-0.00444,-0.003092,-0.000066,0.000242,0.999995
220.867000,0.00000,0.00000,2.18000,0.00206,-0.00148,-0.00444,-0.003092,-0.000066,0.000242,0.999995
220.900000,0.00000,0.00000,2.18000,0.00206,-0.00148,-0.00444,-0.003092,-0.000066,0.000242,0.999995
220.934000,0.00000,0.00000,2.18000,0.00206,-0.00148,-0.00444,-0.003092,-0.000066,0.000242,0.999995
220.967000,0.00000,0.00000,2.18000,0.00206,-0.00148,-0.00444,-0.003092,-0.000066,0.000242,0.999995
221.000000,0.00000,0.00000,2.18000,0.00206,-0.00148,-0.00444,-0.003092,-0.000066,0.000242,0.999995
221.035000,0.00000,0.00000,2.18000,0.00186,-0.00001,-0.00077,0.002682,-0.000018,0.000303,0.999996
221.067000,0.00000,0.00000,2.18000,0.00186,-0.00001,-0.00077,0.002682,-0.000018,0.000303,0.999996
221.100000,0.00000,0.00000,2.18000,0.00186,-0.00001,-0.00077,0.002682,-0.000018,0.000303,0.999996
221.134000,0.00000,0.00000,2.18000,0.00186,-0.00001,-0.00077,0.002682,-0.000018,0.000303,0.999996
221.167000,0.00000,0.00000,2.18000,0.00186,-0.00001,-0.00077,0.002682,-0.000018,0.000303,0.999996
221.200000,0.00000,0.00000,2.18000,0.00186,-0.00001,-0.00077,0.002682,-0.000018,0.000303,0.999996
221.234000,0.00000,0.00000,2.18000,0.00186,-0.00001,-0.00077,0.002682,-0.000018,0.000303,0.999996
221.268000,0.00000,0.00000,2.18000,0.00181,-0.00173,-0.00096,-0.002223,0.000017,0.000339,0.999997
221.300000,0.00000,0.00000,2.18000,0.00181,-0.00173,-0.00096,-0.002223,0.000017,0.000339,0.999997
221.334000,0.00000,0.00000,2.18000,0.00181,-0.00173,-0.00096,-0.002223,0.000017,0.000339,0.999997
221.367000,0.00000,0.00000,2.18000,0.00181,-0.00173,-0.00096,-0.002223,0.000017,0.000339,0.999997
221.400000,0.00000,0.00000,2.18000,0.00181,-0.00173,-0.00096,-0.002223,0.000017,0.000339,0.999997
221.434000,0.00000,0.00000,2.18000,0.00181,-0.00173,-0.00096,-0.002223,0.000017,0.000339,0.999997
221.467000,0.00000,0.00000,2.18000,0.00181,-0.00173,-0.00096,-0.002223,0.000017,0.000339,0.999997
221.501000,0.00000,0.00000,2.18000,0.00181,-0.00173,-0.00096,-0.002223,0.000017,0.000339,0.999997
221.535000,0.00000,0.00000,2.18000,0.00194,0.00079,0.00249,0.001669,0.000058,0.000245,0.999999
221.567000,0.00000,0.00000,2.18000,0.00194,0.00079,0.00249,0.001669,0.000058,0.000245,0.999999
221.600000,0.00000,0.00000,2.18000,0.00194,0.00079,0.00249,0.001669,0.000058,0.000245,0.999999
221.634000,0.00000,0.00000,2.18000,0.00194,0.00079,0.00249,0.001669,0.000058,0.000245,0.999999
221.667000,0.00000,0.00000,2.18000,0.00194,0.00079,0.00249,0.001669,0.000058,0.000245,0.999999
221.700000,0.00000,0.00000,2.18000,0.00194,0.00079,0.00249,0.001669,0.000058,0.000245,0.999999
221.734000,0.00000,0.00000,2.18000,0.00194,0.00079,0.00249,0.001669,0.000058,0.000245,0.999999
221.768000,0.00000,0.00000,2.18000,0.00215,-0.00188,0.00414,-0.001827,0.000040,0.000361,0.999998
221.800000,0.00000,0.00000,2.18000,0.00215,-0.00188,0.00414,-0.001827,0.000040,0.000361,0.999998
221.834000,0.00000,0.00000,2.18000,0.00215,-0.00188,0.00414,-0.001827,0.000040,0.000361,0.999998
221.867000,0.00000,0.00000,2.18000,0.00215,-0.00188,0.00414,-0.001827,0.000040,0.000361,0.999998
221.900000,0.00000,0.00000,2.18000,0.00215,-0.00188,0.00414,-0.001827,0.000040,0.000361,0.999998
221.934000,0.00000,0.00000,2.18000,0.00215,-0.00188,0.00414,-0.001827,0.000040,0.000361,0.999998
221.967000,0.00000,0.00000,2.18000,0.00215,-0.00188,0.00414,-0.001827,0.000040,0.000361,0.999998
222.001000,0.00000,0.00000,2.18000,0.00215,-0.00188,0.00414,-0.001827,0.000040,0.000361,0.999998
222.035000,0.00000,0.00000,2.18000,0.00216,0.00188,0.00021,0.000489,-0.000010,0.000162,1.000000
222.067000,0.00000,0.00000,2.18000,0.00216,0.00188,0.00021,0.000489,-0.000010,0.000162,1.000000
222.101000,0.00000,0.00000,2.18000,0.00216,0.00188,0.00021,0.000489,-0.000010,0.000162,1.000000
222.134000,0.00000,0.00000,2.18000,0.00216,0.00188,0.00021,0.000489,-0.000010,0.000162,1.000000
222.167000,0.00000,0.00000,2.18000,0.00216,0.00188,0.00021,0.000489,-0.000010,0.000162,1.000000
222.200000,0.00000,0.00000,2.18000,0.00216,0.00188,0.00021,0.000489,-0.000010,0.000162,1.000000
222.234000,0.00000,0.00000,2.18000,0.00216,0.00188,0.00021,0.000489,-0.000010,0.000162,1.000000
222.268000,0.00000,0.00000,2.17000,0.00207,-0.00127,0.00082,0.000738,-0.000032,0.000328,1.000000
222.300000,0.00000,0.00000,2.17000,0.00207,-0.00127,0.00082,0.000738,-0.000032,0.000328,1.000000
222.334000,0.00000,0.00000,2.17000,0.00207,-0.00127,0.00082,0.000738,-0.000032,0.000328,1.000000
222.367000,0.00000,0.00000,2.17000,0.00207,-0.00127,0.00082,0.000738,-0.000032,0.000328,1.000000
222.400000,0.00000,0.00000,2.17000,0.00207,-0.00127,0.00082,0.000738,-0.000032,0.000328,1.000000
222.434000,0.00000,0.00000,2.17000,0.00207,-0.00127,0.00082,0.000738,-0.000032,0.000328,1.000000
222.467000,0.00000,0.00000,2.17000,0.00207,-0.00127,0.00082,0.000738,-0.000032,0.000328,1.000000
222.500000,0.00000,0.00000,2.17000,0.00207,-0.00127,0.00082,0.000738,-0.000032,0.000328,1.000000
222.535000,0.00000,0.00000,2.18000,0.00190,0.00090,0.00820,-0.001514,-0.000108,0.000162,0.999999
222.567000,0.00000,0.00000,2.18000,0.00190,0.00090,0.00820,-0.001514,-0.000108,0.000162,0.999999
222.601000,0.00000,0.00000,2.18000,0.00190,0.00090,0.00820,-0.001514,-0.000108,0.000162,0.999999
222.634000,0.00000,0.00000,2.18000,0.00190,0.00090,0.00820,-0.001514,-0.000108,0.000162,0.999999
222.667000,0.00000,0.00000,2.18000,0.00190,0.00090,0.00820,-0.001514,-0.000108,0.000162,0.999999
222.700000,0.00000,0.00000,2.18000,0.00190,0.00090,0.00820,-0.001514,-0.000108,0.000162,0.999999
222.734000,0.00000,0.00000,2.18000,0.00190,0.00090,0.00820,-0.001514,-0.000108,0.000162,0.999999
222.768000,0.00000,0.00000,2.18000,0.00135,-0.00206,-0.00248,0.002487,-0.000065,0.000398,0.999997
222.800000,0.00000,0.00000,2.18000,0.00135,-0.00206,-0.00248,0.002487,-0.000065,0.000398,0.999997
222.834000,0.00000,0.00000,2.18000,0.00135,-0.00206,-0.00248,0.002487,-0.000065,0.000398,0.999997
222.867000,0.00000,0.00000,2.18000,0.00135,-0.00206,-0.00248,0.002487,-0.000065,0.000398,0.999997
222.900000,0.00000,0.00000,2.18000,0.00135,-0.00206,-0.00248,0.002487,-0.000065,0.000398,0.999997
222.934000,0.00000,0.00000,2.18000,0.00135,-0.00206,-0.00248,0.002487,-0.000065,0.000398,0.999997
222.967000,0.00000,0.00000,2.18000,0.00135,-0.00206,-0.00248,0.002487,-0.000065,0.000398,0.999997
223.000000,0.00000,0.00000,2.18000,0.00135,-0.00206,-0.00248,0.002487,-0.000065,0.000398,0.999997
223.035000,0.00000,0.00000,2.18000,0.00079,-0.00169,-0.00274,-0.002916,-0.000128,0.000222,0.999996
223.067000,0.00000,0.00000,2.18000,0.00079,-0.00169,-0.00274,-0.002916,-0.000128,0.000222,0.999996
223.101000,0.00000,0.00000,2.18000,0.00079,-0.00169,-0.00274,-0.002916,-0.000128,0.000222,0.999996
223.134000,0.00000,0.00000,2.18000,0.00079,-0.00169,-0.00274,-0.002916,-0.000128,0.000222,0.999996
223.167000,0.00000,0.00000,2.18000,0.00079,-0.00169,-0.00274,-0.002916,-0.000128,0.000222,0.999996
223.200000,0.00000,0.00000,2.18000,0.00079,-0.00169,-0.00274,-0.002916,-0.000128,0.000222,0.999996
223.234000,0.00000,0.00000,2.18000,0.00079,-0.00169,-0.00274,-0.002916,-0.000128,0.000222,0.999996
223.268000,0.00000,0.00000,2.18000,0.00067,-0.00175,-0.00005,0.002720,0.000089,0.000301,0.999996
223.300000,0.00000,0.00000,2.18000,0.00067,-0.00175,-0.00005,0.002720,0.000089,0.000301,0.999996
223.334000,0.00000,0.00000,2.18000,0.00067,-0.00175,-0.00005,0.002720,0.000089,0.000301,0.999996
223.367000,0.00000,0.00000,2.18000,0.00067,-0.00175,-0.00005,0.002720,0.000089,0.000301,0.999996
223.400000,0.00000,0.00000,2.18000,0.00067,-0.00175,-0.00005,0.002720,0.000089,0.000301,0.999996
223.434000,0.00000,0.00000,2.18000,0.00067,-0.00175,-0.00005,0.002720,0.000089,0.000301,0.999996
223.467000,0.00000,0.00000,2.18000,0.00067,-0.00175,-0.00005,0.002720,0.000089,0.000301,0.999996
223.500000,0.00000,0.00000,2.18000,0.00067,-0.00175,-0.00005,0.002720,0.000089,0.000301,0.999996
223.535000,0.00000,0.00000,2.18000,0.00103,-0.00204,-0.00072,-0.003137,-0.000012,0.000202,0.999995
223.567000,0.00000,0.00000,2.18000,0.00103,-0.00204,-0.00072,-0.003137,-0.000012,0.000202,0.999995
223.600000,0.00000,0.00000,2.18000,0.00103,-0.00204,-0.00072,-0.003137,-0.000012,0.000202,0.999995
223.634000,0.00000,0.00000,2.18000,0.00103,-0.00204,-0.00072,-0.003137,-0.000012,0.000202,0.999995
223.668000,0.00000,0.00000,2.18000,0.00103,-0.00204,-0.00072,-0.003137,-0.000012,0.000202,0.999995
223.700000,0.00000,0.00000,2.18000,0.00103,-0.00204,-0.00072,-0.003137,-0.000012,0.000202,0.999995
223.734000,0.00000,0.00000,2.18000,0.00103,-0.00204,-0.00072,-0.003137,-0.000012,0.000202,0.999995
223.768000,0.00000,0.00000,2.18000,0.00087,-0.00093,-0.00324,0.002694,-0.000044,0.000255,0.999996
223.800000,0.00000,0.00000,2.18000,0.00087,-0.00093,-0.00324,0.002694,-0.000044,0.000255,0.999996
223.834000,0.00000,0.00000,2.18000,0.00087,-0.00093,-0.00324,0.002694,-0.000044,0.000255,0.999996
223.867000,0.00000,0.00000,2.18000,0.00087,-0.00093,-0.00324,0.002694,-0.000044,0.000255,0.999996
223.900000,0.00000,0.00000,2.18000,0.00087,-0.00093,-0.00324,0.002694,-0.000044,0.000255,0.999996
223.934000,0.00000,0.00000,2.18000,0.00087,-0.00093,-0.00324,0.002694,-0.000044,0.000255,0.999996
223.967000,0.00000,0.00000,2.18000,0.00087,-0.00093,-0.00324,0.002694,-0.000044,0.000255,0.999996
224.000000,0.00000,0.00000,2.18000,0.00087,-0.00093,-0.00324,0.002694,-0.000044,0.000255,0.999996
224.035000,0.00000,0.00000,2.18000,0.00073,-0.00384,-0.00009,-0.001894,0.000017,0.000327,0.999998
224.067000,0.00000,0.00000,2.18000,0.00073,-0.00384,-0.00009,-0.001894,0.000017,0.000327,0.999998
224.100000,0.00000,0.00000,2.18000,0.00073,-0.00384,-0.00009,-0.001894,0.000017,0.000327,0.999998
224.134000,0.00000,0.00000,2.18000,0.00073,-0.00384,-0.00009,-0.001894,0.000017,0.000327,0.999998
224.167000,0.00000,0.00000,2.18000,0.00073,-0.00384,-0.00009,-0.001894,0.000017,0.000327,0.999998
224.200000,0.00000,0.00000,2.18000,0.00073,-0.00384,-0.00009,-0.001894,0.000017,0.000327,0.999998
224.234000,0.00000,0.00000,2.18000,0.00073,-0.00384,-0.00009,-0.001894,0.000017,0.000327,0.999998
224.268000,0.00000,0.00000,2.18000,0.00099,-0.00017,0.00113,0.000959,0.000080,0.000204,1.000000
224.300000,0.00000,0.00000,2.18000,0.00099,-0.00017,0.00113,0.000959,0.000080,0.000204,1.000000
224.334000,0.00000,0.00000,2.18000,0.00099,-0.00017,0.00113,0.000959,0.000080,0.000204,1.000000
224.367000,0.00000,0.00000,2.18000,0.00099,-0.00017,0.00113,0.000959,0.000080,0.000204,1.000000
224.400000,0.00000,0.00000,2.18000,0.00099,-0.00017,0.00113,0.000959,0.000080,0.000204,1.000000
224.434000,0.00000,0.00000,2.18000,0.00099,-0.00017,0.00113,0.000959,0.000080,0.000204,1.000000
224.467000,0.00000,0.00000,2.18000,0.00099,-0.00017,0.00113,0.000959,0.000080,0.000204,1.000000
224.500000,0.00000,0.00000,2.18000,0.00099,-0.00017,0.00113,0.000959,0.000080,0.000204,1.000000
224.535000,0.00000,0.00000,2.18000,0.00134,-0.00220,0.00216,-0.000606,0.000077,0.000370,1.000000
224.567000,0.00000,0.00000,2.18000,0.00134,-0.00220,0.00216,-0.000606,0.000077,0.000370,1.000000
224.600000,0.00000,0.00000,2.18000,0.00134,-0.00220,0.00216,-0.000606,0.000077,0.000370,1.000000
224.634000,0.00000,0.00000,2.18000,0.00134,-0.00220,0.00216,-0.000606,0.000077,0.000370,1.000000
224.667000,0.00000,0.00000,2.18000,0.00134,-0.00220,0.00216,-0.000606,0.000077,0.000370,1.000000
224.700000,0.00000,0.00000,2.18000,0.00134,-0.00220,0.00216,-0.000606,0.000077,0.000370,1.000000
224.734000,0.00000,0.00000,2.18000,0.00134,-0.00220,0.00216,-0.000606,0.000077,0.000370,1.000000
224.768000,0.00000,0.00000,2.18000,0.00149,0.00135,0.00328,-0.000747,0.000006,0.000267,1.000000
224.800000,0.00000,0.00000,2.18000,0.00149,0.00135,0.00328,-0.000747,0.000006,0.000267,1.000000
224.834000,0.00000,0.00000,2.18000,0.00149,0.00135,0.00328,-0.000747,0.000006,0.000267,1.000000
224.867000,0.00000,0.00000,2.18000,0.00149,0.00135,0.00328,-0.000747,0.000006,0.000267,1.000000
224.900000,0.00000,0.00000,2.18000,0.00149,0.00135,0.00328,-0.000747,0.000006,0.000267,1.000000
224.934000,0.00000,0.00000,2.18000,0.00149,0.00135,0.00328,-0.000747,0.000006,0.000267,1.000000
224.967000,0.00000,0.00000,2.18000,0.00149,0.00135,0.00328,-0.000747,0.000006,0.000267,1.000000
225.000000,0.00000,0.00000,2.18000,0.00149,0.00135,0.00328,-0.000747,0.000006,0.000267,1.000000
225.035000,0.00000,0.00000,2.18000,0.00151,-0.00222,0.00239,0.001660,-0.000001,0.000506,0.999998
225.067000,0.00000,0.00000,2.18000,0.00151,-0.00222,0.00239,0.001660,-0.000001,0.000506,0.999998
225.100000,0.00000,0.00000,2.18000,0.00151,-0.00222,0.00239,0.001660,-0.000001,0.000506,0.999998
225.134000,0.00000,0.00000,2.18000,0.00151,-0.00222,0.00239,0.001660,-0.000001,0.000506,0.999998
225.167000,0.00000,0.00000,2.18000,0.00151,-0.00222,0.00239,0.001660,-0.000001,0.000506,0.999998
225.200000,0.00000,0.00000,2.18000,0.00151,-0.00222,0.00239,0.001660,-0.000001,0.000506,0.999998
225.234000,0.00000,0.00000,2.18000,0.00151,-0.00222,0.00239,0.001660,-0.000001,0.000506,0.999998
225.268000,0.00000,0.00000,2.18000,0.00147,-0.00096,-0.00449,-0.002164,-0.000069,0.000298,0.999998
225.300000,0.00000,0.00000,2.18000,0.00147,-0.00096,-0.00449,-0.002164,-0.000069,0.000298,0.999998
225.334000,0.00000,0.00000,2.18000,0.00147,-0.00096,-0.00449,-0.002164,-0.000069,0.000298,0.999998
225.367000,0.00000,0.00000,2.18000,0.00147,-0.00096,-0.00449,-0.002164,-0.000069,0.000298,0.999998
225.401000,0.00000,0.00000,2.18000,0.00147,-0.00096,-0.00449,-0.002164,-0.000069,0.000298,0.999998
225.434000,0.00000,0.00000,2.18000,0.00147,-0.00096,-0.00449,-0.002164,-0.000069,0.000298,0.999998
225.467000,0.00000,0.00000,2.18000,0.00147,-0.00096,-0.00449,-0.002164,-0.000069,0.000298,0.999998
225.500000,0.00000,0.00000,2.18000,0.00147,-0.00096,-0.00449,-0.002164,-0.000069,0.000298,0.999998
225.535000,0.00000,0.00000,2.18000,0.00144,-0.00289,-0.00192,0.002448,0.000049,0.000310,0.999997
225.567000,0.00000,0.00000,2.18000,0.00144,-0.00289,-0.00192,0.002448,0.000049,0.000310,0.999997
225.600000,0.00000,0.00000,2.18000,0.00144,-0.00289,-0.00192,0.002448,0.000049,0.000310,0.999997
225.634000,0.00000,0.00000,2.18000,0.00144,-0.00289,-0.00192,0.002448,0.000049,0.000310,0.999997
225.667000,0.00000,0.00000,2.18000,0.00144,-0.00289,-0.00192,0.002448,0.000049,0.000310,0.999997
225.700000,0.00000,0.00000,2.18000,0.00144,-0.00289,-0.00192,0.002448,0.000049,0.000310,0.999997
225.734000,0.00000,0.00000,2.18000,0.00144,-0.00289,-0.00192,0.002448,0.000049,0.000310,0.999997
225.768000,0.00000,0.00000,2.18000,0.00133,-0.00231,-0.00444,-0.002981,-0.000058,0.000269,0.999996
225.800000,0.00000,0.00000,2.18000,0.00133,-0.00231,-0.00444,-0.002981,-0.000058,0.000269,0.999996
225.834000,0.00000,0.00000,2.18000,0.00133,-0.00231,-0.00444,-0.002981,-0.000058,0.000269,0.999996
225.867000,0.00000,0.00000,2.18000,0.00133,-0.00231,-0.00444,-0.002981,-0.000058,0.000269,0.999996
225.900000,0.00000,0.00000,2.18000,0.00133,-0.00231,-0.00444,-0.002981,-0.000058,0.000269,0.999996
225.934000,0.00000,0.00000,2.18000,0.00133,-0.00231,-0.00444,-0.002981,-0.000058,0.000269,0.999996
225.967000,0.00000,0.00000,2.18000,0.00133,-0.00231,-0.00444,-0.002981,-0.000058,0.000269,0.999996
226.001000,0.00000,0.00000,2.18000,0.00133,-0.00231,-0.00444,-0.002981,-0.000058,0.000269,0.999996
226.035000,0.00000,0.00000,2.18000,0.00124,-0.00217,-0.00337,0.002708,-0.000011,0.000286,0.999996
226.067000,0.00000,0.00000,2.18000,0.00124,-0.00217,-0.00337,0.002708,-0.000011,0.000286,0.999996
226.101000,0.00000,0.00000,2.18000,0.00124,-0.00217,-0.00337,0.002708,-0.000011,0.000286,0.999996
226.134000,0.00000,0.00000,2.18000,0.00124,-0.00217,-0.00337,0.002708,-0.000011,0.000286,0.999996
226.167000,0.00000,0.00000,2.18000,0.00124,-0.00217,-0.00337,0.002708,-0.000011,0.000286,0.999996
226.200000,0.00000,0.00000,2.18000,0.00124,-0.00217,-0.00337,0.002708,-0.000011,0.000286,0.999996
226.234000,0.00000,0.00000,2.18000,0.00124,-0.00217,-0.00337,0.002708,-0.000011,0.000286,0.999996
226.268000,0.00000,0.00000,2.18000,0.00129,-0.00291,0.00134,-0.002543,0.000030,0.000307,0.999997
226.300000,0.00000,0.00000,2.18000,0.00129,-0.00291,0.00134,-0.002543,0.000030,0.000307,0.999997
226.334000,0.00000,0.00000,2.18000,0.00129,-0.00291,0.00134,-0.002543,0.000030,0.000307,0.999997
226.367000,0.00000,0.00000,2.18000,0.00129,-0.00291,0.00134,-0.002543,0.000030,0.000307,0.999997
226.400000,0.00000,0.00000,2.18000,0.00129,-0.00291,0.00134,-0.002543,0.000030,0.000307,0.999997
226.434000,0.00000,0.00000,2.18000,0.00129,-0.00291,0.00134,-0.002543,0.000030,0.000307,0.999997
226.467000,0.00000,0.00000,2.18000,0.00129,-0.00291,0.00134,-0.002543,0.000030,0.000307,0.999997
226.500000,0.00000,0.00000,2.18000,0.00129,-0.00291,0.00134,-0.002543,0.000030,0.000307,0.999997
226.535000,0.00000,0.00000,2.18000,0.00117,-0.00052,0.00212,0.001712,-0.000088,0.000220,0.999999
226.567000,0.00000,0.00000,2.18000,0.00117,-0.00052,0.00212,0.001712,-0.000088,0.000220,0.999999
226.600000,0.00000,0.00000,2.18000,0.00117,-0.00052,0.00212,0.001712,-0.000088,0.000220,0.999999
226.634000,0.00000,0.00000,2.18000,0.00117,-0.00052,0.00212,0.001712,-0.000088,0.000220,0.999999
226.667000,0.00000,0.00000,2.18000,0.00117,-0.00052,0.00212,0.001712,-0.000088,0.000220,0.999999
226.700000,0.00000,0.00000,2.18000,0.00117,-0.00052,0.00212,0.001712,-0.000088,0.000220,0.999999
226.734000,0.00000,0.00000,2.18000,0.00117,-0.00052,0.00212,0.001712,-0.000088,0.000220,0.999999
226.768000,0.00000,0.00000,2.18000,0.00066,-0.00255,0.00123,-0.000983,-0.000033,0.000327,0.999999
226.800000,0.00000,0.00000,2.18000,0.00066,-0.00255,0.00123,-0.000983,-0.000033,0.000327,0.999999
226.834000,0.00000,0.00000,2.18000,0.00066,-0.00255,0.00123,-0.000983,-0.000033,0.000327,0.999999
226.867000,0.00000,0.00000,2.18000,0.00066,-0.00255,0.00123,-0.000983,-0.000033,0.000327,0.999999
226.900000,0.00000,0.00000,2.18000,0.00066,-0.00255,0.00123,-0.000983,-0.000033,0.000327,0.999999
226.934000,0.00000,0.00000,2.18000,0.00066,-0.00255,0.00123,-0.000983,-0.000033,0.000327,0.999999
226.967000,0.00000,0.00000,2.18000,0.00066,-0.00255,0.00123,-0.000983,-0.000033,0.000327,0.999999
227.000000,0.00000,0.00000,2.18000,0.00066,-0.00255,0.00123,-0.000983,-0.000033,0.000327,0.999999
227.035000,0.00000,0.00000,2.17000,0.00076,0.00042,0.00300,-0.000003,0.000042,0.000155,1.000000
227.067000,0.00000,0.00000,2.17000,0.00076,0.00042,0.00300,-0.000003,0.000042,0.000155,1.000000
227.100000,0.00000,0.00000,2.17000,0.00076,0.00042,0.00300,-0.000003,0.000042,0.000155,1.000000
227.134000,0.00000,0.00000,2.17000,0.00076,0.00042,0.00300,-0.000003,0.000042,0.000155,1.000000
227.167000,0.00000,0.00000,2.17000,0.00076,0.00042,0.00300,-0.000003,0.000042,0.000155,1.000000
227.200000,0.00000,0.00000,2.17000,0.00076,0.00042,0.00300,-0.000003,0.000042,0.000155,1.000000
227.234000,0.00000,0.00000,2.17000,0.00076,0.00042,0.00300,-0.000003,0.000042,0.000155,1.000000
227.268000,0.00000,0.00000,2.18000,0.00120,-0.00216,0.00529,0.001059,0.000092,0.000289,0.999999
227.300000,0.00000,0.00000,2.18000,0.00120,-0.00216,0.00529,0.001059,0.000092,0.000289,0.999999
227.334000,0.00000,0.00000,2.18000,0.00120,-0.00216,0.00529,0.001059,0.000092,0.000289,0.999999
227.367000,0.00000,0.00000,2.18000,0.00120,-0.00216,0.00529,0.001059,0.000092,0.000289,0.999999
227.400000,0.00000,0.00000,2.18000,0.00120,-0.00216,0.00529,0.001059,0.000092,0.000289,0.999999
227.434000,0.00000,0.00000,2.18000,0.00120,-0.00216,0.00529,0.001059,0.000092,0.000289,0.999999
227.467000,0.00000,0.00000,2.18000,0.00120,-0.00216,0.00529,0.001059,0.000092,0.000289,0.999999
227.500000,0.00000,0.00000,2.18000,0.00120,-0.00216,0.00529,0.001059,0.000092,0.000289,0.999999
227.535000,0.00000,0.00000,2.18000,0.00155,0.00061,0.00133,-0.001436,0.000036,0.000234,0.999999
227.567000,0.00000,0.00000,2.18000,0.00155,0.00061,0.00133,-0.001436,0.000036,0.000234,0.999999
227.601000,0.00000,0.00000,2.18000,0.00155,0.00061,0.00133,-0.001436,0.000036,0.000234,0.999999
227.634000,0.00000,0.00000,2.18000,0.00155,0.00061,0.00133,-0.001436,0.000036,0.000234,0.999999
227.667000,0.00000,0.00000,2.18000,0.00155,0.00061,0.00133,-0.001436,0.000036,0.000234,0.999999
227.700000,0.00000,0.00000,2.18000,0.00155,0.00061,0.00133,-0.001436,0.000036,0.000234,0.999999
227.734000,0.00000,0.00000,2.18000,0.00155,0.00061,0.00133,-0.001436,0.000036,0.000234,0.999999
227.768000,0.00000,0.00000,2.18000,0.00153,-0.00142,0.00385,0.001436,-0.000044,0.000419,0.999999
227.800000,0.00000,0.00000,2.18000,0.00153,-0.00142,0.00385,0.001436,-0.000044,0.000419,0.999999
227.834000,0.00000,0.00000,2.18000,0.00153,-0.00142,0.00385,0.001436,-0.000044,0.000419,0.999999
227.867000,0.00000,0.00000,2.18000,0.00153,-0.00142,0.00385,0.001436,-0.000044,0.000419,0.999999
227.900000,0.00000,0.00000,2.18000,0.00153,-0.00142,0.00385,0.001436,-0.000044,0.000419,0.999999
227.934000,0.00000,0.00000,2.18000,0.00153,-0.00142,0.00385,0.001436,-0.000044,0.000419,0.999999
227.967000,0.00000,0.00000,2.18000,0.00153,-0.00142,0.00385,0.001436,-0.000044,0.000419,0.999999
228.000000,0.00000,0.00000,2.18000,0.00153,-0.00142,0.00385,0.001436,-0.000044,0.000419,0.999999
228.035000,0.00000,0.00000,2.18000,0.00160,0.00143,-0.00174,-0.001973,0.000034,0.000235,0.999998
228.067000,0.00000,0.00000,2.18000,0.00160,0.00143,-0.00174,-0.001973,0.000034,0.000235,0.999998
228.100000,0.00000,0.00000,2.18000,0.00160,0.00143,-0.00174,-0.001973,0.000034,0.000235,0.999998
228.134000,0.00000,0.00000,2.18000,0.00160,0.00143,-0.00174,-0.001973,0.000034,0.000235,0.999998
228.167000,0.00000,0.00000,2.18000,0.00160,0.00143,-0.00174,-0.001973,0.000034,0.000235,0.999998
228.200000,0.00000,0.00000,2.18000,0.00160,0.00143,-0.00174,-0.001973,0.000034,0.000235,0.999998
228.234000,0.00000,0.00000,2.18000,0.00160,0.00143,-0.00174,-0.001973,0.000034,0.000235,0.999998
228.268000,0.00908,0.00000,2.18000,0.00202,-0.00003,-0.00683,0.002994,0.000125,0.000373,0.999995
228.300000,0.00908,0.00000,2.18000,0.00202,-0.00003,-0.00683,0.002994,0.000125,0.000373,0.999995
228.334000,0.00908,0.00000,2.18000,0.00202,-0.00003,-0.00683,0.002994,0.000125,0.000373,0.999995
228.367000,0.00908,0.00000,2.18000,0.00202,-0.00003,-0.00683,0.002994,0.000125,0.000373,0.999995
228.400000,0.00908,0.00000,2.18000,0.00202,-0.00003,-0.00683,0.002994,0.000125,0.000373,0.999995
228.434000,0.00908,0.00000,2.18000,0.00202,-0.00003,-0.00683,0.002994,0.000125,0.000373,0.999995
228.467000,0.00908,0.00000,2.18000,0.00202,-0.00003,-0.00683,0.002994,0.000125,0.000373,0.999995
228.500000,0.00908,0.00000,2.18000,0.00202,-0.00003,-0.00683,0.002994,0.000125,0.000373,0.999995
228.535000,0.00908,0.00000,2.18000,-0.00036,-0.00044,-0.00011,-0.002899,-0.000884,0.000322,0.999995
228.567000,0.00908,0.00000,2.18000,-0.00036,-0.00044,-0.00011,-0.002899,-0.000884,0.000322,0.999995
228.600000,0.00908,0.00000,2.18000,-0.00036,-0.00044,-0.00011,-0.002899,-0.000884,0.000322,0.999995
228.634000,0.00908,0.00000,2.18000,-0.00036,-0.00044,-0.00011,-0.002899,-0.000884,0.000322,0.999995
228.667000,0.00908,0.00000,2.18000,-0.00036,-0.00044,-0.00011,-0.002899,-0.000884,0.000322,0.999995
228.700000,0.00908,0.00000,2.18000,-0.00036,-0.00044,-0.00011,-0.002899,-0.000884,0.000322,0.999995
228.735000,0.00908,0.00000,2.18000,-0.00036,-0.00044,-0.00011,-0.002899,-0.000884,0.000322,0.999995
228.768000,0.00908,0.00000,2.18000,-0.00449,-0.00059,-0.00248,0.002997,-0.000686,0.000258,0.999995
228.801000,0.00908,0.00000,2.18000,-0.00449,-0.00059,-0.00248,0.002997,-0.000686,0.000258,0.999995
228.834000,0.00908,0.00000,2.18000,-0.00449,-0.00059,-0.00248,0.002997,-0.000686,0.000258,0.999995
228.867000,0.00908,0.00000,2.18000,-0.00449,-0.00059,-0.00248,0.002997,-0.000686,0.000258,0.999995
228.900000,0.00908,0.00000,2.18000,-0.00449,-0.00059,-0.00248,0.002997,-0.000686,0.000258,0.999995
228.934000,0.00908,0.00000,2.18000,-0.00449,-0.00059,-0.00248,0.002997,-0.000686,0.000258,0.999995
228.967000,0.00908,0.00000,2.18000,-0.00449,-0.00059,-0.00248,0.002997,-0.000686,0.000258,0.999995
229.001000,0.00908,0.00000,2.18000,-0.00449,-0.00059,-0.00248,0.002997,-0.000686,0.000258,0.999995
229.035000,0.00908,0.00000,2.18000,-0.00707,-0.00268,-0.00073,-0.002487,-0.000348,0.000300,0.999997
229.067000,0.00908,0.00000,2.18000,-0.00707,-0.00268,-0.00073,-0.002487,-0.000348,0.000300,0.999997
229.100000,0.00908,0.00000,2.18000,-0.00707,-0.00268,-0.00073,-0.002487,-0.000348,0.000300,0.999997
229.134000,0.00908,0.00000,2.18000,-0.00707,-0.00268,-0.00073,-0.002487,-0.000348,0.000300,0.999997
229.167000,0.00908,0.00000,2.18000,-0.00707,-0.00268,-0.00073,-0.002487,-0.000348,0.000300,0.999997
229.200000,0.00908,0.00000,2.18000,-0.00707,-0.00268,-0.00073,-0.002487,-0.000348,0.000300,0.999997
229.234000,0.00908,0.00000,2.18000,-0.00707,-0.00268,-0.00073,-0.002487,-0.000348,0.000300,0.999997
229.268000,0.00908,0.00000,2.18000,-0.00795,-0.00069,-0.00210,0.001863,-0.000091,0.000275,0.999998
229.301000,0.00908,0.00000,2.18000,-0.00795,-0.00069,-0.00210,0.001863,-0.000091,0.000275,0.999998
229.334000,0.00908,0.00000,2.18000,-0.00795,-0.00069,-0.00210,0.001863,-0.000091,0.000275,0.999998
229.367000,0.00908,0.00000,2.18000,-0.00795,-0.00069,-0.00210,0.001863,-0.000091,0.000275,0.999998
229.400000,0.00908,0.00000,2.18000,-0.00795,-0.00069,-0.00210,0.001863,-0.000091,0.000275,0.999998
229.434000,0.00908,0.00000,2.18000,-0.00795,-0.00069,-0.00210,0.001863,-0.000091,0.000275,0.999998
229.467000,0.00908,0.00000,2.18000,-0.00795,-0.00069,-0.00210,0.001863,-0.000091,0.000275,0.999998
229.500000,0.00908,0.00000,2.18000,-0.00795,-0.00069,-0.00210,0.001863,-0.000091,0.000275,0.999998
229.535000,0.00908,0.00000,2.18000,-0.00804,-0.00378,0.00282,-0.000991,-0.000003,0.000367,0.999999
229.567000,0.00908,0.00000,2.18000,-0.00804,-0.00378,0.00282,-0.000991,-0.000003,0.000367,0.999999
229.601000,0.00908,0.00000,2.18000,-0.00804,-0.00378,0.00282,-0.000991,-0.000003,0.000367,0.999999
229.634000,0.00908,0.00000,2.18000,-0.00804,-0.00378,0.00282,-0.000991,-0.000003,0.000367,0.999999
229.667000,0.00908,0.00000,2.18000,-0.00804,-0.00378,0.00282,-0.000991,-0.000003,0.000367,0.999999
229.700000,0.00908,0.00000,2.18000,-0.00804,-0.00378,0.00282,-0.000991,-0.000003,0.000367,0.999999
229.734000,0.00908,0.00000,2.18000,-0.00804,-0.00378,0.00282,-0.000991,-0.000003,0.000367,0.999999
229.768000,0.00908,-0.01113,2.18000,-0.00806,-0.00134,0.00215,0.000054,-0.000046,0.000184,1.000000
229.800000,0.00908,-0.01113,2.18000,-0.00806,-0.00134,0.00215,0.000054,-0.000046,0.000184,1.000000
229.834000,0.00908,-0.01113,2.18000,-0.00806,-0.00134,0.00215,0.000054,-0.000046,0.000184,1.000000
229.868000,0.00908,-0.01113,2.18000,-0.00806,-0.00134,0.00215,0.000054,-0.000046,0.000184,1.000000
229.900000,0.00908,-0.01113,2.18000,-0.00806,-0.00134,0.00215,0.000054,-0.000046,0.000184,1.000000
229.934000,0.00908,-0.01113,2.18000,-0.00806,-0.00134,0.00215,0.000054,-0.000046,0.000184,1.000000
229.967000,0.00908,-0.01113,2.18000,-0.00806,-0.00134,0.00215,0.000054,-0.000046,0.000184,1.000000
230.000000,0.00908,-0.01113,2.18000,-0.00806,-0.00134,0.00215,0.000054,-0.000046,0.000184,1.000000
230.035000,0.00000,-0.01113,2.18000,-0.00828,-0.00021,0.00231,-0.000441,0.000006,0.000376,1.000000
230.067000,0.00000,-0.01113,2.18000,-0.00828,-0.00021,0.00231,-0.000441,0.000006,0.000376,1.000000
230.100000,0.00000,-0.01113,2.18000,-0.00828,-0.00021,0.00231,-0.000441,0.000006,0.000376,1.000000
230.134000,0.00000,-0.01113,2.18000,-0.00828,-0.00021,0.00231,-0.000441,0.000006,0.000376,1.000000
230.167000,0.00000,-0.01113,2.18000,-0.00828,-0.00021,0.00231,-0.000441,0.000006,0.000376,1.000000
230.200000,0.00000,-0.01113,2.18000,-0.00828,-0.00021,0.00231,-0.000441,0.000006,0.000376,1.000000
230.234000,0.00000,-0.01113,2.18000,-0.00828,-0.00021,0.00231,-0.000441,0.000006,0.000376,1.000000
230.268000,0.00000,-0.01113,2.18000,-0.00548,0.00670,-0.00101,-0.002609,0.000870,0.000131,0.999996
230.301000,0.00000,-0.01113,2.18000,-0.00548,0.00670,-0.00101,-0.002609,0.000870,0.000131,0.999996
230.334000,0.00000,-0.01113,2.18000,-0.00548,0.00670,-0.00101,-0.002609,0.000870,0.000131,0.999996
230.367000,0.00000,-0.01113,2.18000,-0.00548,0.00670,-0.00101,-0.002609,0.000870,0.000131,0.999996
230.400000,0.00000,-0.01113,2.18000,-0.00548,0.00670,-0.00101,-0.002609,0.000870,0.000131,0.999996
230.434000,0.00000,-0.01113,2.18000,-0.00548,0.00670,-0.00101,-0.002609,0.000870,0.000131,0.999996
230.467000,0.00000,-0.01113,2.18000,-0.00548,0.00670,-0.00101,-0.002609,0.000870,0.000131,0.999996
230.500000,0.00000,-0.01113,2.18000,-0.00548,0.00670,-0.00101,-0.002609,0.000870,0.000131,0.999996
230.535000,0.00000,-0.01113,2.18000,-0.00149,0.00705,-0.00146,0.001987,0.000638,0.000237,0.999998
230.567000,0.00000,-0.01113,2.18000,-0.00149,0.00705,-0.00146,0.001987,0.000638,0.000237,0.999998
230.600000,0.00000,-0.01113,2.18000,-0.00149,0.00705,-0.00146,0.001987,0.000638,0.000237,0.999998
230.634000,0.00000,-0.01113,2.18000,-0.00149,0.00705,-0.00146,0.001987,0.000638,0.000237,0.999998
230.667000,0.00000,-0.01113,2.18000,-0.00149,0.00705,-0.00146,0.001987,0.000638,0.000237,0.999998
230.701000,0.00000,-0.01113,2.18000,-0.00149,0.00705,-0.00146,0.001987,0.000638,0.000237,0.999998
230.734000,0.00000,-0.01113,2.18000,-0.00149,0.00705,-0.00146,0.001987,0.000638,0.000237,0.999998
230.768000,0.00000,-0.01113,2.18000,0.00080,0.00989,-0.00369,-0.003512,0.000367,0.000209,0.999994
230.800000,0.00000,-0.01113,2.18000,0.00080,0.00989,-0.00369,-0.003512,0.000367,0.000209,0.999994
230.834000,0.00000,-0.01113,2.18000,0.00080,0.00989,-0.00369,-0.003512,0.000367,0.000209,0.999994
230.867000,0.00000,-0.01113,2.18000,0.00080,0.00989,-0.00369,-0.003512,0.000367,0.000209,0.999994
230.900000,0.00000,-0.01113,2.18000,0.00080,0.00989,-0.00369,-0.003512,0.000367,0.000209,0.999994
230.934000,0.00000,-0.01113,2.18000,0.00080,0.00989,-0.00369,-0.003512,0.000367,0.000209,0.999994
230.967000,0.00000,-0.01113,2.18000,0.00080,0.00989,-0.00369,-0.003512,0.000367,0.000209,0.999994
231.000000,0.00000,-0.01113,2.18000,0.00080,0.00989,-0.00369,-0.003512,0.000367,0.000209,0.999994
231.035000,0.00000,-0.01113,2.18000,0.00219,0.01172,-0.00509,0.002713,0.000214,0.000135,0.999996
231.067000,0.00000,-0.01113,2.18000,0.00219,0.01172,-0.00509,0.002713,0.000214,0.000135,0.999996
231.100000,0.00000,-0.01113,2.18000,0.00219,0.01172,-0.00509,0.002713,0.000214,0.000135,0.999996
231.134000,0.00000,-0.01113,2.18000,0.00219,0.01172,-0.00509,0.002713,0.000214,0.000135,0.999996
231.167000,0.00000,-0.01113,2.18000,0.00219,0.01172,-0.00509,0.002713,0.000214,0.000135,0.999996
231.200000,0.00000,-0.01113,2.18000,0.00219,0.01172,-0.00509,0.002713,0.000214,0.000135,0.999996
231.234000,0.00000,-0.01113,2.18000,0.00219,0.01172,-0.00509,0.002713,0.000214,0.000135,0.999996
231.268000,0.00000,-0.01113,2.18000,0.00269,0.01013,0.00276,-0.002773,0.000087,0.000360,0.999996
231.300000,0.00000,-0.01113,2.18000,0.00269,0.01013,0.00276,-0.002773,0.000087,0.000360,0.999996
231.334000,0.00000,-0.01113,2.18000,0.00269,0.01013,0.00276,-0.002773,0.000087,0.000360,0.999996
231.367000,0.00000,-0.01113,2.18000,0.00269,0.01013,0.00276,-0.002773,0.000087,0.000360,0.999996
231.400000,0.00000,-0.01113,2.18000,0.00269,0.01013,0.00276,-0.002773,0.000087,0.000360,0.999996
231.434000,0.00000,-0.01113,2.18000,0.00269,0.01013,0.00276,-0.002773,0.000087,0.000360,0.999996
231.467000,0.00000,-0.01113,2.18000,0.00269,0.01013,0.00276,-0.002773,0.000087,0.000360,0.999996
231.500000,0.00000,-0.01113,2.18000,0.00269,0.01013,0.00276,-0.002773,0.000087,0.000360,0.999996
231.535000,0.00000,0.00000,2.18000,0.00309,0.01222,0.00141,0.002148,0.000083,0.000068,0.999998
231.567000,0.00000,0.00000,2.18000,0.00309,0.01222,0.00141,0.002148,0.000083,0.000068,0.999998
231.600000,0.00000,0.00000,2.18000,0.00309,0.01222,0.00141,0.002148,0.000083,0.000068,0.999998
231.634000,0.00000,0.00000,2.18000,0.00309,0.01222,0.00141,0.002148,0.000083,0.000068,0.999998
231.667000,0.00000,0.00000,2.18000,0.00309,0.01222,0.00141,0.002148,0.000083,0.000068,0.999998
231.700000,0.00000,0.00000,2.18000,0.00309,0.01222,0.00141,0.002148,0.000083,0.000068,0.999998
231.735000,0.00000,0.00000,2.18000,0.00309,0.01222,0.00141,0.002148,0.000083,0.000068,0.999998
231.768000,0.00000,0.00000,2.18000,0.00320,0.00514,0.00357,0.000288,0.000014,0.000378,1.000000
231.800000,0.00000,0.00000,2.18000,0.00320,0.00514,0.00357,0.000288,0.000014,0.000378,1.000000
231.834000,0.00000,0.00000,2.18000,0.00320,0.00514,0.00357,0.000288,0.000014,0.000378,1.000000
231.867000,0.00000,0.00000,2.18000,0.00320,0.00514,0.00357,0.000288,0.000014,0.000378,1.000000
231.900000,0.00000,0.00000,2.18000,0.00320,0.00514,0.00357,0.000288,0.000014,0.000378,1.000000
231.934000,0.00000,0.00000,2.18000,0.00320,0.00514,0.00357,0.000288,0.000014,0.000378,1.000000
231.967000,0.00000,0.00000,2.18000,0.00320,0.00514,0.00357,0.000288,0.000014,0.000378,1.000000
232.000000,0.00000,0.00000,2.18000,0.00320,0.00514,0.00357,0.000288,0.000014,0.000378,1.000000
232.035000,0.00000,0.00000,2.18000,0.00329,0.00495,0.00712,0.000783,0.000054,0.000165,1.000000
232.067000,0.00000,0.00000,2.18000,0.00329,0.00495,0.00712,0.000783,0.000054,0.000165,1.000000
232.100000,0.00000,0.00000,2.18000,0.00329,0.00495,0.00712,0.000783,0.000054,0.000165,1.000000
232.134000,0.00000,0.00000,2.18000,0.00329,0.00495,0.00712,0.000783,0.000054,0.000165,1.000000
232.168000,0.00000,0.00000,2.18000,0.00329,0.00495,0.00712,0.000783,0.000054,0.000165,1.000000
232.200000,0.00000,0.00000,2.18000,0.00329,0.00495,0.00712,0.000783,0.000054,0.000165,1.000000
232.234000,0.00000,0.00000,2.18000,0.00329,0.00495,0.00712,0.000783,0.000054,0.000165,1.000000
232.268000,0.00000,0.00000,2.18000,0.00313,0.00000,0.00242,0.000788,-0.000106,0.000302,1.000000
232.300000,0.00000,0.00000,2.18000,0.00313,0.00000,0.00242,0.000788,-0.000106,0.000302,1.000000
232.334000,0.00000,0.00000,2.18000,0.00313,0.00000,0.00242,0.000788,-0.000106,0.000302,1.000000
232.367000,0.00000,0.00000,2.18000,0.00313,0.00000,0.00242,0.000788,-0.000106,0.000302,1.000000
232.400000,0.00000,0.00000,2.18000,0.00313,0.00000,0.00242,0.000788,-0.000106,0.000302,1.000000
232.434000,0.00000,0.00000,2.18000,0.00313,0.00000,0.00242,0.000788,-0.000106,0.000302,1.000000
232.467000,0.00000,0.00000,2.18000,0.00313,0.00000,0.00242,0.000788,-0.000106,0.000302,1.000000
232.500000,0.00000,0.00000,2.18000,0.00313,0.00000,0.00242,0.000788,-0.000106,0.000302,1.000000
232.535000,0.00000,0.00000,2.18000,0.00275,0.00163,0.00324,-0.001098,0.000007,0.000175,0.999999
232.567000,0.00000,0.00000,2.18000,0.00275,0.00163,0.00324,-0.001098,0.000007,0.000175,0.999999
232.600000,0.00000,0.00000,2.18000,0.00275,0.00163,0.00324,-0.001098,0.000007,0.000175,0.999999
232.634000,0.00000,0.00000,2.18000,0.00275,0.00163,0.00324,-0.001098,0.000007,0.000175,0.999999
232.667000,0.00000,0.00000,2.18000,0.00275,0.00163,0.00324,-0.001098,0.000007,0.000175,0.999999
232.700000,0.00000,0.00000,2.18000,0.00275,0.00163,0.00324,-0.001098,0.000007,0.000175,0.999999
232.734000,0.00000,0.00000,2.18000,0.00275,0.00163,0.00324,-0.001098,0.000007,0.000175,0.999999
232.768000,0.00000,0.00000,2.18000,0.00296,-0.00202,0.00065,0.002255,0.000036,0.000410,0.999997
232.801000,0.00000,0.00000,2.18000,0.00296,-0.00202,0.00065,0.002255,0.000036,0.000410,0.999997
232.834000,0.00000,0.00000,2.18000,0.00296,-0.00202,0.00065,0.002255,0.000036,0.000410,0.999997
232.867000,0.00000,0.00000,2.18000,0.00296,-0.00202,0.00065,0.002255,0.000036,0.000410,0.999997
232.900000,0.00000,0.00000,2.18000,0.00296,-0.00202,0.00065,0.002255,0.000036,0.000410,0.999997
232.934000,0.00000,0.00000,2.18000,0.00296,-0.00202,0.00065,0.002255,0.000036,0.000410,0.999997
232.967000,0.00000,0.00000,2.18000,0.00296,-0.00202,0.00065,0.002255,0.000036,0.000410,0.999997
233.000000,0.00000,0.00000,2.18000,0.00296,-0.00202,0.00065,0.002255,0.000036,0.000410,0.999997
233.034000,0.00000,0.00000,2.18000,0.00293,-0.00097,-0.00231,-0.002301,-0.000042,0.000243,0.999997
233.067000,0.00000,0.00000,2.18000,0.00293,-0.00097,-0.00231,-0.002301,-0.000042,0.000243,0.999997
233.100000,0.00000,0.00000,2.18000,0.00293,-0.00097,-0.00231,-0.002301,-0.000042,0.000243,0.999997
233.134000,0.00000,0.00000,2.18000,0.00293,-0.00097,-0.00231,-0.002301,-0.000042,0.000243,0.999997
233.167000,0.00000,0.00000,2.18000,0.00293,-0.00097,-0.00231,-0.002301,-0.000042,0.000243,0.999997
233.200000,0.00000,0.00000,2.18000,0.00293,-0.00097,-0.00231,-0.002301,-0.000042,0.000243,0.999997
233.234000,0.00000,0.00000,2.18000,0.00293,-0.00097,-0.00231,-0.002301,-0.000042,0.000243,0.999997
233.268000,0.00000,0.00000,2.18000,0.00304,-0.00277,-0.00241,0.003187,0.000021,0.000279,0.999995
233.300000,0.00000,0.00000,2.18000,0.00304,-0.00277,-0.00241,0.003187,0.000021,0.000279,0.999995
233.334000,0.00000,0.00000,2.18000,0.00304,-0.00277,-0.00241,0.003187,0.000021,0.000279,0.999995
233.367000,0.00000,0.00000,2.18000,0.00304,-0.00277,-0.00241,0.003187,0.000021,0.000279,0.999995
233.400000,0.00000,0.00000,2.18000,0.00304,-0.00277,-0.00241,0.003187,0.000021,0.000279,0.999995
233.434000,0.00000,0.00000,2.18000,0.00304,-0.00277,-0.00241,0.003187,0.000021,0.000279,0.999995
233.467000,0.00000,0.00000,2.18000,0.00304,-0.00277,-0.00241,0.003187,0.000021,0.000279,0.999995
233.500000,0.00000,0.00000,2.18000,0.00304,-0.00277,-0.00241,0.003187,0.000021,0.000279,0.999995
233.535000,0.00000,0.00000,2.18000,0.00299,-0.00320,0.00072,-0.002762,-0.000023,0.000251,0.999996
233.567000,0.00000,0.00000,2.18000,0.00299,-0.00320,0.00072,-0.002762,-0.000023,0.000251,0.999996
233.600000,0.00000,0.00000,2.18000,0.00299,-0.00320,0.00072,-0.002762,-0.000023,0.000251,0.999996
233.634000,0.00000,0.00000,2.18000,0.00299,-0.00320,0.00072,-0.002762,-0.000023,0.000251,0.999996
233.667000,0.00000,0.00000,2.18000,0.00299,-0.00320,0.00072,-0.002762,-0.000023,0.000251,0.999996
233.700000,0.00000,0.00000,2.18000,0.00299,-0.00320,0.00072,-0.002762,-0.000023,0.000251,0.999996
233.734000,0.00000,0.00000,2.18000,0.00299,-0.00320,0.00072,-0.002762,-0.000023,0.000251,0.999996
233.768000,0.00000,0.00000,2.18000,0.00304,-0.00161,-0.00208,0.002235,0.000021,0.000224,0.999997
233.800000,0.00000,0.00000,2.18000,0.00304,-0.00161,-0.00208,0.002235,0.000021,0.000224,0.999997
233.834000,0.00000,0.00000,2.18000,0.00304,-0.00161,-0.00208,0.002235,0.000021,0.000224,0.999997
233.867000,0.00000,0.00000,2.18000,0.00304,-0.00161,-0.00208,0.002235,0.000021,0.000224,0.999997
233.900000,0.00000,0.00000,2.18000,0.00304,-0.00161,-0.00208,0.002235,0.000021,0.000224,0.999997
233.934000,0.00000,0.00000,2.18000,0.00304,-0.00161,-0.00208,0.002235,0.000021,0.000224,0.999997
233.967000,0.00000,0.00000,2.18000,0.00304,-0.00161,-0.00208,0.002235,0.000021,0.000224,0.999997
234.000000,0.00000,0.00000,2.18000,0.00304,-0.00161,-0.00208,0.002235,0.000021,0.000224,0.999997
234.035000,0.00000,0.00000,2.18000,0.00288,-0.00198,-0.00197,-0.002372,-0.000057,0.000361,0.999997
234.067000,0.00000,0.00000,2.18000,0.00288,-0.00198,-0.00197,-0.002372,-0.000057,0.000361,0.999997
234.100000,0.00000,0.00000,2.18000,0.00288,-0.00198,-0.00197,-0.002372,-0.000057,0.000361,0.999997
234.134000,0.00000,0.00000,2.18000,0.00288,-0.00198,-0.00197,-0.002372,-0.000057,0.000361,0.999997
234.167000,0.00000,0.00000,2.18000,0.00288,-0.00198,-0.00197,-0.002372,-0.000057,0.000361,0.999997
234.200000,0.00000,0.00000,2.18000,0.00288,-0.00198,-0.00197,-0.002372,-0.000057,0.000361,0.999997
234.234000,0.00000,0.00000,2.18000,0.00288,-0.00198,-0.00197,-0.002372,-0.000057,0.000361,0.999997
234.268000,0.00000,0.00000,2.18000,0.00273,-0.00003,0.00014,0.001646,-0.000036,0.000195,0.999999
234.300000,0.00000,0.00000,2.18000,0.00273,-0.00003,0.00014,0.001646,-0.000036,0.000195,0.999999
234.334000,0.00000,0.00000,2.18000,0.00273,-0.00003,0.00014,0.001646,-0.000036,0.000195,0.999999
234.367000,0.00000,0.00000,2.18000,0.00273,-0.00003,0.00014,0.001646,-0.000036,0.000195,0.999999
234.400000,0.00000,0.00000,2.18000,0.00273,-0.00003,0.00014,0.001646,-0.000036,0.000195,0.999999
234.434000,0.00000,0.00000,2.18000,0.00273,-0.00003,0.00014,0.001646,-0.000036,0.000195,0.999999
234.467000,0.00000,0.00000,2.18000,0.00273,-0.00003,0.00014,0.001646,-0.000036,0.000195,0.999999
234.500000,0.00000,0.00000,2.18000,0.00273,-0.00003,0.00014,0.001646,-0.000036,0.000195,0.999999
234.535000,0.00000,0.00000,2.18000,0.00228,-0.00279,0.00341,-0.001340,-0.000070,0.000370,0.999999
234.567000,0.00000,0.00000,2.18000,0.00228,-0.00279,0.00341,-0.001340,-0.000070,0.000370,0.999999
234.600000,0.00000,0.00000,2.18000,0.00228,-0.00279,0.00341,-0.001340,-0.000070,0.000370,0.999999
234.634000,0.00000,0.00000,2.18000,0.00228,-0.00279,0.00341,-0.001340,-0.000070,0.000370,0.999999
234.667000,0.00000,0.00000,2.18000,0.00228,-0.00279,0.00341,-0.001340,-0.000070,0.000370,0.999999
234.700000,0.00000,0.00000,2.18000,0.00228,-0.00279,0.00341,-0.001340,-0.000070,0.000370,0.999999
234.734000,0.00000,0.00000,2.18000,0.00228,-0.00279,0.00341,-0.001340,-0.000070,0.000370,0.999999
234.768000,0.00000,0.00000,2.18000,0.00226,0.00114,0.00238,-0.000183,0.000055,0.000130,1.000000
234.800000,0.00000,0.00000,2.18000,0.00226,0.00114,0.00238,-0.000183,0.000055,0.000130,1.000000
234.834000,0.00000,0.00000,2.18000,0.00226,0.00114,0.00238,-0.000183,0.000055,0.000130,1.000000
234.867000,0.00000,0.00000,2.18000,0.00226,0.00114,0.00238,-0.000183,0.000055,0.000130,1.000000
234.900000,0.00000,0.00000,2.18000,0.00226,0.00114,0.00238,-0.000183,0.000055,0.000130,1.000000
234.934000,0.00000,0.00000,2.18000,0.00226,0.00114,0.00238,-0.000183,0.000055,0.000130,1.000000
234.967000,0.00000,0.00000,2.18000,0.00226,0.00114,0.00238,-0.000183,0.000055,0.000130,1.000000
235.001000,0.00000,0.00000,2.18000,0.00226,0.00114,0.00238,-0.000183,0.000055,0.000130,1.000000
235.035000,0.00000,0.00000,2.18000,0.00219,-0.00251,0.00095,0.000761,-0.000021,0.000356,1.000000
235.067000,0.00000,0.00000,2.18000,0.00219,-0.00251,0.00095,0.000761,-0.000021,0.000356,1.000000
235.100000,0.00000,0.00000,2.18000,0.00219,-0.00251,0.00095,0.000761,-0.000021,0.000356,1.000000
235.134000,0.00000,0.00000,2.18000,0.00219,-0.00251,0.00095,0.000761,-0.000021,0.000356,1.000000
235.167000,0.00000,0.00000,2.18000,0.00219,-0.00251,0.00095,0.000761,-0.000021,0.000356,1.000000
235.200000,0.00000,0.00000,2.18000,0.00219,-0.00251,0.00095,0.000761,-0.000021,0.000356,1.000000
235.234000,0.00000,0.00000,2.18000,0.00219,-0.00251,0.00095,0.000761,-0.000021,0.000356,1.000000
235.268000,0.00908,0.00000,2.18000,0.00227,-0.00005,-0.00229,-0.001948,0.000017,0.000178,0.999998
235.300000,0.00908,0.00000,2.18000,0.00227,-0.00005,-0.00229,-0.001948,0.000017,0.000178,0.999998
235.334000,0.00908,0.00000,2.18000,0.00227,-0.00005,-0.00229,-0.001948,0.000017,0.000178,0.999998
235.367000,0.00908,0.00000,2.18000,0.00227,-0.00005,-0.00229,-0.001948,0.000017,0.000178,0.999998
235.400000,0.00908,0.00000,2.18000,0.00227,-0.00005,-0.00229,-0.001948,0.000017,0.000178,0.999998
235.434000,0.00908,0.00000,2.18000,0.00227,-0.00005,-0.00229,-0.001948,0.000017,0.000178,0.999998
235.467000,0.00908,0.00000,2.18000,0.00227,-0.00005,-0.00229,-0.001948,0.000017,0.000178,0.999998
235.500000,0.00908,0.00000,2.18000,0.00227,-0.00005,-0.00229,-0.001948,0.000017,0.000178,0.999998
235.535000,0.00908,0.00000,2.17000,-0.00019,-0.00113,-0.00418,0.002333,-0.000978,0.000337,0.999997
235.567000,0.00908,0.00000,2.17000,-0.00019,-0.00113,-0.00418,0.002333,-0.000978,0.000337,0.999997
235.600000,0.00908,0.00000,2.17000,-0.00019,-0.00113,-0.00418,0.002333,-0.000978,0.000337,0.999997
235.634000,0.00908,0.00000,2.17000,-0.00019,-0.00113,-0.00418,0.002333,-0.000978,0.000337,0.999997
235.667000,0.00908,0.00000,2.17000,-0.00019,-0.00113,-0.00418,0.002333,-0.000978,0.000337,0.999997
235.700000,0.00908,0.00000,2.17000,-0.00019,-0.00113,-0.00418,0.002333,-0.000978,0.000337,0.999997
235.734000,0.00908,0.00000,2.17000,-0.00019,-0.00113,-0.00418,0.002333,-0.000978,0.000337,0.999997
235.768000,0.00000,0.00000,2.18000,-0.00446,-0.00038,-0.00389,-0.002952,-0.000628,0.000198,0.999995
235.800000,0.00000,0.00000,2.18000,-0.00446,-0.00038,-0.00389,-0.002952,-0.000628,0.000198,0.999995
235.834000,0.00000,0.00000,2.18000,-0.00446,-0.00038,-0.00389,-0.002952,-0.000628,0.000198,0.999995
235.868000,0.00000,0.00000,2.18000,-0.00446,-0.00038,-0.00389,-0.002952,-0.000628,0.000198,0.999995
235.900000,0.00000,0.00000,2.18000,-0.00446,-0.00038,-0.00389,-0.002952,-0.000628,0.000198,0.999995
235.934000,0.00000,0.00000,2.18000,-0.00446,-0.00038,-0.00389,-0.002952,-0.000628,0.000198,0.999995
235.967000,0.00000,0.00000,2.18000,-0.00446,-0.00038,-0.00389,-0.002952,-0.000628,0.000198,0.999995
236.000000,0.00000,0.00000,2.18000,-0.00446,-0.00038,-0.00389,-0.002952,-0.000628,0.000198,0.999995
236.035000,0.00000,0.00000,2.18000,-0.00384,-0.00060,-0.00393,0.002951,0.000608,0.000349,0.999995
236.067000,0.00000,0.00000,2.18000,-0.00384,-0.00060,-0.00393,0.002951,0.000608,0.000349,0.999995
236.100000,0.00000,0.00000,2.18000,-0.00384,-0.00060,-0.00393,0.002951,0.000608,0.000349,0.999995
236.134000,0.00000,0.00000,2.18000,-0.00384,-0.00060,-0.00393,0.002951,0.000608,0.000349,0.999995
236.167000,0.00000,0.00000,2.18000,-0.00384,-0.00060,-0.00393,0.002951,0.000608,0.000349,0.999995
236.200000,0.00000,0.00000,2.18000,-0.00384,-0.00060,-0.00393,0.002951,0.000608,0.000349,0.999995
236.234000,0.00000,0.00000,2.18000,-0.00384,-0.00060,-0.00393,0.002951,0.000608,0.000349,0.999995
236.268000,0.00000,0.00000,2.18000,-0.00105,-0.00168,-0.00103,-0.002719,0.000405,0.000336,0.999996
236.300000,0.00000,0.00000,2.18000,-0.00105,-0.00168,-0.00103,-0.002719,0.000405,0.000336,0.999996
236.334000,0.00000,0.00000,2.18000,-0.00105,-0.00168,-0.00103,-0.002719,0.000405,0.000336,0.999996
236.367000,0.00000,0.00000,2.18000,-0.00105,-0.00168,-0.00103,-0.002719,0.000405,0.000336,0.999996
236.400000,0.00000,0.00000,2.18000,-0.00105,-0.00168,-0.00103,-0.002719,0.000405,0.000336,0.999996
236.434000,0.00000,0.00000,2.18000,-0.00105,-0.00168,-0.00103,-0.002719,0.000405,0.000336,0.999996
236.467000,0.00000,0.00000,2.18000,-0.00105,-0.00168,-0.00103,-0.002719,0.000405,0.000336,0.999996
236.500000,0.00000,0.00000,2.18000,-0.00105,-0.00168,-0.00103,-0.002719,0.000405,0.000336,0.999996
236.535000,0.00000,0.00000,2.18000,0.00046,-0.00086,-0.00166,0.002647,0.000296,0.000215,0.999996
236.567000,0.00000,0.00000,2.18000,0.00046,-0.00086,-0.00166,0.002647,0.000296,0.000215,0.999996
236.601000,0.00000,0.00000,2.18000,0.00046,-0.00086,-0.00166,0.002647,0.000296,0.000215,0.999996
236.634000,0.00000,0.00000,2.18000,0.00046,-0.00086,-0.00166,0.002647,0.000296,0.000215,0.999996
236.667000,0.00000,0.00000,2.18000,0.00046,-0.00086,-0.00166,0.002647,0.000296,0.000215,0.999996
236.700000,0.00000,0.00000,2.18000,0.00046,-0.00086,-0.00166,0.002647,0.000296,0.000215,0.999996
236.734000,0.00000,0.00000,2.18000,0.00046,-0.00086,-0.00166,0.002647,0.000296,0.000215,0.999996
236.768000,0.00000,0.00000,2.18000,0.00003,-0.00392,0.00265,-0.001935,-0.000242,0.000307,0.999998
236.801000,0.00000,0.00000,2.18000,0.00003,-0.00392,0.00265,-0.001935,-0.000242,0.000307,0.999998
236.834000,0.00000,0.00000,2.18000,0.00003,-0.00392,0.00265,-0.001935,-0.000242,0.000307,0.999998
236.867000,0.00000,0.00000,2.18000,0.00003,-0.00392,0.00265,-0.001935,-0.000242,0.000307,0.999998
236.900000,0.00000,0.00000,2.18000,0.00003,-0.00392,0.00265,-0.001935,-0.000242,0.000307,0.999998
236.934000,0.00000,0.00000,2.18000,0.00003,-0.00392,0.00265,-0.001935,-0.000242,0.000307,0.999998
236.967000,0.00000,0.00000,2.18000,0.00003,-0.00392,0.00265,-0.001935,-0.000242,0.000307,0.999998
237.001000,0.00000,0.00000,2.18000,0.00003,-0.00392,0.00265,-0.001935,-0.000242,0.000307,0.999998
237.035000,0.00000,0.00000,2.18000,0.00002,-0.00068,0.00092,0.000902,0.000165,0.000189,1.000000
237.068000,0.00000,0.00000,2.18000,0.00002,-0.00068,0.00092,0.000902,0.000165,0.000189,1.000000
237.100000,0.00000,0.00000,2.18000,0.00002,-0.00068,0.00092,0.000902,0.000165,0.000189,1.000000
237.134000,0.00000,0.00000,2.18000,0.00002,-0.00068,0.00092,0.000902,0.000165,0.000189,1.000000
237.167000,0.00000,0.00000,2.18000,0.00002,-0.00068,0.00092,0.000902,0.000165,0.000189,1.000000
237.200000,0.00000,0.00000,2.18000,0.00002,-0.00068,0.00092,0.000902,0.000165,0.000189,1.000000
237.234000,0.00000,0.00000,2.18000,0.00002,-0.00068,0.00092,0.000902,0.000165,0.000189,1.000000
237.268000,0.00000,0.00000,2.18000,0.00105,-0.00349,0.00269,-0.000222,0.000189,0.000464,1.000000
237.300000,0.00000,0.00000,2.18000,0.00105,-0.00349,0.00269,-0.000222,0.000189,0.000464,1.000000
237.334000,0.00000,0.00000,2.18000,0.00105,-0.00349,0.00269,-0.000222,0.000189,0.000464,1.000000
237.367000,0.00000,0.00000,2.18000,0.00105,-0.00349,0.00269,-0.000222,0.000189,0.000464,1.000000
237.400000,0.00000,0.00000,2.18000,0.00105,-0.00349,0.00269,-0.000222,0.000189,0.000464,1.000000
237.434000,0.00000,0.00000,2.18000,0.00105,-0.00349,0.00269,-0.000222,0.000189,0.000464,1.000000
237.467000,0.00000,0.00000,2.18000,0.00105,-0.00349,0.00269,-0.000222,0.000189,0.000464,1.000000
237.501000,0.00000,0.00000,2.18000,0.00105,-0.00349,0.00269,-0.000222,0.000189,0.000464,1.000000
237.535000,0.00000,0.00000,2.18000,0.00165,-0.00041,0.00465,-0.000701,0.000024,0.000206,1.000000
237.567000,0.00000,0.00000,2.18000,0.00165,-0.00041,0.00465,-0.000701,0.000024,0.000206,1.000000
237.600000,0.00000,0.00000,2.18000,0.00165,-0.00041,0.00465,-0.000701,0.000024,0.000206,1.000000
237.634000,0.00000,0.00000,2.18000,0.00165,-0.00041,0.00465,-0.000701,0.000024,0.000206,1.000000
237.667000,0.00000,0.00000,2.18000,0.00165,-0.00041,0.00465,-0.000701,0.000024,0.000206,1.000000
237.700000,0.00000,0.00000,2.18000,0.00165,-0.00041,0.00465,-0.000701,0.000024,0.000206,1.000000
237.734000,0.00000,0.00000,2.18000,0.00165,-0.00041,0.00465,-0.000701,0.000024,0.000206,1.000000
237.768000,0.00000,0.00000,2.18000,0.00156,-0.00333,0.00024,0.001631,-0.000058,0.000377,0.999999
237.800000,0.00000,0.00000,2.18000,0.00156,-0.00333,0.00024,0.001631,-0.000058,0.000377,0.999999
237.834000,0.00000,0.00000,2.18000,0.00156,-0.00333,0.00024,0.001631,-0.000058,0.000377,0.999999
237.867000,0.00000,0.00000,2.18000,0.00156,-0.00333,0.00024,0.001631,-0.000058,0.000377,0.999999
237.900000,0.00000,0.00000,2.18000,0.00156,-0.00333,0.00024,0.001631,-0.000058,0.000377,0.999999
237.934000,0.00000,0.00000,2.18000,0.00156,-0.00333,0.00024,0.001631,-0.000058,0.000377,0.999999
237.967000,0.00000,0.00000,2.18000,0.00156,-0.00333,0.00024,0.001631,-0.000058,0.000377,0.999999
238.000000,0.00000,0.00000,2.18000,0.00156,-0.00333,0.00024,0.001631,-0.000058,0.000377,0.999999
238.035000,0.00000,0.00000,2.18000,0.00140,-0.00144,-0.00283,-0.002132,0.000003,0.000165,0.999998
238.067000,0.00000,0.00000,2.18000,0.00140,-0.00144,-0.00283,-0.002132,0.000003,0.000165,0.999998
238.100000,0.00000,0.00000,2.18000,0.00140,-0.00144,-0.00283,-0.002132,0.000003,0.000165,0.999998
238.134000,0.00000,0.00000,2.18000,0.00140,-0.00144,-0.00283,-0.002132,0.000003,0.000165,0.999998
238.167000,0.00000,0.00000,2.18000,0.00140,-0.00144,-0.00283,-0.002132,0.000003,0.000165,0.999998
238.200000,0.00000,0.00000,2.18000,0.00140,-0.00144,-0.00283,-0.002132,0.000003,0.000165,0.999998
238.234000,0.00000,0.00000,2.18000,0.00140,-0.00144,-0.00283,-0.002132,0.000003,0.000165,0.999998
238.268000,0.00000,0.00000,2.17000,0.00158,-0.00270,-0.00389,0.002557,0.000073,0.000227,0.999997
238.300000,0.00000,0.00000,2.17000,0.00158,-0.00270,-0.00389,0.002557,0.000073,0.000227,0.999997
238.334000,0.00000,0.00000,2.17000,0.00158,-0.00270,-0.00389,0.002557,0.000073,0.000227,0.999997
238.367000,0.00000,0.00000,2.17000,0.00158,-0.00270,-0.00389,0.002557,0.000073,0.000227,0.999997
238.400000,0.00000,0.00000,2.17000,0.00158,-0.00270,-0.00389,0.002557,0.000073,0.000227,0.999997
238.434000,0.00000,0.00000,2.17000,0.00158,-0.00270,-0.00389,0.002557,0.000073,0.000227,0.999997
238.467000,0.00000,0.00000,2.17000,0.00158,-0.00270,-0.00389,0.002557,0.000073,0.000227,0.999997
238.500000,0.00000,0.00000,2.17000,0.00158,-0.00270,-0.00389,0.002557,0.000073,0.000227,0.999997
238.535000,0.00908,0.00000,2.18000,0.00177,-0.00185,0.00008,-0.003032,-0.000170,0.000210,0.999995
238.567000,0.00908,0.00000,2.18000,0.00177,-0.00185,0.00008,-0.003032,-0.000170,0.000210,0.999995
238.601000,0.00908,0.00000,2.18000,0.00177,-0.00185,0.00008,-0.003032,-0.000170,0.000210,0.999995
238.634000,0.00908,0.00000,2.18000,0.00177,-0.00185,0.00008,-0.003032,-0.000170,0.000210,0.999995
238.667000,0.00908,0.00000,2.18000,0.00177,-0.00185,0.00008,-0.003032,-0.000170,0.000210,0.999995
238.700000,0.00908,0.00000,2.18000,0.00177,-0.00185,0.00008,-0.003032,-0.000170,0.000210,0.999995
238.734000,0.00908,0.00000,2.18000,0.00177,-0.00185,0.00008,-0.003032,-0.000170,0.000210,0.999995
238.768000,0.00908,0.00000,2.18000,-0.00181,-0.00149,-0.00336,0.002849,-0.000975,0.000358,0.999995
238.800000,0.00908,0.00000,2.18000,-0.00181,-0.00149,-0.00336,0.002849,-0.000975,0.000358,0.999995
238.834000,0.00908,0.00000,2.18000,-0.00181,-0.00149,-0.00336,0.002849,-0.000975,0.000358,0.999995
238.867000,0.00908,0.00000,2.18000,-0.00181,-0.00149,-0.00336,0.002849,-0.000975,0.000358,0.999995
238.900000,0.00908,0.00000,2.18000,-0.00181,-0.00149,-0.00336,0.002849,-0.000975,0.000358,0.999995
238.934000,0.00908,0.00000,2.18000,-0.00181,-0.00149,-0.00336,0.002849,-0.000975,0.000358,0.999995
238.967000,0.00908,0.00000,2.18000,-0.00181,-0.00149,-0.00336,0.002849,-0.000975,0.000358,0.999995
239.000000,0.00908,0.00000,2.18000,-0.00181,-0.00149,-0.00336,0.002849,-0.000975,0.000358,0.999995
239.035000,0.00908,0.00000,2.18000,-0.00550,-0.00195,-0.00404,-0.002878,-0.000520,0.000316,0.999996
239.067000,0.00908,0.00000,2.18000,-0.00550,-0.00195,-0.00404,-0.002878,-0.000520,0.000316,0.999996
239.100000,0.00908,0.00000,2.18000,-0.00550,-0.00195,-0.00404,-0.002878,-0.000520,0.000316,0.999996
239.134000,0.00908,0.00000,2.18000,-0.00550,-0.00195,-0.00404,-0.002878,-0.000520,0.000316,0.999996
239.167000,0.00908,0.00000,2.18000,-0.00550,-0.00195,-0.00404,-0.002878,-0.000520,0.000316,0.999996
239.200000,0.00908,0.00000,2.18000,-0.00550,-0.00195,-0.00404,-0.002878,-0.000520,0.000316,0.999996
239.234000,0.00908,0.00000,2.18000,-0.00550,-0.00195,-0.00404,-0.002878,-0.000520,0.000316,0.999996
239.268000,0.00908,0.00000,2.18000,-0.00740,0.00022,0.00344,0.001995,-0.000297,0.000212,0.999998
239.300000,0.00908,0.00000,2.18000,-0.00740,0.00022,0.00344,0.001995,-0.000297,0.000212,0.999998
239.334000,0.00908,0.00000,2.18000,-0.00740,0.00022,0.00344,0.001995,-0.000297,0.000212,0.999998
239.367000,0.00908,0.00000,2.18000,-0.00740,0.00022,0.00344,0.001995,-0.000297,0.000212,0.999998
239.400000,0.00908,0.00000,2.18000,-0.00740,0.00022,0.00344,0.001995,-0.000297,0.000212,0.999998
239.434000,0.00908,0.00000,2.18000,-0.00740,0.00022,0.00344,0.001995,-0.000297,0.000212,0.999998
239.467000,0.00908,0.00000,2.18000,-0.00740,0.00022,0.00344,0.001995,-0.000297,0.000212,0.999998
239.500000,0.00908,0.00000,2.18000,-0.00740,0.00022,0.00344,0.001995,-0.000297,0.000212,0.999998
239.535000,0.00908,0.00000,2.18000,-0.00859,-0.00298,0.00520,-0.001177,-0.000245,0.000366,0.999999
239.567000,0.00908,0.00000,2.18000,-0.00859,-0.00298,0.00520,-0.001177,-0.000245,0.000366,0.999999
239.600000,0.00908,0.00000,2.18000,-0.00859,-0.00298,0.00520,-0.001177,-0.000245,0.000366,0.999999
239.634000,0.00908,0.00000,2.18000,-0.00859,-0.00298,0.00520,-0.001177,-0.000245,0.000366,0.999999
239.667000,0.00908,0.00000,2.18000,-0.00859,-0.00298,0.00520,-0.001177,-0.000245,0.000366,0.999999
239.700000,0.00908,0.00000,2.18000,-0.00859,-0.00298,0.00520,-0.001177,-0.000245,0.000366,0.999999
239.735000,0.00908,0.00000,2.18000,-0.00859,-0.00298,0.00520,-0.001177,-0.000245,0.000366,0.999999
239.768000,0.00908,0.00000,2.18000,-0.00947,-0.00036,0.00756,0.001165,-0.000126,0.000109,0.999999
239.800000,0.00908,0.00000,2.18000,-0.00947,-0.00036,0.00756,0.001165,-0.000126,0.000109,0.999999
239.834000,0.00908,0.00000,2.18000,-0.00947,-0.00036,0.00756,0.001165,-0.000126,0.000109,0.999999
239.867000,0.00908,0.00000,2.18000,-0.00947,-0.00036,0.00756,0.001165,-0.000126,0.000109,0.999999
239.900000,0.00908,0.00000,2.18000,-0.00947,-0.00036,0.00756,0.001165,-0.000126,0.000109,0.999999
239.934000,0.00908,0.00000,2.18000,-0.00947,-0.00036,0.00756,0.001165,-0.000126,0.000109,0.999999
239.967000,0.00908,0.00000,2.18000,-0.00947,-0.00036,0.00756,0.001165,-0.000126,0.000109,0.999999
240.000000,0.00908,0.00000,2.18000,-0.00947,-0.00036,0.00756,0.001165,-0.000126,0.000109,0.999999
240.035000,0.00000,0.00000,2.18000,-0.00981,-0.00264,0.00129,-0.000068,0.000013,0.000397,1.000000
240.067000,0.00000,0.00000,2.18000,-0.00981,-0.00264,0.00129,-0.000068,0.000013,0.000397,1.000000
240.100000,0.00000,0.00000,2.18000,-0.00981,-0.00264,0.00129,-0.000068,0.000013,0.000397,1.000000
240.134000,0.00000,0.00000,2.18000,-0.00981,-0.00264,0.00129,-0.000068,0.000013,0.000397,1.000000
240.167000,0.00000,0.00000,2.18000,-0.00981,-0.00264,0.00129,-0.000068,0.000013,0.000397,1.000000
240.200000,0.00000,0.00000,2.18000,-0.00981,-0.00264,0.00129,-0.000068,0.000013,0.000397,1.000000
240.234000,0.00000,0.00000,2.18000,-0.00981,-0.00264,0.00129,-0.000068,0.000013,0.000397,1.000000
240.268000,0.00000,0.00000,2.18000,-0.00729,0.00140,-0.00014,-0.000701,0.000949,0.000152,0.999999
240.300000,0.00000,0.00000,2.18000,-0.00729,0.00140,-0.00014,-0.000701,0.000949,0.000152,0.999999
240.335000,0.00000,0.00000,2.18000,-0.00729,0.00140,-0.00014,-0.000701,0.000949,0.000152,0.999999
240.367000,0.00000,0.00000,2.18000,-0.00729,0.00140,-0.00014,-0.000701,0.000949,0.000152,0.999999
240.400000,0.00000,0.00000,2.18000,-0.00729,0.00140,-0.00014,-0.000701,0.000949,0.000152,0.999999
240.434000,0.00000,0.00000,2.18000,-0.00729,0.00140,-0.00014,-0.000701,0.000949,0.000152,0.999999
240.467000,0.00000,0.00000,2.18000,-0.00729,0.00140,-0.00014,-0.000701,0.000949,0.000152,0.999999
240.500000,0.00000,0.00000,2.18000,-0.00729,0.00140,-0.00014,-0.000701,0.000949,0.000152,0.999999
240.535000,0.00000,0.00000,2.18000,-0.00310,-0.00171,-0.00167,0.002127,0.000636,0.000330,0.999997
240.567000,0.00000,0.00000,2.18000,-0.00310,-0.00171,-0.00167,0.002127,0.000636,0.000330,0.999997
240.600000,0.00000,0.00000,2.18000,-0.00310,-0.00171,-0.00167,0.002127,0.000636,0.000330,0.999997
240.634000,0.00000,0.00000,2.18000,-0.00310,-0.00171,-0.00167,0.002127,0.000636,0.000330,0.999997
240.667000,0.00000,0.00000,2.18000,-0.00310,-0.00171,-0.00167,0.002127,0.000636,0.000330,0.999997
240.700000,0.00000,0.00000,2.18000,-0.00310,-0.00171,-0.00167,0.002127,0.000636,0.000330,0.999997
240.734000,0.00000,0.00000,2.18000,-0.00310,-0.00171,-0.00167,0.002127,0.000636,0.000330,0.999997
240.768000,0.00000,0.00000,2.18000,-0.00085,0.00012,-0.00170,-0.002258,0.000308,0.000169,0.999997
240.800000,0.00000,0.00000,2.18000,-0.00085,0.00012,-0.00170,-0.002258,0.000308,0.000169,0.999997
240.834000,0.00000,0.00000,2.18000,-0.00085,0.00012,-0.00170,-0.002258,0.000308,0.000169,0.999997
240.867000,0.00000,0.00000,2.18000,-0.00085,0.00012,-0.00170,-0.002258,0.000308,0.000169,0.999997
240.900000,0.00000,0.00000,2.18000,-0.00085,0.00012,-0.00170,-0.002258,0.000308,0.000169,0.999997
240.934000,0.00000,0.00000,2.18000,-0.00085,0.00012,-0.00170,-0.002258,0.000308,0.000169,0.999997
240.967000,0.00000,0.00000,2.18000,-0.00085,0.00012,-0.00170,-0.002258,0.000308,0.000169,0.999997
241.000000,0.00000,0.00000,2.18000,-0.00085,0.00012,-0.00170,-0.002258,0.000308,0.000169,0.999997
241.035000,0.00000,0.00000,2.18000,0.00039,-0.00092,-0.00491,0.002829,0.000270,0.000298,0.999996
241.067000,0.00000,0.00000,2.18000,0.00039,-0.00092,-0.00491,0.002829,0.000270,0.000298,0.999996
241.100000,0.00000,0.00000,2.18000,0.00039,-0.00092,-0.00491,0.002829,0.000270,0.000298,0.999996
241.134000,0.00000,0.00000,2.18000,0.00039,-0.00092,-0.00491,0.002829,0.000270,0.000298,0.999996
241.167000,0.00000,0.00000,2.18000,0.00039,-0.00092,-0.00491,0.002829,0.000270,0.000298,0.999996
241.200000,0.00000,0.00000,2.18000,0.00039,-0.00092,-0.00491,0.002829,0.000270,0.000298,0.999996
241.234000,0.00000,0.00000,2.18000,0.00039,-0.00092,-0.00491,0.002829,0.000270,0.000298,0.999996
241.268000,0.00000,0.00000,2.18000,0.00152,-0.00059,-0.00486,-0.002986,0.000155,0.000231,0.999996
241.301000,0.00000,0.00000,2.18000,0.00152,-0.00059,-0.00486,-0.002986,0.000155,0.000231,0.999996
241.334000,0.00000,0.00000,2.18000,0.00152,-0.00059,-0.00486,-0.002986,0.000155,0.000231,0.999996
241.367000,0.00000,0.00000,2.18000,0.00152,-0.00059,-0.00486,-0.002986,0.000155,0.000231,0.999996
241.400000,0.00000,0.00000,2.18000,0.00152,-0.00059,-0.00486,-0.002986,0.000155,0.000231,0.999996
241.434000,0.00000,0.00000,2.18000,0.00152,-0.00059,-0.00486,-0.002986,0.000155,0.000231,0.999996
241.467000,0.00000,0.00000,2.18000,0.00152,-0.00059,-0.00486,-0.002986,0.000155,0.000231,0.999996
241.500000,0.00000,0.00000,2.18000,0.00152,-0.00059,-0.00486,-0.002986,0.000155,0.000231,0.999996
241.535000,0.00000,0.00000,2.18000,0.00174,0.00060,-0.00342,0.002554,-0.000021,0.000178,0.999997
241.567000,0.00000,0.00000,2.18000,0.00174,0.00060,-0.00342,0.002554,-0.000021,0.000178,0.999997
241.600000,0.00000,0.00000,2.18000,0.00174,0.00060,-0.00342,0.002554,-0.000021,0.000178,0.999997
241.634000,0.00000,0.00000,2.18000,0.00174,0.00060,-0.00342,0.002554,-0.000021,0.000178,0.999997
241.667000,0.00000,0.00000,2.18000,0.00174,0.00060,-0.00342,0.002554,-0.000021,0.000178,0.999997
241.700000,0.00000,0.00000,2.18000,0.00174,0.00060,-0.00342,0.002554,-0.000021,0.000178,0.999997
241.734000,0.00000,0.00000,2.18000,0.00174,0.00060,-0.00342,0.002554,-0.000021,0.000178,0.999997
241.768000,0.00000,0.00000,2.18000,0.00167,-0.00153,-0.00076,-0.002035,0.000005,0.000315,0.999998
241.800000,0.00000,0.00000,2.18000,0.00167,-0.00153,-0.00076,-0.002035,0.000005,0.000315,0.999998
241.834000,0.00000,0.00000,2.18000,0.00167,-0.00153,-0.00076,-0.002035,0.000005,0.000315,0.999998
241.867000,0.00000,0.00000,2.18000,0.00167,-0.00153,-0.00076,-0.002035,0.000005,0.000315,0.999998
241.900000,0.00000,0.00000,2.18000,0.00167,-0.00153,-0.00076,-0.002035,0.000005,0.000315,0.999998
241.934000,0.00000,0.00000,2.18000,0.00167,-0.00153,-0.00076,-0.002035,0.000005,0.000315,0.999998
241.967000,0.00000,0.00000,2.18000,0.00167,-0.00153,-0.00076,-0.002035,0.000005,0.000315,0.999998
242.000000,0.00000,0.00000,2.18000,0.00167,-0.00153,-0.00076,-0.002035,0.000005,0.000315,0.999998
242.035000,0.00000,0.00000,2.18000,0.00177,0.00019,0.00269,0.001401,0.000024,0.000198,0.999999
242.067000,0.00000,0.00000,2.18000,0.00177,0.00019,0.00269,0.001401,0.000024,0.000198,0.999999
242.100000,0.00000,0.00000,2.18000,0.00177,0.00019,0.00269,0.001401,0.000024,0.000198,0.999999
242.134000,0.00000,0.00000,2.18000,0.00177,0.00019,0.00269,0.001401,0.000024,0.000198,0.999999
242.167000,0.00000,0.00000,2.18000,0.00177,0.00019,0.00269,0.001401,0.000024,0.000198,0.999999
242.200000,0.00000,0.00000,2.18000,0.00177,0.00019,0.00269,0.001401,0.000024,0.000198,0.999999
242.234000,0.00000,0.00000,2.18000,0.00177,0.00019,0.00269,0.001401,0.000024,0.000198,0.999999
242.268000,0.00000,0.00000,2.18000,0.00197,-0.00329,0.00581,-0.000049,0.000103,0.000423,1.000000
242.301000,0.00000,0.00000,2.18000,0.00197,-0.00329,0.00581,-0.000049,0.000103,0.000423,1.000000
242.334000,0.00000,0.00000,2.18000,0.00197,-0.00329,0.00581,-0.000049,0.000103,0.000423,1.000000
242.367000,0.00000,0.00000,2.18000,0.00197,-0.00329,0.00581,-0.000049,0.000103,0.000423,1.000000
242.400000,0.00000,0.00000,2.18000,0.00197,-0.00329,0.00581,-0.000049,0.000103,0.000423,1.000000
242.434000,0.00000,0.00000,2.18000,0.00197,-0.00329,0.00581,-0.000049,0.000103,0.000423,1.000000
242.467000,0.00000,0.00000,2.18000,0.00197,-0.00329,0.00581,-0.000049,0.000103,0.000423,1.000000
242.500000,0.00000,0.00000,2.18000,0.00197,-0.00329,0.00581,-0.000049,0.000103,0.000423,1.000000
242.535000,0.00000,0.00000,2.18000,0.00208,0.00032,0.00372,-0.000550,-0.000010,0.000148,1.000000
242.567000,0.00000,0.00000,2.18000,0.00208,0.00032,0.00372,-0.000550,-0.000010,0.000148,1.000000
242.600000,0.00000,0.00000,2.18000,0.00208,0.00032,0.00372,-0.000550,-0.000010,0.000148,1.000000
242.634000,0.00000,0.00000,2.18000,0.00208,0.00032,0.00372,-0.000550,-0.000010,0.000148,1.000000
242.667000,0.00000,0.00000,2.18000,0.00208,0.00032,0.00372,-0.000550,-0.000010,0.000148,1.000000
242.700000,0.00000,0.00000,2.18000,0.00208,0.00032,0.00372,-0.000550,-0.000010,0.000148,1.000000
242.734000,0.00000,0.00000,2.18000,0.00208,0.00032,0.00372,-0.000550,-0.000010,0.000148,1.000000
242.768000,0.00000,0.00000,2.18000,0.00210,-0.00378,0.00163,0.001481,0.000032,0.000460,0.999999
242.800000,0.00000,0.00000,2.18000,0.00210,-0.00378,0.00163,0.001481,0.000032,0.000460,0.999999
242.834000,0.00000,0.00000,2.18000,0.00210,-0.00378,0.00163,0.001481,0.000032,0.000460,0.999999
242.867000,0.00000,0.00000,2.18000,0.00210,-0.00378,0.00163,0.001481,0.000032,0.000460,0.999999
242.900000,0.00000,0.00000,2.18000,0.00210,-0.00378,0.00163,0.001481,0.000032,0.000460,0.999999
242.934000,0.00000,0.00000,2.18000,0.00210,-0.00378,0.00163,0.001481,0.000032,0.000460,0.999999
242.967000,0.00000,0.00000,2.18000,0.00210,-0.00378,0.00163,0.001481,0.000032,0.000460,0.999999
243.000000,0.00000,0.00000,2.18000,0.00210,-0.00378,0.00163,0.001481,0.000032,0.000460,0.999999
243.035000,0.00000,0.00000,2.18000,0.00227,-0.00167,-0.00297,-0.002339,0.000017,0.000100,0.999997
243.067000,0.00000,0.00000,2.18000,0.00227,-0.00167,-0.00297,-0.002339,0.000017,0.000100,0.999997
243.100000,0.00000,0.00000,2.18000,0.00227,-0.00167,-0.00297,-0.002339,0.000017,0.000100,0.999997
243.134000,0.00000,0.00000,2.18000,0.00227,-0.00167,-0.00297,-0.002339,0.000017,0.000100,0.999997
243.167000,0.00000,0.00000,2.18000,0.00227,-0.00167,-0.00297,-0.002339,0.000017,0.000100,0.999997
243.200000,0.00000,0.00000,2.18000,0.00227,-0.00167,-0.00297,-0.002339,0.000017,0.000100,0.999997
243.234000,0.00000,0.00000,2.18000,0.00227,-0.00167,-0.00297,-0.002339,0.000017,0.000100,0.999997
243.268000,0.00000,0.00000,2.18000,0.00214,-0.00283,-0.00375,0.002497,-0.000042,0.000307,0.999997
243.300000,0.00000,0.00000,2.18000,0.00214,-0.00283,-0.00375,0.002497,-0.000042,0.000307,0.999997
243.334000,0.00000,0.00000,2.18000,0.00214,-0.00283,-0.00375,0.002497,-0.000042,0.000307,0.999997
243.367000,0.00000,0.00000,2.18000,0.00214,-0.00283,-0.00375,0.002497,-0.000042,0.000307,0.999997
243.400000,0.00000,0.00000,2.18000,0.00214,-0.00283,-0.00375,0.002497,-0.000042,0.000307,0.999997
243.434000,0.00000,0.00000,2.18000,0.00214,-0.00283,-0.00375,0.002497,-0.000042,0.000307,0.999997
243.467000,0.00000,0.00000,2.18000,0.00214,-0.00283,-0.00375,0.002497,-0.000042,0.000307,0.999997
243.500000,0.00000,0.00000,2.18000,0.00214,-0.00283,-0.00375,0.002497,-0.000042,0.000307,0.999997
243.535000,0.00000,0.00000,2.18000,0.00213,-0.00213,-0.00418,-0.003108,-0.000014,0.000182,0.999995
243.567000,0.00000,0.00000,2.18000,0.00213,-0.00213,-0.00418,-0.003108,-0.000014,0.000182,0.999995
243.600000,0.00000,0.00000,2.18000,0.00213,-0.00213,-0.00418,-0.003108,-0.000014,0.000182,0.999995
243.634000,0.00000,0.00000,2.18000,0.00213,-0.00213,-0.00418,-0.003108,-0.000014,0.000182,0.999995
243.667000,0.00000,0.00000,2.18000,0.00213,-0.00213,-0.00418,-0.003108,-0.000014,0.000182,0.999995
243.700000,0.00000,0.00000,2.18000,0.00213,-0.00213,-0.00418,-0.003108,-0.000014,0.000182,0.999995
243.734000,0.00000,0.00000,2.18000,0.00213,-0.00213,-0.00418,-0.003108,-0.000014,0.000182,0.999995
243.768000,0.00000,0.00000,2.18000,0.00173,-0.00173,-0.00261,0.002593,-0.000117,0.000285,0.999997
243.800000,0.00000,0.00000,2.18000,0.00173,-0.00173,-0.00261,0.002593,-0.000117,0.000285,0.999997
243.834000,0.00000,0.00000,2.18000,0.00173,-0.00173,-0.00261,0.002593,-0.000117,0.000285,0.999997
243.867000,0.00000,0.00000,2.18000,0.00173,-0.00173,-0.00261,0.002593,-0.000117,0.000285,0.999997
243.900000,0.00000,0.00000,2.18000,0.00173,-0.00173,-0.00261,0.002593,-0.000117,0.000285,0.999997
243.934000,0.00000,0.00000,2.18000,0.00173,-0.00173,-0.00261,0.002593,-0.000117,0.000285,0.999997
243.967000,0.00000,0.00000,2.18000,0.00173,-0.00173,-0.00261,0.002593,-0.000117,0.000285,0.999997
244.000000,0.00000,0.00000,2.18000,0.00173,-0.00173,-0.00261,0.002593,-0.000117,0.000285,0.999997
244.035000,0.00000,0.00000,2.17000,0.00126,-0.00194,0.00163,-0.002614,-0.000028,0.000326,0.999997
244.067000,0.00000,0.00000,2.17000,0.00126,-0.00194,0.00163,-0.002614,-0.000028,0.000326,0.999997
244.100000,0.00000,0.00000,2.17000,0.00126,-0.00194,0.00163,-0.002614,-0.000028,0.000326,0.999997
244.134000,0.00000,0.00000,2.17000,0.00126,-0.00194,0.00163,-0.002614,-0.000028,0.000326,0.999997
244.167000,0.00000,0.00000,2.17000,0.00126,-0.00194,0.00163,-0.002614,-0.000028,0.000326,0.999997
244.200000,0.00000,0.00000,2.17000,0.00126,-0.00194,0.00163,-0.002614,-0.000028,0.000326,0.999997
244.234000,0.00000,0.00000,2.17000,0.00126,-0.00194,0.00163,-0.002614,-0.000028,0.000326,0.999997
244.268000,0.00000,-0.01113,2.18000,0.00145,0.00009,0.00303,0.001811,0.000042,0.000160,0.999998
244.301000,0.00000,-0.01113,2.18000,0.00145,0.00009,0.00303,0.001811,0.000042,0.000160,0.999998
244.334000,0.00000,-0.01113,2.18000,0.00145,0.00009,0.00303,0.001811,0.000042,0.000160,0.999998
244.367000,0.00000,-0.01113,2.18000,0.00145,0.00009,0.00303,0.001811,0.000042,0.000160,0.999998
244.400000,0.00000,-0.01113,2.18000,0.00145,0.00009,0.00303,0.001811,0.000042,0.000160,0.999998
244.434000,0.00000,-0.01113,2.18000,0.00145,0.00009,0.00303,0.001811,0.000042,0.000160,0.999998
244.467000,0.00000,-0.01113,2.18000,0.00145,0.00009,0.00303,0.001811,0.000042,0.000160,0.999998
244.500000,0.00000,-0.01113,2.18000,0.00145,0.00009,0.00303,0.001811,0.000042,0.000160,0.999998
244.535000,0.00000,-0.01113,2.18000,0.00160,0.00096,0.00231,-0.001994,0.000041,0.000376,0.999998
244.567000,0.00000,-0.01113,2.18000,0.00160,0.00096,0.00231,-0.001994,0.000041,0.000376,0.999998
244.600000,0.00000,-0.01113,2.18000,0.00160,0.00096,0.00231,-0.001994,0.000041,0.000376,0.999998
244.634000,0.00000,-0.01113,2.18000,0.00160,0.00096,0.00231,-0.001994,0.000041,0.000376,0.999998
244.667000,0.00000,-0.01113,2.18000,0.00160,0.00096,0.00231,-0.001994,0.000041,0.000376,0.999998
244.700000,0.00000,-0.01113,2.18000,0.00160,0.00096,0.00231,-0.001994,0.000041,0.000376,0.999998
244.735000,0.00000,-0.01113,2.18000,0.00160,0.00096,0.00231,-0.001994,0.000041,0.000376,0.999998
244.768000,0.00000,0.00000,2.18000,0.00160,0.00732,0.00585,0.000646,-0.000010,0.000101,1.000000
244.800000,0.00000,0.00000,2.18000,0.00160,0.00732,0.00585,0.000646,-0.000010,0.000101,1.000000
244.834000,0.00000,0.00000,2.18000,0.00160,0.00732,0.00585,0.000646,-0.000010,0.000101,1.000000
244.867000,0.00000,0.00000,2.18000,0.00160,0.00732,0.00585,0.000646,-0.000010,0.000101,1.000000
244.900000,0.00000,0.00000,2.18000,0.00160,0.00732,0.00585,0.000646,-0.000010,0.000101,1.000000
244.934000,0.00000,0.00000,2.18000,0.00160,0.00732,0.00585,0.000646,-0.000010,0.000101,1.000000
244.967000,0.00000,0.00000,2.18000,0.00160,0.00732,0.00585,0.000646,-0.000010,0.000101,1.000000
245.001000,0.00000,0.00000,2.18000,0.00160,0.00732,0.00585,0.000646,-0.000010,0.000101,1.000000
245.035000,0.00000,0.00000,2.18000,0.00144,0.00177,0.00139,0.001334,-0.000009,0.000376,0.999999
245.067000,0.00000,0.00000,2.18000,0.00144,0.00177,0.00139,0.001334,-0.000009,0.000376,0.999999
245.100000,0.00000,0.00000,2.18000,0.00144,0.00177,0.00139,0.001334,-0.000009,0.000376,0.999999
245.134000,0.00000,0.00000,2.18000,0.00144,0.00177,0.00139,0.001334,-0.000009,0.000376,0.999999
245.167000,0.00000,0.00000,2.18000,0.00144,0.00177,0.00139,0.001334,-0.000009,0.000376,0.999999
245.200000,0.00000,0.00000,2.18000,0.00144,0.00177,0.00139,0.001334,-0.000009,0.000376,0.999999
245.234000,0.00000,0.00000,2.18000,0.00144,0.00177,0.00139,0.001334,-0.000009,0.000376,0.999999
245.268000,0.00000,0.00000,2.18000,0.00152,0.00413,-0.00119,-0.001799,-0.000013,0.000302,0.999998
245.300000,0.00000,0.00000,2.18000,0.00152,0.00413,-0.00119,-0.001799,-0.000013,0.000302,0.999998
245.334000,0.00000,0.00000,2.18000,0.00152,0.00413,-0.00119,-0.001799,-0.000013,0.000302,0.999998
245.367000,0.00000,0.00000,2.18000,0.00152,0.00413,-0.00119,-0.001799,-0.000013,0.000302,0.999998
245.400000,0.00000,0.00000,2.18000,0.00152,0.00413,-0.00119,-0.001799,-0.000013,0.000302,0.999998
245.434000,0.00000,0.00000,2.18000,0.00152,0.00413,-0.00119,-0.001799,-0.000013,0.000302,0.999998
245.467000,0.00000,0.00000,2.18000,0.00152,0.00413,-0.00119,-0.001799,-0.000013,0.000302,0.999998
245.501000,0.00000,0.00000,2.18000,0.00152,0.00413,-0.00119,-0.001799,-0.000013,0.000302,0.999998
245.535000,0.00000,0.00000,2.18000,0.00141,0.00138,-0.00069,0.002908,-0.000046,0.000338,0.999996
245.567000,0.00000,0.00000,2.18000,0.00141,0.00138,-0.00069,0.002908,-0.000046,0.000338,0.999996
245.600000,0.00000,0.00000,2.18000,0.00141,0.00138,-0.00069,0.002908,-0.000046,0.000338,0.999996
245.634000,0.00000,0.00000,2.18000,0.00141,0.00138,-0.00069,0.002908,-0.000046,0.000338,0.999996
245.667000,0.00000,0.00000,2.18000,0.00141,0.00138,-0.00069,0.002908,-0.000046,0.000338,0.999996
245.700000,0.00000,0.00000,2.18000,0.00141,0.00138,-0.00069,0.002908,-0.000046,0.000338,0.999996
245.734000,0.00000,0.00000,2.18000,0.00141,0.00138,-0.00069,0.002908,-0.000046,0.000338,0.999996
245.768000,0.00000,0.00000,2.18000,0.00109,0.00123,-0.00098,-0.002851,-0.000058,0.000131,0.999996
245.800000,0.00000,0.00000,2.18000,0.00109,0.00123,-0.00098,-0.002851,-0.000058,0.000131,0.999996
245.834000,0.00000,0.00000,2.18000,0.00109,0.00123,-0.00098,-0.002851,-0.000058,0.000131,0.999996
245.867000,0.00000,0.00000,2.18000,0.00109,0.00123,-0.00098,-0.002851,-0.000058,0.000131,0.999996
245.900000,0.00000,0.00000,2.18000,0.00109,0.00123,-0.00098,-0.002851,-0.000058,0.000131,0.999996
245.934000,0.00000,0.00000,2.18000,0.00109,0.00123,-0.00098,-0.002851,-0.000058,0.000131,0.999996
245.967000,0.00000,0.00000,2.18000,0.00109,0.00123,-0.00098,-0.002851,-0.000058,0.000131,0.999996
246.000000,0.00000,0.00000,2.18000,0.00109,0.00123,-0.00098,-0.002851,-0.000058,0.000131,0.999996
246.035000,0.00000,0.00000,2.18000,0.00080,0.00076,-0.00135,0.002677,-0.000063,0.000344,0.999996
246.067000,0.00000,0.00000,2.18000,0.00080,0.00076,-0.00135,0.002677,-0.000063,0.000344,0.999996
246.100000,0.00000,0.00000,2.18000,0.00080,0.00076,-0.00135,0.002677,-0.000063,0.000344,0.999996
246.134000,0.00000,0.00000,2.18000,0.00080,0.00076,-0.00135,0.002677,-0.000063,0.000344,0.999996
246.167000,0.00000,0.00000,2.18000,0.00080,0.00076,-0.00135,0.002677,-0.000063,0.000344,0.999996
246.200000,0.00000,0.00000,2.18000,0.00080,0.00076,-0.00135,0.002677,-0.000063,0.000344,0.999996
246.234000,0.00000,0.00000,2.18000,0.00080,0.00076,-0.00135,0.002677,-0.000063,0.000344,0.999996
246.268000,0.00000,0.00000,2.18000,0.00068,0.00056,-0.00299,-0.002810,-0.000004,0.000335,0.999996
246.300000,0.00000,0.00000,2.18000,0.00068,0.00056,-0.00299,-0.002810,-0.000004,0.000335,0.999996
246.334000,0.00000,0.00000,2.18000,0.00068,0.00056,-0.00299,-0.002810,-0.000004,0.000335,0.999996
246.367000,0.00000,0.00000,2.18000,0.00068,0.00056,-0.00299,-0.002810,-0.000004,0.000335,0.999996
246.400000,0.00000,0.00000,2.18000,0.00068,0.00056,-0.00299,-0.002810,-0.000004,0.000335,0.999996
246.434000,0.00000,0.00000,2.18000,0.00068,0.00056,-0.00299,-0.002810,-0.000004,0.000335,0.999996
246.467000,0.00000,0.00000,2.18000,0.00068,0.00056,-0.00299,-0.002810,-0.000004,0.000335,0.999996
246.500000,0.00000,0.00000,2.18000,0.00068,0.00056,-0.00299,-0.002810,-0.000004,0.000335,0.999996
246.535000,0.00000,0.00000,2.18000,0.00074,0.00150,-0.00007,0.002472,0.000014,0.000212,0.999997
246.567000,0.00000,0.00000,2.18000,0.00074,0.00150,-0.00007,0.002472,0.000014,0.000212,0.999997
246.600000,0.00000,0.00000,2.18000,0.00074,0.00150,-0.00007,0.002472,0.000014,0.000212,0.999997
246.634000,0.00000,0.00000,2.18000,0.00074,0.00150,-0.00007,0.002472,0.000014,0.000212,0.999997
246.667000,0.00000,0.00000,2.18000,0.00074,0.00150,-0.00007,0.002472,0.000014,0.000212,0.999997
246.700000,0.00000,0.00000,2.18000,0.00074,0.00150,-0.00007,0.002472,0.000014,0.000212,0.999997
246.734000,0.00000,0.00000,2.18000,0.00074,0.00150,-0.00007,0.002472,0.000014,0.000212,0.999997
246.768000,0.00000,0.00000,2.18000,0.00081,-0.00113,-0.00102,-0.002007,0.000026,0.000299,0.999998
246.800000,0.00000,0.00000,2.18000,0.00081,-0.00113,-0.00102,-0.002007,0.000026,0.000299,0.999998
246.834000,0.00000,0.00000,2.18000,0.00081,-0.00113,-0.00102,-0.002007,0.000026,0.000299,0.999998
246.868000,0.00000,0.00000,2.18000,0.00081,-0.00113,-0.00102,-0.002007,0.000026,0.000299,0.999998
246.900000,0.00000,0.00000,2.18000,0.00081,-0.00113,-0.00102,-0.002007,0.000026,0.000299,0.999998
246.934000,0.00000,0.00000,2.18000,0.00081,-0.00113,-0.00102,-0.002007,0.000026,0.000299,0.999998
246.967000,0.00000,0.00000,2.18000,0.00081,-0.00113,-0.00102,-0.002007,0.000026,0.000299,0.999998
247.000000,0.00000,0.00000,2.18000,0.00081,-0.00113,-0.00102,-0.002007,0.000026,0.000299,0.999998
247.035000,0.00000,0.00000,2.18000,0.00122,0.00061,0.00041,0.001442,0.000133,0.000162,0.999999
247.067000,0.00000,0.00000,2.18000,0.00122,0.00061,0.00041,0.001442,0.000133,0.000162,0.999999
247.101000,0.00000,0.00000,2.18000,0.00122,0.00061,0.00041,0.001442,0.000133,0.000162,0.999999
247.134000,0.00000,0.00000,2.18000,0.00122,0.00061,0.00041,0.001442,0.000133,0.000162,0.999999
247.167000,0.00000,0.00000,2.18000,0.00122,0.00061,0.00041,0.001442,0.000133,0.000162,0.999999
247.200000,0.00000,0.00000,2.18000,0.00122,0.00061,0.00041,0.001442,0.000133,0.000162,0.999999
247.234000,0.00000,0.00000,2.18000,0.00122,0.00061,0.00041,0.001442,0.000133,0.000162,0.999999
247.268000,0.00000,0.00000,2.18000,0.00145,-0.00269,-0.00060,-0.000023,-0.000028,0.000407,1.000000
247.300000,0.00000,0.00000,2.18000,0.00145,-0.00269,-0.00060,-0.000023,-0.000028,0.000407,1.000000
247.334000,0.00000,0.00000,2.18000,0.00145,-0.00269,-0.00060,-0.000023,-0.000028,0.000407,1.000000
247.367000,0.00000,0.00000,2.18000,0.00145,-0.00269,-0.00060,-0.000023,-0.000028,0.000407,1.000000
247.400000,0.00000,0.00000,2.18000,0.00145,-0.00269,-0.00060,-0.000023,-0.000028,0.000407,1.000000
247.434000,0.00000,0.00000,2.18000,0.00145,-0.00269,-0.00060,-0.000023,-0.000028,0.000407,1.000000
247.467000,0.00000,0.00000,2.18000,0.00145,-0.00269,-0.00060,-0.000023,-0.000028,0.000407,1.000000
247.501000,0.00000,0.00000,2.18000,0.00145,-0.00269,-0.00060,-0.000023,-0.000028,0.000407,1.000000
247.535000,0.00000,0.00000,2.18000,0.00117,0.00102,0.00118,-0.000800,-0.000088,0.000259,1.000000
247.567000,0.00000,0.00000,2.18000,0.00117,0.00102,0.00118,-0.000800,-0.000088,0.000259,1.000000
247.601000,0.00000,0.00000,2.18000,0.00117,0.00102,0.00118,-0.000800,-0.000088,0.000259,1.000000
247.634000,0.00000,0.00000,2.18000,0.00117,0.00102,0.00118,-0.000800,-0.000088,0.000259,1.000000
247.667000,0.00000,0.00000,2.18000,0.00117,0.00102,0.00118,-0.000800,-0.000088,0.000259,1.000000
247.700000,0.00000,0.00000,2.18000,0.00117,0.00102,0.00118,-0.000800,-0.000088,0.000259,1.000000
247.734000,0.00000,0.00000,2.18000,0.00117,0.00102,0.00118,-0.000800,-0.000088,0.000259,1.000000
247.768000,0.00000,0.00000,2.17000,0.00096,-0.00106,0.00303,0.001823,0.000015,0.000444,0.999998
247.800000,0.00000,0.00000,2.17000,0.00096,-0.00106,0.00303,0.001823,0.000015,0.000444,0.999998
247.834000,0.00000,0.00000,2.17000,0.00096,-0.00106,0.00303,0.001823,0.000015,0.000444,0.999998
247.867000,0.00000,0.00000,2.17000,0.00096,-0.00106,0.00303,0.001823,0.000015,0.000444,0.999998
247.900000,0.00000,0.00000,2.17000,0.00096,-0.00106,0.00303,0.001823,0.000015,0.000444,0.999998
247.934000,0.00000,0.00000,2.17000,0.00096,-0.00106,0.00303,0.001823,0.000015,0.000444,0.999998
247.967000,0.00000,0.00000,2.17000,0.00096,-0.00106,0.00303,0.001823,0.000015,0.000444,0.999998
248.000000,0.00000,0.00000,2.17000,0.00096,-0.00106,0.00303,0.001823,0.000015,0.000444,0.999998
248.035000,0.00000,0.00000,2.18000,0.00132,0.00083,-0.00114,-0.002189,0.000073,0.000159,0.999998
248.067000,0.00000,0.00000,2.18000,0.00132,0.00083,-0.00114,-0.002189,0.000073,0.000159,0.999998
248.101000,0.00000,0.00000,2.18000,0.00132,0.00083,-0.00114,-0.002189,0.000073,0.000159,0.999998
248.134000,0.00000,0.00000,2.18000,0.00132,0.00083,-0.00114,-0.002189,0.000073,0.000159,0.999998
248.167000,0.00000,0.00000,2.18000,0.00132,0.00083,-0.00114,-0.002189,0.000073,0.000159,0.999998
248.200000,0.00000,0.00000,2.18000,0.00132,0.00083,-0.00114,-0.002189,0.000073,0.000159,0.999998
248.234000,0.00000,0.00000,2.18000,0.00132,0.00083,-0.00114,-0.002189,0.000073,0.000159,0.999998
248.268000,0.00000,0.00000,2.18000,0.00159,-0.00110,-0.00225,0.002975,-0.000003,0.000308,0.999996
248.300000,0.00000,0.00000,2.18000,0.00159,-0.00110,-0.00225,0.002975,-0.000003,0.000308,0.999996
248.334000,0.00000,0.00000,2.18000,0.00159,-0.00110,-0.00225,0.002975,-0.000003,0.000308,0.999996
248.367000,0.00000,0.00000,2.18000,0.00159,-0.00110,-0.00225,0.002975,-0.000003,0.000308,0.999996
248.400000,0.00000,0.00000,2.18000,0.00159,-0.00110,-0.00225,0.002975,-0.000003,0.000308,0.999996
248.434000,0.00000,0.00000,2.18000,0.00159,-0.00110,-0.00225,0.002975,-0.000003,0.000308,0.999996
248.467000,0.00000,0.00000,2.18000,0.00159,-0.00110,-0.00225,0.002975,-0.000003,0.000308,0.999996
248.500000,0.00000,0.00000,2.18000,0.00159,-0.00110,-0.00225,0.002975,-0.000003,0.000308,0.999996
248.535000,0.00000,0.00000,2.18000,0.00131,-0.00113,-0.00270,-0.003118,-0.000038,0.000225,0.999995
248.568000,0.00000,0.00000,2.18000,0.00131,-0.00113,-0.00270,-0.003118,-0.000038,0.000225,0.999995
248.600000,0.00000,0.00000,2.18000,0.00131,-0.00113,-0.00270,-0.003118,-0.000038,0.000225,0.999995
248.634000,0.00000,0.00000,2.18000,0.00131,-0.00113,-0.00270,-0.003118,-0.000038,0.000225,0.999995
248.667000,0.00000,0.00000,2.18000,0.00131,-0.00113,-0.00270,-0.003118,-0.000038,0.000225,0.999995
248.700000,0.00000,0.00000,2.18000,0.00131,-0.00113,-0.00270,-0.003118,-0.000038,0.000225,0.999995
248.734000,0.00000,0.00000,2.18000,0.00131,-0.00113,-0.00270,-0.003118,-0.000038,0.000225,0.999995
248.768000,0.00000,0.00000,2.18000,0.00151,0.00072,-0.00144,0.002645,0.000039,0.000294,0.999996
248.800000,0.00000,0.00000,2.18000,0.00151,0.00072,-0.00144,0.002645,0.000039,0.000294,0.999996
248.834000,0.00000,0.00000,2.18000,0.00151,0.00072,-0.00144,0.002645,0.000039,0.000294,0.999996
248.867000,0.00000,0.00000,2.18000,0.00151,0.00072,-0.00144,0.002645,0.000039,0.000294,0.999996
248.900000,0.00000,0.00000,2.18000,0.00151,0.00072,-0.00144,0.002645,0.000039,0.000294,0.999996
248.934000,0.00000,0.00000,2.18000,0.00151,0.00072,-0.00144,0.002645,0.000039,0.000294,0.999996
248.967000,0.00000,0.00000,2.18000,0.00151,0.00072,-0.00144,0.002645,0.000039,0.000294,0.999996
249.000000,0.00000,0.00000,2.18000,0.00151,0.00072,-0.00144,0.002645,0.000039,0.000294,0.999996
249.035000,0.00000,0.00000,2.18000,0.00153,-0.00091,-0.00043,-0.002118,0.000017,0.000339,0.999998
249.067000,0.00000,0.00000,2.18000,0.00153,-0.00091,-0.00043,-0.002118,0.000017,0.000339,0.999998
249.100000,0.00000,0.00000,2.18000,0.00153,-0.00091,-0.00043,-0.002118,0.000017,0.000339,0.999998
249.134000,0.00000,0.00000,2.18000,0.00153,-0.00091,-0.00043,-0.002118,0.000017,0.000339,0.999998
249.167000,0.00000,0.00000,2.18000,0.00153,-0.00091,-0.00043,-0.002118,0.000017,0.000339,0.999998
249.201000,0.00000,0.00000,2.18000,0.00153,-0.00091,-0.00043,-0.002118,0.000017,0.000339,0.999998
249.234000,0.00000,0.00000,2.18000,0.00153,-0.00091,-0.00043,-0.002118,0.000017,0.000339,0.999998
249.268000,0.00000,0.00000,2.17000,0.00141,0.00074,0.00104,0.001723,-0.000066,0.000236,0.999998
249.300000,0.00000,0.00000,2.17000,0.00141,0.00074,0.00104,0.001723,-0.000066,0.000236,0.999998
249.334000,0.00000,0.00000,2.17000,0.00141,0.00074,0.00104,0.001723,-0.000066,0.000236,0.999998
249.367000,0.00000,0.00000,2.17000,0.00141,0.00074,0.00104,0.001723,-0.000066,0.000236,0.999998
249.400000,0.00000,0.00000,2.17000,0.00141,0.00074,0.00104,0.001723,-0.000066,0.000236,0.999998
249.434000,0.00000,0.00000,2.17000,0.00141,0.00074,0.00104,0.001723,-0.000066,0.000236,0.999998
249.467000,0.00000,0.00000,2.17000,0.00141,0.00074,0.00104,0.001723,-0.000066,0.000236,0.999998
249.500000,0.00000,0.00000,2.17000,0.00141,0.00074,0.00104,0.001723,-0.000066,0.000236,0.999998
249.535000,0.00000,0.00000,2.18000,0.00121,-0.00185,0.00558,-0.000890,-0.000026,0.000411,1.000000
249.567000,0.00000,0.00000,2.18000,0.00121,-0.00185,0.00558,-0.000890,-0.000026,0.000411,1.000000
249.600000,0.00000,0.00000,2.18000,0.00121,-0.00185,0.00558,-0.000890,-0.000026,0.000411,1.000000
249.634000,0.00000,0.00000,2.18000,0.00121,-0.00185,0.00558,-0.000890,-0.000026,0.000411,1.000000
249.667000,0.00000,0.00000,2.18000,0.00121,-0.00185,0.00558,-0.000890,-0.000026,0.000411,1.000000
249.700000,0.00000,0.00000,2.18000,0.00121,-0.00185,0.00558,-0.000890,-0.000026,0.000411,1.000000
249.734000,0.00000,0.00000,2.18000,0.00121,-0.00185,0.00558,-0.000890,-0.000026,0.000411,1.000000
249.768000,0.00000,0.00000,2.18000,0.00119,0.00129,0.00374,-0.000304,0.000024,0.000157,1.000000
249.800000,0.00000,0.00000,2.18000,0.00119,0.00129,0.00374,-0.000304,0.000024,0.000157,1.000000
249.834000,0.00000,0.00000,2.18000,0.00119,0.00129,0.00374,-0.000304,0.000024,0.000157,1.000000
249.867000,0.00000,0.00000,2.18000,0.00119,0.00129,0.00374,-0.000304,0.000024,0.000157,1.000000
249.900000,0.00000,0.00000,2.18000,0.00119,0.00129,0.00374,-0.000304,0.000024,0.000157,1.000000
249.934000,0.00000,0.00000,2.18000,0.00119,0.00129,0.00374,-0.000304,0.000024,0.000157,1.000000
249.967000,0.00000,0.00000,2.18000,0.00119,0.00129,0.00374,-0.000304,0.000024,0.000157,1.000000
250.000000,0.00000,0.00000,2.18000,0.00119,0.00129,0.00374,-0.000304,0.000024,0.000157,1.000000
250.035000,0.00000,0.00000,2.18000,0.00099,-0.00087,0.00242,0.001126,-0.000095,0.000343,0.999999
250.067000,0.00000,0.00000,2.18000,0.00099,-0.00087,0.00242,0.001126,-0.000095,0.000343,0.999999
250.100000,0.00000,0.00000,2.18000,0.00099,-0.00087,0.00242,0.001126,-0.000095,0.000343,0.999999
250.134000,0.00000,0.00000,2.18000,0.00099,-0.00087,0.00242,0.001126,-0.000095,0.000343,0.999999
250.167000,0.00000,0.00000,2.18000,0.00099,-0.00087,0.00242,0.001126,-0.000095,0.000343,0.999999
250.200000,0.00000,0.00000,2.18000,0.00099,-0.00087,0.00242,0.001126,-0.000095,0.000343,0.999999
250.234000,0.00000,0.00000,2.18000,0.00099,-0.00087,0.00242,0.001126,-0.000095,0.000343,0.999999
250.268000,0.00908,0.00000,2.18000,-0.00010,0.00233,0.00040,-0.001876,-0.000675,0.000222,0.999998
250.300000,0.00908,0.00000,2.18000,-0.00010,0.00233,0.00040,-0.001876,-0.000675,0.000222,0.999998
250.334000,0.00908,0.00000,2.18000,-0.00010,0.00233,0.00040,-0.001876,-0.000675,0.000222,0.999998
250.367000,0.00908,0.00000,2.18000,-0.00010,0.00233,0.00040,-0.001876,-0.000675,0.000222,0.999998
250.400000,0.00908,0.00000,2.18000,-0.00010,0.00233,0.00040,-0.001876,-0.000675,0.000222,0.999998
250.434000,0.00908,0.00000,2.18000,-0.00010,0.00233,0.00040,-0.001876,-0.000675,0.000222,0.999998
250.467000,0.00908,0.00000,2.18000,-0.00010,0.00233,0.00040,-0.001876,-0.000675,0.000222,0.999998
250.500000,0.00908,0.00000,2.18000,-0.00010,0.00233,0.00040,-0.001876,-0.000675,0.000222,0.999998
250.535000,0.00000,0.00000,2.18000,-0.00379,0.00055,-0.00263,0.002682,-0.000221,0.000285,0.999996
250.567000,0.00000,0.00000,2.18000,-0.00379,0.00055,-0.00263,0.002682,-0.000221,0.000285,0.999996
250.600000,0.00000,0.00000,2.18000,-0.00379,0.00055,-0.00263,0.002682,-0.000221,0.000285,0.999996
250.634000,0.00000,0.00000,2.18000,-0.00379,0.00055,-0.00263,0.002682,-0.000221,0.000285,0.999996
250.667000,0.00000,0.00000,2.18000,-0.00379,0.00055,-0.00263,0.002682,-0.000221,0.000285,0.999996
250.700000,0.00000,0.00000,2.18000,-0.00379,0.00055,-0.00263,0.002682,-0.000221,0.000285,0.999996
250.734000,0.00000,0.00000,2.18000,-0.00379,0.00055,-0.00263,0.002682,-0.000221,0.000285,0.999996
250.768000,0.00000,0.00000,2.18000,-0.00235,0.00070,-0.00624,-0.003029,0.000482,0.000157,0.999995
250.800000,0.00000,0.00000,2.18000,-0.00235,0.00070,-0.00624,-0.003029,0.000482,0.000157,0.999995
250.834000,0.00000,0.00000,2.18000,-0.00235,0.00070,-0.00624,-0.003029,0.000482,0.000157,0.999995
250.867000,0.00000,0.00000,2.18000,-0.00235,0.00070,-0.00624,-0.003029,0.000482,0.000157,0.999995
250.900000,0.00000,0.00000,2.18000,-0.00235,0.00070,-0.00624,-0.003029,0.000482,0.000157,0.999995
250.934000,0.00000,0.00000,2.18000,-0.00235,0.00070,-0.00624,-0.003029,0.000482,0.000157,0.999995
250.967000,0.00000,0.00000,2.18000,-0.00235,0.00070,-0.00624,-0.003029,0.000482,0.000157,0.999995
251.000000,0.00000,0.00000,2.18000,-0.00235,0.00070,-0.00624,-0.003029,0.000482,0.000157,0.999995
251.035000,0.00000,0.00000,2.18000,-0.00037,0.00096,-0.00297,0.002767,0.000236,0.000213,0.999996
251.067000,0.00000,0.00000,2.18000,-0.00037,0.00096,-0.00297,0.002767,0.000236,0.000213,0.999996
251.100000,0.00000,0.00000,2.18000,-0.00037,0.00096,-0.00297,0.002767,0.000236,0.000213,0.999996
251.134000,0.00000,0.00000,2.18000,-0.00037,0.00096,-0.00297,0.002767,0.000236,0.000213,0.999996
251.167000,0.00000,0.00000,2.18000,-0.00037,0.00096,-0.00297,0.002767,0.000236,0.000213,0.999996
251.200000,0.00000,0.00000,2.18000,-0.00037,0.00096,-0.00297,0.002767,0.000236,0.000213,0.999996
251.234000,0.00000,0.00000,2.18000,-0.00037,0.00096,-0.00297,0.002767,0.000236,0.000213,0.999996
251.268000,0.00000,0.00000,2.17000,0.00018,-0.00119,0.00060,-0.002308,0.000029,0.000314,0.999997
251.300000,0.00000,0.00000,2.17000,0.00018,-0.00119,0.00060,-0.002308,0.000029,0.000314,0.999997
251.334000,0.00000,0.00000,2.17000,0.00018,-0.00119,0.00060,-0.002308,0.000029,0.000314,0.999997
251.367000,0.00000,0.00000,2.17000,0.00018,-0.00119,0.00060,-0.002308,0.000029,0.000314,0.999997
251.400000,0.00000,0.00000,2.17000,0.00018,-0.00119,0.00060,-0.002308,0.000029,0.000314,0.999997
251.434000,0.00000,0.00000,2.17000,0.00018,-0.00119,0.00060,-0.002308,0.000029,0.000314,0.999997
251.467000,0.00000,0.00000,2.17000,0.00018,-0.00119,0.00060,-0.002308,0.000029,0.000314,0.999997
251.500000,0.00000,0.00000,2.17000,0.00018,-0.00119,0.00060,-0.002308,0.000029,0.000314,0.999997
251.535000,0.00000,0.00000,2.18000,0.00033,-0.00037,0.00304,0.001972,0.000069,0.000221,0.999998
251.567000,0.00000,0.00000,2.18000,0.00033,-0.00037,0.00304,0.001972,0.000069,0.000221,0.999998
251.600000,0.00000,0.00000,2.18000,0.00033,-0.00037,0.00304,0.001972,0.000069,0.000221,0.999998
251.634000,0.00000,0.00000,2.18000,0.00033,-0.00037,0.00304,0.001972,0.000069,0.000221,0.999998
251.667000,0.00000,0.00000,2.18000,0.00033,-0.00037,0.00304,0.001972,0.000069,0.000221,0.999998
251.700000,0.00000,0.00000,2.18000,0.00033,-0.00037,0.00304,0.001972,0.000069,0.000221,0.999998
251.734000,0.00000,0.00000,2.18000,0.00033,-0.00037,0.00304,0.001972,0.000069,0.000221,0.999998
251.768000,0.00000,0.00000,2.18000,0.00090,-0.00190,0.00263,-0.001244,0.000143,0.000422,0.999999
251.800000,0.00000,0.00000,2.18000,0.00090,-0.00190,0.00263,-0.001244,0.000143,0.000422,0.999999
251.834000,0.00000,0.00000,2.18000,0.00090,-0.00190,0.00263,-0.001244,0.000143,0.000422,0.999999
251.867000,0.00000,0.00000,2.18000,0.00090,-0.00190,0.00263,-0.001244,0.000143,0.000422,0.999999
251.900000,0.00000,0.00000,2.18000,0.00090,-0.00190,0.00263,-0.001244,0.000143,0.000422,0.999999
251.934000,0.00000,0.00000,2.18000,0.00090,-0.00190,0.00263,-0.001244,0.000143,0.000422,0.999999
251.967000,0.00000,0.00000,2.18000,0.00090,-0.00190,0.00263,-0.001244,0.000143,0.000422,0.999999
252.000000,0.00000,0.00000,2.18000,0.00090,-0.00190,0.00263,-0.001244,0.000143,0.000422,0.999999
252.035000,0.00000,0.00000,2.18000,0.00118,0.00139,0.00206,-0.000161,0.000030,0.000199,1.000000
252.067000,0.00000,0.00000,2.18000,0.00118,0.00139,0.00206,-0.000161,0.000030,0.000199,1.000000
252.100000,0.00000,0.00000,2.18000,0.00118,0.00139,0.00206,-0.000161,0.000030,0.000199,1.000000
252.134000,0.00000,0.00000,2.18000,0.00118,0.00139,0.00206,-0.000161,0.000030,0.000199,1.000000
252.167000,0.00000,0.00000,2.18000,0.00118,0.00139,0.00206,-0.000161,0.000030,0.000199,1.000000
252.200000,0.00000,0.00000,2.18000,0.00118,0.00139,0.00206,-0.000161,0.000030,0.000199,1.000000
252.234000,0.00000,0.00000,2.18000,0.00118,0.00139,0.00206,-0.000161,0.000030,0.000199,1.000000
252.268000,0.00000,0.00000,2.18000,0.00146,-0.00170,-0.00043,0.001458,0.000018,0.000406,0.999999
252.300000,0.00000,0.00000,2.18000,0.00146,-0.00170,-0.00043,0.001458,0.000018,0.000406,0.999999
252.334000,0.00000,0.00000,2.18000,0.00146,-0.00170,-0.00043,0.001458,0.000018,0.000406,0.999999
252.367000,0.00000,0.00000,2.18000,0.00146,-0.00170,-0.00043,0.001458,0.000018,0.000406,0.999999
252.400000,0.00000,0.00000,2.18000,0.00146,-0.00170,-0.00043,0.001458,0.000018,0.000406,0.999999
252.434000,0.00000,0.00000,2.18000,0.00146,-0.00170,-0.00043,0.001458,0.000018,0.000406,0.999999
252.467000,0.00000,0.00000,2.18000,0.00146,-0.00170,-0.00043,0.001458,0.000018,0.000406,0.999999
252.500000,0.00000,0.00000,2.18000,0.00146,-0.00170,-0.00043,0.001458,0.000018,0.000406,0.999999
252.535000,0.00000,0.00000,2.18000,0.00152,0.00018,0.00408,-0.001546,0.000038,0.000170,0.999999
252.567000,0.00000,0.00000,2.18000,0.00152,0.00018,0.00408,-0.001546,0.000038,0.000170,0.999999
252.600000,0.00000,0.00000,2.18000,0.00152,0.00018,0.00408,-0.001546,0.000038,0.000170,0.999999
252.634000,0.00000,0.00000,2.18000,0.00152,0.00018,0.00408,-0.001546,0.000038,0.000170,0.999999
252.667000,0.00000,0.00000,2.18000,0.00152,0.00018,0.00408,-0.001546,0.000038,0.000170,0.999999
252.700000,0.00000,0.00000,2.18000,0.00152,0.00018,0.00408,-0.001546,0.000038,0.000170,0.999999
252.734000,0.00000,0.00000,2.18000,0.00152,0.00018,0.00408,-0.001546,0.000038,0.000170,0.999999
252.768000,0.00908,0.00000,2.18000,0.00146,-0.00251,0.00297,0.002109,-0.000113,0.000405,0.999998
252.800000,0.00908,0.00000,2.18000,0.00146,-0.00251,0.00297,0.002109,-0.000113,0.000405,0.999998
252.834000,0.00908,0.00000,2.18000,0.00146,-0.00251,0.00297,0.002109,-0.000113,0.000405,0.999998
252.867000,0.00908,0.00000,2.18000,0.00146,-0.00251,0.00297,0.002109,-0.000113,0.000405,0.999998
252.900000,0.00908,0.00000,2.18000,0.00146,-0.00251,0.00297,0.002109,-0.000113,0.000405,0.999998
252.934000,0.00908,0.00000,2.18000,0.00146,-0.00251,0.00297,0.002109,-0.000113,0.000405,0.999998
252.967000,0.00908,0.00000,2.18000,0.00146,-0.00251,0.00297,0.002109,-0.000113,0.000405,0.999998
253.000000,0.00908,0.00000,2.18000,0.00146,-0.00251,0.00297,0.002109,-0.000113,0.000405,0.999998
253.035000,0.00908,0.00000,2.18000,-0.00110,-0.00072,-0.00311,-0.003113,-0.000933,0.000150,0.999995
253.067000,0.00908,0.00000,2.18000,-0.00110,-0.00072,-0.00311,-0.003113,-0.000933,0.000150,0.999995
253.100000,0.00908,0.00000,2.18000,-0.00110,-0.00072,-0.00311,-0.003113,-0.000933,0.000150,0.999995
253.134000,0.00908,0.00000,2.18000,-0.00110,-0.00072,-0.00311,-0.003113,-0.000933,0.000150,0.999995
253.167000,0.00908,0.00000,2.18000,-0.00110,-0.00072,-0.00311,-0.003113,-0.000933,0.000150,0.999995
253.200000,0.00908,0.00000,2.18000,-0.00110,-0.00072,-0.00311,-0.003113,-0.000933,0.000150,0.999995
253.234000,0.00908,0.00000,2.18000,-0.00110,-0.00072,-0.00311,-0.003113,-0.000933,0.000150,0.999995
253.268000,0.00000,0.00000,2.18000,-0.00432,-0.00007,-0.00447,0.003155,0.000060,0.000303,0.999995
253.300000,0.00000,0.00000,2.18000,-0.00432,-0.00007,-0.00447,0.003155,0.000060,0.000303,0.999995
253.334000,0.00000,0.00000,2.18000,-0.00432,-0.00007,-0.00447,0.003155,0.000060,0.000303,0.999995
253.367000,0.00000,0.00000,2.18000,-0.00432,-0.00007,-0.00447,0.003155,0.000060,0.000303,0.999995
253.401000,0.00000,0.00000,2.18000,-0.00432,-0.00007,-0.00447,0.003155,0.000060,0.000303,0.999995
253.434000,0.00000,0.00000,2.18000,-0.00432,-0.00007,-0.00447,0.003155,0.000060,0.000303,0.999995
253.467000,0.00000,0.00000,2.18000,-0.00432,-0.00007,-0.00447,0.003155,0.000060,0.000303,0.999995
253.500000,0.00000,0.00000,2.18000,-0.00432,-0.00007,-0.00447,0.003155,0.000060,0.000303,0.999995
253.535000,0.00000,0.00000,2.18000,-0.00232,-0.00194,-0.00355,-0.002404,0.000480,0.000266,0.999997
253.567000,0.00000,0.00000,2.18000,-0.00232,-0.00194,-0.00355,-0.002404,0.000480,0.000266,0.999997
253.600000,0.00000,0.00000,2.18000,-0.00232,-0.00194,-0.00355,-0.002404,0.000480,0.000266,0.999997
253.634000,0.00000,0.00000,2.18000,-0.00232,-0.00194,-0.00355,-0.002404,0.000480,0.000266,0.999997
253.667000,0.00000,0.00000,2.18000,-0.00232,-0.00194,-0.00355,-0.002404,0.000480,0.000266,0.999997
253.700000,0.00000,0.00000,2.18000,-0.00232,-0.00194,-0.00355,-0.002404,0.000480,0.000266,0.999997
253.734000,0.00000,0.00000,2.18000,-0.00232,-0.00194,-0.00355,-0.002404,0.000480,0.000266,0.999997
253.768000,0.00000,0.00000,2.18000,-0.00072,-0.00015,0.00186,0.002319,0.000203,0.000184,0.999997
253.800000,0.00000,0.00000,2.18000,-0.00072,-0.00015,0.00186,0.002319,0.000203,0.000184,0.999997
253.834000,0.00000,0.00000,2.18000,-0.00072,-0.00015,0.00186,0.002319,0.000203,0.000184,0.999997
253.867000,0.00000,0.00000,2.18000,-0.00072,-0.00015,0.00186,0.002319,0.000203,0.000184,0.999997
253.900000,0.00000,0.00000,2.18000,-0.00072,-0.00015,0.00186,0.002319,0.000203,0.000184,0.999997
253.934000,0.00000,0.00000,2.18000,-0.00072,-0.00015,0.00186,0.002319,0.000203,0.000184,0.999997
253.967000,0.00000,0.00000,2.18000,-0.00072,-0.00015,0.00186,0.002319,0.000203,0.000184,0.999997
254.000000,0.00000,0.00000,2.18000,-0.00072,-0.00015,0.00186,0.002319,0.000203,0.000184,0.999997
254.035000,0.00000,0.00000,2.18000,-0.00000,-0.00275,0.00027,-0.001256,0.000147,0.000366,0.999999
254.067000,0.00000,0.00000,2.18000,-0.00000,-0.00275,0.00027,-0.001256,0.000147,0.000366,0.999999
254.100000,0.00000,0.00000,2.18000,-0.00000,-0.00275,0.00027,-0.001256,0.000147,0.000366,0.999999
254.134000,0.00000,0.00000,2.18000,-0.00000,-0.00275,0.00027,-0.001256,0.000147,0.000366,0.999999
254.167000,0.00000,0.00000,2.18000,-0.00000,-0.00275,0.00027,-0.001256,0.000147,0.000366,0.999999
254.200000,0.00000,0.00000,2.18000,-0.00000,-0.00275,0.00027,-0.001256,0.000147,0.000366,0.999999
254.234000,0.00000,0.00000,2.18000,-0.00000,-0.00275,0.00027,-0.001256,0.000147,0.000366,0.999999
254.268000,0.00000,0.00000,2.17000,0.00094,0.00033,0.00081,0.000426,0.000158,0.000120,1.000000
254.301000,0.00000,0.00000,2.17000,0.00094,0.00033,0.00081,0.000426,0.000158,0.000120,1.000000
254.334000,0.00000,0.00000,2.17000,0.00094,0.00033,0.00081,0.000426,0.000158,0.000120,1.000000
254.367000,0.00000,0.00000,2.17000,0.00094,0.00033,0.00081,0.000426,0.000158,0.000120,1.000000
254.401000,0.00000,0.00000,2.17000,0.00094,0.00033,0.00081,0.000426,0.000158,0.000120,1.000000
254.434000,0.00000,0.00000,2.17000,0.00094,0.00033,0.00081,0.000426,0.000158,0.000120,1.000000
254.467000,0.00000,0.00000,2.17000,0.00094,0.00033,0.00081,0.000426,0.000158,0.000120,1.000000
254.500000,0.00000,0.00000,2.17000,0.00094,0.00033,0.00081,0.000426,0.000158,0.000120,1.000000
254.535000,0.00000,0.00000,2.18000,0.00138,-0.00271,0.00830,0.000546,0.000035,0.000380,1.000000
254.567000,0.00000,0.00000,2.18000,0.00138,-0.00271,0.00830,0.000546,0.000035,0.000380,1.000000
254.600000,0.00000,0.00000,2.18000,0.00138,-0.00271,0.00830,0.000546,0.000035,0.000380,1.000000
254.634000,0.00000,0.00000,2.18000,0.00138,-0.00271,0.00830,0.000546,0.000035,0.000380,1.000000
254.668000,0.00000,0.00000,2.18000,0.00138,-0.00271,0.00830,0.000546,0.000035,0.000380,1.000000
254.700000,0.00000,0.00000,2.18000,0.00138,-0.00271,0.00830,0.000546,0.000035,0.000380,1.000000
254.734000,0.00000,0.00000,2.18000,0.00138,-0.00271,0.00830,0.000546,0.000035,0.000380,1.000000
254.768000,0.00000,0.00000,2.18000,0.00154,-0.00051,0.00328,-0.001500,0.000011,0.000063,0.999999
254.801000,0.00000,0.00000,2.18000,0.00154,-0.00051,0.00328,-0.001500,0.000011,0.000063,0.999999
254.834000,0.00000,0.00000,2.18000,0.00154,-0.00051,0.00328,-0.001500,0.000011,0.000063,0.999999
254.867000,0.00000,0.00000,2.18000,0.00154,-0.00051,0.00328,-0.001500,0.000011,0.000063,0.999999
254.900000,0.00000,0.00000,2.18000,0.00154,-0.00051,0.00328,-0.001500,0.000011,0.000063,0.999999
254.934000,0.00000,0.00000,2.18000,0.00154,-0.00051,0.00328,-0.001500,0.000011,0.000063,0.999999
254.967000,0.00000,0.00000,2.18000,0.00154,-0.00051,0.00328,-0.001500,0.000011,0.000063,0.999999
255.000000,0.00000,0.00000,2.18000,0.00154,-0.00051,0.00328,-0.001500,0.000011,0.000063,0.999999
255.035000,0.00000,0.00000,2.18000,0.00155,-0.00234,-0.00153,0.001950,0.000008,0.000420,0.999998
255.067000,0.00000,0.00000,2.18000,0.00155,-0.00234,-0.00153,0.001950,0.000008,0.000420,0.999998
255.100000,0.00000,0.00000,2.18000,0.00155,-0.00234,-0.00153,0.001950,0.000008,0.000420,0.999998
255.134000,0.00000,0.00000,2.18000,0.00155,-0.00234,-0.00153,0.001950,0.000008,0.000420,0.999998
255.167000,0.00000,0.00000,2.18000,0.00155,-0.00234,-0.00153,0.001950,0.000008,0.000420,0.999998
255.201000,0.00000,0.00000,2.18000,0.00155,-0.00234,-0.00153,0.001950,0.000008,0.000420,0.999998
255.234000,0.00000,0.00000,2.18000,0.00155,-0.00234,-0.00153,0.001950,0.000008,0.000420,0.999998
255.268000,0.00000,0.00000,2.18000,0.00179,-0.00046,-0.00520,-0.002662,0.000076,0.000264,0.999996
255.300000,0.00000,0.00000,2.18000,0.00179,-0.00046,-0.00520,-0.002662,0.000076,0.000264,0.999996
255.335000,0.00000,0.00000,2.18000,0.00179,-0.00046,-0.00520,-0.002662,0.000076,0.000264,0.999996
255.367000,0.00000,0.00000,2.18000,0.00179,-0.00046,-0.00520,-0.002662,0.000076,0.000264,0.999996
255.401000,0.00000,0.00000,2.18000,0.00179,-0.00046,-0.00520,-0.002662,0.000076,0.000264,0.999996
255.434000,0.00000,0.00000,2.18000,0.00179,-0.00046,-0.00520,-0.002662,0.000076,0.000264,0.999996
255.467000,0.00000,0.00000,2.18000,0.00179,-0.00046,-0.00520,-0.002662,0.000076,0.000264,0.999996
255.500000,0.00000,0.00000,2.18000,0.00179,-0.00046,-0.00520,-0.002662,0.000076,0.000264,0.999996
255.535000,0.00908,0.00000,2.18000,0.00176,-0.00087,-0.00528,0.003019,-0.000139,0.000332,0.999995
255.567000,0.00908,0.00000,2.18000,0.00176,-0.00087,-0.00528,0.003019,-0.000139,0.000332,0.999995
255.600000,0.00908,0.00000,2.18000,0.00176,-0.00087,-0.00528,0.003019,-0.000139,0.000332,0.999995
255.634000,0.00908,0.00000,2.18000,0.00176,-0.00087,-0.00528,0.003019,-0.000139,0.000332,0.999995
255.667000,0.00908,0.00000,2.18000,0.00176,-0.00087,-0.00528,0.003019,-0.000139,0.000332,0.999995
255.700000,0.00908,0.00000,2.18000,0.00176,-0.00087,-0.00528,0.003019,-0.000139,0.000332,0.999995
255.735000,0.00908,0.00000,2.18000,0.00176,-0.00087,-0.00528,0.003019,-0.000139,0.000332,0.999995
255.768000,0.00908,-0.01113,2.18000,-0.00180,0.00126,-0.00294,-0.003696,-0.001006,0.000254,0.999993
255.800000,0.00908,-0.01113,2.18000,-0.00180,0.00126,-0.00294,-0.003696,-0.001006,0.000254,0.999993
255.834000,0.00908,-0.01113,2.18000,-0.00180,0.00126,-0.00294,-0.003696,-0.001006,0.000254,0.999993
255.867000,0.00908,-0.01113,2.18000,-0.00180,0.00126,-0.00294,-0.003696,-0.001006,0.000254,0.999993
255.900000,0.00908,-0.01113,2.18000,-0.00180,0.00126,-0.00294,-0.003696,-0.001006,0.000254,0.999993
255.934000,0.00908,-0.01113,2.18000,-0.00180,0.00126,-0.00294,-0.003696,-0.001006,0.000254,0.999993
255.967000,0.00908,-0.01113,2.18000,-0.00180,0.00126,-0.00294,-0.003696,-0.001006,0.000254,0.999993
256.000000,0.00908,-0.01113,2.18000,-0.00180,0.00126,-0.00294,-0.003696,-0.001006,0.000254,0.999993
256.035000,0.00908,-0.01113,2.18000,-0.00572,0.00805,0.00214,0.002064,-0.000561,0.000283,0.999998
256.067000,0.00908,-0.01113,2.18000,-0.00572,0.00805,0.00214,0.002064,-0.000561,0.000283,0.999998
256.101000,0.00908,-0.01113,2.18000,-0.00572,0.00805,0.00214,0.002064,-0.000561,0.000283,0.999998
256.135000,0.00908,-0.01113,2.18000,-0.00572,0.00805,0.00214,0.002064,-0.000561,0.000283,0.999998
256.167000,0.00908,-0.01113,2.18000,-0.00572,0.00805,0.00214,0.002064,-0.000561,0.000283,0.999998
256.200000,0.00908,-0.01113,2.18000,-0.00572,0.00805,0.00214,0.002064,-0.000561,0.000283,0.999998
256.234000,0.00908,-0.01113,2.18000,-0.00572,0.00805,0.00214,0.002064,-0.000561,0.000283,0.999998
256.268000,0.00908,-0.01113,2.18000,-0.00763,0.00866,-0.00318,-0.002437,-0.000233,0.000296,0.999997
256.300000,0.00908,-0.01113,2.18000,-0.00763,0.00866,-0.00318,-0.002437,-0.000233,0.000296,0.999997
256.334000,0.00908,-0.01113,2.18000,-0.00763,0.00866,-0.00318,-0.002437,-0.000233,0.000296,0.999997
256.367000,0.00908,-0.01113,2.18000,-0.00763,0.00866,-0.00318,-0.002437,-0.000233,0.000296,0.999997
256.401000,0.00908,-0.01113,2.18000,-0.00763,0.00866,-0.00318,-0.002437,-0.000233,0.000296,0.999997
256.434000,0.00908,-0.01113,2.18000,-0.00763,0.00866,-0.00318,-0.002437,-0.000233,0.000296,0.999997
256.467000,0.00908,-0.01113,2.18000,-0.00763,0.00866,-0.00318,-0.002437,-0.000233,0.000296,0.999997
256.500000,0.00908,-0.01113,2.18000,-0.00763,0.00866,-0.00318,-0.002437,-0.000233,0.000296,0.999997
256.535000,0.00908,-0.01113,2.18000,-0.00832,0.01355,-0.00394,0.000678,-0.000115,0.000253,1.000000
256.567000,0.00908,-0.01113,2.18000,-0.00832,0.01355,-0.00394,0.000678,-0.000115,0.000253,1.000000
256.600000,0.00908,-0.01113,2.18000,-0.00832,0.01355,-0.00394,0.000678,-0.000115,0.000253,1.000000
256.634000,0.00908,-0.01113,2.18000,-0.00832,0.01355,-0.00394,0.000678,-0.000115,0.000253,1.000000
256.667000,0.00908,-0.01113,2.18000,-0.00832,0.01355,-0.00394,0.000678,-0.000115,0.000253,1.000000
256.700000,0.00908,-0.01113,2.18000,-0.00832,0.01355,-0.00394,0.000678,-0.000115,0.000253,1.000000
256.734000,0.00908,-0.01113,2.18000,-0.00832,0.01355,-0.00394,0.000678,-0.000115,0.000253,1.000000
256.768000,0.00908,-0.01113,2.18000,-0.00898,0.01281,0.00269,-0.000956,-0.000169,0.000399,0.999999
256.800000,0.00908,-0.01113,2.18000,-0.00898,0.01281,0.00269,-0.000956,-0.000169,0.000399,0.999999
256.834000,0.00908,-0.01113,2.18000,-0.00898,0.01281,0.00269,-0.000956,-0.000169,0.000399,0.999999
256.867000,0.00908,-0.01113,2.18000,-0.00898,0.01281,0.00269,-0.000956,-0.000169,0.000399,0.999999
256.900000,0.00908,-0.01113,2.18000,-0.00898,0.01281,0.00269,-0.000956,-0.000169,0.000399,0.999999
256.934000,0.00908,-0.01113,2.18000,-0.00898,0.01281,0.00269,-0.000956,-0.000169,0.000399,0.999999
256.967000,0.00908,-0.01113,2.18000,-0.00898,0.01281,0.00269,-0.000956,-0.000169,0.000399,0.999999
257.000000,0.00908,-0.01113,2.18000,-0.00898,0.01281,0.00269,-0.000956,-0.000169,0.000399,0.999999
257.035000,0.00908,0.00000,2.18000,-0.00932,0.01577,0.00262,0.000282,-0.000023,0.000181,1.000000
257.067000,0.00908,0.00000,2.18000,-0.00932,0.01577,0.00262,0.000282,-0.000023,0.000181,1.000000
257.101000,0.00908,0.00000,2.18000,-0.00932,0.01577,0.00262,0.000282,-0.000023,0.000181,1.000000
257.134000,0.00908,0.00000,2.18000,-0.00932,0.01577,0.00262,0.000282,-0.000023,0.000181,1.000000
257.167000,0.00908,0.00000,2.18000,-0.00932,0.01577,0.00262,0.000282,-0.000023,0.000181,1.000000
257.200000,0.00908,0.00000,2.18000,-0.00932,0.01577,0.00262,0.000282,-0.000023,0.000181,1.000000
257.235000,0.00908,0.00000,2.18000,-0.00932,0.01577,0.00262,0.000282,-0.000023,0.000181,1.000000
257.268000,0.00000,0.00000,2.18000,-0.00743,0.00746,-0.00087,0.002170,0.000901,0.000416,0.999997
257.300000,0.00000,0.00000,2.18000,-0.00743,0.00746,-0.00087,0.002170,0.000901,0.000416,0.999997
257.334000,0.00000,0.00000,2.18000,-0.00743,0.00746,-0.00087,0.002170,0.000901,0.000416,0.999997
257.367000,0.00000,0.00000,2.18000,-0.00743,0.00746,-0.00087,0.002170,0.000901,0.000416,0.999997
257.400000,0.00000,0.00000,2.18000,-0.00743,0.00746,-0.00087,0.002170,0.000901,0.000416,0.999997
257.434000,0.00000,0.00000,2.18000,-0.00743,0.00746,-0.00087,0.002170,0.000901,0.000416,0.999997
257.467000,0.00000,0.00000,2.18000,-0.00743,0.00746,-0.00087,0.002170,0.000901,0.000416,0.999997
257.500000,0.00000,0.00000,2.18000,-0.00743,0.00746,-0.00087,0.002170,0.000901,0.000416,0.999997
257.535000,0.00000,0.00000,2.18000,-0.00298,0.00609,-0.00115,-0.001150,0.000698,0.000292,0.999999
257.567000,0.00000,0.00000,2.18000,-0.00298,0.00609,-0.00115,-0.001150,0.000698,0.000292,0.999999
257.600000,0.00000,0.00000,2.18000,-0.00298,0.00609,-0.00115,-0.001150,0.000698,0.000292,0.999999
257.634000,0.00000,0.00000,2.18000,-0.00298,0.00609,-0.00115,-0.001150,0.000698,0.000292,0.999999
257.667000,0.00000,0.00000,2.18000,-0.00298,0.00609,-0.00115,-0.001150,0.000698,0.000292,0.999999
257.700000,0.00000,0.00000,2.18000,-0.00298,0.00609,-0.00115,-0.001150,0.000698,0.000292,0.999999
257.734000,0.00000,0.00000,2.18000,-0.00298,0.00609,-0.00115,-0.001150,0.000698,0.000292,0.999999
257.768000,0.00000,0.00000,2.18000,-0.00061,0.00047,0.00324,0.003241,0.000301,0.000453,0.999995
257.800000,0.00000,0.00000,2.18000,-0.00061,0.00047,0.00324,0.003241,0.000301,0.000453,0.999995
257.834000,0.00000,0.00000,2.18000,-0.00061,0.00047,0.00324,0.003241,0.000301,0.000453,0.999995
257.867000,0.00000,0.00000,2.18000,-0.00061,0.00047,0.00324,0.003241,0.000301,0.000453,0.999995
257.900000,0.00000,0.00000,2.18000,-0.00061,0.00047,0.00324,0.003241,0.000301,0.000453,0.999995
257.934000,0.00000,0.00000,2.18000,-0.00061,0.00047,0.00324,0.003241,0.000301,0.000453,0.999995
257.967000,0.00000,0.00000,2.18000,-0.00061,0.00047,0.00324,0.003241,0.000301,0.000453,0.999995
258.001000,0.00000,0.00000,2.18000,-0.00061,0.00047,0.00324,0.003241,0.000301,0.000453,0.999995
258.035000,0.00000,0.00000,2.18000,0.00075,-0.00022,-0.00379,-0.002457,0.000216,0.000253,0.999997
258.067000,0.00000,0.00000,2.18000,0.00075,-0.00022,-0.00379,-0.002457,0.000216,0.000253,0.999997
258.100000,0.00000,0.00000,2.18000,0.00075,-0.00022,-0.00379,-0.002457,0.000216,0.000253,0.999997
258.134000,0.00000,0.00000,2.18000,0.00075,-0.00022,-0.00379,-0.002457,0.000216,0.000253,0.999997
258.167000,0.00000,0.00000,2.18000,0.00075,-0.00022,-0.00379,-0.002457,0.000216,0.000253,0.999997
258.200000,0.00000,0.00000,2.18000,0.00075,-0.00022,-0.00379,-0.002457,0.000216,0.000253,0.999997
258.234000,0.00000,0.00000,2.18000,0.00075,-0.00022,-0.00379,-0.002457,0.000216,0.000253,0.999997
258.268000,0.00000,0.00000,2.18000,0.00164,-0.00039,-0.00674,0.002874,0.000166,0.000343,0.999996
258.300000,0.00000,0.00000,2.18000,0.00164,-0.00039,-0.00674,0.002874,0.000166,0.000343,0.999996
258.334000,0.00000,0.00000,2.18000,0.00164,-0.00039,-0.00674,0.002874,0.000166,0.000343,0.999996
258.367000,0.00000,0.00000,2.18000,0.00164,-0.00039,-0.00674,0.002874,0.000166,0.000343,0.999996
258.400000,0.00000,0.00000,2.18000,0.00164,-0.00039,-0.00674,0.002874,0.000166,0.000343,0.999996
258.434000,0.00000,0.00000,2.18000,0.00164,-0.00039,-0.00674,0.002874,0.000166,0.000343,0.999996
258.467000,0.00000,0.00000,2.18000,0.00164,-0.00039,-0.00674,0.002874,0.000166,0.000343,0.999996
258.500000,0.00000,0.00000,2.18000,0.00164,-0.00039,-0.00674,0.002874,0.000166,0.000343,0.999996
258.535000,0.00000,0.00000,2.17000,0.00210,-0.00134,0.00137,-0.002455,0.000032,0.000341,0.999997
258.567000,0.00000,0.00000,2.17000,0.00210,-0.00134,0.00137,-0.002455,0.000032,0.000341,0.999997
258.600000,0.00000,0.00000,2.17000,0.00210,-0.00134,0.00137,-0.002455,0.000032,0.000341,0.999997
258.634000,0.00000,0.00000,2.17000,0.00210,-0.00134,0.00137,-0.002455,0.000032,0.000341,0.999997
258.667000,0.00000,0.00000,2.17000,0.00210,-0.00134,0.00137,-0.002455,0.000032,0.000341,0.999997
258.700000,0.00000,0.00000,2.17000,0.00210,-0.00134,0.00137,-0.002455,0.000032,0.000341,0.999997
258.734000,0.00000,0.00000,2.17000,0.00210,-0.00134,0.00137,-0.002455,0.000032,0.000341,0.999997
258.768000,0.00000,0.00000,2.18000,0.00208,-0.00003,-0.00028,0.002184,-0.000034,0.000213,0.999998
258.800000,0.00000,0.00000,2.18000,0.00208,-0.00003,-0.00028,0.002184,-0.000034,0.000213,0.999998
258.834000,0.00000,0.00000,2.18000,0.00208,-0.00003,-0.00028,0.002184,-0.000034,0.000213,0.999998
258.867000,0.00000,0.00000,2.18000,0.00208,-0.00003,-0.00028,0.002184,-0.000034,0.000213,0.999998
258.900000,0.00000,0.00000,2.18000,0.00208,-0.00003,-0.00028,0.002184,-0.000034,0.000213,0.999998
258.934000,0.00000,0.00000,2.18000,0.00208,-0.00003,-0.00028,0.002184,-0.000034,0.000213,0.999998
258.967000,0.00000,0.00000,2.18000,0.00208,-0.00003,-0.00028,0.002184,-0.000034,0.000213,0.999998
259.000000,0.00000,0.00000,2.18000,0.00208,-0.00003,-0.00028,0.002184,-0.000034,0.000213,0.999998
259.035000,0.00000,0.00000,2.18000,0.00197,-0.00274,0.00104,-0.000899,-0.000049,0.000345,1.000000
259.067000,0.00000,0.00000,2.18000,0.00197,-0.00274,0.00104,-0.000899,-0.000049,0.000345,1.000000
259.100000,0.00000,0.00000,2.18000,0.00197,-0.00274,0.00104,-0.000899,-0.000049,0.000345,1.000000
259.134000,0.00000,0.00000,2.18000,0.00197,-0.00274,0.00104,-0.000899,-0.000049,0.000345,1.000000
259.167000,0.00000,0.00000,2.18000,0.00197,-0.00274,0.00104,-0.000899,-0.000049,0.000345,1.000000
259.200000,0.00000,0.00000,2.18000,0.00197,-0.00274,0.00104,-0.000899,-0.000049,0.000345,1.000000
259.234000,0.00000,0.00000,2.18000,0.00197,-0.00274,0.00104,-0.000899,-0.000049,0.000345,1.000000
259.268000,0.00000,0.00000,2.18000,0.00177,-0.00037,0.00232,0.000382,0.000016,0.000113,1.000000
259.300000,0.00000,0.00000,2.18000,0.00177,-0.00037,0.00232,0.000382,0.000016,0.000113,1.000000
259.334000,0.00000,0.00000,2.18000,0.00177,-0.00037,0.00232,0.000382,0.000016,0.000113,1.000000
259.367000,0.00000,0.00000,2.18000,0.00177,-0.00037,0.00232,0.000382,0.000016,0.000113,1.000000
259.400000,0.00000,0.00000,2.18000,0.00177,-0.00037,0.00232,0.000382,0.000016,0.000113,1.000000
259.434000,0.00000,0.00000,2.18000,0.00177,-0.00037,0.00232,0.000382,0.000016,0.000113,1.000000
259.467000,0.00000,0.00000,2.18000,0.00177,-0.00037,0.00232,0.000382,0.000016,0.000113,1.000000
259.500000,0.00000,0.00000,2.18000,0.00177,-0.00037,0.00232,0.000382,0.000016,0.000113,1.000000
259.535000,0.00000,0.00000,2.18000,0.00152,-0.00419,0.00309,0.000324,-0.000058,0.000427,1.000000
259.567000,0.00000,0.00000,2.18000,0.00152,-0.00419,0.00309,0.000324,-0.000058,0.000427,1.000000
259.600000,0.00000,0.00000,2.18000,0.00152,-0.00419,0.00309,0.000324,-0.000058,0.000427,1.000000
259.634000,0.00000,0.00000,2.18000,0.00152,-0.00419,0.00309,0.000324,-0.000058,0.000427,1.000000
259.667000,0.00000,0.00000,2.18000,0.00152,-0.00419,0.00309,0.000324,-0.000058,0.000427,1.000000
259.700000,0.00000,0.00000,2.18000,0.00152,-0.00419,0.00309,0.000324,-0.000058,0.000427,1.000000
259.734000,0.00000,0.00000,2.18000,0.00152,-0.00419,0.00309,0.000324,-0.000058,0.000427,1.000000
259.768000,0.00000,0.00000,2.18000,0.00166,-0.00141,0.00395,-0.001374,0.000068,0.000143,0.999999
259.800000,0.00000,0.00000,2.18000,0.00166,-0.00141,0.00395,-0.001374,0.000068,0.000143,0.999999
259.834000,0.00000,0.00000,2.18000,0.00166,-0.00141,0.00395,-0.001374,0.000068,0.000143,0.999999
259.867000,0.00000,0.00000,2.18000,0.00166,-0.00141,0.00395,-0.001374,0.000068,0.000143,0.999999
259.900000,0.00000,0.00000,2.18000,0.00166,-0.00141,0.00395,-0.001374,0.000068,0.000143,0.999999
259.934000,0.00000,0.00000,2.18000,0.00166,-0.00141,0.00395,-0.001374,0.000068,0.000143,0.999999
259.967000,0.00000,0.00000,2.18000,0.00166,-0.00141,0.00395,-0.001374,0.000068,0.000143,0.999999
260.000000,0.00000,0.00000,2.18000,0.00166,-0.00141,0.00395,-0.001374,0.000068,0.000143,0.999999
260.035000,0.00000,0.00000,2.18000,0.00175,-0.00466,0.00219,0.002020,-0.000065,0.000366,0.999998
260.067000,0.00000,0.00000,2.18000,0.00175,-0.00466,0.00219,0.002020,-0.000065,0.000366,0.999998
260.100000,0.00000,0.00000,2.18000,0.00175,-0.00466,0.00219,0.002020,-0.000065,0.000366,0.999998
260.134000,0.00000,0.00000,2.18000,0.00175,-0.00466,0.00219,0.002020,-0.000065,0.000366,0.999998
260.168000,0.00000,0.00000,2.18000,0.00175,-0.00466,0.00219,0.002020,-0.000065,0.000366,0.999998
260.200000,0.00000,0.00000,2.18000,0.00175,-0.00466,0.00219,0.002020,-0.000065,0.000366,0.999998
260.234000,0.00000,0.00000,2.18000,0.00175,-0.00466,0.00219,0.002020,-0.000065,0.000366,0.999998
260.268000,0.00000,0.00000,2.18000,0.00135,-0.00210,-0.00565,-0.002815,-0.000040,0.000196,0.999996
260.300000,0.00000,0.00000,2.18000,0.00135,-0.00210,-0.00565,-0.002815,-0.000040,0.000196,0.999996
260.334000,0.00000,0.00000,2.18000,0.00135,-0.00210,-0.00565,-0.002815,-0.000040,0.000196,0.999996
260.367000,0.00000,0.00000,2.18000,0.00135,-0.00210,-0.00565,-0.002815,-0.000040,0.000196,0.999996
260.400000,0.00000,0.00000,2.18000,0.00135,-0.00210,-0.00565,-0.002815,-0.000040,0.000196,0.999996
260.435000,0.00000,0.00000,2.18000,0.00135,-0.00210,-0.00565,-0.002815,-0.000040,0.000196,0.999996
260.467000,0.00000,0.00000,2.18000,0.00135,-0.00210,-0.00565,-0.002815,-0.000040,0.000196,0.999996
260.500000,0.00000,0.00000,2.18000,0.00135,-0.00210,-0.00565,-0.002815,-0.000040,0.000196,0.999996
260.535000,0.00000,0.00000,2.18000,0.00130,-0.00248,-0.00626,0.002800,0.000055,0.000365,0.999996
260.567000,0.00000,0.00000,2.18000,0.00130,-0.00248,-0.00626,0.002800,0.000055,0.000365,0.999996
260.600000,0.00000,0.00000,2.18000,0.00130,-0.00248,-0.00626,0.002800,0.000055,0.000365,0.999996
260.634000,0.00000,0.00000,2.18000,0.00130,-0.00248,-0.00626,0.002800,0.000055,0.000365,0.999996
260.667000,0.00000,0.00000,2.18000,0.00130,-0.00248,-0.00626,0.002800,0.000055,0.000365,0.999996
260.700000,0.00000,0.00000,2.18000,0.00130,-0.00248,-0.00626,0.002800,0.000055,0.000365,0.999996
260.734000,0.00000,0.00000,2.18000,0.00130,-0.00248,-0.00626,0.002800,0.000055,0.000365,0.999996
260.768000,0.00000,0.00000,2.17000,0.00169,-0.00279,0.00014,-0.002876,0.000039,0.000272,0.999996
260.800000,0.00000,0.00000,2.17000,0.00169,-0.00279,0.00014,-0.002876,0.000039,0.000272,0.999996
260.834000,0.00000,0.00000,2.17000,0.00169,-0.00279,0.00014,-0.002876,0.000039,0.000272,0.999996
260.868000,0.00000,0.00000,2.17000,0.00169,-0.00279,0.00014,-0.002876,0.000039,0.000272,0.999996
260.900000,0.00000,0.00000,2.17000,0.00169,-0.00279,0.00014,-0.002876,0.000039,0.000272,0.999996
260.934000,0.00000,0.00000,2.17000,0.00169,-0.00279,0.00014,-0.002876,0.000039,0.000272,0.999996
260.967000,0.00000,0.00000,2.17000,0.00169,-0.00279,0.00014,-0.002876,0.000039,0.000272,0.999996
261.001000,0.00000,0.00000,2.17000,0.00169,-0.00279,0.00014,-0.002876,0.000039,0.000272,0.999996
261.035000,0.00000,0.00000,2.18000,0.00171,-0.00100,0.00477,0.002541,-0.000068,0.000261,0.999997
261.067000,0.00000,0.00000,2.18000,0.00171,-0.00100,0.00477,0.002541,-0.000068,0.000261,0.999997
261.100000,0.00000,0.00000,2.18000,0.00171,-0.00100,0.00477,0.002541,-0.000068,0.000261,0.999997
261.134000,0.00000,0.00000,2.18000,0.00171,-0.00100,0.00477,0.002541,-0.000068,0.000261,0.999997
261.167000,0.00000,0.00000,2.18000,0.00171,-0.00100,0.00477,0.002541,-0.000068,0.000261,0.999997
261.200000,0.00000,0.00000,2.18000,0.00171,-0.00100,0.00477,0.002541,-0.000068,0.000261,0.999997
261.234000,0.00000,0.00000,2.18000,0.00171,-0.00100,0.00477,0.002541,-0.000068,0.000261,0.999997
261.268000,0.00000,0.00000,2.18000,0.00156,-0.00349,0.00202,-0.001704,0.000021,0.000418,0.999998
261.300000,0.00000,0.00000,2.18000,0.00156,-0.00349,0.00202,-0.001704,0.000021,0.000418,0.999998
261.334000,0.00000,0.00000,2.18000,0.00156,-0.00349,0.00202,-0.001704,0.000021,0.000418,0.999998
261.367000,0.00000,0.00000,2.18000,0.00156,-0.00349,0.00202,-0.001704,0.000021,0.000418,0.999998
261.400000,0.00000,0.00000,2.18000,0.00156,-0.00349,0.00202,-0.001704,0.000021,0.000418,0.999998
261.434000,0.00000,0.00000,2.18000,0.00156,-0.00349,0.00202,-0.001704,0.000021,0.000418,0.999998
261.467000,0.00000,0.00000,2.18000,0.00156,-0.00349,0.00202,-0.001704,0.000021,0.000418,0.999998
261.501000,0.00000,0.00000,2.18000,0.00156,-0.00349,0.00202,-0.001704,0.000021,0.000418,0.999998
261.535000,0.00000,0.00000,2.18000,0.00136,-0.00037,0.00178,0.000377,-0.000053,0.000227,1.000000
261.567000,0.00000,0.00000,2.18000,0.00136,-0.00037,0.00178,0.000377,-0.000053,0.000227,1.000000
261.600000,0.00000,0.00000,2.18000,0.00136,-0.00037,0.00178,0.000377,-0.000053,0.000227,1.000000
261.634000,0.00000,0.00000,2.18000,0.00136,-0.00037,0.00178,0.000377,-0.000053,0.000227,1.000000
261.667000,0.00000,0.00000,2.18000,0.00136,-0.00037,0.00178,0.000377,-0.000053,0.000227,1.000000
261.700000,0.00000,0.00000,2.18000,0.00136,-0.00037,0.00178,0.000377,-0.000053,0.000227,1.000000
261.734000,0.00000,0.00000,2.18000,0.00136,-0.00037,0.00178,0.000377,-0.000053,0.000227,1.000000
261.768000,0.00000,0.00000,2.18000,0.00120,-0.00238,0.00174,0.000209,0.000086,0.000384,1.000000
261.800000,0.00000,0.00000,2.18000,0.00120,-0.00238,0.00174,0.000209,0.000086,0.000384,1.000000
261.834000,0.00000,0.00000,2.18000,0.00120,-0.00238,0.00174,0.000209,0.000086,0.000384,1.000000
261.868000,0.00000,0.00000,2.18000,0.00120,-0.00238,0.00174,0.000209,0.000086,0.000384,1.000000
261.900000,0.00000,0.00000,2.18000,0.00120,-0.00238,0.00174,0.000209,0.000086,0.000384,1.000000
261.934000,0.00000,0.00000,2.18000,0.00120,-0.00238,0.00174,0.000209,0.000086,0.000384,1.000000
261.967000,0.00000,0.00000,2.18000,0.00120,-0.00238,0.00174,0.000209,0.000086,0.000384,1.000000
262.000000,0.00000,0.00000,2.18000,0.00120,-0.00238,0.00174,0.000209,0.000086,0.000384,1.000000
262.035000,0.00000,0.00000,2.18000,0.00187,0.00081,-0.00082,-0.001653,0.000133,0.000179,0.999999
262.067000,0.00000,0.00000,2.18000,0.00187,0.00081,-0.00082,-0.001653,0.000133,0.000179,0.999999
262.100000,0.00000,0.00000,2.18000,0.00187,0.00081,-0.00082,-0.001653,0.000133,0.000179,0.999999
262.134000,0.00000,0.00000,2.18000,0.00187,0.00081,-0.00082,-0.001653,0.000133,0.000179,0.999999
262.167000,0.00000,0.00000,2.18000,0.00187,0.00081,-0.00082,-0.001653,0.000133,0.000179,0.999999
262.200000,0.00000,0.00000,2.18000,0.00187,0.00081,-0.00082,-0.001653,0.000133,0.000179,0.999999
262.234000,0.00000,0.00000,2.18000,0.00187,0.00081,-0.00082,-0.001653,0.000133,0.000179,0.999999
262.268000,0.00000,0.00000,2.18000,0.00229,-0.00061,-0.00129,0.002114,-0.000032,0.000353,0.999998
262.300000,0.00000,0.00000,2.18000,0.00229,-0.00061,-0.00129,0.002114,-0.000032,0.000353,0.999998
262.334000,0.00000,0.00000,2.18000,0.00229,-0.00061,-0.00129,0.002114,-0.000032,0.000353,0.999998
262.367000,0.00000,0.00000,2.18000,0.00229,-0.00061,-0.00129,0.002114,-0.000032,0.000353,0.999998
262.400000,0.00000,0.00000,2.18000,0.00229,-0.00061,-0.00129,0.002114,-0.000032,0.000353,0.999998
262.434000,0.00000,0.00000,2.18000,0.00229,-0.00061,-0.00129,0.002114,-0.000032,0.000353,0.999998
262.467000,0.00000,0.00000,2.18000,0.00229,-0.00061,-0.00129,0.002114,-0.000032,0.000353,0.999998
262.500000,0.00000,0.00000,2.18000,0.00229,-0.00061,-0.00129,0.002114,-0.000032,0.000353,0.999998
262.535000,0.00000,0.00000,2.18000,0.00178,0.00059,-0.00313,-0.002724,-0.000129,0.000219,0.999996
262.567000,0.00000,0.00000,2.18000,0.00178,0.00059,-0.00313,-0.002724,-0.000129,0.000219,0.999996
262.600000,0.00000,0.00000,2.18000,0.00178,0.00059,-0.00313,-0.002724,-0.000129,0.000219,0.999996
262.634000,0.00000,0.00000,2.18000,0.00178,0.00059,-0.00313,-0.002724,-0.000129,0.000219,0.999996
262.667000,0.00000,0.00000,2.18000,0.00178,0.00059,-0.00313,-0.002724,-0.000129,0.000219,0.999996
262.700000,0.00000,0.00000,2.18000,0.00178,0.00059,-0.00313,-0.002724,-0.000129,0.000219,0.999996
262.734000,0.00000,0.00000,2.18000,0.00178,0.00059,-0.00313,-0.002724,-0.000129,0.000219,0.999996
262.768000,0.00000,0.00000,2.18000,0.00133,0.00014,-0.00255,0.003202,-0.000017,0.000366,0.999995
262.800000,0.00000,0.00000,2.18000,0.00133,0.00014,-0.00255,0.003202,-0.000017,0.000366,0.999995
262.834000,0.00000,0.00000,2.18000,0.00133,0.00014,-0.00255,0.003202,-0.000017,0.000366,0.999995
262.867000,0.00000,0.00000,2.18000,0.00133,0.00014,-0.00255,0.003202,-0.000017,0.000366,0.999995
262.900000,0.00000,0.00000,2.18000,0.00133,0.00014,-0.00255,0.003202,-0.000017,0.000366,0.999995
262.934000,0.00000,0.00000,2.18000,0.00133,0.00014,-0.00255,0.003202,-0.000017,0.000366,0.999995
262.967000,0.00000,0.00000,2.18000,0.00133,0.00014,-0.00255,0.003202,-0.000017,0.000366,0.999995
263.000000,0.00000,0.00000,2.18000,0.00133,0.00014,-0.00255,0.003202,-0.000017,0.000366,0.999995
263.035000,0.00000,0.00000,2.18000,0.00127,-0.00067,-0.00162,-0.002693,-0.000017,0.000324,0.999996
263.067000,0.00000,0.00000,2.18000,0.00127,-0.00067,-0.00162,-0.002693,-0.000017,0.000324,0.999996
263.100000,0.00000,0.00000,2.18000,0.00127,-0.00067,-0.00162,-0.002693,-0.000017,0.000324,0.999996
263.134000,0.00000,0.00000,2.18000,0.00127,-0.00067,-0.00162,-0.002693,-0.000017,0.000324,0.999996
263.167000,0.00000,0.00000,2.18000,0.00127,-0.00067,-0.00162,-0.002693,-0.000017,0.000324,0.999996
263.201000,0.00000,0.00000,2.18000,0.00127,-0.00067,-0.00162,-0.002693,-0.000017,0.000324,0.999996
263.234000,0.00000,0.00000,2.18000,0.00127,-0.00067,-0.00162,-0.002693,-0.000017,0.000324,0.999996
263.268000,0.00000,0.00000,2.18000,0.00140,0.00097,-0.00287,0.002270,0.000095,0.000171,0.999997
263.300000,0.00000,0.00000,2.18000,0.00140,0.00097,-0.00287,0.002270,0.000095,0.000171,0.999997
263.334000,0.00000,0.00000,2.18000,0.00140,0.00097,-0.00287,0.002270,0.000095,0.000171,0.999997
263.367000,0.00000,0.00000,2.18000,0.00140,0.00097,-0.00287,0.002270,0.000095,0.000171,0.999997
263.400000,0.00000,0.00000,2.18000,0.00140,0.00097,-0.00287,0.002270,0.000095,0.000171,0.999997
263.434000,0.00000,0.00000,2.18000,0.00140,0.00097,-0.00287,0.002270,0.000095,0.000171,0.999997
263.467000,0.00000,0.00000,2.18000,0.00140,0.00097,-0.00287,0.002270,0.000095,0.000171,0.999997
263.501000,0.00000,0.00000,2.18000,0.00140,0.00097,-0.00287,0.002270,0.000095,0.000171,0.999997
263.535000,0.00000,0.00000,2.18000,0.00162,0.00011,0.00342,-0.001952,0.000010,0.000362,0.999998
263.567000,0.00000,0.00000,2.18000,0.00162,0.00011,0.00342,-0.001952,0.000010,0.000362,0.999998
263.600000,0.00000,0.00000,2.18000,0.00162,0.00011,0.00342,-0.001952,0.000010,0.000362,0.999998
263.634000,0.00000,0.00000,2.18000,0.00162,0.00011,0.00342,-0.001952,0.000010,0.000362,0.999998
263.667000,0.00000,0.00000,2.18000,0.00162,0.00011,0.00342,-0.001952,0.000010,0.000362,0.999998
263.701000,0.00000,0.00000,2.18000,0.00162,0.00011,0.00342,-0.001952,0.000010,0.000362,0.999998
263.734000,0.00000,0.00000,2.18000,0.00162,0.00011,0.00342,-0.001952,0.000010,0.000362,0.999998
263.768000,0.00000,0.00000,2.18000,0.00156,0.00197,0.00044,0.001461,0.000004,0.000137,0.999999
263.800000,0.00000,0.00000,2.18000,0.00156,0.00197,0.00044,0.001461,0.000004,0.000137,0.999999
263.834000,0.00000,0.00000,2.18000,0.00156,0.00197,0.00044,0.001461,0.000004,0.000137,0.999999
263.867000,0.00000,0.00000,2.18000,0.00156,0.00197,0.00044,0.001461,0.000004,0.000137,0.999999
263.901000,0.00000,0.00000,2.18000,0.00156,0.00197,0.00044,0.001461,0.000004,0.000137,0.999999
263.934000,0.00000,0.00000,2.18000,0.00156,0.00197,0.00044,0.001461,0.000004,0.000137,0.999999
263.967000,0.00000,0.00000,2.18000,0.00156,0.00197,0.00044,0.001461,0.000004,0.000137,0.999999
264.000000,0.00000,0.00000,2.18000,0.00156,0.00197,0.00044,0.001461,0.000004,0.000137,0.999999
264.035000,0.00000,0.00000,2.18000,0.00161,-0.00150,0.00333,-0.000566,-0.000041,0.000386,1.000000
264.067000,0.00000,0.00000,2.18000,0.00161,-0.00150,0.00333,-0.000566,-0.000041,0.000386,1.000000
264.100000,0.00000,0.00000,2.18000,0.00161,-0.00150,0.00333,-0.000566,-0.000041,0.000386,1.000000
264.134000,0.00000,0.00000,2.18000,0.00161,-0.00150,0.00333,-0.000566,-0.000041,0.000386,1.000000
264.167000,0.00000,0.00000,2.18000,0.00161,-0.00150,0.00333,-0.000566,-0.000041,0.000386,1.000000
264.200000,0.00000,0.00000,2.18000,0.00161,-0.00150,0.00333,-0.000566,-0.000041,0.000386,1.000000
264.234000,0.00000,0.00000,2.18000,0.00161,-0.00150,0.00333,-0.000566,-0.000041,0.000386,1.000000
264.268000,0.00000,0.00000,2.18000,0.00156,0.00205,0.00068,-0.000957,-0.000000,0.000118,1.000000
264.300000,0.00000,0.00000,2.18000,0.00156,0.00205,0.00068,-0.000957,-0.000000,0.000118,1.000000
264.334000,0.00000,0.00000,2.18000,0.00156,0.00205,0.00068,-0.000957,-0.000000,0.000118,1.000000
264.367000,0.00000,0.00000,2.18000,0.00156,0.00205,0.00068,-0.000957,-0.000000,0.000118,1.000000
264.400000,0.00000,0.00000,2.18000,0.00156,0.00205,0.00068,-0.000957,-0.000000,0.000118,1.000000
264.434000,0.00000,0.00000,2.18000,0.00156,0.00205,0.00068,-0.000957,-0.000000,0.000118,1.000000
264.467000,0.00000,0.00000,2.18000,0.00156,0.00205,0.00068,-0.000957,-0.000000,0.000118,1.000000
264.500000,0.00000,0.00000,2.18000,0.00156,0.00205,0.00068,-0.000957,-0.000000,0.000118,1.000000
264.535000,0.00000,0.00000,2.18000,0.00154,-0.00175,0.00261,0.001745,0.000001,0.000289,0.999998
264.567000,0.00000,0.00000,2.18000,0.00154,-0.00175,0.00261,0.001745,0.000001,0.000289,0.999998
264.600000,0.00000,0.00000,2.18000,0.00154,-0.00175,0.00261,0.001745,0.000001,0.000289,0.999998
264.635000,0.00000,0.00000,2.18000,0.00154,-0.00175,0.00261,0.001745,0.000001,0.000289,0.999998
264.667000,0.00000,0.00000,2.18000,0.00154,-0.00175,0.00261,0.001745,0.000001,0.000289,0.999998
264.700000,0.00000,0.00000,2.18000,0.00154,-0.00175,0.00261,0.001745,0.000001,0.000289,0.999998
264.734000,0.00000,0.00000,2.18000,0.00154,-0.00175,0.00261,0.001745,0.000001,0.000289,0.999998
264.768000,0.00000,0.00000,2.18000,0.00143,-0.00010,0.00059,-0.002450,0.000034,0.000081,0.999997
264.800000,0.00000,0.00000,2.18000,0.00143,-0.00010,0.00059,-0.002450,0.000034,0.000081,0.999997
264.834000,0.00000,0.00000,2.18000,0.00143,-0.00010,0.00059,-0.002450,0.000034,0.000081,0.999997
264.867000,0.00000,0.00000,2.18000,0.00143,-0.00010,0.00059,-0.002450,0.000034,0.000081,0.999997
264.900000,0.00000,0.00000,2.18000,0.00143,-0.00010,0.00059,-0.002450,0.000034,0.000081,0.999997
264.934000,0.00000,0.00000,2.18000,0.00143,-0.00010,0.00059,-0.002450,0.000034,0.000081,0.999997
264.967000,0.00000,0.00000,2.18000,0.00143,-0.00010,0.00059,-0.002450,0.000034,0.000081,0.999997
265.000000,0.00000,0.00000,2.18000,0.00143,-0.00010,0.00059,-0.002450,0.000034,0.000081,0.999997
265.035000,0.00000,0.00000,2.18000,0.00157,-0.00132,-0.00109,0.002241,0.000004,0.000334,0.999997
265.067000,0.00000,0.00000,2.18000,0.00157,-0.00132,-0.00109,0.002241,0.000004,0.000334,0.999997
265.100000,0.00000,0.00000,2.18000,0.00157,-0.00132,-0.00109,0.002241,0.000004,0.000334,0.999997
265.134000,0.00000,0.00000,2.18000,0.00157,-0.00132,-0.00109,0.002241,0.000004,0.000334,0.999997
265.167000,0.00000,0.00000,2.18000,0.00157,-0.00132,-0.00109,0.002241,0.000004,0.000334,0.999997
265.201000,0.00000,0.00000,2.18000,0.00157,-0.00132,-0.00109,0.002241,0.000004,0.000334,0.999997
265.234000,0.00000,0.00000,2.18000,0.00157,-0.00132,-0.00109,0.002241,0.000004,0.000334,0.999997
265.268000,0.00000,0.00000,2.18000,0.00146,0.00152,-0.00247,-0.002867,-0.000063,0.000236,0.999996
265.301000,0.00000,0.00000,2.18000,0.00146,0.00152,-0.00247,-0.002867,-0.000063,0.000236,0.999996
265.334000,0.00000,0.00000,2.18000,0.00146,0.00152,-0.00247,-0.002867,-0.000063,0.000236,0.999996
265.367000,0.00000,0.00000,2.18000,0.00146,0.00152,-0.00247,-0.002867,-0.000063,0.000236,0.999996
265.400000,0.00000,0.00000,2.18000,0.00146,0.00152,-0.00247,-0.002867,-0.000063,0.000236,0.999996
265.434000,0.00000,0.00000,2.18000,0.00146,0.00152,-0.00247,-0.002867,-0.000063,0.000236,0.999996
265.467000,0.00000,0.00000,2.18000,0.00146,0.00152,-0.00247,-0.002867,-0.000063,0.000236,0.999996
265.500000,0.00000,0.00000,2.18000,0.00146,0.00152,-0.00247,-0.002867,-0.000063,0.000236,0.999996
265.535000,0.00000,0.00000,2.18000,0.00117,0.00068,-0.00105,0.003203,-0.000048,0.000310,0.999995
265.567000,0.00000,0.00000,2.18000,0.00117,0.00068,-0.00105,0.003203,-0.000048,0.000310,0.999995
265.600000,0.00000,0.00000,2.18000,0.00117,0.00068,-0.00105,0.003203,-0.000048,0.000310,0.999995
265.634000,0.00000,0.00000,2.18000,0.00117,0.00068,-0.00105,0.003203,-0.000048,0.000310,0.999995
265.667000,0.00000,0.00000,2.18000,0.00117,0.00068,-0.00105,0.003203,-0.000048,0.000310,0.999995
265.700000,0.00000,0.00000,2.18000,0.00117,0.00068,-0.00105,0.003203,-0.000048,0.000310,0.999995
265.734000,0.00000,0.00000,2.18000,0.00117,0.00068,-0.00105,0.003203,-0.000048,0.000310,0.999995
265.768000,0.00000,0.00000,2.18000,0.00102,-0.00047,0.00044,-0.002613,-0.000010,0.000384,0.999997
265.800000,0.00000,0.00000,2.18000,0.00102,-0.00047,0.00044,-0.002613,-0.000010,0.000384,0.999997
265.834000,0.00000,0.00000,2.18000,0.00102,-0.00047,0.00044,-0.002613,-0.000010,0.000384,0.999997
265.867000,0.00000,0.00000,2.18000,0.00102,-0.00047,0.00044,-0.002613,-0.000010,0.000384,0.999997
265.900000,0.00000,0.00000,2.18000,0.00102,-0.00047,0.00044,-0.002613,-0.000010,0.000384,0.999997
265.934000,0.00000,0.00000,2.18000,0.00102,-0.00047,0.00044,-0.002613,-0.000010,0.000384,0.999997
265.967000,0.00000,0.00000,2.18000,0.00102,-0.00047,0.00044,-0.002613,-0.000010,0.000384,0.999997
266.000000,0.00000,0.00000,2.18000,0.00102,-0.00047,0.00044,-0.002613,-0.000010,0.000384,0.999997
266.035000,0.00000,0.00000,2.18000,0.00106,0.00017,-0.00084,0.002567,0.000030,0.000253,0.999997
266.067000,0.00000,0.00000,2.18000,0.00106,0.00017,-0.00084,0.002567,0.000030,0.000253,0.999997
266.100000,0.00000,0.00000,2.18000,0.00106,0.00017,-0.00084,0.002567,0.000030,0.000253,0.999997
266.134000,0.00000,0.00000,2.18000,0.00106,0.00017,-0.00084,0.002567,0.000030,0.000253,0.999997
266.167000,0.00000,0.00000,2.18000,0.00106,0.00017,-0.00084,0.002567,0.000030,0.000253,0.999997
266.200000,0.00000,0.00000,2.18000,0.00106,0.00017,-0.00084,0.002567,0.000030,0.000253,0.999997
266.234000,0.00000,0.00000,2.18000,0.00106,0.00017,-0.00084,0.002567,0.000030,0.000253,0.999997
266.268000,0.00908,0.00000,2.18000,0.00116,-0.00191,0.00136,-0.001842,0.000051,0.000397,0.999998
266.300000,0.00908,0.00000,2.18000,0.00116,-0.00191,0.00136,-0.001842,0.000051,0.000397,0.999998
266.334000,0.00908,0.00000,2.18000,0.00116,-0.00191,0.00136,-0.001842,0.000051,0.000397,0.999998
266.367000,0.00908,0.00000,2.18000,0.00116,-0.00191,0.00136,-0.001842,0.000051,0.000397,0.999998
266.400000,0.00908,0.00000,2.18000,0.00116,-0.00191,0.00136,-0.001842,0.000051,0.000397,0.999998
266.435000,0.00908,0.00000,2.18000,0.00116,-0.00191,0.00136,-0.001842,0.000051,0.000397,0.999998
266.467000,0.00908,0.00000,2.18000,0.00116,-0.00191,0.00136,-0.001842,0.000051,0.000397,0.999998
266.500000,0.00908,0.00000,2.18000,0.00116,-0.00191,0.00136,-0.001842,0.000051,0.000397,0.999998
266.535000,0.00908,0.00000,2.18000,-0.00129,0.00027,0.00381,0.001110,-0.000933,0.000225,0.999999
266.567000,0.00908,0.00000,2.18000,-0.00129,0.00027,0.00381,0.001110,-0.000933,0.000225,0.999999
266.600000,0.00908,0.00000,2.18000,-0.00129,0.00027,0.00381,0.001110,-0.000933,0.000225,0.999999
266.634000,0.00908,0.00000,2.18000,-0.00129,0.00027,0.00381,0.001110,-0.000933,0.000225,0.999999
266.667000,0.00908,0.00000,2.18000,-0.00129,0.00027,0.00381,0.001110,-0.000933,0.000225,0.999999
266.700000,0.00908,0.00000,2.18000,-0.00129,0.00027,0.00381,0.001110,-0.000933,0.000225,0.999999
266.734000,0.00908,0.00000,2.18000,-0.00129,0.00027,0.00381,0.001110,-0.000933,0.000225,0.999999
266.768000,0.00000,0.00000,2.18000,-0.00423,-0.00262,0.00346,-0.000349,0.000175,0.000398,1.000000
266.800000,0.00000,0.00000,2.18000,-0.00423,-0.00262,0.00346,-0.000349,0.000175,0.000398,1.000000
266.834000,0.00000,0.00000,2.18000,-0.00423,-0.00262,0.00346,-0.000349,0.000175,0.000398,1.000000
266.867000,0.00000,0.00000,2.18000,-0.00423,-0.00262,0.00346,-0.000349,0.000175,0.000398,1.000000
266.900000,0.00000,0.00000,2.18000,-0.00423,-0.00262,0.00346,-0.000349,0.000175,0.000398,1.000000
266.934000,0.00000,0.00000,2.18000,-0.00423,-0.00262,0.00346,-0.000349,0.000175,0.000398,1.000000
266.967000,0.00000,0.00000,2.18000,-0.00423,-0.00262,0.00346,-0.000349,0.000175,0.000398,1.000000
267.000000,0.00000,0.00000,2.18000,-0.00423,-0.00262,0.00346,-0.000349,0.000175,0.000398,1.000000
267.035000,0.00000,0.00000,2.18000,-0.00144,-0.00118,-0.00022,-0.000243,0.000689,0.000168,1.000000
267.067000,0.00000,0.00000,2.18000,-0.00144,-0.00118,-0.00022,-0.000243,0.000689,0.000168,1.000000
267.101000,0.00000,0.00000,2.18000,-0.00144,-0.00118,-0.00022,-0.000243,0.000689,0.000168,1.000000
267.134000,0.00000,0.00000,2.18000,-0.00144,-0.00118,-0.00022,-0.000243,0.000689,0.000168,1.000000
267.167000,0.00000,0.00000,2.18000,-0.00144,-0.00118,-0.00022,-0.000243,0.000689,0.000168,1.000000
267.200000,0.00000,0.00000,2.18000,-0.00144,-0.00118,-0.00022,-0.000243,0.000689,0.000168,1.000000
267.234000,0.00000,0.00000,2.18000,-0.00144,-0.00118,-0.00022,-0.000243,0.000689,0.000168,1.000000
267.268000,0.00000,0.00000,2.18000,-0.00144,-0.00118,-0.00022,0.001110,0.000275,0.000465,0.999999
267.300000,0.00000,0.00000,2.18000,0.00089,-0.00421,-0.00378,0.001110,0.000275,0.000465,0.999999
267.334000,0.00000,0.00000,2.18000,0.00089,-0.00421,-0.00378,0.001110,0.000275,0.000465,0.999999
267.367000,0.00000,0.00000,2.18000,0.00089,-0.00421,-0.00378,0.001110,0.000275,0.000465,0.999999
267.400000,0.00000,0.00000,2.18000,0.00089,-0.00421,-0.00378,0.001110,0.000275,0.000465,0.999999
267.434000,0.00000,0.00000,2.18000,0.00089,-0.00421,-0.00378,0.001110,0.000275,0.000465,0.999999
267.467000,0.00000,0.00000,2.18000,0.00089,-0.00421,-0.00378,0.001110,0.000275,0.000465,0.999999
267.500000,0.00000,0.00000,2.18000,0.00089,-0.00421,-0.00378,0.001110,0.000275,0.000465,0.999999
267.535000,0.00000,0.00000,2.18000,0.00139,-0.00024,-0.00265,-0.002242,0.000009,0.000163,0.999997
267.567000,0.00000,0.00000,2.18000,0.00139,-0.00024,-0.00265,-0.002242,0.000009,0.000163,0.999997
267.600000,0.00000,0.00000,2.18000,0.00139,-0.00024,-0.00265,-0.002242,0.000009,0.000163,0.999997
267.635000,0.00000,0.00000,2.18000,0.00139,-0.00024,-0.00265,-0.002242,0.000009,0.000163,0.999997
267.667000,0.00000,0.00000,2.18000,0.00139,-0.00024,-0.00265,-0.002242,0.000009,0.000163,0.999997
267.700000,0.00000,0.00000,2.18000,0.00139,-0.00024,-0.00265,-0.002242,0.000009,0.000163,0.999997
267.734000,0.00000,0.00000,2.18000,0.00139,-0.00024,-0.00265,-0.002242,0.000009,0.000163,0.999997
267.768000,0.00000,0.00000,2.18000,0.00134,-0.00238,-0.00340,0.002731,0.000008,0.000331,0.999996
267.800000,0.00000,0.00000,2.18000,0.00134,-0.00238,-0.00340,0.002731,0.000008,0.000331,0.999996
267.834000,0.00000,0.00000,2.18000,0.00134,-0.00238,-0.00340,0.002731,0.000008,0.000331,0.999996
267.867000,0.00000,0.00000,2.18000,0.00134,-0.00238,-0.00340,0.002731,0.000008,0.000331,0.999996
267.900000,0.00000,0.00000,2.18000,0.00134,-0.00238,-0.00340,0.002731,0.000008,0.000331,0.999996
267.934000,0.00000,0.00000,2.18000,0.00134,-0.00238,-0.00340,0.002731,0.000008,0.000331,0.999996
267.967000,0.00000,0.00000,2.18000,0.00134,-0.00238,-0.00340,0.002731,0.000008,0.000331,0.999996
268.000000,0.00000,0.00000,2.18000,0.00134,-0.00238,-0.00340,0.002731,0.000008,0.000331,0.999996
268.035000,0.00000,0.00000,2.18000,0.00155,-0.00114,-0.00284,-0.003382,0.000055,0.000315,0.999994
268.067000,0.00000,0.00000,2.18000,0.00155,-0.00114,-0.00284,-0.003382,0.000055,0.000315,0.999994
268.100000,0.00000,0.00000,2.18000,0.00155,-0.00114,-0.00284,-0.003382,0.000055,0.000315,0.999994
268.134000,0.00000,0.00000,2.18000,0.00155,-0.00114,-0.00284,-0.003382,0.000055,0.000315,0.999994
268.167000,0.00000,0.00000,2.18000,0.00155,-0.00114,-0.00284,-0.003382,0.000055,0.000315,0.999994
268.200000,0.00000,0.00000,2.18000,0.00155,-0.00114,-0.00284,-0.003382,0.000055,0.000315,0.999994
268.234000,0.00000,0.00000,2.18000,0.00155,-0.00114,-0.00284,-0.003382,0.000055,0.000315,0.999994
268.268000,0.00000,0.00000,2.18000,0.00155,-0.00114,-0.00284,0.002383,-0.000019,0.000239,0.999997
268.300000,0.00000,0.00000,2.18000,0.00163,0.00106,0.00191,0.002383,-0.000019,0.000239,0.999997
268.334000,0.00000,0.00000,2.18000,0.00163,0.00106,0.00191,0.002383,-0.000019,0.000239,0.999997
268.367000,0.00000,0.00000,2.18000,0.00163,0.00106,0.00191,0.002383,-0.000019,0.000239,0.999997
268.400000,0.00000,0.00000,2.18000,0.00163,0.00106,0.00191,0.002383,-0.000019,0.000239,0.999997
268.434000,0.00000,0.00000,2.18000,0.00163,0.00106,0.00191,0.002383,-0.000019,0.000239,0.999997
268.467000,0.00000,0.00000,2.18000,0.00163,0.00106,0.00191,0.002383,-0.000019,0.000239,0.999997
268.500000,0.00000,0.00000,2.18000,0.00163,0.00106,0.00191,0.002383,-0.000019,0.000239,0.999997
268.535000,0.00908,0.00000,2.18000,-0.00009,0.00083,0.00076,-0.002416,-0.000929,0.000318,0.999997
268.567000,0.00908,0.00000,2.18000,-0.00009,0.00083,0.00076,-0.002416,-0.000929,0.000318,0.999997
268.600000,0.00908,0.00000,2.18000,-0.00009,0.00083,0.00076,-0.002416,-0.000929,0.000318,0.999997
268.634000,0.00908,0.00000,2.18000,-0.00009,0.00083,0.00076,-0.002416,-0.000929,0.000318,0.999997
268.667000,0.00908,0.00000,2.18000,-0.00009,0.00083,0.00076,-0.002416,-0.000929,0.000318,0.999997
268.700000,0.00908,0.00000,2.18000,-0.00009,0.00083,0.00076,-0.002416,-0.000929,0.000318,0.999997
268.734000,0.00908,0.00000,2.18000,-0.00009,0.00083,0.00076,-0.002416,-0.000929,0.000318,0.999997
268.768000,0.00000,0.00000,2.18000,-0.00462,0.00260,0.00081,0.002239,-0.000442,0.000318,0.999997
268.801000,0.00000,0.00000,2.18000,-0.00462,0.00260,0.00081,0.002239,-0.000442,0.000318,0.999997
268.834000,0.00000,0.00000,2.18000,-0.00462,0.00260,0.00081,0.002239,-0.000442,0.000318,0.999997
268.867000,0.00000,0.00000,2.18000,-0.00462,0.00260,0.00081,0.002239,-0.000442,0.000318,0.999997
268.900000,0.00000,0.00000,2.18000,-0.00462,0.00260,0.00081,0.002239,-0.000442,0.000318,0.999997
268.934000,0.00000,0.00000,2.18000,-0.00462,0.00260,0.00081,0.002239,-0.000442,0.000318,0.999997
268.967000,0.00000,0.00000,2.18000,-0.00462,0.00260,0.00081,0.002239,-0.000442,0.000318,0.999997
269.000000,0.00000,0.00000,2.18000,-0.00462,0.00260,0.00081,0.002239,-0.000442,0.000318,0.999997
269.035000,0.00000,0.00000,2.18000,-0.00330,0.00119,0.00011,-0.002658,0.000618,0.000269,0.999996
269.067000,0.00000,0.00000,2.18000,-0.00330,0.00119,0.00011,-0.002658,0.000618,0.000269,0.999996
269.100000,0.00000,0.00000,2.18000,-0.00330,0.00119,0.00011,-0.002658,0.000618,0.000269,0.999996
269.135000,0.00000,0.00000,2.18000,-0.00330,0.00119,0.00011,-0.002658,0.000618,0.000269,0.999996
269.167000,0.00000,0.00000,2.18000,-0.00330,0.00119,0.00011,-0.002658,0.000618,0.000269,0.999996
269.201000,0.00000,0.00000,2.18000,-0.00330,0.00119,0.00011,-0.002658,0.000618,0.000269,0.999996
269.234000,0.00000,0.00000,2.18000,-0.00330,0.00119,0.00011,-0.002658,0.000618,0.000269,0.999996
269.268000,0.00000,0.00000,2.18000,-0.00330,0.00119,0.00011,0.001597,0.000422,0.000176,0.999999
269.300000,0.00000,0.00000,2.18000,-0.00062,0.00366,-0.00049,0.001597,0.000422,0.000176,0.999999
269.334000,0.00000,0.00000,2.18000,-0.00062,0.00366,-0.00049,0.001597,0.000422,0.000176,0.999999
269.367000,0.00000,0.00000,2.18000,-0.00062,0.00366,-0.00049,0.001597,0.000422,0.000176,0.999999
269.401000,0.00000,0.00000,2.18000,-0.00062,0.00366,-0.00049,0.001597,0.000422,0.000176,0.999999
269.434000,0.00000,0.00000,2.18000,-0.00062,0.00366,-0.00049,0.001597,0.000422,0.000176,0.999999
269.467000,0.00000,0.00000,2.18000,-0.00062,0.00366,-0.00049,0.001597,0.000422,0.000176,0.999999
269.500000,0.00000,0.00000,2.18000,-0.00062,0.00366,-0.00049,0.001597,0.000422,0.000176,0.999999
269.535000,0.00000,0.00000,2.18000,0.00059,0.00036,-0.00245,-0.000464,0.000194,0.000388,1.000000
269.567000,0.00000,0.00000,2.18000,0.00059,0.00036,-0.00245,-0.000464,0.000194,0.000388,1.000000
269.600000,0.00000,0.00000,2.18000,0.00059,0.00036,-0.00245,-0.000464,0.000194,0.000388,1.000000
269.634000,0.00000,0.00000,2.18000,0.00059,0.00036,-0.00245,-0.000464,0.000194,0.000388,1.000000
269.667000,0.00000,0.00000,2.18000,0.00059,0.00036,-0.00245,-0.000464,0.000194,0.000388,1.000000
269.700000,0.00000,0.00000,2.18000,0.00059,0.00036,-0.00245,-0.000464,0.000194,0.000388,1.000000
269.734000,0.00000,0.00000,2.18000,0.00059,0.00036,-0.00245,-0.000464,0.000194,0.000388,1.000000
269.768000,0.00000,0.00000,2.17000,0.00160,0.00285,0.00848,0.000107,0.000164,0.000210,1.000000
269.800000,0.00000,0.00000,2.17000,0.00160,0.00285,0.00848,0.000107,0.000164,0.000210,1.000000
269.834000,0.00000,0.00000,2.17000,0.00160,0.00285,0.00848,0.000107,0.000164,0.000210,1.000000
269.867000,0.00000,0.00000,2.17000,0.00160,0.00285,0.00848,0.000107,0.000164,0.000210,1.000000
269.900000,0.00000,0.00000,2.17000,0.00160,0.00285,0.00848,0.000107,0.000164,0.000210,1.000000
269.934000,0.00000,0.00000,2.17000,0.00160,0.00285,0.00848,0.000107,0.000164,0.000210,1.000000
269.967000,0.00000,0.00000,2.17000,0.00160,0.00285,0.00848,0.000107,0.000164,0.000210,1.000000
270.001000,0.00000,0.00000,2.17000,0.00160,0.00285,0.00848,0.000107,0.000164,0.000210,1.000000
270.035000,0.00000,0.00000,2.18000,0.00180,-0.00222,0.00317,0.001179,-0.000045,0.000397,0.999999
270.067000,0.00000,0.00000,2.18000,0.00180,-0.00222,0.00317,0.001179,-0.000045,0.000397,0.999999
270.100000,0.00000,0.00000,2.18000,0.00180,-0.00222,0.00317,0.001179,-0.000045,0.000397,0.999999
270.134000,0.00000,0.00000,2.18000,0.00180,-0.00222,0.00317,0.001179,-0.000045,0.000397,0.999999
270.167000,0.00000,0.00000,2.18000,0.00180,-0.00222,0.00317,0.001179,-0.000045,0.000397,0.999999
270.200000,0.00000,0.00000,2.18000,0.00180,-0.00222,0.00317,0.001179,-0.000045,0.000397,0.999999
270.234000,0.00000,0.00000,2.18000,0.00180,-0.00222,0.00317,0.001179,-0.000045,0.000397,0.999999
270.268000,0.00000,0.00000,2.18000,0.00180,-0.00222,0.00317,-0.001983,-0.000057,0.000222,0.999998
270.300000,0.00000,0.00000,2.18000,0.00169,0.00062,0.00005,-0.001983,-0.000057,0.000222,0.999998
270.334000,0.00000,0.00000,2.18000,0.00169,0.00062,0.00005,-0.001983,-0.000057,0.000222,0.999998
270.367000,0.00000,0.00000,2.18000,0.00169,0.00062,0.00005,-0.001983,-0.000057,0.000222,0.999998
270.401000,0.00000,0.00000,2.18000,0.00169,0.00062,0.00005,-0.001983,-0.000057,0.000222,0.999998
270.434000,0.00000,0.00000,2.18000,0.00169,0.00062,0.00005,-0.001983,-0.000057,0.000222,0.999998
270.467000,0.00000,0.00000,2.18000,0.00169,0.00062,0.00005,-0.001983,-0.000057,0.000222,0.999998
270.500000,0.00000,0.00000,2.18000,0.00169,0.00062,0.00005,-0.001983,-0.000057,0.000222,0.999998
270.535000,0.00000,0.00000,2.18000,0.00149,-0.00083,0.00010,0.001750,-0.000023,0.000352,0.999998
270.567000,0.00000,0.00000,2.18000,0.00149,-0.00083,0.00010,0.001750,-0.000023,0.000352,0.999998
270.600000,0.00000,0.00000,2.18000,0.00149,-0.00083,0.00010,0.001750,-0.000023,0.000352,0.999998
270.634000,0.00000,0.00000,2.18000,0.00149,-0.00083,0.00010,0.001750,-0.000023,0.000352,0.999998
270.667000,0.00000,0.00000,2.18000,0.00149,-0.00083,0.00010,0.001750,-0.000023,0.000352,0.999998
270.700000,0.00000,0.00000,2.18000,0.00149,-0.00083,0.00010,0.001750,-0.000023,0.000352,0.999998
270.734000,0.00000,0.00000,2.18000,0.00149,-0.00083,0.00010,0.001750,-0.000023,0.000352,0.999998
270.767000,0.00000,0.00000,2.18000,0.00149,-0.00083,0.00010,-0.002794,0.000035,0.000191,0.999996
270.801000,0.00000,0.00000,2.18000,0.00142,0.00088,-0.00471,-0.002794,0.000035,0.000191,0.999996
270.834000,0.00000,0.00000,2.18000,0.00142,0.00088,-0.00471,-0.002794,0.000035,0.000191,0.999996
270.867000,0.00000,0.00000,2.18000,0.00142,0.00088,-0.00471,-0.002794,0.000035,0.000191,0.999996
270.901000,0.00000,0.00000,2.18000,0.00142,0.00088,-0.00471,-0.002794,0.000035,0.000191,0.999996
270.934000,0.00000,0.00000,2.18000,0.00142,0.00088,-0.00471,-0.002794,0.000035,0.000191,0.999996
270.967000,0.00000,0.00000,2.18000,0.00142,0.00088,-0.00471,-0.002794,0.000035,0.000191,0.999996
271.000000,0.00000,0.00000,2.18000,0.00142,0.00088,-0.00471,-0.002794,0.000035,0.000191,0.999996
271.035000,0.00908,0.00000,2.18000,-0.00002,0.00023,-0.00532,0.002884,-0.000729,0.000316,0.999996
271.067000,0.00908,0.00000,2.18000,-0.00002,0.00023,-0.00532,0.002884,-0.000729,0.000316,0.999996
271.101000,0.00908,0.00000,2.18000,-0.00002,0.00023,-0.00532,0.002884,-0.000729,0.000316,0.999996
271.134000,0.00908,0.00000,2.18000,-0.00002,0.00023,-0.00532,0.002884,-0.000729,0.000316,0.999996
271.167000,0.00908,0.00000,2.18000,-0.00002,0.00023,-0.00532,0.002884,-0.000729,0.000316,0.999996
271.200000,0.00908,0.00000,2.18000,-0.00002,0.00023,-0.00532,0.002884,-0.000729,0.000316,0.999996
271.234000,0.00908,0.00000,2.18000,-0.00002,0.00023,-0.00532,0.002884,-0.000729,0.000316,0.999996
271.268000,0.00000,0.00000,2.18000,-0.00382,-0.00030,-0.00176,-0.002571,-0.000531,0.000231,0.999997
271.300000,0.00000,0.00000,2.18000,-0.00382,-0.00030,-0.00176,-0.002571,-0.000531,0.000231,0.999997
271.334000,0.00000,0.00000,2.18000,-0.00382,-0.00030,-0.00176,-0.002571,-0.000531,0.000231,0.999997
271.367000,0.00000,0.00000,2.18000,-0.00382,-0.00030,-0.00176,-0.002571,-0.000531,0.000231,0.999997
271.400000,0.00000,0.00000,2.18000,-0.00382,-0.00030,-0.00176,-0.002571,-0.000531,0.000231,0.999997
271.434000,0.00000,0.00000,2.18000,-0.00382,-0.00030,-0.00176,-0.002571,-0.000531,0.000231,0.999997
271.467000,0.00000,0.00000,2.18000,-0.00382,-0.00030,-0.00176,-0.002571,-0.000531,0.000231,0.999997
271.500000,0.00000,0.00000,2.18000,-0.00382,-0.00030,-0.00176,-0.002571,-0.000531,0.000231,0.999997
271.535000,0.00000,0.00000,2.18000,-0.00291,-0.00018,0.00393,0.002977,0.000593,0.000169,0.999995
271.567000,0.00000,0.00000,2.18000,-0.00291,-0.00018,0.00393,0.002977,0.000593,0.000169,0.999995
271.600000,0.00000,0.00000,2.18000,-0.00291,-0.00018,0.00393,0.002977,0.000593,0.000169,0.999995
271.634000,0.00000,0.00000,2.18000,-0.00291,-0.00018,0.00393,0.002977,0.000593,0.000169,0.999995
271.667000,0.00000,0.00000,2.18000,-0.00291,-0.00018,0.00393,0.002977,0.000593,0.000169,0.999995
271.700000,0.00000,0.00000,2.18000,-0.00291,-0.00018,0.00393,0.002977,0.000593,0.000169,0.999995
271.734000,0.00000,0.00000,2.18000,-0.00291,-0.00018,0.00393,0.002977,0.000593,0.000169,0.999995
271.768000,0.00000,0.00000,2.18000,-0.00068,-0.00344,0.00228,-0.001841,0.000310,0.000311,0.999998
271.801000,0.00000,0.00000,2.18000,-0.00068,-0.00344,0.00228,-0.001841,0.000310,0.000311,0.999998
271.834000,0.00000,0.00000,2.18000,-0.00068,-0.00344,0.00228,-0.001841,0.000310,0.000311,0.999998
271.867000,0.00000,0.00000,2.18000,-0.00068,-0.00344,0.00228,-0.001841,0.000310,0.000311,0.999998
271.900000,0.00000,0.00000,2.18000,-0.00068,-0.00344,0.00228,-0.001841,0.000310,0.000311,0.999998
271.934000,0.00000,0.00000,2.18000,-0.00068,-0.00344,0.00228,-0.001841,0.000310,0.000311,0.999998
271.967000,0.00000,0.00000,2.18000,-0.00068,-0.00344,0.00228,-0.001841,0.000310,0.000311,0.999998
272.001000,0.00000,0.00000,2.18000,-0.00068,-0.00344,0.00228,-0.001841,0.000310,0.000311,0.999998
272.035000,0.00000,0.00000,2.18000,0.00029,-0.00086,0.00288,0.001078,0.000137,0.000248,0.999999
272.067000,0.00000,0.00000,2.18000,0.00029,-0.00086,0.00288,0.001078,0.000137,0.000248,0.999999
272.100000,0.00000,0.00000,2.18000,0.00029,-0.00086,0.00288,0.001078,0.000137,0.000248,0.999999
272.134000,0.00000,0.00000,2.18000,0.00029,-0.00086,0.00288,0.001078,0.000137,0.000248,0.999999
272.167000,0.00000,0.00000,2.18000,0.00029,-0.00086,0.00288,0.001078,0.000137,0.000248,0.999999
272.200000,0.00000,0.00000,2.18000,0.00029,-0.00086,0.00288,0.001078,0.000137,0.000248,0.999999
272.234000,0.00000,0.00000,2.18000,0.00029,-0.00086,0.00288,0.001078,0.000137,0.000248,0.999999
272.268000,0.00000,0.00000,2.18000,0.00088,-0.00281,0.00208,-0.000541,0.000107,0.000367,1.000000
272.300000,0.00000,0.00000,2.18000,0.00088,-0.00281,0.00208,-0.000541,0.000107,0.000367,1.000000
272.334000,0.00000,0.00000,2.18000,0.00088,-0.00281,0.00208,-0.000541,0.000107,0.000367,1.000000
272.367000,0.00000,0.00000,2.18000,0.00088,-0.00281,0.00208,-0.000541,0.000107,0.000367,1.000000
272.400000,0.00000,0.00000,2.18000,0.00088,-0.00281,0.00208,-0.000541,0.000107,0.000367,1.000000
272.434000,0.00000,0.00000,2.18000,0.00088,-0.00281,0.00208,-0.000541,0.000107,0.000367,1.000000
272.467000,0.00000,0.00000,2.18000,0.00088,-0.00281,0.00208,-0.000541,0.000107,0.000367,1.000000
272.501000,0.00000,0.00000,2.18000,0.00088,-0.00281,0.00208,-0.000541,0.000107,0.000367,1.000000
272.535000,0.00000,0.00000,2.18000,0.00136,0.00002,0.00276,-0.000280,0.000067,0.000209,1.000000
272.567000,0.00000,0.00000,2.18000,0.00136,0.00002,0.00276,-0.000280,0.000067,0.000209,1.000000
272.600000,0.00000,0.00000,2.18000,0.00136,0.00002,0.00276,-0.000280,0.000067,0.000209,1.000000
272.634000,0.00000,0.00000,2.18000,0.00136,0.00002,0.00276,-0.000280,0.000067,0.000209,1.000000
272.667000,0.00000,0.00000,2.18000,0.00136,0.00002,0.00276,-0.000280,0.000067,0.000209,1.000000
272.700000,0.00000,0.00000,2.18000,0.00136,0.00002,0.00276,-0.000280,0.000067,0.000209,1.000000
272.734000,0.00000,0.00000,2.18000,0.00136,0.00002,0.00276,-0.000280,0.000067,0.000209,1.000000
272.768000,0.00000,0.00000,2.18000,0.00136,0.00002,0.00276,0.000728,0.000059,0.000381,1.000000
272.800000,0.00000,0.00000,2.18000,0.00162,-0.00330,0.00230,0.000728,0.000059,0.000381,1.000000
272.834000,0.00000,0.00000,2.18000,0.00162,-0.00330,0.00230,0.000728,0.000059,0.000381,1.000000
272.867000,0.00000,0.00000,2.18000,0.00162,-0.00330,0.00230,0.000728,0.000059,0.000381,1.000000
272.900000,0.00000,0.00000,2.18000,0.00162,-0.00330,0.00230,0.000728,0.000059,0.000381,1.000000
272.934000,0.00000,0.00000,2.18000,0.00162,-0.00330,0.00230,0.000728,0.000059,0.000381,1.000000
272.967000,0.00000,0.00000,2.18000,0.00162,-0.00330,0.00230,0.000728,0.000059,0.000381,1.000000
273.000000,0.00000,0.00000,2.18000,0.00162,-0.00330,0.00230,0.000728,0.000059,0.000381,1.000000
273.035000,0.00000,0.00000,2.18000,0.00178,-0.00096,-0.00473,-0.001888,0.000036,0.000072,0.999998
273.067000,0.00000,0.00000,2.18000,0.00178,-0.00096,-0.00473,-0.001888,0.000036,0.000072,0.999998
273.100000,0.00000,0.00000,2.18000,0.00178,-0.00096,-0.00473,-0.001888,0.000036,0.000072,0.999998
273.134000,0.00000,0.00000,2.18000,0.00178,-0.00096,-0.00473,-0.001888,0.000036,0.000072,0.999998
273.167000,0.00000,0.00000,2.18000,0.00178,-0.00096,-0.00473,-0.001888,0.000036,0.000072,0.999998
273.200000,0.00000,0.00000,2.18000,0.00178,-0.00096,-0.00473,-0.001888,0.000036,0.000072,0.999998
273.234000,0.00000,0.00000,2.18000,0.00178,-0.00096,-0.00473,-0.001888,0.000036,0.000072,0.999998
273.268000,0.00000,0.00000,2.18000,0.00178,-0.00096,-0.00473,0.002166,-0.000049,0.000396,0.999998
273.300000,0.00908,0.00000,2.17000,0.00170,-0.00218,-0.00120,0.002166,-0.000049,0.000396,0.999998
273.334000,0.00908,0.00000,2.17000,0.00170,-0.00218,-0.00120,0.002166,-0.000049,0.000396,0.999998
273.367000,0.00908,0.00000,2.17000,0.00170,-0.00218,-0.00120,0.002166,-0.000049,0.000396,0.999998
273.400000,0.00908,0.00000,2.17000,0.00170,-0.00218,-0.00120,0.002166,-0.000049,0.000396,0.999998
273.434000,0.00908,0.00000,2.17000,0.00170,-0.00218,-0.00120,0.002166,-0.000049,0.000396,0.999998
273.467000,0.00908,0.00000,2.17000,0.00170,-0.00218,-0.00120,0.002166,-0.000049,0.000396,0.999998
273.500000,0.00908,0.00000,2.17000,0.00170,-0.00218,-0.00120,0.002166,-0.000049,0.000396,0.999998
273.535000,0.00908,0.00000,2.18000,-0.00060,-0.00072,-0.00091,-0.002897,-0.000895,0.000252,0.999995
273.567000,0.00908,0.00000,2.18000,-0.00060,-0.00072,-0.00091,-0.002897,-0.000895,0.000252,0.999995
273.600000,0.00908,0.00000,2.18000,-0.00060,-0.00072,-0.00091,-0.002897,-0.000895,0.000252,0.999995
273.634000,0.00908,0.00000,2.18000,-0.00060,-0.00072,-0.00091,-0.002897,-0.000895,0.000252,0.999995
273.667000,0.00908,0.00000,2.18000,-0.00060,-0.00072,-0.00091,-0.002897,-0.000895,0.000252,0.999995
273.700000,0.00908,0.00000,2.18000,-0.00060,-0.00072,-0.00091,-0.002897,-0.000895,0.000252,0.999995
273.734000,0.00908,0.00000,2.18000,-0.00060,-0.00072,-0.00091,-0.002897,-0.000895,0.000252,0.999995
273.768000,0.00000,0.00000,2.18000,-0.00442,-0.00016,-0.00424,0.002912,-0.000272,0.000249,0.999996
273.800000,0.00000,0.00000,2.18000,-0.00442,-0.00016,-0.00424,0.002912,-0.000272,0.000249,0.999996
273.834000,0.00000,0.00000,2.18000,-0.00442,-0.00016,-0.00424,0.002912,-0.000272,0.000249,0.999996
273.867000,0.00000,0.00000,2.18000,-0.00442,-0.00016,-0.00424,0.002912,-0.000272,0.000249,0.999996
273.900000,0.00000,0.00000,2.18000,-0.00442,-0.00016,-0.00424,0.002912,-0.000272,0.000249,0.999996
273.934000,0.00000,0.00000,2.18000,-0.00442,-0.00016,-0.00424,0.002912,-0.000272,0.000249,0.999996
273.967000,0.00000,0.00000,2.18000,-0.00442,-0.00016,-0.00424,0.002912,-0.000272,0.000249,0.999996
274.000000,0.00000,0.00000,2.18000,-0.00442,-0.00016,-0.00424,0.002912,-0.000272,0.000249,0.999996
274.035000,0.00000,0.00000,2.18000,-0.00285,-0.00127,-0.00081,-0.002464,0.000560,0.000313,0.999997
274.067000,0.00000,0.00000,2.18000,-0.00285,-0.00127,-0.00081,-0.002464,0.000560,0.000313,0.999997
274.101000,0.00000,0.00000,2.18000,-0.00285,-0.00127,-0.00081,-0.002464,0.000560,0.000313,0.999997
274.134000,0.00000,0.00000,2.18000,-0.00285,-0.00127,-0.00081,-0.002464,0.000560,0.000313,0.999997
274.167000,0.00000,0.00000,2.18000,-0.00285,-0.00127,-0.00081,-0.002464,0.000560,0.000313,0.999997
274.200000,0.00000,0.00000,2.18000,-0.00285,-0.00127,-0.00081,-0.002464,0.000560,0.000313,0.999997
274.235000,0.00000,0.00000,2.18000,-0.00285,-0.00127,-0.00081,-0.002464,0.000560,0.000313,0.999997
274.268000,0.00000,0.00000,2.18000,-0.00086,0.00027,0.00212,0.002375,0.000200,0.000236,0.999997
274.300000,0.00000,0.00000,2.18000,-0.00086,0.00027,0.00212,0.002375,0.000200,0.000236,0.999997
274.334000,0.00000,0.00000,2.18000,-0.00086,0.00027,0.00212,0.002375,0.000200,0.000236,0.999997
274.367000,0.00000,0.00000,2.18000,-0.00086,0.00027,0.00212,0.002375,0.000200,0.000236,0.999997
274.400000,0.00000,0.00000,2.18000,-0.00086,0.00027,0.00212,0.002375,0.000200,0.000236,0.999997
274.434000,0.00000,0.00000,2.18000,-0.00086,0.00027,0.00212,0.002375,0.000200,0.000236,0.999997
274.467000,0.00000,0.00000,2.18000,-0.00086,0.00027,0.00212,0.002375,0.000200,0.000236,0.999997
274.500000,0.00000,0.00000,2.18000,-0.00086,0.00027,0.00212,0.002375,0.000200,0.000236,0.999997
274.535000,0.00000,0.00000,2.18000,0.00010,-0.00233,0.00099,-0.001325,0.000182,0.000411,0.999999
274.567000,0.00000,0.00000,2.18000,0.00010,-0.00233,0.00099,-0.001325,0.000182,0.000411,0.999999
274.600000,0.00000,0.00000,2.18000,0.00010,-0.00233,0.00099,-0.001325,0.000182,0.000411,0.999999
274.634000,0.00000,0.00000,2.18000,0.00010,-0.00233,0.00099,-0.001325,0.000182,0.000411,0.999999
274.667000,0.00000,0.00000,2.18000,0.00010,-0.00233,0.00099,-0.001325,0.000182,0.000411,0.999999
274.701000,0.00000,0.00000,2.18000,0.00010,-0.00233,0.00099,-0.001325,0.000182,0.000411,0.999999
274.734000,0.00000,0.00000,2.18000,0.00010,-0.00233,0.00099,-0.001325,0.000182,0.000411,0.999999
274.768000,0.00000,0.00000,2.18000,0.00074,0.00071,0.00233,0.001154,0.000055,0.000228,0.999999
274.800000,0.00000,0.00000,2.18000,0.00074,0.00071,0.00233,0.001154,0.000055,0.000228,0.999999
274.835000,0.00000,0.00000,2.18000,0.00074,0.00071,0.00233,0.001154,0.000055,0.000228,0.999999
274.867000,0.00000,0.00000,2.18000,0.00074,0.00071,0.00233,0.001154,0.000055,0.000228,0.999999
274.900000,0.00000,0.00000,2.18000,0.00074,0.00071,0.00233,0.001154,0.000055,0.000228,0.999999
274.934000,0.00000,0.00000,2.18000,0.00074,0.00071,0.00233,0.001154,0.000055,0.000228,0.999999
274.967000,0.00000,0.00000,2.18000,0.00074,0.00071,0.00233,0.001154,0.000055,0.000228,0.999999
275.000000,0.00000,0.00000,2.18000,0.00074,0.00071,0.00233,0.001154,0.000055,0.000228,0.999999
275.035000,0.00000,0.00000,2.18000,0.00094,-0.00222,0.00151,0.000210,0.000039,0.000338,1.000000
275.067000,0.00000,0.00000,2.18000,0.00094,-0.00222,0.00151,0.000210,0.000039,0.000338,1.000000
275.101000,0.00000,0.00000,2.18000,0.00094,-0.00222,0.00151,0.000210,0.000039,0.000338,1.000000
275.135000,0.00000,0.00000,2.18000,0.00094,-0.00222,0.00151,0.000210,0.000039,0.000338,1.000000
275.167000,0.00000,0.00000,2.18000,0.00094,-0.00222,0.00151,0.000210,0.000039,0.000338,1.000000
275.200000,0.00000,0.00000,2.18000,0.00094,-0.00222,0.00151,0.000210,0.000039,0.000338,1.000000
275.234000,0.00000,0.00000,2.18000,0.00094,-0.00222,0.00151,0.000210,0.000039,0.000338,1.000000
275.268000,0.00000,0.00000,2.18000,0.00122,0.00043,-0.00064,-0.000863,0.000058,0.000159,1.000000
275.300000,0.00000,0.00000,2.18000,0.00122,0.00043,-0.00064,-0.000863,0.000058,0.000159,1.000000
275.334000,0.00000,0.00000,2.18000,0.00122,0.00043,-0.00064,-0.000863,0.000058,0.000159,1.000000
275.367000,0.00000,0.00000,2.18000,0.00122,0.00043,-0.00064,-0.000863,0.000058,0.000159,1.000000
275.400000,0.00000,0.00000,2.18000,0.00122,0.00043,-0.00064,-0.000863,0.000058,0.000159,1.000000
275.434000,0.00000,0.00000,2.18000,0.00122,0.00043,-0.00064,-0.000863,0.000058,0.000159,1.000000
275.467000,0.00000,0.00000,2.18000,0.00122,0.00043,-0.00064,-0.000863,0.000058,0.000159,1.000000
275.500000,0.00000,0.00000,2.18000,0.00122,0.00043,-0.00064,-0.000863,0.000058,0.000159,1.000000
275.535000,0.00000,0.00000,2.18000,0.00174,-0.00203,-0.00057,0.001702,0.000136,0.000368,0.999998
275.567000,0.00000,0.00000,2.18000,0.00174,-0.00203,-0.00057,0.001702,0.000136,0.000368,0.999998
275.600000,0.00000,0.00000,2.18000,0.00174,-0.00203,-0.00057,0.001702,0.000136,0.000368,0.999998
275.634000,0.00000,0.00000,2.18000,0.00174,-0.00203,-0.00057,0.001702,0.000136,0.000368,0.999998
275.667000,0.00000,0.00000,2.18000,0.00174,-0.00203,-0.00057,0.001702,0.000136,0.000368,0.999998
275.700000,0.00000,0.00000,2.18000,0.00174,-0.00203,-0.00057,0.001702,0.000136,0.000368,0.999998
275.734000,0.00000,0.00000,2.18000,0.00174,-0.00203,-0.00057,0.001702,0.000136,0.000368,0.999998
275.768000,0.00000,0.00000,2.18000,0.00215,0.00048,-0.00037,-0.002754,0.000044,0.000140,0.999996
275.800000,0.00000,0.00000,2.18000,0.00215,0.00048,-0.00037,-0.002754,0.000044,0.000140,0.999996
275.834000,0.00000,0.00000,2.18000,0.00215,0.00048,-0.00037,-0.002754,0.000044,0.000140,0.999996
275.867000,0.00000,0.00000,2.18000,0.00215,0.00048,-0.00037,-0.002754,0.000044,0.000140,0.999996
275.900000,0.00000,0.00000,2.18000,0.00215,0.00048,-0.00037,-0.002754,0.000044,0.000140,0.999996
275.934000,0.00000,0.00000,2.18000,0.00215,0.00048,-0.00037,-0.002754,0.000044,0.000140,0.999996
275.967000,0.00000,0.00000,2.18000,0.00215,0.00048,-0.00037,-0.002754,0.000044,0.000140,0.999996
276.000000,0.00000,0.00000,2.18000,0.00215,0.00048,-0.00037,-0.002754,0.000044,0.000140,0.999996
276.035000,0.00908,0.00000,2.18000,0.00224,-0.00051,-0.00062,0.002752,-0.000011,0.000296,0.999996
276.067000,0.00908,0.00000,2.18000,0.00224,-0.00051,-0.00062,0.002752,-0.000011,0.000296,0.999996
276.100000,0.00908,0.00000,2.18000,0.00224,-0.00051,-0.00062,0.002752,-0.000011,0.000296,0.999996
276.134000,0.00908,0.00000,2.18000,0.00224,-0.00051,-0.00062,0.002752,-0.000011,0.000296,0.999996
276.167000,0.00908,0.00000,2.18000,0.00224,-0.00051,-0.00062,0.002752,-0.000011,0.000296,0.999996
276.200000,0.00908,0.00000,2.18000,0.00224,-0.00051,-0.00062,0.002752,-0.000011,0.000296,0.999996
276.234000,0.00908,0.00000,2.18000,0.00224,-0.00051,-0.00062,0.002752,-0.000011,0.000296,0.999996
276.268000,0.00908,0.00000,2.18000,0.00224,-0.00051,-0.00062,-0.003056,-0.001006,0.000325,0.999995
276.300000,0.00908,0.00000,2.18000,-0.00078,-0.00034,-0.00394,-0.003056,-0.001006,0.000325,0.999995
276.334000,0.00908,0.00000,2.18000,-0.00078,-0.00034,-0.00394,-0.003056,-0.001006,0.000325,0.999995
276.367000,0.00908,0.00000,2.18000,-0.00078,-0.00034,-0.00394,-0.003056,-0.001006,0.000325,0.999995
276.400000,0.00908,0.00000,2.18000,-0.00078,-0.00034,-0.00394,-0.003056,-0.001006,0.000325,0.999995
276.434000,0.00908,0.00000,2.18000,-0.00078,-0.00034,-0.00394,-0.003056,-0.001006,0.000325,0.999995
276.467000,0.00908,0.00000,2.18000,-0.00078,-0.00034,-0.00394,-0.003056,-0.001006,0.000325,0.999995
276.500000,0.00908,0.00000,2.18000,-0.00078,-0.00034,-0.00394,-0.003056,-0.001006,0.000325,0.999995
276.535000,0.00000,0.00000,2.18000,-0.00498,0.00109,-0.00004,0.002602,-0.000427,0.000304,0.999996
276.567000,0.00000,0.00000,2.18000,-0.00498,0.00109,-0.00004,0.002602,-0.000427,0.000304,0.999996
276.600000,0.00000,0.00000,2.18000,-0.00498,0.00109,-0.00004,0.002602,-0.000427,0.000304,0.999996
276.634000,0.00000,0.00000,2.18000,-0.00498,0.00109,-0.00004,0.002602,-0.000427,0.000304,0.999996
276.667000,0.00000,0.00000,2.18000,-0.00498,0.00109,-0.00004,0.002602,-0.000427,0.000304,0.999996
276.700000,0.00000,0.00000,2.18000,-0.00498,0.00109,-0.00004,0.002602,-0.000427,0.000304,0.999996
276.734000,0.00000,0.00000,2.18000,-0.00498,0.00109,-0.00004,0.002602,-0.000427,0.000304,0.999996
276.768000,0.00000,0.00000,2.18000,-0.00338,-0.00155,0.00406,-0.002218,0.000685,0.000272,0.999997
276.800000,0.00000,0.00000,2.18000,-0.00338,-0.00155,0.00406,-0.002218,0.000685,0.000272,0.999997
276.834000,0.00000,0.00000,2.18000,-0.00338,-0.00155,0.00406,-0.002218,0.000685,0.000272,0.999997
276.867000,0.00000,0.00000,2.18000,-0.00338,-0.00155,0.00406,-0.002218,0.000685,0.000272,0.999997
276.901000,0.00000,0.00000,2.18000,-0.00338,-0.00155,0.00406,-0.002218,0.000685,0.000272,0.999997
276.934000,0.00000,0.00000,2.18000,-0.00338,-0.00155,0.00406,-0.002218,0.000685,0.000272,0.999997
276.967000,0.00000,0.00000,2.18000,-0.00338,-0.00155,0.00406,-0.002218,0.000685,0.000272,0.999997
277.000000,0.00000,0.00000,2.18000,-0.00338,-0.00155,0.00406,-0.002218,0.000685,0.000272,0.999997
277.035000,0.00000,0.00000,2.18000,-0.00083,0.00149,0.00546,0.001274,0.000310,0.000195,0.999999
277.067000,0.00000,0.00000,2.18000,-0.00083,0.00149,0.00546,0.001274,0.000310,0.000195,0.999999
277.100000,0.00000,0.00000,2.18000,-0.00083,0.00149,0.00546,0.001274,0.000310,0.000195,0.999999
277.134000,0.00000,0.00000,2.18000,-0.00083,0.00149,0.00546,0.001274,0.000310,0.000195,0.999999
277.167000,0.00000,0.00000,2.18000,-0.00083,0.00149,0.00546,0.001274,0.000310,0.000195,0.999999
277.200000,0.00000,0.00000,2.18000,-0.00083,0.00149,0.00546,0.001274,0.000310,0.000195,0.999999
277.234000,0.00000,0.00000,2.18000,-0.00083,0.00149,0.00546,0.001274,0.000310,0.000195,0.999999
277.268000,0.00000,0.00000,2.18000,-0.00083,0.00149,0.00546,-0.000960,0.000147,0.000233,1.000000
277.301000,0.00000,0.00000,2.18000,0.00016,-0.00056,0.00239,-0.000960,0.000147,0.000233,1.000000
277.334000,0.00000,0.00000,2.18000,0.00016,-0.00056,0.00239,-0.000960,0.000147,0.000233,1.000000
277.367000,0.00000,0.00000,2.18000,0.00016,-0.00056,0.00239,-0.000960,0.000147,0.000233,1.000000
277.400000,0.00000,0.00000,2.18000,0.00016,-0.00056,0.00239,-0.000960,0.000147,0.000233,1.000000
277.434000,0.00000,0.00000,2.18000,0.00016,-0.00056,0.00239,-0.000960,0.000147,0.000233,1.000000
277.467000,0.00000,0.00000,2.18000,0.00016,-0.00056,0.00239,-0.000960,0.000147,0.000233,1.000000
277.500000,0.00000,0.00000,2.18000,0.00016,-0.00056,0.00239,-0.000960,0.000147,0.000233,1.000000
277.535000,0.00000,0.00000,2.18000,0.00100,0.00206,0.00127,-0.000323,0.000148,0.000084,1.000000
277.568000,0.00000,0.00000,2.18000,0.00100,0.00206,0.00127,-0.000323,0.000148,0.000084,1.000000
277.600000,0.00000,0.00000,2.18000,0.00100,0.00206,0.00127,-0.000323,0.000148,0.000084,1.000000
277.634000,0.00000,0.00000,2.18000,0.00100,0.00206,0.00127,-0.000323,0.000148,0.000084,1.000000
277.667000,0.00000,0.00000,2.18000,0.00100,0.00206,0.00127,-0.000323,0.000148,0.000084,1.000000
277.700000,0.00000,0.00000,2.18000,0.00100,0.00206,0.00127,-0.000323,0.000148,0.000084,1.000000
277.734000,0.00000,0.00000,2.18000,0.00100,0.00206,0.00127,-0.000323,0.000148,0.000084,1.000000
277.768000,0.00000,0.00000,2.18000,0.00156,-0.00067,-0.00105,0.001301,0.000040,0.000277,0.999999
277.800000,0.00000,0.00000,2.18000,0.00156,-0.00067,-0.00105,0.001301,0.000040,0.000277,0.999999
277.834000,0.00000,0.00000,2.18000,0.00156,-0.00067,-0.00105,0.001301,0.000040,0.000277,0.999999
277.867000,0.00000,0.00000,2.18000,0.00156,-0.00067,-0.00105,0.001301,0.000040,0.000277,0.999999
277.900000,0.00000,0.00000,2.18000,0.00156,-0.00067,-0.00105,0.001301,0.000040,0.000277,0.999999
277.934000,0.00000,0.00000,2.18000,0.00156,-0.00067,-0.00105,0.001301,0.000040,0.000277,0.999999
277.967000,0.00000,0.00000,2.18000,0.00156,-0.00067,-0.00105,0.001301,0.000040,0.000277,0.999999
278.000000,0.00000,0.00000,2.18000,0.00156,-0.00067,-0.00105,0.001301,0.000040,0.000277,0.999999
278.035000,0.00000,0.00000,2.18000,0.00157,0.00089,-0.00078,-0.001772,-0.000028,0.000178,0.999998
278.067000,0.00000,0.00000,2.18000,0.00157,0.00089,-0.00078,-0.001772,-0.000028,0.000178,0.999998
278.100000,0.00000,0.00000,2.18000,0.00157,0.00089,-0.00078,-0.001772,-0.000028,0.000178,0.999998
278.134000,0.00000,0.00000,2.18000,0.00157,0.00089,-0.00078,-0.001772,-0.000028,0.000178,0.999998
278.167000,0.00000,0.00000,2.18000,0.00157,0.00089,-0.00078,-0.001772,-0.000028,0.000178,0.999998
278.200000,0.00000,0.00000,2.18000,0.00157,0.00089,-0.00078,-0.001772,-0.000028,0.000178,0.999998
278.234000,0.00000,0.00000,2.18000,0.00157,0.00089,-0.00078,-0.001772,-0.000028,0.000178,0.999998
278.268000,0.00000,0.00000,2.18000,0.00153,-0.00089,-0.00304,0.002695,0.000022,0.000361,0.999996
278.300000,0.00000,0.00000,2.18000,0.00153,-0.00089,-0.00304,0.002695,0.000022,0.000361,0.999996
278.334000,0.00000,0.00000,2.18000,0.00153,-0.00089,-0.00304,0.002695,0.000022,0.000361,0.999996
278.367000,0.00000,0.00000,2.18000,0.00153,-0.00089,-0.00304,0.002695,0.000022,0.000361,0.999996
278.400000,0.00000,0.00000,2.18000,0.00153,-0.00089,-0.00304,0.002695,0.000022,0.000361,0.999996
278.434000,0.00000,0.00000,2.18000,0.00153,-0.00089,-0.00304,0.002695,0.000022,0.000361,0.999996
278.467000,0.00000,0.00000,2.18000,0.00153,-0.00089,-0.00304,0.002695,0.000022,0.000361,0.999996
278.500000,0.00000,0.00000,2.18000,0.00153,-0.00089,-0.00304,0.002695,0.000022,0.000361,0.999996
278.535000,0.00000,0.00000,2.18000,0.00150,0.00016,-0.00392,-0.003198,-0.000015,0.000155,0.999995
278.567000,0.00000,0.00000,2.18000,0.00150,0.00016,-0.00392,-0.003198,-0.000015,0.000155,0.999995
278.601000,0.00000,0.00000,2.18000,0.00150,0.00016,-0.00392,-0.003198,-0.000015,0.000155,0.999995
278.634000,0.00000,0.00000,2.18000,0.00150,0.00016,-0.00392,-0.003198,-0.000015,0.000155,0.999995
278.667000,0.00000,0.00000,2.18000,0.00150,0.00016,-0.00392,-0.003198,-0.000015,0.000155,0.999995
278.701000,0.00000,0.00000,2.18000,0.00150,0.00016,-0.00392,-0.003198,-0.000015,0.000155,0.999995
278.734000,0.00000,0.00000,2.18000,0.00150,0.00016,-0.00392,-0.003198,-0.000015,0.000155,0.999995
278.768000,0.00000,0.00000,2.18000,0.00150,0.00016,-0.00392,0.002881,0.000092,0.000203,0.999996
278.801000,0.00000,0.00000,2.18000,0.00173,0.00233,-0.00086,0.002881,0.000092,0.000203,0.999996
278.834000,0.00000,0.00000,2.18000,0.00173,0.00233,-0.00086,0.002881,0.000092,0.000203,0.999996
278.867000,0.00000,0.00000,2.18000,0.00173,0.00233,-0.00086,0.002881,0.000092,0.000203,0.999996
278.901000,0.00000,0.00000,2.18000,0.00173,0.00233,-0.00086,0.002881,0.000092,0.000203,0.999996
278.934000,0.00000,0.00000,2.18000,0.00173,0.00233,-0.00086,0.002881,0.000092,0.000203,0.999996
278.967000,0.00000,0.00000,2.18000,0.00173,0.00233,-0.00086,0.002881,0.000092,0.000203,0.999996
279.000000,0.00000,0.00000,2.18000,0.00173,0.00233,-0.00086,0.002881,0.000092,0.000203,0.999996
279.035000,0.00908,0.00000,2.18000,0.00024,0.00059,-0.00143,-0.002286,-0.000876,0.000350,0.999997
279.067000,0.00908,0.00000,2.18000,0.00024,0.00059,-0.00143,-0.002286,-0.000876,0.000350,0.999997
279.101000,0.00908,0.00000,2.18000,0.00024,0.00059,-0.00143,-0.002286,-0.000876,0.000350,0.999997
279.134000,0.00908,0.00000,2.18000,0.00024,0.00059,-0.00143,-0.002286,-0.000876,0.000350,0.999997
279.167000,0.00908,0.00000,2.18000,0.00024,0.00059,-0.00143,-0.002286,-0.000876,0.000350,0.999997
279.200000,0.00908,0.00000,2.18000,0.00024,0.00059,-0.00143,-0.002286,-0.000876,0.000350,0.999997
279.234000,0.00908,0.00000,2.18000,0.00024,0.00059,-0.00143,-0.002286,-0.000876,0.000350,0.999997
279.267000,0.00908,0.00000,2.18000,0.00024,0.00059,-0.00143,0.001584,-0.000589,0.000260,0.999999
279.301000,0.00000,0.00000,2.18000,-0.00430,0.00206,0.00078,0.001584,-0.000589,0.000260,0.999999
279.334000,0.00000,0.00000,2.18000,-0.00430,0.00206,0.00078,0.001584,-0.000589,0.000260,0.999999
279.367000,0.00000,0.00000,2.18000,-0.00430,0.00206,0.00078,0.001584,-0.000589,0.000260,0.999999
279.401000,0.00000,0.00000,2.18000,-0.00430,0.00206,0.00078,0.001584,-0.000589,0.000260,0.999999
279.434000,0.00000,0.00000,2.18000,-0.00430,0.00206,0.00078,0.001584,-0.000589,0.000260,0.999999
279.467000,0.00000,0.00000,2.18000,-0.00430,0.00206,0.00078,0.001584,-0.000589,0.000260,0.999999
279.500000,0.00000,0.00000,2.18000,-0.00430,0.00206,0.00078,0.001584,-0.000589,0.000260,0.999999
279.535000,0.00000,0.00000,2.18000,-0.00330,-0.00131,0.00256,-0.000724,0.000571,0.000262,1.000000
279.567000,0.00000,0.00000,2.18000,-0.00330,-0.00131,0.00256,-0.000724,0.000571,0.000262,1.000000
279.601000,0.00000,0.00000,2.18000,-0.00330,-0.00131,0.00256,-0.000724,0.000571,0.000262,1.000000
279.634000,0.00000,0.00000,2.18000,-0.00330,-0.00131,0.00256,-0.000724,0.000571,0.000262,1.000000
279.667000,0.00000,0.00000,2.18000,-0.00330,-0.00131,0.00256,-0.000724,0.000571,0.000262,1.000000
279.700000,0.00000,0.00000,2.18000,-0.00330,-0.00131,0.00256,-0.000724,0.000571,0.000262,1.000000
279.734000,0.00000,0.00000,2.18000,-0.00330,-0.00131,0.00256,-0.000724,0.000571,0.000262,1.000000
279.768000,0.00000,0.00000,2.18000,-0.00072,0.00142,0.00317,-0.000228,0.000374,0.000099,1.000000
279.800000,0.00000,0.00000,2.18000,-0.00072,0.00142,0.00317,-0.000228,0.000374,0.000099,1.000000
279.834000,0.00000,0.00000,2.18000,-0.00072,0.00142,0.00317,-0.000228,0.000374,0.000099,1.000000
279.867000,0.00000,0.00000,2.18000,-0.00072,0.00142,0.00317,-0.000228,0.000374,0.000099,1.000000
279.900000,0.00000,0.00000,2.18000,-0.00072,0.00142,0.00317,-0.000228,0.000374,0.000099,1.000000
279.934000,0.00000,0.00000,2.18000,-0.00072,0.00142,0.00317,-0.000228,0.000374,0.000099,1.000000
279.967000,0.00000,0.00000,2.18000,-0.00072,0.00142,0.00317,-0.000228,0.000374,0.000099,1.000000
280.001000,0.00000,0.00000,2.18000,-0.00072,0.00142,0.00317,-0.000228,0.000374,0.000099,1.000000
280.035000,0.00000,0.00000,2.18000,0.00023,-0.00130,-0.00043,0.001184,0.000042,0.000264,0.999999
280.067000,0.00000,0.00000,2.18000,0.00023,-0.00130,-0.00043,0.001184,0.000042,0.000264,0.999999
280.100000,0.00000,0.00000,2.18000,0.00023,-0.00130,-0.00043,0.001184,0.000042,0.000264,0.999999
280.134000,0.00000,0.00000,2.18000,0.00023,-0.00130,-0.00043,0.001184,0.000042,0.000264,0.999999
280.167000,0.00000,0.00000,2.18000,0.00023,-0.00130,-0.00043,0.001184,0.000042,0.000264,0.999999
280.200000,0.00000,0.00000,2.18000,0.00023,-0.00130,-0.00043,0.001184,0.000042,0.000264,0.999999
280.234000,0.00000,0.00000,2.18000,0.00023,-0.00130,-0.00043,0.001184,0.000042,0.000264,0.999999
280.267000,0.00000,0.00000,2.18000,0.00023,-0.00130,-0.00043,-0.002146,0.000154,0.000153,0.999998
280.301000,0.00000,0.00000,2.18000,0.00065,0.00166,-0.00237,-0.002146,0.000154,0.000153,0.999998
280.334000,0.00000,0.00000,2.18000,0.00065,0.00166,-0.00237,-0.002146,0.000154,0.000153,0.999998
280.367000,0.00000,0.00000,2.18000,0.00065,0.00166,-0.00237,-0.002146,0.000154,0.000153,0.999998
280.400000,0.00000,0.00000,2.18000,0.00065,0.00166,-0.00237,-0.002146,0.000154,0.000153,0.999998
280.434000,0.00000,0.00000,2.18000,0.00065,0.00166,-0.00237,-0.002146,0.000154,0.000153,0.999998
280.467000,0.00000,0.00000,2.18000,0.00065,0.00166,-0.00237,-0.002146,0.000154,0.000153,0.999998
280.500000,0.00000,0.00000,2.18000,0.00065,0.00166,-0.00237,-0.002146,0.000154,0.000153,0.999998
280.535000,0.00000,0.00000,2.18000,0.00124,0.00077,-0.00164,0.002391,0.000049,0.000357,0.999997
280.567000,0.00000,0.00000,2.18000,0.00124,0.00077,-0.00164,0.002391,0.000049,0.000357,0.999997
280.600000,0.00000,0.00000,2.18000,0.00124,0.00077,-0.00164,0.002391,0.000049,0.000357,0.999997
280.634000,0.00000,0.00000,2.18000,0.00124,0.00077,-0.00164,0.002391,0.000049,0.000357,0.999997
280.667000,0.00000,0.00000,2.18000,0.00124,0.00077,-0.00164,0.002391,0.000049,0.000357,0.999997
280.700000,0.00000,0.00000,2.18000,0.00124,0.00077,-0.00164,0.002391,0.000049,0.000357,0.999997
280.734000,0.00000,0.00000,2.18000,0.00124,0.00077,-0.00164,0.002391,0.000049,0.000357,0.999997
280.768000,0.00000,0.00000,2.18000,0.00141,0.00242,-0.00220,-0.002794,0.000066,0.000222,0.999996
280.800000,0.00000,0.00000,2.18000,0.00141,0.00242,-0.00220,-0.002794,0.000066,0.000222,0.999996
280.834000,0.00000,0.00000,2.18000,0.00141,0.00242,-0.00220,-0.002794,0.000066,0.000222,0.999996
280.867000,0.00000,0.00000,2.18000,0.00141,0.00242,-0.00220,-0.002794,0.000066,0.000222,0.999996
280.900000,0.00000,0.00000,2.18000,0.00141,0.00242,-0.00220,-0.002794,0.000066,0.000222,0.999996
280.934000,0.00000,0.00000,2.18000,0.00141,0.00242,-0.00220,-0.002794,0.000066,0.000222,0.999996
280.967000,0.00000,0.00000,2.18000,0.00141,0.00242,-0.00220,-0.002794,0.000066,0.000222,0.999996
281.000000,0.00000,0.00000,2.18000,0.00141,0.00242,-0.00220,-0.002794,0.000066,0.000222,0.999996
281.035000,0.00000,0.00000,2.18000,0.00180,0.00151,-0.00053,0.003350,0.000065,0.000242,0.999994
281.067000,0.00000,0.00000,2.18000,0.00180,0.00151,-0.00053,0.003350,0.000065,0.000242,0.999994
281.100000,0.00000,0.00000,2.18000,0.00180,0.00151,-0.00053,0.003350,0.000065,0.000242,0.999994
281.134000,0.00000,0.00000,2.18000,0.00180,0.00151,-0.00053,0.003350,0.000065,0.000242,0.999994
281.167000,0.00000,0.00000,2.18000,0.00180,0.00151,-0.00053,0.003350,0.000065,0.000242,0.999994
281.200000,0.00000,0.00000,2.18000,0.00180,0.00151,-0.00053,0.003350,0.000065,0.000242,0.999994
281.234000,0.00000,0.00000,2.18000,0.00180,0.00151,-0.00053,0.003350,0.000065,0.000242,0.999994
281.267000,0.00000,0.00000,2.18000,0.00180,0.00151,-0.00053,-0.002720,0.000048,0.000228,0.999996
281.301000,0.00000,0.00000,2.18000,0.00209,0.00022,-0.00046,-0.002720,0.000048,0.000228,0.999996
281.334000,0.00000,0.00000,2.18000,0.00209,0.00022,-0.00046,-0.002720,0.000048,0.000228,0.999996
281.367000,0.00000,0.00000,2.18000,0.00209,0.00022,-0.00046,-0.002720,0.000048,0.000228,0.999996
281.400000,0.00000,0.00000,2.18000,0.00209,0.00022,-0.00046,-0.002720,0.000048,0.000228,0.999996
281.434000,0.00000,0.00000,2.18000,0.00209,0.00022,-0.00046,-0.002720,0.000048,0.000228,0.999996
281.467000,0.00000,0.00000,2.18000,0.00209,0.00022,-0.00046,-0.002720,0.000048,0.000228,0.999996
281.500000,0.00000,0.00000,2.18000,0.00209,0.00022,-0.00046,-0.002720,0.000048,0.000228,0.999996
281.535000,0.00908,0.00000,2.18000,0.00196,0.00193,-0.00037,0.002421,-0.000459,0.000213,0.999997
281.567000,0.00908,0.00000,2.18000,0.00196,0.00193,-0.00037,0.002421,-0.000459,0.000213,0.999997
281.600000,0.00908,0.00000,2.18000,0.00196,0.00193,-0.00037,0.002421,-0.000459,0.000213,0.999997
281.634000,0.00908,0.00000,2.18000,0.00196,0.00193,-0.00037,0.002421,-0.000459,0.000213,0.999997
281.667000,0.00908,0.00000,2.18000,0.00196,0.00193,-0.00037,0.002421,-0.000459,0.000213,0.999997
281.700000,0.00908,0.00000,2.18000,0.00196,0.00193,-0.00037,0.002421,-0.000459,0.000213,0.999997
281.734000,0.00908,0.00000,2.18000,0.00196,0.00193,-0.00037,0.002421,-0.000459,0.000213,0.999997
281.768000,0.00908,0.00000,2.18000,0.00196,0.00193,-0.00037,-0.001459,-0.000978,0.000210,0.999998
281.800000,0.00908,0.00000,2.18000,-0.00235,-0.00050,0.00007,-0.001459,-0.000978,0.000210,0.999998
281.834000,0.00908,0.00000,2.18000,-0.00235,-0.00050,0.00007,-0.001459,-0.000978,0.000210,0.999998
281.867000,0.00908,0.00000,2.18000,-0.00235,-0.00050,0.00007,-0.001459,-0.000978,0.000210,0.999998
281.900000,0.00908,0.00000,2.18000,-0.00235,-0.00050,0.00007,-0.001459,-0.000978,0.000210,0.999998
281.934000,0.00908,0.00000,2.18000,-0.00235,-0.00050,0.00007,-0.001459,-0.000978,0.000210,0.999998
281.967000,0.00908,0.00000,2.18000,-0.00235,-0.00050,0.00007,-0.001459,-0.000978,0.000210,0.999998
282.000000,0.00908,0.00000,2.18000,-0.00235,-0.00050,0.00007,-0.001459,-0.000978,0.000210,0.999998
282.035000,0.00908,0.00000,2.18000,-0.00587,0.00163,0.00202,0.000787,-0.000527,0.000191,1.000000
282.067000,0.00908,0.00000,2.18000,-0.00587,0.00163,0.00202,0.000787,-0.000527,0.000191,1.000000
282.100000,0.00908,0.00000,2.18000,-0.00587,0.00163,0.00202,0.000787,-0.000527,0.000191,1.000000
282.134000,0.00908,0.00000,2.18000,-0.00587,0.00163,0.00202,0.000787,-0.000527,0.000191,1.000000
282.167000,0.00908,0.00000,2.18000,-0.00587,0.00163,0.00202,0.000787,-0.000527,0.000191,1.000000
282.200000,0.00908,0.00000,2.18000,-0.00587,0.00163,0.00202,0.000787,-0.000527,0.000191,1.000000
282.234000,0.00908,0.00000,2.18000,-0.00587,0.00163,0.00202,0.000787,-0.000527,0.000191,1.000000
282.268000,0.00908,0.00000,2.18000,-0.00766,-0.00193,-0.00001,0.000671,-0.000211,0.000337,1.000000
282.300000,0.00908,0.00000,2.18000,-0.00766,-0.00193,-0.00001,0.000671,-0.000211,0.000337,1.000000
282.334000,0.00908,0.00000,2.18000,-0.00766,-0.00193,-0.00001,0.000671,-0.000211,0.000337,1.000000
282.367000,0.00908,0.00000,2.18000,-0.00766,-0.00193,-0.00001,0.000671,-0.000211,0.000337,1.000000
282.400000,0.00908,0.00000,2.18000,-0.00766,-0.00193,-0.00001,0.000671,-0.000211,0.000337,1.000000
282.434000,0.00908,0.00000,2.18000,-0.00766,-0.00193,-0.00001,0.000671,-0.000211,0.000337,1.000000
282.467000,0.00908,0.00000,2.18000,-0.00766,-0.00193,-0.00001,0.000671,-0.000211,0.000337,1.000000
282.500000,0.00908,0.00000,2.18000,-0.00766,-0.00193,-0.00001,0.000671,-0.000211,0.000337,1.000000
282.536000,0.00908,0.00000,2.18000,-0.00852,0.00121,0.00626,-0.001575,-0.000089,0.000129,0.999999
282.567000,0.00908,0.00000,2.18000,-0.00852,0.00121,0.00626,-0.001575,-0.000089,0.000129,0.999999
282.600000,0.00908,0.00000,2.18000,-0.00852,0.00121,0.00626,-0.001575,-0.000089,0.000129,0.999999
282.634000,0.00908,0.00000,2.18000,-0.00852,0.00121,0.00626,-0.001575,-0.000089,0.000129,0.999999
282.667000,0.00908,0.00000,2.18000,-0.00852,0.00121,0.00626,-0.001575,-0.000089,0.000129,0.999999
282.701000,0.00908,0.00000,2.18000,-0.00852,0.00121,0.00626,-0.001575,-0.000089,0.000129,0.999999
282.734000,0.00908,0.00000,2.18000,-0.00852,0.00121,0.00626,-0.001575,-0.000089,0.000129,0.999999
282.768000,0.00908,0.00000,2.18000,-0.00889,-0.00162,0.00308,0.001738,-0.000044,0.000328,0.999998
282.800000,0.00908,0.00000,2.18000,-0.00889,-0.00162,0.00308,0.001738,-0.000044,0.000328,0.999998
282.834000,0.00908,0.00000,2.18000,-0.00889,-0.00162,0.00308,0.001738,-0.000044,0.000328,0.999998
282.867000,0.00908,0.00000,2.18000,-0.00889,-0.00162,0.00308,0.001738,-0.000044,0.000328,0.999998
282.900000,0.00908,0.00000,2.18000,-0.00889,-0.00162,0.00308,0.001738,-0.000044,0.000328,0.999998
282.934000,0.00908,0.00000,2.18000,-0.00889,-0.00162,0.00308,0.001738,-0.000044,0.000328,0.999998
282.967000,0.00908,0.00000,2.18000,-0.00889,-0.00162,0.00308,0.001738,-0.000044,0.000328,0.999998
283.001000,0.00908,0.00000,2.18000,-0.00889,-0.00162,0.00308,0.001738,-0.000044,0.000328,0.999998
283.035000,0.00908,0.00000,2.18000,-0.00904,0.00068,-0.00477,-0.002680,0.000031,0.000175,0.999996
283.068000,0.00908,0.00000,2.18000,-0.00904,0.00068,-0.00477,-0.002680,0.000031,0.000175,0.999996
283.100000,0.00908,0.00000,2.18000,-0.00904,0.00068,-0.00477,-0.002680,0.000031,0.000175,0.999996
283.134000,0.00908,0.00000,2.18000,-0.00904,0.00068,-0.00477,-0.002680,0.000031,0.000175,0.999996
283.167000,0.00908,0.00000,2.18000,-0.00904,0.00068,-0.00477,-0.002680,0.000031,0.000175,0.999996
283.200000,0.00908,0.00000,2.18000,-0.00904,0.00068,-0.00477,-0.002680,0.000031,0.000175,0.999996
283.234000,0.00908,0.00000,2.18000,-0.00904,0.00068,-0.00477,-0.002680,0.000031,0.000175,0.999996
283.268000,0.00908,0.00000,2.18000,-0.00904,0.00068,-0.00477,0.002979,0.000965,0.000263,0.999995
283.301000,0.00000,0.00000,2.18000,-0.00684,-0.00084,-0.00437,0.002979,0.000965,0.000263,0.999995
283.334000,0.00000,0.00000,2.18000,-0.00684,-0.00084,-0.00437,0.002979,0.000965,0.000263,0.999995
283.367000,0.00000,0.00000,2.18000,-0.00684,-0.00084,-0.00437,0.002979,0.000965,0.000263,0.999995
283.400000,0.00000,0.00000,2.18000,-0.00684,-0.00084,-0.00437,0.002979,0.000965,0.000263,0.999995
283.434000,0.00000,0.00000,2.18000,-0.00684,-0.00084,-0.00437,0.002979,0.000965,0.000263,0.999995
283.467000,0.00000,0.00000,2.18000,-0.00684,-0.00084,-0.00437,0.002979,0.000965,0.000263,0.999995
283.500000,0.00000,0.00000,2.18000,-0.00684,-0.00084,-0.00437,0.002979,0.000965,0.000263,0.999995
283.535000,0.00000,0.00000,2.18000,-0.00256,-0.00035,-0.00232,-0.003520,0.000600,0.000188,0.999994
283.567000,0.00000,0.00000,2.18000,-0.00256,-0.00035,-0.00232,-0.003520,0.000600,0.000188,0.999994
283.600000,0.00000,0.00000,2.18000,-0.00256,-0.00035,-0.00232,-0.003520,0.000600,0.000188,0.999994
283.634000,0.00000,0.00000,2.18000,-0.00256,-0.00035,-0.00232,-0.003520,0.000600,0.000188,0.999994
283.667000,0.00000,0.00000,2.18000,-0.00256,-0.00035,-0.00232,-0.003520,0.000600,0.000188,0.999994
283.700000,0.00000,0.00000,2.18000,-0.00256,-0.00035,-0.00232,-0.003520,0.000600,0.000188,0.999994
283.734000,0.00000,0.00000,2.18000,-0.00256,-0.00035,-0.00232,-0.003520,0.000600,0.000188,0.999994
283.768000,0.00000,0.00000,2.18000,-0.00256,-0.00035,-0.00232,0.002617,0.000273,0.000222,0.999997
283.800000,0.00000,0.00000,2.18000,-0.00061,0.00167,-0.00173,0.002617,0.000273,0.000222,0.999997
283.834000,0.00000,0.00000,2.18000,-0.00061,0.00167,-0.00173,0.002617,0.000273,0.000222,0.999997
283.867000,0.00000,0.00000,2.18000,-0.00061,0.00167,-0.00173,0.002617,0.000273,0.000222,0.999997
283.900000,0.00000,0.00000,2.18000,-0.00061,0.00167,-0.00173,0.002617,0.000273,0.000222,0.999997
283.934000,0.00000,0.00000,2.18000,-0.00061,0.00167,-0.00173,0.002617,0.000273,0.000222,0.999997
283.967000,0.00000,0.00000,2.18000,-0.00061,0.00167,-0.00173,0.002617,0.000273,0.000222,0.999997
284.000000,0.00000,0.00000,2.18000,-0.00061,0.00167,-0.00173,0.002617,0.000273,0.000222,0.999997
284.035000,0.00000,0.00000,2.18000,0.00040,0.00000,-0.00148,-0.002188,0.000179,0.000300,0.999998
284.067000,0.00000,0.00000,2.18000,0.00040,0.00000,-0.00148,-0.002188,0.000179,0.000300,0.999998
284.100000,0.00000,0.00000,2.18000,0.00040,0.00000,-0.00148,-0.002188,0.000179,0.000300,0.999998
284.134000,0.00000,0.00000,2.18000,0.00040,0.00000,-0.00148,-0.002188,0.000179,0.000300,0.999998
284.167000,0.00000,0.00000,2.18000,0.00040,0.00000,-0.00148,-0.002188,0.000179,0.000300,0.999998
284.200000,0.00000,0.00000,2.18000,0.00040,0.00000,-0.00148,-0.002188,0.000179,0.000300,0.999998
284.234000,0.00000,0.00000,2.18000,0.00040,0.00000,-0.00148,-0.002188,0.000179,0.000300,0.999998
284.268000,0.00000,0.00000,2.18000,0.00040,0.00000,-0.00148,0.001981,0.000105,0.000192,0.999998
284.300000,0.00000,0.00000,2.18000,0.00110,0.00106,-0.00092,0.001981,0.000105,0.000192,0.999998
284.334000,0.00000,0.00000,2.18000,0.00110,0.00106,-0.00092,0.001981,0.000105,0.000192,0.999998
284.367000,0.00000,0.00000,2.18000,0.00110,0.00106,-0.00092,0.001981,0.000105,0.000192,0.999998
284.401000,0.00000,0.00000,2.18000,0.00110,0.00106,-0.00092,0.001981,0.000105,0.000192,0.999998
284.434000,0.00000,0.00000,2.18000,0.00110,0.00106,-0.00092,0.001981,0.000105,0.000192,0.999998
284.467000,0.00000,0.00000,2.18000,0.00110,0.00106,-0.00092,0.001981,0.000105,0.000192,0.999998
284.501000,0.00000,0.00000,2.18000,0.00110,0.00106,-0.00092,0.001981,0.000105,0.000192,0.999998
284.535000,0.00000,0.00000,2.18000,0.00204,-0.00141,0.00054,-0.001090,0.000246,0.000404,0.999999
284.567000,0.00000,0.00000,2.18000,0.00204,-0.00141,0.00054,-0.001090,0.000246,0.000404,0.999999
284.600000,0.00000,0.00000,2.18000,0.00204,-0.00141,0.00054,-0.001090,0.000246,0.000404,0.999999
284.634000,0.00000,0.00000,2.18000,0.00204,-0.00141,0.00054,-0.001090,0.000246,0.000404,0.999999
284.667000,0.00000,0.00000,2.18000,0.00204,-0.00141,0.00054,-0.001090,0.000246,0.000404,0.999999
284.700000,0.00000,0.00000,2.18000,0.00204,-0.00141,0.00054,-0.001090,0.000246,0.000404,0.999999
284.734000,0.00000,0.00000,2.18000,0.00204,-0.00141,0.00054,-0.001090,0.000246,0.000404,0.999999
284.768000,0.00000,0.00000,2.18000,0.00204,-0.00141,0.00054,0.000202,0.000090,0.000229,1.000000
284.801000,0.00000,0.00000,2.17000,0.00282,0.00156,0.00026,0.000202,0.000090,0.000229,1.000000
284.834000,0.00000,0.00000,2.17000,0.00282,0.00156,0.00026,0.000202,0.000090,0.000229,1.000000
284.867000,0.00000,0.00000,2.17000,0.00282,0.00156,0.00026,0.000202,0.000090,0.000229,1.000000
284.900000,0.00000,0.00000,2.17000,0.00282,0.00156,0.00026,0.000202,0.000090,0.000229,1.000000
284.934000,0.00000,0.00000,2.17000,0.00282,0.00156,0.00026,0.000202,0.000090,0.000229,1.000000
284.967000,0.00000,0.00000,2.17000,0.00282,0.00156,0.00026,0.000202,0.000090,0.000229,1.000000
285.000000,0.00000,0.00000,2.17000,0.00282,0.00156,0.00026,0.000202,0.000090,0.000229,1.000000
285.035000,0.00000,0.00000,2.18000,0.00285,-0.00147,0.00716,0.000367,-0.000039,0.000419,1.000000
285.067000,0.00000,0.00000,2.18000,0.00285,-0.00147,0.00716,0.000367,-0.000039,0.000419,1.000000
285.100000,0.00000,0.00000,2.18000,0.00285,-0.00147,0.00716,0.000367,-0.000039,0.000419,1.000000
285.134000,0.00000,0.00000,2.18000,0.00285,-0.00147,0.00716,0.000367,-0.000039,0.000419,1.000000
285.167000,0.00000,0.00000,2.18000,0.00285,-0.00147,0.00716,0.000367,-0.000039,0.000419,1.000000
285.200000,0.00000,0.00000,2.18000,0.00285,-0.00147,0.00716,0.000367,-0.000039,0.000419,1.000000
285.234000,0.00000,0.00000,2.18000,0.00285,-0.00147,0.00716,0.000367,-0.000039,0.000419,1.000000
285.267000,0.00000,0.00000,2.18000,0.00285,-0.00147,0.00716,-0.001827,-0.000026,0.000047,0.999998
285.300000,0.00000,0.00000,2.18000,0.00262,0.00211,0.00430,-0.001827,-0.000026,0.000047,0.999998
285.334000,0.00000,0.00000,2.18000,0.00262,0.00211,0.00430,-0.001827,-0.000026,0.000047,0.999998
285.367000,0.00000,0.00000,2.18000,0.00262,0.00211,0.00430,-0.001827,-0.000026,0.000047,0.999998
285.400000,0.00000,0.00000,2.18000,0.00262,0.00211,0.00430,-0.001827,-0.000026,0.000047,0.999998
285.434000,0.00000,0.00000,2.18000,0.00262,0.00211,0.00430,-0.001827,-0.000026,0.000047,0.999998
285.467000,0.00000,0.00000,2.18000,0.00262,0.00211,0.00430,-0.001827,-0.000026,0.000047,0.999998
285.501000,0.00000,0.00000,2.18000,0.00262,0.00211,0.00430,-0.001827,-0.000026,0.000047,0.999998
285.535000,0.00000,0.00000,2.18000,0.00243,-0.00002,-0.00059,0.002174,-0.000041,0.000284,0.999998
285.567000,0.00000,0.00000,2.18000,0.00243,-0.00002,-0.00059,0.002174,-0.000041,0.000284,0.999998
285.600000,0.00000,0.00000,2.18000,0.00243,-0.00002,-0.00059,0.002174,-0.000041,0.000284,0.999998
285.634000,0.00000,0.00000,2.18000,0.00243,-0.00002,-0.00059,0.002174,-0.000041,0.000284,0.999998
285.667000,0.00000,0.00000,2.18000,0.00243,-0.00002,-0.00059,0.002174,-0.000041,0.000284,0.999998
285.700000,0.00000,0.00000,2.18000,0.00243,-0.00002,-0.00059,0.002174,-0.000041,0.000284,0.999998
285.734000,0.00000,0.00000,2.18000,0.00243,-0.00002,-0.00059,0.002174,-0.000041,0.000284,0.999998
285.768000,0.00000,0.00000,2.18000,0.00240,0.00135,-0.00233,-0.002776,-0.000007,0.000174,0.999996
285.800000,0.00000,0.00000,2.18000,0.00240,0.00135,-0.00233,-0.002776,-0.000007,0.000174,0.999996
285.834000,0.00000,0.00000,2.18000,0.00240,0.00135,-0.00233,-0.002776,-0.000007,0.000174,0.999996
285.867000,0.00000,0.00000,2.18000,0.00240,0.00135,-0.00233,-0.002776,-0.000007,0.000174,0.999996
285.900000,0.00000,0.00000,2.18000,0.00240,0.00135,-0.00233,-0.002776,-0.000007,0.000174,0.999996
285.934000,0.00000,0.00000,2.18000,0.00240,0.00135,-0.00233,-0.002776,-0.000007,0.000174,0.999996
285.967000,0.00000,0.00000,2.18000,0.00240,0.00135,-0.00233,-0.002776,-0.000007,0.000174,0.999996
286.000000,0.00000,0.00000,2.18000,0.00240,0.00135,-0.00233,-0.002776,-0.000007,0.000174,0.999996
286.035000,0.00000,0.00000,2.18000,0.00214,0.00131,-0.00174,0.003103,-0.000084,0.000269,0.999995
286.067000,0.00000,0.00000,2.18000,0.00214,0.00131,-0.00174,0.003103,-0.000084,0.000269,0.999995
286.100000,0.00000,0.00000,2.18000,0.00214,0.00131,-0.00174,0.003103,-0.000084,0.000269,0.999995
286.134000,0.00000,0.00000,2.18000,0.00214,0.00131,-0.00174,0.003103,-0.000084,0.000269,0.999995
286.167000,0.00000,0.00000,2.18000,0.00214,0.00131,-0.00174,0.003103,-0.000084,0.000269,0.999995
286.200000,0.00000,0.00000,2.18000,0.00214,0.00131,-0.00174,0.003103,-0.000084,0.000269,0.999995
286.234000,0.00000,0.00000,2.18000,0.00214,0.00131,-0.00174,0.003103,-0.000084,0.000269,0.999995
286.268000,0.00000,0.00000,2.18000,0.00214,0.00131,-0.00174,-0.002567,-0.000025,0.000380,0.999997
286.300000,0.00000,0.00000,2.18000,0.00169,0.00012,-0.00128,-0.002567,-0.000025,0.000380,0.999997
286.334000,0.00000,0.00000,2.18000,0.00169,0.00012,-0.00128,-0.002567,-0.000025,0.000380,0.999997
286.367000,0.00000,0.00000,2.18000,0.00169,0.00012,-0.00128,-0.002567,-0.000025,0.000380,0.999997
286.400000,0.00000,0.00000,2.18000,0.00169,0.00012,-0.00128,-0.002567,-0.000025,0.000380,0.999997
286.434000,0.00000,0.00000,2.18000,0.00169,0.00012,-0.00128,-0.002567,-0.000025,0.000380,0.999997
286.467000,0.00000,0.00000,2.18000,0.00169,0.00012,-0.00128,-0.002567,-0.000025,0.000380,0.999997
286.500000,0.00000,0.00000,2.18000,0.00169,0.00012,-0.00128,-0.002567,-0.000025,0.000380,0.999997
286.535000,0.00000,0.00000,2.18000,0.00172,0.00197,0.00185,0.002269,-0.000005,0.000170,0.999997
286.567000,0.00000,0.00000,2.18000,0.00172,0.00197,0.00185,0.002269,-0.000005,0.000170,0.999997
286.600000,0.00000,0.00000,2.18000,0.00172,0.00197,0.00185,0.002269,-0.000005,0.000170,0.999997
286.634000,0.00000,0.00000,2.18000,0.00172,0.00197,0.00185,0.002269,-0.000005,0.000170,0.999997
286.667000,0.00000,0.00000,2.18000,0.00172,0.00197,0.00185,0.002269,-0.000005,0.000170,0.999997
286.700000,0.00000,0.00000,2.18000,0.00172,0.00197,0.00185,0.002269,-0.000005,0.000170,0.999997
286.735000,0.00000,0.00000,2.18000,0.00172,0.00197,0.00185,0.002269,-0.000005,0.000170,0.999997
286.768000,0.00000,0.00000,2.18000,0.00165,0.00061,-0.00015,-0.001748,-0.000015,0.000289,0.999998
286.800000,0.00000,0.00000,2.18000,0.00165,0.00061,-0.00015,-0.001748,-0.000015,0.000289,0.999998
286.834000,0.00000,0.00000,2.18000,0.00165,0.00061,-0.00015,-0.001748,-0.000015,0.000289,0.999998
286.867000,0.00000,0.00000,2.18000,0.00165,0.00061,-0.00015,-0.001748,-0.000015,0.000289,0.999998
286.900000,0.00000,0.00000,2.18000,0.00165,0.00061,-0.00015,-0.001748,-0.000015,0.000289,0.999998
286.934000,0.00000,0.00000,2.18000,0.00165,0.00061,-0.00015,-0.001748,-0.000015,0.000289,0.999998
286.967000,0.00000,0.00000,2.18000,0.00165,0.00061,-0.00015,-0.001748,-0.000015,0.000289,0.999998
287.000000,0.00000,0.00000,2.18000,0.00165,0.00061,-0.00015,-0.001748,-0.000015,0.000289,0.999998
287.035000,0.00000,0.00000,2.18000,0.00175,0.00302,0.00003,0.001091,0.000064,0.000114,0.999999
287.067000,0.00000,0.00000,2.18000,0.00175,0.00302,0.00003,0.001091,0.000064,0.000114,0.999999
287.100000,0.00000,0.00000,2.18000,0.00175,0.00302,0.00003,0.001091,0.000064,0.000114,0.999999
287.134000,0.00000,0.00000,2.18000,0.00175,0.00302,0.00003,0.001091,0.000064,0.000114,0.999999
287.167000,0.00000,0.00000,2.18000,0.00175,0.00302,0.00003,0.001091,0.000064,0.000114,0.999999
287.200000,0.00000,0.00000,2.18000,0.00175,0.00302,0.00003,0.001091,0.000064,0.000114,0.999999
287.234000,0.00000,0.00000,2.18000,0.00175,0.00302,0.00003,0.001091,0.000064,0.000114,0.999999
287.268000,0.00000,0.00000,2.18000,0.00175,0.00302,0.00003,0.000425,-0.000058,0.000304,1.000000
287.301000,0.00000,0.00000,2.18000,0.00184,-0.00095,0.00177,0.000425,-0.000058,0.000304,1.000000
287.334000,0.00000,0.00000,2.18000,0.00184,-0.00095,0.00177,0.000425,-0.000058,0.000304,1.000000
287.367000,0.00000,0.00000,2.18000,0.00184,-0.00095,0.00177,0.000425,-0.000058,0.000304,1.000000
287.400000,0.00000,0.00000,2.18000,0.00184,-0.00095,0.00177,0.000425,-0.000058,0.000304,1.000000
287.434000,0.00000,0.00000,2.18000,0.00184,-0.00095,0.00177,0.000425,-0.000058,0.000304,1.000000
287.467000,0.00000,0.00000,2.18000,0.00184,-0.00095,0.00177,0.000425,-0.000058,0.000304,1.000000
287.500000,0.00000,0.00000,2.18000,0.00184,-0.00095,0.00177,0.000425,-0.000058,0.000304,1.000000
287.535000,0.00000,0.00000,2.18000,0.00166,0.00151,-0.00024,-0.001006,0.000019,0.000067,0.999999
287.567000,0.00000,0.00000,2.18000,0.00166,0.00151,-0.00024,-0.001006,0.000019,0.000067,0.999999
287.600000,0.00000,0.00000,2.18000,0.00166,0.00151,-0.00024,-0.001006,0.000019,0.000067,0.999999
287.634000,0.00000,0.00000,2.18000,0.00166,0.00151,-0.00024,-0.001006,0.000019,0.000067,0.999999
287.667000,0.00000,0.00000,2.18000,0.00166,0.00151,-0.00024,-0.001006,0.000019,0.000067,0.999999
287.700000,0.00000,0.00000,2.18000,0.00166,0.00151,-0.00024,-0.001006,0.000019,0.000067,0.999999
287.734000,0.00000,0.00000,2.18000,0.00166,0.00151,-0.00024,-0.001006,0.000019,0.000067,0.999999
287.768000,0.00000,0.00000,2.18000,0.00168,-0.00177,-0.00061,0.002278,-0.000020,0.000417,0.999997
287.801000,0.00000,0.00000,2.18000,0.00168,-0.00177,-0.00061,0.002278,-0.000020,0.000417,0.999997
287.834000,0.00000,0.00000,2.18000,0.00168,-0.00177,-0.00061,0.002278,-0.000020,0.000417,0.999997
287.867000,0.00000,0.00000,2.18000,0.00168,-0.00177,-0.00061,0.002278,-0.000020,0.000417,0.999997
287.901000,0.00000,0.00000,2.18000,0.00168,-0.00177,-0.00061,0.002278,-0.000020,0.000417,0.999997
287.934000,0.00000,0.00000,2.18000,0.00168,-0.00177,-0.00061,0.002278,-0.000020,0.000417,0.999997
287.967000,0.00000,0.00000,2.18000,0.00168,-0.00177,-0.00061,0.002278,-0.000020,0.000417,0.999997
288.001000,0.00000,0.00000,2.18000,0.00168,-0.00177,-0.00061,0.002278,-0.000020,0.000417,0.999997
288.035000,0.00000,0.00000,2.18000,0.00155,-0.00042,-0.00247,-0.002390,0.000009,0.000122,0.999997
288.067000,0.00000,0.00000,2.18000,0.00155,-0.00042,-0.00247,-0.002390,0.000009,0.000122,0.999997
288.100000,0.00000,0.00000,2.18000,0.00155,-0.00042,-0.00247,-0.002390,0.000009,0.000122,0.999997
288.134000,0.00000,0.00000,2.18000,0.00155,-0.00042,-0.00247,-0.002390,0.000009,0.000122,0.999997
288.167000,0.00000,0.00000,2.18000,0.00155,-0.00042,-0.00247,-0.002390,0.000009,0.000122,0.999997
288.200000,0.00000,0.00000,2.18000,0.00155,-0.00042,-0.00247,-0.002390,0.000009,0.000122,0.999997
288.234000,0.00000,0.00000,2.18000,0.00155,-0.00042,-0.00247,-0.002390,0.000009,0.000122,0.999997
288.268000,0.00000,0.00000,2.18000,0.00155,-0.00042,-0.00247,0.002727,-0.000066,0.000346,0.999996
288.300000,0.00000,0.00000,2.18000,0.00148,-0.00110,-0.00221,0.002727,-0.000066,0.000346,0.999996
288.334000,0.00000,0.00000,2.18000,0.00148,-0.00110,-0.00221,0.002727,-0.000066,0.000346,0.999996
288.367000,0.00000,0.00000,2.18000,0.00148,-0.00110,-0.00221,0.002727,-0.000066,0.000346,0.999996
288.400000,0.00000,0.00000,2.18000,0.00148,-0.00110,-0.00221,0.002727,-0.000066,0.000346,0.999996
288.434000,0.00000,0.00000,2.18000,0.00148,-0.00110,-0.00221,0.002727,-0.000066,0.000346,0.999996
288.467000,0.00000,0.00000,2.18000,0.00148,-0.00110,-0.00221,0.002727,-0.000066,0.000346,0.999996
288.500000,0.00000,0.00000,2.18000,0.00148,-0.00110,-0.00221,0.002727,-0.000066,0.000346,0.999996
288.535000,0.00000,0.00000,2.18000,0.00136,-0.00003,-0.00587,-0.003068,0.000006,0.000166,0.999995
288.567000,0.00000,0.00000,2.18000,0.00136,-0.00003,-0.00587,-0.003068,0.000006,0.000166,0.999995
288.601000,0.00000,0.00000,2.18000,0.00136,-0.00003,-0.00587,-0.003068,0.000006,0.000166,0.999995
288.634000,0.00000,0.00000,2.18000,0.00136,-0.00003,-0.00587,-0.003068,0.000006,0.000166,0.999995
288.667000,0.00000,0.00000,2.18000,0.00136,-0.00003,-0.00587,-0.003068,0.000006,0.000166,0.999995
288.701000,0.00000,0.00000,2.18000,0.00136,-0.00003,-0.00587,-0.003068,0.000006,0.000166,0.999995
288.734000,0.00000,0.00000,2.18000,0.00136,-0.00003,-0.00587,-0.003068,0.000006,0.000166,0.999995
288.768000,0.00000,0.00000,2.18000,0.00138,0.00178,-0.00242,0.002663,0.000021,0.000155,0.999996
288.800000,0.00000,0.00000,2.18000,0.00138,0.00178,-0.00242,0.002663,0.000021,0.000155,0.999996
288.834000,0.00000,0.00000,2.18000,0.00138,0.00178,-0.00242,0.002663,0.000021,0.000155,0.999996
288.867000,0.00000,0.00000,2.18000,0.00138,0.00178,-0.00242,0.002663,0.000021,0.000155,0.999996
288.900000,0.00000,0.00000,2.18000,0.00138,0.00178,-0.00242,0.002663,0.000021,0.000155,0.999996
288.934000,0.00000,0.00000,2.18000,0.00138,0.00178,-0.00242,0.002663,0.000021,0.000155,0.999996
288.967000,0.00000,0.00000,2.18000,0.00138,0.00178,-0.00242,0.002663,0.000021,0.000155,0.999996
289.000000,0.00000,0.00000,2.18000,0.00138,0.00178,-0.00242,0.002663,0.000021,0.000155,0.999996
289.035000,0.00000,0.00000,2.18000,0.00149,0.00094,-0.00325,-0.002448,0.000064,0.000260,0.999997
289.067000,0.00000,0.00000,2.18000,0.00149,0.00094,-0.00325,-0.002448,0.000064,0.000260,0.999997
289.100000,0.00000,0.00000,2.18000,0.00149,0.00094,-0.00325,-0.002448,0.000064,0.000260,0.999997
289.134000,0.00000,0.00000,2.18000,0.00149,0.00094,-0.00325,-0.002448,0.000064,0.000260,0.999997
289.167000,0.00000,0.00000,2.18000,0.00149,0.00094,-0.00325,-0.002448,0.000064,0.000260,0.999997
289.200000,0.00000,0.00000,2.18000,0.00149,0.00094,-0.00325,-0.002448,0.000064,0.000260,0.999997
289.234000,0.00000,0.00000,2.18000,0.00149,0.00094,-0.00325,-0.002448,0.000064,0.000260,0.999997
289.268000,0.00000,0.00000,2.18000,0.00149,0.00094,-0.00325,0.001627,0.000097,0.000131,0.999999
289.300000,0.00000,0.00000,2.17000,0.00197,0.00257,0.00237,0.001627,0.000097,0.000131,0.999999
289.334000,0.00000,0.00000,2.17000,0.00197,0.00257,0.00237,0.001627,0.000097,0.000131,0.999999
289.367000,0.00000,0.00000,2.17000,0.00197,0.00257,0.00237,0.001627,0.000097,0.000131,0.999999
289.400000,0.00000,0.00000,2.17000,0.00197,0.00257,0.00237,0.001627,0.000097,0.000131,0.999999
289.434000,0.00000,0.00000,2.17000,0.00197,0.00257,0.00237,0.001627,0.000097,0.000131,0.999999
289.467000,0.00000,0.00000,2.17000,0.00197,0.00257,0.00237,0.001627,0.000097,0.000131,0.999999
289.500000,0.00000,0.00000,2.17000,0.00197,0.00257,0.00237,0.001627,0.000097,0.000131,0.999999
289.535000,0.00000,0.00000,2.18000,0.00224,-0.00008,0.00418,-0.000977,0.000026,0.000384,0.999999
289.567000,0.00000,0.00000,2.18000,0.00224,-0.00008,0.00418,-0.000977,0.000026,0.000384,0.999999
289.600000,0.00000,0.00000,2.18000,0.00224,-0.00008,0.00418,-0.000977,0.000026,0.000384,0.999999
289.634000,0.00000,0.00000,2.18000,0.00224,-0.00008,0.00418,-0.000977,0.000026,0.000384,0.999999
289.667000,0.00000,0.00000,2.18000,0.00224,-0.00008,0.00418,-0.000977,0.000026,0.000384,0.999999
289.701000,0.00000,0.00000,2.18000,0.00224,-0.00008,0.00418,-0.000977,0.000026,0.000384,0.999999
289.734000,0.00000,0.00000,2.18000,0.00224,-0.00008,0.00418,-0.000977,0.000026,0.000384,0.999999
289.768000,0.00000,0.00000,2.18000,0.00191,0.00446,0.00519,-0.000516,-0.000094,0.000145,1.000000
289.800000,0.00000,0.00000,2.18000,0.00191,0.00446,0.00519,-0.000516,-0.000094,0.000145,1.000000
289.834000,0.00000,0.00000,2.18000,0.00191,0.00446,0.00519,-0.000516,-0.000094,0.000145,1.000000
289.867000,0.00000,0.00000,2.18000,0.00191,0.00446,0.00519,-0.000516,-0.000094,0.000145,1.000000
289.900000,0.00000,0.00000,2.18000,0.00191,0.00446,0.00519,-0.000516,-0.000094,0.000145,1.000000
289.934000,0.00000,0.00000,2.18000,0.00191,0.00446,0.00519,-0.000516,-0.000094,0.000145,1.000000
289.967000,0.00000,0.00000,2.18000,0.00191,0.00446,0.00519,-0.000516,-0.000094,0.000145,1.000000
290.000000,0.00000,0.00000,2.18000,0.00191,0.00446,0.00519,-0.000516,-0.000094,0.000145,1.000000
290.035000,0.00000,0.00000,2.18000,0.00128,0.00205,0.00123,0.001022,-0.000095,0.000418,0.999999
290.067000,0.00000,0.00000,2.18000,0.00128,0.00205,0.00123,0.001022,-0.000095,0.000418,0.999999
290.100000,0.00000,0.00000,2.18000,0.00128,0.00205,0.00123,0.001022,-0.000095,0.000418,0.999999
290.135000,0.00000,0.00000,2.18000,0.00128,0.00205,0.00123,0.001022,-0.000095,0.000418,0.999999
290.167000,0.00000,0.00000,2.18000,0.00128,0.00205,0.00123,0.001022,-0.000095,0.000418,0.999999
290.200000,0.00000,0.00000,2.18000,0.00128,0.00205,0.00123,0.001022,-0.000095,0.000418,0.999999
290.234000,0.00000,0.00000,2.18000,0.00128,0.00205,0.00123,0.001022,-0.000095,0.000418,0.999999
290.268000,0.00000,0.00000,2.18000,0.00128,0.00205,0.00123,-0.001670,-0.000002,0.000118,0.999999
290.301000,0.00000,0.00000,2.18000,0.00124,0.00427,-0.00168,-0.001670,-0.000002,0.000118,0.999999
290.334000,0.00000,0.00000,2.18000,0.00124,0.00427,-0.00168,-0.001670,-0.000002,0.000118,0.999999
290.367000,0.00000,0.00000,2.18000,0.00124,0.00427,-0.00168,-0.001670,-0.000002,0.000118,0.999999
290.400000,0.00000,0.00000,2.18000,0.00124,0.00427,-0.00168,-0.001670,-0.000002,0.000118,0.999999
290.435000,0.00000,0.00000,2.18000,0.00124,0.00427,-0.00168,-0.001670,-0.000002,0.000118,0.999999
290.467000,0.00000,0.00000,2.18000,0.00124,0.00427,-0.00168,-0.001670,-0.000002,0.000118,0.999999
290.500000,0.00000,0.00000,2.18000,0.00124,0.00427,-0.00168,-0.001670,-0.000002,0.000118,0.999999
290.535000,0.00000,0.00000,2.18000,0.00132,0.00035,-0.00395,0.003204,0.000003,0.000385,0.999995
290.567000,0.00000,0.00000,2.18000,0.00132,0.00035,-0.00395,0.003204,0.000003,0.000385,0.999995
290.600000,0.00000,0.00000,2.18000,0.00132,0.00035,-0.00395,0.003204,0.000003,0.000385,0.999995
290.634000,0.00000,0.00000,2.18000,0.00132,0.00035,-0.00395,0.003204,0.000003,0.000385,0.999995
290.667000,0.00000,0.00000,2.18000,0.00132,0.00035,-0.00395,0.003204,0.000003,0.000385,0.999995
290.700000,0.00000,0.00000,2.18000,0.00132,0.00035,-0.00395,0.003204,0.000003,0.000385,0.999995
290.734000,0.00000,0.00000,2.18000,0.00132,0.00035,-0.00395,0.003204,0.000003,0.000385,0.999995
290.768000,0.00000,0.00000,2.18000,0.00141,-0.00031,-0.00354,-0.002817,-0.000003,0.000182,0.999996
290.800000,0.00000,0.00000,2.18000,0.00141,-0.00031,-0.00354,-0.002817,-0.000003,0.000182,0.999996
290.834000,0.00000,0.00000,2.18000,0.00141,-0.00031,-0.00354,-0.002817,-0.000003,0.000182,0.999996
290.867000,0.00000,0.00000,2.18000,0.00141,-0.00031,-0.00354,-0.002817,-0.000003,0.000182,0.999996
290.900000,0.00000,0.00000,2.18000,0.00141,-0.00031,-0.00354,-0.002817,-0.000003,0.000182,0.999996
290.934000,0.00000,0.00000,2.18000,0.00141,-0.00031,-0.00354,-0.002817,-0.000003,0.000182,0.999996
290.967000,0.00000,0.00000,2.18000,0.00141,-0.00031,-0.00354,-0.002817,-0.000003,0.000182,0.999996
291.000000,0.00000,0.00000,2.18000,0.00141,-0.00031,-0.00354,-0.002817,-0.000003,0.000182,0.999996
291.035000,0.00000,0.00000,2.17000,0.00146,0.00006,0.00057,0.002588,0.000016,0.000261,0.999997
291.068000,0.00000,0.00000,2.17000,0.00146,0.00006,0.00057,0.002588,0.000016,0.000261,0.999997
291.101000,0.00000,0.00000,2.17000,0.00146,0.00006,0.00057,0.002588,0.000016,0.000261,0.999997
291.134000,0.00000,0.00000,2.17000,0.00146,0.00006,0.00057,0.002588,0.000016,0.000261,0.999997
291.167000,0.00000,0.00000,2.17000,0.00146,0.00006,0.00057,0.002588,0.000016,0.000261,0.999997
291.200000,0.00000,0.00000,2.17000,0.00146,0.00006,0.00057,0.002588,0.000016,0.000261,0.999997
291.234000,0.00000,0.00000,2.17000,0.00146,0.00006,0.00057,0.002588,0.000016,0.000261,0.999997
291.268000,0.00908,0.00000,2.18000,-0.00069,-0.00094,0.00149,-0.002571,-0.000987,0.000316,0.999996
291.300000,0.00908,0.00000,2.18000,-0.00069,-0.00094,0.00149,-0.002571,-0.000987,0.000316,0.999996
291.334000,0.00908,0.00000,2.18000,-0.00069,-0.00094,0.00149,-0.002571,-0.000987,0.000316,0.999996
291.367000,0.00908,0.00000,2.18000,-0.00069,-0.00094,0.00149,-0.002571,-0.000987,0.000316,0.999996
291.400000,0.00908,0.00000,2.18000,-0.00069,-0.00094,0.00149,-0.002571,-0.000987,0.000316,0.999996
291.434000,0.00908,0.00000,2.18000,-0.00069,-0.00094,0.00149,-0.002571,-0.000987,0.000316,0.999996
291.467000,0.00908,0.00000,2.18000,-0.00069,-0.00094,0.00149,-0.002571,-0.000987,0.000316,0.999996
291.500000,0.00908,0.00000,2.18000,-0.00069,-0.00094,0.00149,-0.002571,-0.000987,0.000316,0.999996
291.535000,0.00000,0.00000,2.18000,-0.00473,0.00187,0.00526,0.001363,-0.000119,0.000111,0.999999
291.567000,0.00000,0.00000,2.18000,-0.00473,0.00187,0.00526,0.001363,-0.000119,0.000111,0.999999
291.600000,0.00000,0.00000,2.18000,-0.00473,0.00187,0.00526,0.001363,-0.000119,0.000111,0.999999
291.634000,0.00000,0.00000,2.18000,-0.00473,0.00187,0.00526,0.001363,-0.000119,0.000111,0.999999
291.667000,0.00000,0.00000,2.18000,-0.00473,0.00187,0.00526,0.001363,-0.000119,0.000111,0.999999
291.700000,0.00000,0.00000,2.18000,-0.00473,0.00187,0.00526,0.001363,-0.000119,0.000111,0.999999
291.734000,0.00000,0.00000,2.18000,-0.00473,0.00187,0.00526,0.001363,-0.000119,0.000111,0.999999
291.768000,0.00000,0.00000,2.18000,-0.00255,-0.00103,0.00262,-0.000819,0.000624,0.000348,0.999999
291.800000,0.00000,0.00000,2.18000,-0.00255,-0.00103,0.00262,-0.000819,0.000624,0.000348,0.999999
291.834000,0.00000,0.00000,2.18000,-0.00255,-0.00103,0.00262,-0.000819,0.000624,0.000348,0.999999
291.868000,0.00000,0.00000,2.18000,-0.00255,-0.00103,0.00262,-0.000819,0.000624,0.000348,0.999999
291.900000,0.00000,0.00000,2.18000,-0.00255,-0.00103,0.00262,-0.000819,0.000624,0.000348,0.999999
291.934000,0.00000,0.00000,2.18000,-0.00255,-0.00103,0.00262,-0.000819,0.000624,0.000348,0.999999
291.967000,0.00000,0.00000,2.18000,-0.00255,-0.00103,0.00262,-0.000819,0.000624,0.000348,0.999999
292.000000,0.00000,0.00000,2.18000,-0.00255,-0.00103,0.00262,-0.000819,0.000624,0.000348,0.999999
292.035000,0.00000,0.00000,2.18000,-0.00019,0.00222,0.00447,-0.000262,0.000307,0.000171,1.000000
292.067000,0.00000,0.00000,2.18000,-0.00019,0.00222,0.00447,-0.000262,0.000307,0.000171,1.000000
292.101000,0.00000,0.00000,2.18000,-0.00019,0.00222,0.00447,-0.000262,0.000307,0.000171,1.000000
292.134000,0.00000,0.00000,2.18000,-0.00019,0.00222,0.00447,-0.000262,0.000307,0.000171,1.000000
292.167000,0.00000,0.00000,2.18000,-0.00019,0.00222,0.00447,-0.000262,0.000307,0.000171,1.000000
292.200000,0.00000,0.00000,2.18000,-0.00019,0.00222,0.00447,-0.000262,0.000307,0.000171,1.000000
292.234000,0.00000,0.00000,2.18000,-0.00019,0.00222,0.00447,-0.000262,0.000307,0.000171,1.000000
292.268000,0.00000,0.00000,2.18000,-0.00019,0.00222,0.00447,0.000651,0.000134,0.000392,1.000000
292.300000,0.00000,0.00000,2.18000,0.00071,-0.00085,0.00199,0.000651,0.000134,0.000392,1.000000
292.334000,0.00000,0.00000,2.18000,0.00071,-0.00085,0.00199,0.000651,0.000134,0.000392,1.000000
292.367000,0.00000,0.00000,2.18000,0.00071,-0.00085,0.00199,0.000651,0.000134,0.000392,1.000000
292.400000,0.00000,0.00000,2.18000,0.00071,-0.00085,0.00199,0.000651,0.000134,0.000392,1.000000
292.434000,0.00000,0.00000,2.18000,0.00071,-0.00085,0.00199,0.000651,0.000134,0.000392,1.000000
292.467000,0.00000,0.00000,2.18000,0.00071,-0.00085,0.00199,0.000651,0.000134,0.000392,1.000000
292.500000,0.00000,0.00000,2.18000,0.00071,-0.00085,0.00199,0.000651,0.000134,0.000392,1.000000
292.535000,0.00000,0.00000,2.18000,0.00099,0.00120,-0.00098,-0.001560,0.000042,0.000198,0.999999
292.567000,0.00000,0.00000,2.18000,0.00099,0.00120,-0.00098,-0.001560,0.000042,0.000198,0.999999
292.600000,0.00000,0.00000,2.18000,0.00099,0.00120,-0.00098,-0.001560,0.000042,0.000198,0.999999
292.634000,0.00000,0.00000,2.18000,0.00099,0.00120,-0.00098,-0.001560,0.000042,0.000198,0.999999
292.667000,0.00000,0.00000,2.18000,0.00099,0.00120,-0.00098,-0.001560,0.000042,0.000198,0.999999
292.700000,0.00000,0.00000,2.18000,0.00099,0.00120,-0.00098,-0.001560,0.000042,0.000198,0.999999
292.734000,0.00000,0.00000,2.18000,0.00099,0.00120,-0.00098,-0.001560,0.000042,0.000198,0.999999
292.768000,0.00000,0.00000,2.18000,0.00130,-0.00096,-0.00468,0.002576,0.000072,0.000198,0.999997
292.800000,0.00000,0.00000,2.18000,0.00130,-0.00096,-0.00468,0.002576,0.000072,0.000198,0.999997
292.834000,0.00000,0.00000,2.18000,0.00130,-0.00096,-0.00468,0.002576,0.000072,0.000198,0.999997
292.867000,0.00000,0.00000,2.18000,0.00130,-0.00096,-0.00468,0.002576,0.000072,0.000198,0.999997
292.900000,0.00000,0.00000,2.18000,0.00130,-0.00096,-0.00468,0.002576,0.000072,0.000198,0.999997
292.934000,0.00000,0.00000,2.18000,0.00130,-0.00096,-0.00468,0.002576,0.000072,0.000198,0.999997
292.967000,0.00000,0.00000,2.18000,0.00130,-0.00096,-0.00468,0.002576,0.000072,0.000198,0.999997
293.000000,0.00000,0.00000,2.18000,0.00130,-0.00096,-0.00468,0.002576,0.000072,0.000198,0.999997
293.035000,0.00000,0.00000,2.18000,0.00157,-0.00041,-0.00369,-0.002652,0.000034,0.000279,0.999996
293.067000,0.00000,0.00000,2.18000,0.00157,-0.00041,-0.00369,-0.002652,0.000034,0.000279,0.999996
293.100000,0.00000,0.00000,2.18000,0.00157,-0.00041,-0.00369,-0.002652,0.000034,0.000279,0.999996
293.134000,0.00000,0.00000,2.18000,0.00157,-0.00041,-0.00369,-0.002652,0.000034,0.000279,0.999996
293.167000,0.00000,0.00000,2.18000,0.00157,-0.00041,-0.00369,-0.002652,0.000034,0.000279,0.999996
293.200000,0.00000,0.00000,2.18000,0.00157,-0.00041,-0.00369,-0.002652,0.000034,0.000279,0.999996
293.234000,0.00000,0.00000,2.18000,0.00157,-0.00041,-0.00369,-0.002652,0.000034,0.000279,0.999996
293.268000,0.00000,0.00000,2.18000,0.00157,-0.00041,-0.00369,0.003117,0.000033,0.000328,0.999995
293.300000,0.00000,0.00000,2.18000,0.00147,0.00027,-0.00199,0.003117,0.000033,0.000328,0.999995
293.334000,0.00000,0.00000,2.18000,0.00147,0.00027,-0.00199,0.003117,0.000033,0.000328,0.999995
293.367000,0.00000,0.00000,2.18000,0.00147,0.00027,-0.00199,0.003117,0.000033,0.000328,0.999995
293.400000,0.00000,0.00000,2.18000,0.00147,0.00027,-0.00199,0.003117,0.000033,0.000328,0.999995
293.434000,0.00000,0.00000,2.18000,0.00147,0.00027,-0.00199,0.003117,0.000033,0.000328,0.999995
293.467000,0.00000,0.00000,2.18000,0.00147,0.00027,-0.00199,0.003117,0.000033,0.000328,0.999995
293.500000,0.00000,0.00000,2.18000,0.00147,0.00027,-0.00199,0.003117,0.000033,0.000328,0.999995
293.535000,0.00000,0.00000,2.18000,0.00173,-0.00093,-0.00346,-0.002538,0.000019,0.000281,0.999997
293.567000,0.00000,0.00000,2.18000,0.00173,-0.00093,-0.00346,-0.002538,0.000019,0.000281,0.999997
293.600000,0.00000,0.00000,2.18000,0.00173,-0.00093,-0.00346,-0.002538,0.000019,0.000281,0.999997
293.635000,0.00000,0.00000,2.18000,0.00173,-0.00093,-0.00346,-0.002538,0.000019,0.000281,0.999997
293.667000,0.00000,0.00000,2.18000,0.00173,-0.00093,-0.00346,-0.002538,0.000019,0.000281,0.999997
293.700000,0.00000,0.00000,2.18000,0.00173,-0.00093,-0.00346,-0.002538,0.000019,0.000281,0.999997
293.734000,0.00000,0.00000,2.18000,0.00173,-0.00093,-0.00346,-0.002538,0.000019,0.000281,0.999997
293.768000,0.00000,0.00000,2.18000,0.00173,-0.00093,-0.00346,0.002517,-0.000688,0.000167,0.999997
293.800000,0.00908,0.00000,2.18000,0.00074,0.00127,0.00262,0.002517,-0.000688,0.000167,0.999997
293.834000,0.00908,0.00000,2.18000,0.00074,0.00127,0.00262,0.002517,-0.000688,0.000167,0.999997
293.867000,0.00908,0.00000,2.18000,0.00074,0.00127,0.00262,0.002517,-0.000688,0.000167,0.999997
293.900000,0.00908,0.00000,2.18000,0.00074,0.00127,0.00262,0.002517,-0.000688,0.000167,0.999997
293.934000,0.00908,0.00000,2.18000,0.00074,0.00127,0.00262,0.002517,-0.000688,0.000167,0.999997
293.967000,0.00908,0.00000,2.18000,0.00074,0.00127,0.00262,0.002517,-0.000688,0.000167,0.999997
294.000000,0.00908,0.00000,2.18000,0.00074,0.00127,0.00262,0.002517,-0.000688,0.000167,0.999997
294.035000,0.00908,0.00000,2.18000,-0.00345,-0.00177,-0.00109,-0.001345,-0.000805,0.000330,0.999999
294.067000,0.00908,0.00000,2.18000,-0.00345,-0.00177,-0.00109,-0.001345,-0.000805,0.000330,0.999999
294.100000,0.00908,0.00000,2.18000,-0.00345,-0.00177,-0.00109,-0.001345,-0.000805,0.000330,0.999999
294.134000,0.00908,0.00000,2.18000,-0.00345,-0.00177,-0.00109,-0.001345,-0.000805,0.000330,0.999999
294.167000,0.00908,0.00000,2.18000,-0.00345,-0.00177,-0.00109,-0.001345,-0.000805,0.000330,0.999999
294.200000,0.00908,0.00000,2.18000,-0.00345,-0.00177,-0.00109,-0.001345,-0.000805,0.000330,0.999999
294.234000,0.00908,0.00000,2.18000,-0.00345,-0.00177,-0.00109,-0.001345,-0.000805,0.000330,0.999999
294.268000,0.00908,0.00000,2.18000,-0.00345,-0.00177,-0.00109,-0.000023,-0.000396,0.000120,1.000000
294.301000,0.00908,0.00000,2.17000,-0.00658,0.00188,0.00221,-0.000023,-0.000396,0.000120,1.000000
294.334000,0.00908,0.00000,2.17000,-0.00658,0.00188,0.00221,-0.000023,-0.000396,0.000120,1.000000
294.367000,0.00908,0.00000,2.17000,-0.00658,0.00188,0.00221,-0.000023,-0.000396,0.000120,1.000000
294.400000,0.00908,0.00000,2.17000,-0.00658,0.00188,0.00221,-0.000023,-0.000396,0.000120,1.000000
294.434000,0.00908,0.00000,2.17000,-0.00658,0.00188,0.00221,-0.000023,-0.000396,0.000120,1.000000
294.467000,0.00908,0.00000,2.17000,-0.00658,0.00188,0.00221,-0.000023,-0.000396,0.000120,1.000000
294.500000,0.00908,0.00000,2.17000,-0.00658,0.00188,0.00221,-0.000023,-0.000396,0.000120,1.000000
294.535000,0.00908,0.00000,2.18000,-0.00787,-0.00072,0.00939,0.000377,-0.000191,0.000308,1.000000
294.567000,0.00908,0.00000,2.18000,-0.00787,-0.00072,0.00939,0.000377,-0.000191,0.000308,1.000000
294.600000,0.00908,0.00000,2.18000,-0.00787,-0.00072,0.00939,0.000377,-0.000191,0.000308,1.000000
294.634000,0.00908,0.00000,2.18000,-0.00787,-0.00072,0.00939,0.000377,-0.000191,0.000308,1.000000
294.667000,0.00908,0.00000,2.18000,-0.00787,-0.00072,0.00939,0.000377,-0.000191,0.000308,1.000000
294.700000,0.00908,0.00000,2.18000,-0.00787,-0.00072,0.00939,0.000377,-0.000191,0.000308,1.000000
294.734000,0.00908,0.00000,2.18000,-0.00787,-0.00072,0.00939,0.000377,-0.000191,0.000308,1.000000
294.768000,0.00908,0.00000,2.18000,-0.00890,0.00288,0.00294,-0.001638,-0.000160,0.000114,0.999999
294.800000,0.00908,0.00000,2.18000,-0.00890,0.00288,0.00294,-0.001638,-0.000160,0.000114,0.999999
294.834000,0.00908,0.00000,2.18000,-0.00890,0.00288,0.00294,-0.001638,-0.000160,0.000114,0.999999
294.868000,0.00908,0.00000,2.18000,-0.00890,0.00288,0.00294,-0.001638,-0.000160,0.000114,0.999999
294.900000,0.00908,0.00000,2.18000,-0.00890,0.00288,0.00294,-0.001638,-0.000160,0.000114,0.999999
294.934000,0.00908,0.00000,2.18000,-0.00890,0.00288,0.00294,-0.001638,-0.000160,0.000114,0.999999
294.967000,0.00908,0.00000,2.18000,-0.00890,0.00288,0.00294,-0.001638,-0.000160,0.000114,0.999999
295.001000,0.00908,0.00000,2.18000,-0.00890,0.00288,0.00294,-0.001638,-0.000160,0.000114,0.999999
295.035000,0.00908,0.00000,2.18000,-0.00941,0.00018,-0.00138,0.002341,-0.000052,0.000185,0.999997
295.067000,0.00908,0.00000,2.18000,-0.00941,0.00018,-0.00138,0.002341,-0.000052,0.000185,0.999997
295.100000,0.00908,0.00000,2.18000,-0.00941,0.00018,-0.00138,0.002341,-0.000052,0.000185,0.999997
295.134000,0.00908,0.00000,2.18000,-0.00941,0.00018,-0.00138,0.002341,-0.000052,0.000185,0.999997
295.167000,0.00908,0.00000,2.18000,-0.00941,0.00018,-0.00138,0.002341,-0.000052,0.000185,0.999997
295.201000,0.00908,0.00000,2.18000,-0.00941,0.00018,-0.00138,0.002341,-0.000052,0.000185,0.999997
295.234000,0.00908,0.00000,2.18000,-0.00941,0.00018,-0.00138,0.002341,-0.000052,0.000185,0.999997
295.268000,0.00908,0.00000,2.18000,-0.00941,0.00018,-0.00138,-0.002941,0.000444,-0.000095,0.999996
295.301000,0.00000,0.00000,2.18000,-0.00927,0.00172,-0.00207,-0.002941,0.000444,-0.000095,0.999996
295.334000,0.00000,0.00000,2.18000,-0.00927,0.00172,-0.00207,-0.002941,0.000444,-0.000095,0.999996
295.367000,0.00000,0.00000,2.18000,-0.00927,0.00172,-0.00207,-0.002941,0.000444,-0.000095,0.999996
295.400000,0.00000,0.00000,2.18000,-0.00927,0.00172,-0.00207,-0.002941,0.000444,-0.000095,0.999996
295.434000,0.00000,0.00000,2.18000,-0.00927,0.00172,-0.00207,-0.002941,0.000444,-0.000095,0.999996
295.467000,0.00000,0.00000,2.18000,-0.00927,0.00172,-0.00207,-0.002941,0.000444,-0.000095,0.999996
295.500000,0.00000,0.00000,2.18000,-0.00927,0.00172,-0.00207,-0.002941,0.000444,-0.000095,0.999996
295.535000,0.00000,0.00000,2.18000,-0.00396,0.00124,-0.00376,0.002734,0.001167,0.000216,0.999996
295.567000,0.00000,0.00000,2.18000,-0.00396,0.00124,-0.00376,0.002734,0.001167,0.000216,0.999996
295.600000,0.00000,0.00000,2.18000,-0.00396,0.00124,-0.00376,0.002734,0.001167,0.000216,0.999996
295.634000,0.00000,0.00000,2.18000,-0.00396,0.00124,-0.00376,0.002734,0.001167,0.000216,0.999996
295.667000,0.00000,0.00000,2.18000,-0.00396,0.00124,-0.00376,0.002734,0.001167,0.000216,0.999996
295.700000,0.00000,0.00000,2.18000,-0.00396,0.00124,-0.00376,0.002734,0.001167,0.000216,0.999996
295.734000,0.00000,0.00000,2.18000,-0.00396,0.00124,-0.00376,0.002734,0.001167,0.000216,0.999996
295.768000,0.00000,0.00000,2.18000,-0.00027,0.00113,-0.00382,-0.002879,0.000394,0.000132,0.999996
295.800000,0.00000,0.00000,2.18000,-0.00027,0.00113,-0.00382,-0.002879,0.000394,0.000132,0.999996
295.834000,0.00000,0.00000,2.18000,-0.00027,0.00113,-0.00382,-0.002879,0.000394,0.000132,0.999996
295.867000,0.00000,0.00000,2.18000,-0.00027,0.00113,-0.00382,-0.002879,0.000394,0.000132,0.999996
295.900000,0.00000,0.00000,2.18000,-0.00027,0.00113,-0.00382,-0.002879,0.000394,0.000132,0.999996
295.934000,0.00000,0.00000,2.18000,-0.00027,0.00113,-0.00382,-0.002879,0.000394,0.000132,0.999996
295.967000,0.00000,0.00000,2.18000,-0.00027,0.00113,-0.00382,-0.002879,0.000394,0.000132,0.999996
296.001000,0.00000,0.00000,2.18000,-0.00027,0.00113,-0.00382,-0.002879,0.000394,0.000132,0.999996
296.035000,0.00000,0.00000,2.18000,0.00115,0.00115,0.00030,0.002790,0.000252,0.000173,0.999996
296.067000,0.00000,0.00000,2.18000,0.00115,0.00115,0.00030,0.002790,0.000252,0.000173,0.999996
296.100000,0.00000,0.00000,2.18000,0.00115,0.00115,0.00030,0.002790,0.000252,0.000173,0.999996
296.134000,0.00000,0.00000,2.18000,0.00115,0.00115,0.00030,0.002790,0.000252,0.000173,0.999996
296.167000,0.00000,0.00000,2.18000,0.00115,0.00115,0.00030,0.002790,0.000252,0.000173,0.999996
296.200000,0.00000,0.00000,2.18000,0.00115,0.00115,0.00030,0.002790,0.000252,0.000173,0.999996
296.234000,0.00000,0.00000,2.18000,0.00115,0.00115,0.00030,0.002790,0.000252,0.000173,0.999996
296.268000,0.00000,0.00000,2.18000,0.00115,0.00115,0.00030,-0.002136,0.000198,0.000270,0.999998
296.300000,0.00000,0.00000,2.18000,0.00224,-0.00121,-0.00026,-0.002136,0.000198,0.000270,0.999998
296.334000,0.00000,0.00000,2.18000,0.00224,-0.00121,-0.00026,-0.002136,0.000198,0.000270,0.999998
296.367000,0.00000,0.00000,2.18000,0.00224,-0.00121,-0.00026,-0.002136,0.000198,0.000270,0.999998
296.400000,0.00000,0.00000,2.18000,0.00224,-0.00121,-0.00026,-0.002136,0.000198,0.000270,0.999998
296.434000,0.00000,0.00000,2.18000,0.00224,-0.00121,-0.00026,-0.002136,0.000198,0.000270,0.999998
296.467000,0.00000,0.00000,2.18000,0.00224,-0.00121,-0.00026,-0.002136,0.000198,0.000270,0.999998
296.500000,0.00000,0.00000,2.18000,0.00224,-0.00121,-0.00026,-0.002136,0.000198,0.000270,0.999998
296.535000,0.00000,0.00000,2.18000,0.00296,0.00132,0.00167,0.001252,0.000071,0.000111,0.999999
296.567000,0.00000,0.00000,2.18000,0.00296,0.00132,0.00167,0.001252,0.000071,0.000111,0.999999
296.600000,0.00000,0.00000,2.18000,0.00296,0.00132,0.00167,0.001252,0.000071,0.000111,0.999999
296.634000,0.00000,0.00000,2.18000,0.00296,0.00132,0.00167,0.001252,0.000071,0.000111,0.999999
296.667000,0.00000,0.00000,2.18000,0.00296,0.00132,0.00167,0.001252,0.000071,0.000111,0.999999
296.700000,0.00000,0.00000,2.18000,0.00296,0.00132,0.00167,0.001252,0.000071,0.000111,0.999999
296.734000,0.00000,0.00000,2.18000,0.00296,0.00132,0.00167,0.001252,0.000071,0.000111,0.999999
296.768000,0.00000,0.00000,2.18000,0.00306,-0.00117,0.00461,-0.000571,-0.000016,0.000247,1.000000
296.801000,0.00000,0.00000,2.18000,0.00306,-0.00117,0.00461,-0.000571,-0.000016,0.000247,1.000000
296.834000,0.00000,0.00000,2.18000,0.00306,-0.00117,0.00461,-0.000571,-0.000016,0.000247,1.000000
296.867000,0.00000,0.00000,2.18000,0.00306,-0.00117,0.00461,-0.000571,-0.000016,0.000247,1.000000
296.900000,0.00000,0.00000,2.18000,0.00306,-0.00117,0.00461,-0.000571,-0.000016,0.000247,1.000000
296.934000,0.00000,0.00000,2.18000,0.00306,-0.00117,0.00461,-0.000571,-0.000016,0.000247,1.000000
296.967000,0.00000,0.00000,2.18000,0.00306,-0.00117,0.00461,-0.000571,-0.000016,0.000247,1.000000
297.000000,0.00000,0.00000,2.18000,0.00306,-0.00117,0.00461,-0.000571,-0.000016,0.000247,1.000000
297.035000,0.00000,0.00000,2.18000,0.00318,0.00176,0.00264,-0.000433,0.000067,-0.000015,1.000000
297.067000,0.00000,0.00000,2.18000,0.00318,0.00176,0.00264,-0.000433,0.000067,-0.000015,1.000000
297.100000,0.00000,0.00000,2.18000,0.00318,0.00176,0.00264,-0.000433,0.000067,-0.000015,1.000000
297.134000,0.00000,0.00000,2.18000,0.00318,0.00176,0.00264,-0.000433,0.000067,-0.000015,1.000000
297.167000,0.00000,0.00000,2.18000,0.00318,0.00176,0.00264,-0.000433,0.000067,-0.000015,1.000000
297.200000,0.00000,0.00000,2.18000,0.00318,0.00176,0.00264,-0.000433,0.000067,-0.000015,1.000000
297.234000,0.00000,0.00000,2.18000,0.00318,0.00176,0.00264,-0.000433,0.000067,-0.000015,1.000000
297.268000,0.00000,0.00000,2.18000,0.00318,0.00176,0.00264,0.001523,0.000006,0.000385,0.999999
297.300000,0.00000,0.00000,2.18000,0.00332,-0.00097,-0.00149,0.001523,0.000006,0.000385,0.999999
297.334000,0.00000,0.00000,2.18000,0.00332,-0.00097,-0.00149,0.001523,0.000006,0.000385,0.999999
297.367000,0.00000,0.00000,2.18000,0.00332,-0.00097,-0.00149,0.001523,0.000006,0.000385,0.999999
297.400000,0.00000,0.00000,2.18000,0.00332,-0.00097,-0.00149,0.001523,0.000006,0.000385,0.999999
297.434000,0.00000,0.00000,2.18000,0.00332,-0.00097,-0.00149,0.001523,0.000006,0.000385,0.999999
297.467000,0.00000,0.00000,2.18000,0.00332,-0.00097,-0.00149,0.001523,0.000006,0.000385,0.999999
297.500000,0.00000,0.00000,2.18000,0.00332,-0.00097,-0.00149,0.001523,0.000006,0.000385,0.999999
297.535000,0.00000,0.00000,2.18000,0.00333,0.00176,-0.00039,-0.001999,0.000008,0.000114,0.999998
297.567000,0.00000,0.00000,2.18000,0.00333,0.00176,-0.00039,-0.001999,0.000008,0.000114,0.999998
297.600000,0.00000,0.00000,2.18000,0.00333,0.00176,-0.00039,-0.001999,0.000008,0.000114,0.999998
297.634000,0.00000,0.00000,2.18000,0.00333,0.00176,-0.00039,-0.001999,0.000008,0.000114,0.999998
297.667000,0.00000,0.00000,2.18000,0.00333,0.00176,-0.00039,-0.001999,0.000008,0.000114,0.999998
297.700000,0.00000,0.00000,2.18000,0.00333,0.00176,-0.00039,-0.001999,0.000008,0.000114,0.999998
297.734000,0.00000,0.00000,2.18000,0.00333,0.00176,-0.00039,-0.001999,0.000008,0.000114,0.999998
297.768000,0.00000,0.00000,2.18000,0.00324,0.00036,-0.00273,0.002585,-0.000039,0.000233,0.999997
297.800000,0.00000,0.00000,2.18000,0.00324,0.00036,-0.00273,0.002585,-0.000039,0.000233,0.999997
297.834000,0.00000,0.00000,2.18000,0.00324,0.00036,-0.00273,0.002585,-0.000039,0.000233,0.999997
297.868000,0.00000,0.00000,2.18000,0.00324,0.00036,-0.00273,0.002585,-0.000039,0.000233,0.999997
297.900000,0.00000,0.00000,2.18000,0.00324,0.00036,-0.00273,0.002585,-0.000039,0.000233,0.999997
297.934000,0.00000,0.00000,2.18000,0.00324,0.00036,-0.00273,0.002585,-0.000039,0.000233,0.999997
297.968000,0.00000,0.00000,2.18000,0.00324,0.00036,-0.00273,0.002585,-0.000039,0.000233,0.999997
298.000000,0.00000,0.00000,2.18000,0.00324,0.00036,-0.00273,0.002585,-0.000039,0.000233,0.999997
298.035000,0.00000,0.00000,2.18000,0.00289,0.00245,0.00123,-0.002707,-0.000084,0.000163,0.999996
298.067000,0.00000,0.00000,2.18000,0.00289,0.00245,0.00123,-0.002707,-0.000084,0.000163,0.999996
298.100000,0.00000,0.00000,2.18000,0.00289,0.00245,0.00123,-0.002707,-0.000084,0.000163,0.999996
298.134000,0.00000,0.00000,2.18000,0.00289,0.00245,0.00123,-0.002707,-0.000084,0.000163,0.999996
298.167000,0.00000,0.00000,2.18000,0.00289,0.00245,0.00123,-0.002707,-0.000084,0.000163,0.999996
298.200000,0.00000,0.00000,2.18000,0.00289,0.00245,0.00123,-0.002707,-0.000084,0.000163,0.999996
298.234000,0.00000,0.00000,2.18000,0.00289,0.00245,0.00123,-0.002707,-0.000084,0.000163,0.999996
298.268000,0.00000,0.00000,2.18000,0.00289,0.00245,0.00123,0.003002,-0.000071,0.000240,0.999995
298.300000,0.00000,0.00000,2.18000,0.00249,0.00218,-0.00262,0.003002,-0.000071,0.000240,0.999995
298.334000,0.00000,0.00000,2.18000,0.00249,0.00218,-0.00262,0.003002,-0.000071,0.000240,0.999995
298.367000,0.00000,0.00000,2.18000,0.00249,0.00218,-0.00262,0.003002,-0.000071,0.000240,0.999995
298.400000,0.00000,0.00000,2.18000,0.00249,0.00218,-0.00262,0.003002,-0.000071,0.000240,0.999995
298.434000,0.00000,0.00000,2.18000,0.00249,0.00218,-0.00262,0.003002,-0.000071,0.000240,0.999995
298.467000,0.00000,0.00000,2.18000,0.00249,0.00218,-0.00262,0.003002,-0.000071,0.000240,0.999995
298.500000,0.00000,0.00000,2.18000,0.00249,0.00218,-0.00262,0.003002,-0.000071,0.000240,0.999995
298.535000,0.00000,0.00000,2.18000,0.00225,0.00147,-0.00151,-0.002904,-0.000042,0.000181,0.999996
298.567000,0.00000,0.00000,2.18000,0.00225,0.00147,-0.00151,-0.002904,-0.000042,0.000181,0.999996
298.600000,0.00000,0.00000,2.18000,0.00225,0.00147,-0.00151,-0.002904,-0.000042,0.000181,0.999996
298.634000,0.00000,0.00000,2.18000,0.00225,0.00147,-0.00151,-0.002904,-0.000042,0.000181,0.999996
298.667000,0.00000,0.00000,2.18000,0.00225,0.00147,-0.00151,-0.002904,-0.000042,0.000181,0.999996
298.700000,0.00000,0.00000,2.18000,0.00225,0.00147,-0.00151,-0.002904,-0.000042,0.000181,0.999996
298.734000,0.00000,0.00000,2.18000,0.00225,0.00147,-0.00151,-0.002904,-0.000042,0.000181,0.999996
298.768000,0.00000,0.00000,2.18000,0.00237,0.00212,-0.00200,0.002647,0.000073,0.000153,0.999996
298.800000,0.00000,0.00000,2.18000,0.00237,0.00212,-0.00200,0.002647,0.000073,0.000153,0.999996
298.834000,0.00000,0.00000,2.18000,0.00237,0.00212,-0.00200,0.002647,0.000073,0.000153,0.999996
298.867000,0.00000,0.00000,2.18000,0.00237,0.00212,-0.00200,0.002647,0.000073,0.000153,0.999996
298.900000,0.00000,0.00000,2.18000,0.00237,0.00212,-0.00200,0.002647,0.000073,0.000153,0.999996
298.934000,0.00000,0.00000,2.18000,0.00237,0.00212,-0.00200,0.002647,0.000073,0.000153,0.999996
298.967000,0.00000,0.00000,2.18000,0.00237,0.00212,-0.00200,0.002647,0.000073,0.000153,0.999996
299.000000,0.00000,0.00000,2.18000,0.00237,0.00212,-0.00200,0.002647,0.000073,0.000153,0.999996
299.035000,0.00000,0.00000,2.18000,0.00281,-0.00029,0.00331,-0.001797,0.000050,0.000266,0.999998
299.067000,0.00000,0.00000,2.18000,0.00281,-0.00029,0.00331,-0.001797,0.000050,0.000266,0.999998
299.100000,0.00000,0.00000,2.18000,0.00281,-0.00029,0.00331,-0.001797,0.000050,0.000266,0.999998
299.134000,0.00000,0.00000,2.18000,0.00281,-0.00029,0.00331,-0.001797,0.000050,0.000266,0.999998
299.167000,0.00000,0.00000,2.18000,0.00281,-0.00029,0.00331,-0.001797,0.000050,0.000266,0.999998
299.200000,0.00000,0.00000,2.18000,0.00281,-0.00029,0.00331,-0.001797,0.000050,0.000266,0.999998
299.234000,0.00000,0.00000,2.18000,0.00281,-0.00029,0.00331,-0.001797,0.000050,0.000266,0.999998
299.268000,0.00000,0.00000,2.18000,0.00281,-0.00029,0.00331,0.001087,0.000077,0.000070,0.999999
299.300000,0.00000,0.00000,2.18000,0.00303,0.00221,-0.00095,0.001087,0.000077,0.000070,0.999999
299.334000,0.00000,0.00000,2.18000,0.00303,0.00221,-0.00095,0.001087,0.000077,0.000070,0.999999
299.367000,0.00000,0.00000,2.18000,0.00303,0.00221,-0.00095,0.001087,0.000077,0.000070,0.999999
299.400000,0.00000,0.00000,2.18000,0.00303,0.00221,-0.00095,0.001087,0.000077,0.000070,0.999999
299.434000,0.00000,0.00000,2.18000,0.00303,0.00221,-0.00095,0.001087,0.000077,0.000070,0.999999
299.468000,0.00000,0.00000,2.18000,0.00303,0.00221,-0.00095,0.001087,0.000077,0.000070,0.999999
299.500000,0.00000,0.00000,2.18000,0.00303,0.00221,-0.00095,0.001087,0.000077,0.000070,0.999999
299.535000,0.00000,0.00000,2.18000,0.00311,-0.00107,0.00155,0.000443,-0.000033,0.000352,1.000000
299.567000,0.00000,0.00000,2.18000,0.00311,-0.00107,0.00155,0.000443,-0.000033,0.000352,1.000000
299.600000,0.00000,0.00000,2.18000,0.00311,-0.00107,0.00155,0.000443,-0.000033,0.000352,1.000000
299.634000,0.00000,0.00000,2.18000,0.00311,-0.00107,0.00155,0.000443,-0.000033,0.000352,1.000000
299.667000,0.00000,0.00000,2.18000,0.00311,-0.00107,0.00155,0.000443,-0.000033,0.000352,1.000000
299.700000,0.00000,0.00000,2.18000,0.00311,-0.00107,0.00155,0.000443,-0.000033,0.000352,1.000000
299.734000,0.00000,0.00000,2.18000,0.00311,-0.00107,0.00155,0.000443,-0.000033,0.000352,1.000000
299.768000,0.00000,0.00000,2.17000,0.00275,0.00139,-0.00039,-0.001364,-0.000061,0.000072,0.999999
299.800000,0.00000,0.00000,2.17000,0.00275,0.00139,-0.00039,-0.001364,-0.000061,0.000072,0.999999
299.834000,0.00000,0.00000,2.17000,0.00275,0.00139,-0.00039,-0.001364,-0.000061,0.000072,0.999999
299.867000,0.00000,0.00000,2.17000,0.00275,0.00139,-0.00039,-0.001364,-0.000061,0.000072,0.999999
299.900000,0.00000,0.00000,2.17000,0.00275,0.00139,-0.00039,-0.001364,-0.000061,0.000072,0.999999
299.934000,0.00000,0.00000,2.17000,0.00275,0.00139,-0.00039,-0.001364,-0.000061,0.000072,0.999999
299.967000,0.00000,0.00000,2.17000,0.00275,0.00139,-0.00039,-0.001364,-0.000061,0.000072,0.999999
300.000000,0.00000,0.00000,2.17000,0.00275,0.00139,-0.00039,-0.001364,-0.000061,0.000072,0.999999
300.035000,0.00000,0.00000,2.18000,0.00232,-0.00113,0.00498,0.001972,-0.000095,0.000298,0.999998
300.067000,0.00000,0.00000,2.18000,0.00232,-0.00113,0.00498,0.001972,-0.000095,0.000298,0.999998
300.100000,0.00000,0.00000,2.18000,0.00232,-0.00113,0.00498,0.001972,-0.000095,0.000298,0.999998
300.134000,0.00000,0.00000,2.18000,0.00232,-0.00113,0.00498,0.001972,-0.000095,0.000298,0.999998
300.167000,0.00000,0.00000,2.18000,0.00232,-0.00113,0.00498,0.001972,-0.000095,0.000298,0.999998
300.200000,0.00000,0.00000,2.18000,0.00232,-0.00113,0.00498,0.001972,-0.000095,0.000298,0.999998
300.234000,0.00000,0.00000,2.18000,0.00232,-0.00113,0.00498,0.001972,-0.000095,0.000298,0.999998
300.268000,0.00000,0.00000,2.18000,0.00232,-0.00113,0.00498,-0.002620,-0.000018,0.000217,0.999997
300.300000,0.00000,0.00000,2.18000,0.00202,0.00093,0.00075,-0.002620,-0.000018,0.000217,0.999997
300.334000,0.00000,0.00000,2.18000,0.00202,0.00093,0.00075,-0.002620,-0.000018,0.000217,0.999997
300.368000,0.00000,0.00000,2.18000,0.00202,0.00093,0.00075,-0.002620,-0.000018,0.000217,0.999997
300.400000,0.00000,0.00000,2.18000,0.00202,0.00093,0.00075,-0.002620,-0.000018,0.000217,0.999997
300.434000,0.00000,0.00000,2.18000,0.00202,0.00093,0.00075,-0.002620,-0.000018,0.000217,0.999997
300.467000,0.00000,0.00000,2.18000,0.00202,0.00093,0.00075,-0.002620,-0.000018,0.000217,0.999997
300.500000,0.00000,0.00000,2.18000,0.00202,0.00093,0.00075,-0.002620,-0.000018,0.000217,0.999997
300.535000,0.00908,0.00000,2.18000,0.00148,-0.00032,-0.00412,0.002811,-0.000530,0.000306,0.999996
300.567000,0.00908,0.00000,2.18000,0.00148,-0.00032,-0.00412,0.002811,-0.000530,0.000306,0.999996
300.600000,0.00908,0.00000,2.18000,0.00148,-0.00032,-0.00412,0.002811,-0.000530,0.000306,0.999996
300.634000,0.00908,0.00000,2.18000,0.00148,-0.00032,-0.00412,0.002811,-0.000530,0.000306,0.999996
300.667000,0.00908,0.00000,2.18000,0.00148,-0.00032,-0.00412,0.002811,-0.000530,0.000306,0.999996
300.700000,0.00908,0.00000,2.18000,0.00148,-0.00032,-0.00412,0.002811,-0.000530,0.000306,0.999996
300.734000,0.00908,0.00000,2.18000,0.00148,-0.00032,-0.00412,0.002811,-0.000530,0.000306,0.999996
300.768000,0.00908,0.00000,2.18000,-0.00266,-0.00029,-0.00473,-0.002959,-0.000866,0.000166,0.999995
300.800000,0.00908,0.00000,2.18000,-0.00266,-0.00029,-0.00473,-0.002959,-0.000866,0.000166,0.999995
300.834000,0.00908,0.00000,2.18000,-0.00266,-0.00029,-0.00473,-0.002959,-0.000866,0.000166,0.999995
300.867000,0.00908,0.00000,2.18000,-0.00266,-0.00029,-0.00473,-0.002959,-0.000866,0.000166,0.999995
300.900000,0.00908,0.00000,2.18000,-0.00266,-0.00029,-0.00473,-0.002959,-0.000866,0.000166,0.999995
300.934000,0.00908,0.00000,2.18000,-0.00266,-0.00029,-0.00473,-0.002959,-0.000866,0.000166,0.999995
300.967000,0.00908,0.00000,2.18000,-0.00266,-0.00029,-0.00473,-0.002959,-0.000866,0.000166,0.999995
301.000000,0.00908,0.00000,2.18000,-0.00266,-0.00029,-0.00473,-0.002959,-0.000866,0.000166,0.999995
301.035000,0.00908,0.00000,2.18000,-0.00574,0.00181,0.00002,0.002508,-0.000457,0.000139,0.999997
301.067000,0.00908,0.00000,2.18000,-0.00574,0.00181,0.00002,0.002508,-0.000457,0.000139,0.999997
301.100000,0.00908,0.00000,2.18000,-0.00574,0.00181,0.00002,0.002508,-0.000457,0.000139,0.999997
301.134000,0.00908,0.00000,2.18000,-0.00574,0.00181,0.00002,0.002508,-0.000457,0.000139,0.999997
301.167000,0.00908,0.00000,2.18000,-0.00574,0.00181,0.00002,0.002508,-0.000457,0.000139,0.999997
301.200000,0.00908,0.00000,2.18000,-0.00574,0.00181,0.00002,0.002508,-0.000457,0.000139,0.999997
301.234000,0.00908,0.00000,2.18000,-0.00574,0.00181,0.00002,0.002508,-0.000457,0.000139,0.999997
301.267000,0.00908,0.00000,2.18000,-0.00574,0.00181,0.00002,-0.001687,-0.000216,0.000318,0.999999
301.301000,0.00908,0.00000,2.18000,-0.00747,-0.00079,0.00174,-0.001687,-0.000216,0.000318,0.999999
301.334000,0.00908,0.00000,2.18000,-0.00747,-0.00079,0.00174,-0.001687,-0.000216,0.000318,0.999999
301.367000,0.00908,0.00000,2.18000,-0.00747,-0.00079,0.00174,-0.001687,-0.000216,0.000318,0.999999
301.400000,0.00908,0.00000,2.18000,-0.00747,-0.00079,0.00174,-0.001687,-0.000216,0.000318,0.999999
301.434000,0.00908,0.00000,2.18000,-0.00747,-0.00079,0.00174,-0.001687,-0.000216,0.000318,0.999999
301.467000,0.00908,0.00000,2.18000,-0.00747,-0.00079,0.00174,-0.001687,-0.000216,0.000318,0.999999
301.500000,0.00908,0.00000,2.18000,-0.00747,-0.00079,0.00174,-0.001687,-0.000216,0.000318,0.999999
301.535000,0.00908,0.00000,2.18000,-0.00798,0.00206,0.00185,0.001021,-0.000050,0.000096,0.999999
301.567000,0.00908,0.00000,2.18000,-0.00798,0.00206,0.00185,0.001021,-0.000050,0.000096,0.999999
301.600000,0.00908,0.00000,2.18000,-0.00798,0.00206,0.00185,0.001021,-0.000050,0.000096,0.999999
301.634000,0.00908,0.00000,2.18000,-0.00798,0.00206,0.00185,0.001021,-0.000050,0.000096,0.999999
301.667000,0.00908,0.00000,2.18000,-0.00798,0.00206,0.00185,0.001021,-0.000050,0.000096,0.999999
301.700000,0.00908,0.00000,2.18000,-0.00798,0.00206,0.00185,0.001021,-0.000050,0.000096,0.999999
301.734000,0.00908,0.00000,2.18000,-0.00798,0.00206,0.00185,0.001021,-0.000050,0.000096,0.999999
301.768000,0.00908,0.00000,2.18000,-0.00798,0.00206,0.00185,0.000339,0.000047,0.000350,1.000000
301.800000,0.00908,0.00000,2.18000,-0.00792,-0.00097,0.00244,0.000339,0.000047,0.000350,1.000000
301.834000,0.00908,0.00000,2.18000,-0.00792,-0.00097,0.00244,0.000339,0.000047,0.000350,1.000000
301.867000,0.00908,0.00000,2.18000,-0.00792,-0.00097,0.00244,0.000339,0.000047,0.000350,1.000000
301.900000,0.00908,0.00000,2.18000,-0.00792,-0.00097,0.00244,0.000339,0.000047,0.000350,1.000000
301.934000,0.00908,0.00000,2.18000,-0.00792,-0.00097,0.00244,0.000339,0.000047,0.000350,1.000000
301.967000,0.00908,0.00000,2.18000,-0.00792,-0.00097,0.00244,0.000339,0.000047,0.000350,1.000000
302.000000,0.00908,0.00000,2.18000,-0.00792,-0.00097,0.00244,0.000339,0.000047,0.000350,1.000000
302.035000,0.00908,0.00000,2.18000,-0.00787,0.00118,0.00169,-0.000906,-0.000019,0.000045,1.000000
302.067000,0.00908,0.00000,2.18000,-0.00787,0.00118,0.00169,-0.000906,-0.000019,0.000045,1.000000
302.100000,0.00908,0.00000,2.18000,-0.00787,0.00118,0.00169,-0.000906,-0.000019,0.000045,1.000000
302.134000,0.00908,0.00000,2.18000,-0.00787,0.00118,0.00169,-0.000906,-0.000019,0.000045,1.000000
302.167000,0.00908,0.00000,2.18000,-0.00787,0.00118,0.00169,-0.000906,-0.000019,0.000045,1.000000
302.200000,0.00908,0.00000,2.18000,-0.00787,0.00118,0.00169,-0.000906,-0.000019,0.000045,1.000000
302.234000,0.00908,0.00000,2.18000,-0.00787,0.00118,0.00169,-0.000906,-0.000019,0.000045,1.000000
302.268000,0.00000,0.00000,2.18000,-0.00687,-0.00157,-0.00128,0.001962,0.000787,0.000292,0.999998
302.300000,0.00000,0.00000,2.18000,-0.00687,-0.00157,-0.00128,0.001962,0.000787,0.000292,0.999998
302.335000,0.00000,0.00000,2.18000,-0.00687,-0.00157,-0.00128,0.001962,0.000787,0.000292,0.999998
302.367000,0.00000,0.00000,2.18000,-0.00687,-0.00157,-0.00128,0.001962,0.000787,0.000292,0.999998
302.400000,0.00000,0.00000,2.18000,-0.00687,-0.00157,-0.00128,0.001962,0.000787,0.000292,0.999998
302.434000,0.00000,0.00000,2.18000,-0.00687,-0.00157,-0.00128,0.001962,0.000787,0.000292,0.999998
302.467000,0.00000,0.00000,2.18000,-0.00687,-0.00157,-0.00128,0.001962,0.000787,0.000292,0.999998
302.500000,0.00000,0.00000,2.18000,-0.00687,-0.00157,-0.00128,0.001962,0.000787,0.000292,0.999998
302.535000,0.00000,0.00000,2.18000,-0.00257,0.00070,-0.00073,-0.002457,0.000713,0.000158,0.999997
302.567000,0.00000,0.00000,2.18000,-0.00257,0.00070,-0.00073,-0.002457,0.000713,0.000158,0.999997
302.600000,0.00000,0.00000,2.18000,-0.00257,0.00070,-0.00073,-0.002457,0.000713,0.000158,0.999997
302.635000,0.00000,0.00000,2.18000,-0.00257,0.00070,-0.00073,-0.002457,0.000713,0.000158,0.999997
302.667000,0.00000,0.00000,2.18000,-0.00257,0.00070,-0.00073,-0.002457,0.000713,0.000158,0.999997
302.700000,0.00000,0.00000,2.18000,-0.00257,0.00070,-0.00073,-0.002457,0.000713,0.000158,0.999997
302.734000,0.00000,0.00000,2.18000,-0.00257,0.00070,-0.00073,-0.002457,0.000713,0.000158,0.999997
302.768000,0.00000,0.00000,2.18000,-0.00005,0.00044,-0.00125,0.002773,0.000377,0.000326,0.999996
302.800000,0.00000,0.00000,2.18000,-0.00005,0.00044,-0.00125,0.002773,0.000377,0.000326,0.999996
302.834000,0.00000,0.00000,2.18000,-0.00005,0.00044,-0.00125,0.002773,0.000377,0.000326,0.999996
302.867000,0.00000,0.00000,2.18000,-0.00005,0.00044,-0.00125,0.002773,0.000377,0.000326,0.999996
302.900000,0.00000,0.00000,2.18000,-0.00005,0.00044,-0.00125,0.002773,0.000377,0.000326,0.999996
302.934000,0.00000,0.00000,2.18000,-0.00005,0.00044,-0.00125,0.002773,0.000377,0.000326,0.999996
302.967000,0.00000,0.00000,2.18000,-0.00005,0.00044,-0.00125,0.002773,0.000377,0.000326,0.999996
303.001000,0.00000,0.00000,2.18000,-0.00005,0.00044,-0.00125,0.002773,0.000377,0.000326,0.999996
303.035000,0.00000,0.00000,2.18000,0.00137,0.00111,-0.00366,-0.002689,0.000182,0.000200,0.999996
303.067000,0.00000,0.00000,2.18000,0.00137,0.00111,-0.00366,-0.002689,0.000182,0.000200,0.999996
303.100000,0.00000,0.00000,2.18000,0.00137,0.00111,-0.00366,-0.002689,0.000182,0.000200,0.999996
303.134000,0.00000,0.00000,2.18000,0.00137,0.00111,-0.00366,-0.002689,0.000182,0.000200,0.999996
303.167000,0.00000,0.00000,2.18000,0.00137,0.00111,-0.00366,-0.002689,0.000182,0.000200,0.999996
303.201000,0.00000,0.00000,2.18000,0.00137,0.00111,-0.00366,-0.002689,0.000182,0.000200,0.999996
303.234000,0.00000,0.00000,2.18000,0.00137,0.00111,-0.00366,-0.002689,0.000182,0.000200,0.999996
303.268000,0.00000,0.00000,2.18000,0.00137,0.00111,-0.00366,0.003103,0.000037,0.000175,0.999995
303.300000,0.00000,0.00000,2.18000,0.00180,0.00109,-0.00405,0.003103,0.000037,0.000175,0.999995
303.334000,0.00000,0.00000,2.18000,0.00180,0.00109,-0.00405,0.003103,0.000037,0.000175,0.999995
303.367000,0.00000,0.00000,2.18000,0.00180,0.00109,-0.00405,0.003103,0.000037,0.000175,0.999995
303.400000,0.00000,0.00000,2.18000,0.00180,0.00109,-0.00405,0.003103,0.000037,0.000175,0.999995
303.434000,0.00000,0.00000,2.18000,0.00180,0.00109,-0.00405,0.003103,0.000037,0.000175,0.999995
303.467000,0.00000,0.00000,2.18000,0.00180,0.00109,-0.00405,0.003103,0.000037,0.000175,0.999995
303.500000,0.00000,0.00000,2.18000,0.00180,0.00109,-0.00405,0.003103,0.000037,0.000175,0.999995
303.535000,0.00000,0.00000,2.18000,0.00221,-0.00016,-0.00120,-0.002530,0.000144,0.000207,0.999997
303.567000,0.00000,0.00000,2.18000,0.00221,-0.00016,-0.00120,-0.002530,0.000144,0.000207,0.999997
303.601000,0.00000,0.00000,2.18000,0.00221,-0.00016,-0.00120,-0.002530,0.000144,0.000207,0.999997
303.634000,0.00000,0.00000,2.18000,0.00221,-0.00016,-0.00120,-0.002530,0.000144,0.000207,0.999997
303.667000,0.00000,0.00000,2.18000,0.00221,-0.00016,-0.00120,-0.002530,0.000144,0.000207,0.999997
303.700000,0.00000,0.00000,2.18000,0.00221,-0.00016,-0.00120,-0.002530,0.000144,0.000207,0.999997
303.734000,0.00000,0.00000,2.18000,0.00221,-0.00016,-0.00120,-0.002530,0.000144,0.000207,0.999997
303.768000,0.00000,0.00000,2.17000,0.00229,0.00051,-0.00029,0.002386,-0.000401,0.000145,0.999997
303.800000,0.00000,0.00000,2.17000,0.00229,0.00051,-0.00029,0.002386,-0.000401,0.000145,0.999997
303.834000,0.00000,0.00000,2.17000,0.00229,0.00051,-0.00029,0.002386,-0.000401,0.000145,0.999997
303.867000,0.00000,0.00000,2.17000,0.00229,0.00051,-0.00029,0.002386,-0.000401,0.000145,0.999997
303.900000,0.00000,0.00000,2.17000,0.00229,0.00051,-0.00029,0.002386,-0.000401,0.000145,0.999997
303.934000,0.00000,0.00000,2.17000,0.00229,0.00051,-0.00029,0.002386,-0.000401,0.000145,0.999997
303.967000,0.00000,0.00000,2.17000,0.00229,0.00051,-0.00029,0.002386,-0.000401,0.000145,0.999997
304.001000,0.00000,0.00000,2.17000,0.00229,0.00051,-0.00029,0.002386,-0.000401,0.000145,0.999997
304.035000,0.00000,0.00000,2.18000,0.00086,-0.00229,0.00657,-0.001294,-0.000004,0.000336,0.999999
304.067000,0.00000,0.00000,2.18000,0.00086,-0.00229,0.00657,-0.001294,-0.000004,0.000336,0.999999
304.100000,0.00000,0.00000,2.18000,0.00086,-0.00229,0.00657,-0.001294,-0.000004,0.000336,0.999999
304.134000,0.00000,0.00000,2.18000,0.00086,-0.00229,0.00657,-0.001294,-0.000004,0.000336,0.999999
304.167000,0.00000,0.00000,2.18000,0.00086,-0.00229,0.00657,-0.001294,-0.000004,0.000336,0.999999
304.200000,0.00000,0.00000,2.18000,0.00086,-0.00229,0.00657,-0.001294,-0.000004,0.000336,0.999999
304.234000,0.00000,0.00000,2.18000,0.00086,-0.00229,0.00657,-0.001294,-0.000004,0.000336,0.999999
304.268000,0.00000,0.00000,2.18000,0.00086,-0.00229,0.00657,0.000389,0.000197,0.000044,1.000000
304.300000,0.00000,0.00000,2.18000,0.00137,0.00077,0.00674,0.000389,0.000197,0.000044,1.000000
304.334000,0.00000,0.00000,2.18000,0.00137,0.00077,0.00674,0.000389,0.000197,0.000044,1.000000
304.367000,0.00000,0.00000,2.18000,0.00137,0.00077,0.00674,0.000389,0.000197,0.000044,1.000000
304.400000,0.00000,0.00000,2.18000,0.00137,0.00077,0.00674,0.000389,0.000197,0.000044,1.000000
304.435000,0.00000,0.00000,2.18000,0.00137,0.00077,0.00674,0.000389,0.000197,0.000044,1.000000
304.467000,0.00000,0.00000,2.18000,0.00137,0.00077,0.00674,0.000389,0.000197,0.000044,1.000000
304.501000,0.00000,0.00000,2.18000,0.00137,0.00077,0.00674,0.000389,0.000197,0.000044,1.000000
304.535000,0.00000,0.00000,2.18000,0.00220,-0.00187,0.00138,0.000551,0.000139,0.000259,1.000000
304.567000,0.00000,0.00000,2.18000,0.00220,-0.00187,0.00138,0.000551,0.000139,0.000259,1.000000
304.600000,0.00000,0.00000,2.18000,0.00220,-0.00187,0.00138,0.000551,0.000139,0.000259,1.000000
304.634000,0.00000,0.00000,2.18000,0.00220,-0.00187,0.00138,0.000551,0.000139,0.000259,1.000000
304.667000,0.00000,0.00000,2.18000,0.00220,-0.00187,0.00138,0.000551,0.000139,0.000259,1.000000
304.701000,0.00000,0.00000,2.18000,0.00220,-0.00187,0.00138,0.000551,0.000139,0.000259,1.000000
304.734000,0.00000,0.00000,2.18000,0.00220,-0.00187,0.00138,0.000551,0.000139,0.000259,1.000000
304.768000,0.00000,0.00000,2.18000,0.00263,0.00116,0.00246,-0.001563,0.000076,0.000063,0.999999
304.800000,0.00000,0.00000,2.18000,0.00263,0.00116,0.00246,-0.001563,0.000076,0.000063,0.999999
304.834000,0.00000,0.00000,2.18000,0.00263,0.00116,0.00246,-0.001563,0.000076,0.000063,0.999999
304.867000,0.00000,0.00000,2.18000,0.00263,0.00116,0.00246,-0.001563,0.000076,0.000063,0.999999
304.900000,0.00000,0.00000,2.18000,0.00263,0.00116,0.00246,-0.001563,0.000076,0.000063,0.999999
304.934000,0.00000,0.00000,2.18000,0.00263,0.00116,0.00246,-0.001563,0.000076,0.000063,0.999999
304.967000,0.00000,0.00000,2.18000,0.00263,0.00116,0.00246,-0.001563,0.000076,0.000063,0.999999
305.001000,0.00000,0.00000,2.18000,0.00263,0.00116,0.00246,-0.001563,0.000076,0.000063,0.999999
305.035000,0.00000,0.00000,2.18000,0.00266,-0.00069,-0.00175,0.001998,-0.000026,0.000256,0.999998
305.067000,0.00000,0.00000,2.18000,0.00266,-0.00069,-0.00175,0.001998,-0.000026,0.000256,0.999998
305.101000,0.00000,0.00000,2.18000,0.00266,-0.00069,-0.00175,0.001998,-0.000026,0.000256,0.999998
305.134000,0.00000,0.00000,2.18000,0.00266,-0.00069,-0.00175,0.001998,-0.000026,0.000256,0.999998
305.167000,0.00000,0.00000,2.18000,0.00266,-0.00069,-0.00175,0.001998,-0.000026,0.000256,0.999998
305.200000,0.00000,0.00000,2.18000,0.00266,-0.00069,-0.00175,0.001998,-0.000026,0.000256,0.999998
305.234000,0.00000,0.00000,2.18000,0.00266,-0.00069,-0.00175,0.001998,-0.000026,0.000256,0.999998
305.268000,0.00000,0.00000,2.18000,0.00266,-0.00069,-0.00175,-0.003166,-0.000089,0.000164,0.999995
305.301000,0.00000,0.00000,2.18000,0.00227,0.00106,-0.00430,-0.003166,-0.000089,0.000164,0.999995
305.334000,0.00000,0.00000,2.18000,0.00227,0.00106,-0.00430,-0.003166,-0.000089,0.000164,0.999995
305.367000,0.00000,0.00000,2.18000,0.00227,0.00106,-0.00430,-0.003166,-0.000089,0.000164,0.999995
305.401000,0.00000,0.00000,2.18000,0.00227,0.00106,-0.00430,-0.003166,-0.000089,0.000164,0.999995
305.434000,0.00000,0.00000,2.18000,0.00227,0.00106,-0.00430,-0.003166,-0.000089,0.000164,0.999995
305.468000,0.00000,0.00000,2.18000,0.00227,0.00106,-0.00430,-0.003166,-0.000089,0.000164,0.999995
305.501000,0.00000,0.00000,2.18000,0.00227,0.00106,-0.00430,-0.003166,-0.000089,0.000164,0.999995
305.535000,0.00000,0.00000,2.18000,0.00172,0.00171,-0.00566,0.002783,-0.000100,0.000191,0.999996
305.567000,0.00000,0.00000,2.18000,0.00172,0.00171,-0.00566,0.002783,-0.000100,0.000191,0.999996
305.600000,0.00000,0.00000,2.18000,0.00172,0.00171,-0.00566,0.002783,-0.000100,0.000191,0.999996
305.634000,0.00000,0.00000,2.18000,0.00172,0.00171,-0.00566,0.002783,-0.000100,0.000191,0.999996
305.667000,0.00000,0.00000,2.18000,0.00172,0.00171,-0.00566,0.002783,-0.000100,0.000191,0.999996
305.700000,0.00000,0.00000,2.18000,0.00172,0.00171,-0.00566,0.002783,-0.000100,0.000191,0.999996
305.734000,0.00000,0.00000,2.18000,0.00172,0.00171,-0.00566,0.002783,-0.000100,0.000191,0.999996
305.768000,0.00000,0.00000,2.18000,0.00130,0.00170,-0.00354,-0.002790,-0.000029,0.000252,0.999996
305.800000,0.00000,0.00000,2.18000,0.00130,0.00170,-0.00354,-0.002790,-0.000029,0.000252,0.999996
305.834000,0.00000,0.00000,2.18000,0.00130,0.00170,-0.00354,-0.002790,-0.000029,0.000252,0.999996
305.867000,0.00000,0.00000,2.18000,0.00130,0.00170,-0.00354,-0.002790,-0.000029,0.000252,0.999996
305.901000,0.00000,0.00000,2.18000,0.00130,0.00170,-0.00354,-0.002790,-0.000029,0.000252,0.999996
305.934000,0.00000,0.00000,2.18000,0.00130,0.00170,-0.00354,-0.002790,-0.000029,0.000252,0.999996
305.967000,0.00000,0.00000,2.18000,0.00130,0.00170,-0.00354,-0.002790,-0.000029,0.000252,0.999996
306.000000,0.00000,0.00000,2.18000,0.00130,0.00170,-0.00354,-0.002790,-0.000029,0.000252,0.999996
306.035000,0.00000,0.00000,2.17000,0.00119,0.00327,0.00147,0.002181,-0.000010,0.000065,0.999998
306.067000,0.00000,0.00000,2.17000,0.00119,0.00327,0.00147,0.002181,-0.000010,0.000065,0.999998
306.100000,0.00000,0.00000,2.17000,0.00119,0.00327,0.00147,0.002181,-0.000010,0.000065,0.999998
306.135000,0.00000,0.00000,2.17000,0.00119,0.00327,0.00147,0.002181,-0.000010,0.000065,0.999998
306.167000,0.00000,0.00000,2.17000,0.00119,0.00327,0.00147,0.002181,-0.000010,0.000065,0.999998
306.200000,0.00000,0.00000,2.17000,0.00119,0.00327,0.00147,0.002181,-0.000010,0.000065,0.999998
306.234000,0.00000,0.00000,2.17000,0.00119,0.00327,0.00147,0.002181,-0.000010,0.000065,0.999998
306.268000,0.00000,0.00000,2.17000,0.00119,0.00327,0.00147,-0.000204,-0.000047,0.000308,1.000000
306.300000,0.00000,0.01113,2.18000,0.00109,-0.00136,0.00929,-0.000204,-0.000047,0.000308,1.000000
306.334000,0.00000,0.01113,2.18000,0.00109,-0.00136,0.00929,-0.000204,-0.000047,0.000308,1.000000
306.367000,0.00000,0.01113,2.18000,0.00109,-0.00136,0.00929,-0.000204,-0.000047,0.000308,1.000000
306.400000,0.00000,0.01113,2.18000,0.00109,-0.00136,0.00929,-0.000204,-0.000047,0.000308,1.000000
306.434000,0.00000,0.01113,2.18000,0.00109,-0.00136,0.00929,-0.000204,-0.000047,0.000308,1.000000
306.467000,0.00000,0.01113,2.18000,0.00109,-0.00136,0.00929,-0.000204,-0.000047,0.000308,1.000000
306.500000,0.00000,0.01113,2.18000,0.00109,-0.00136,0.00929,-0.000204,-0.000047,0.000308,1.000000
306.535000,0.00000,0.00000,2.18000,0.00068,-0.00433,0.00945,0.002490,-0.000073,0.000116,0.999997
306.567000,0.00000,0.00000,2.18000,0.00068,-0.00433,0.00945,0.002490,-0.000073,0.000116,0.999997
306.600000,0.00000,0.00000,2.18000,0.00068,-0.00433,0.00945,0.002490,-0.000073,0.000116,0.999997
306.634000,0.00000,0.00000,2.18000,0.00068,-0.00433,0.00945,0.002490,-0.000073,0.000116,0.999997
306.667000,0.00000,0.00000,2.18000,0.00068,-0.00433,0.00945,0.002490,-0.000073,0.000116,0.999997
306.700000,0.00000,0.00000,2.18000,0.00068,-0.00433,0.00945,0.002490,-0.000073,0.000116,0.999997
306.734000,0.00000,0.00000,2.18000,0.00068,-0.00433,0.00945,0.002490,-0.000073,0.000116,0.999997
306.768000,0.00000,0.00000,2.18000,0.00064,-0.00833,0.00222,-0.000461,0.000044,0.000330,1.000000
306.800000,0.00000,0.00000,2.18000,0.00064,-0.00833,0.00222,-0.000461,0.000044,0.000330,1.000000
306.834000,0.00000,0.00000,2.18000,0.00064,-0.00833,0.00222,-0.000461,0.000044,0.000330,1.000000
306.867000,0.00000,0.00000,2.18000,0.00064,-0.00833,0.00222,-0.000461,0.000044,0.000330,1.000000
306.901000,0.00000,0.00000,2.18000,0.00064,-0.00833,0.00222,-0.000461,0.000044,0.000330,1.000000
306.934000,0.00000,0.00000,2.18000,0.00064,-0.00833,0.00222,-0.000461,0.000044,0.000330,1.000000
306.967000,0.00000,0.00000,2.18000,0.00064,-0.00833,0.00222,-0.000461,0.000044,0.000330,1.000000
307.000000,0.00000,0.00000,2.18000,0.00064,-0.00833,0.00222,-0.000461,0.000044,0.000330,1.000000
307.035000,0.00000,0.00000,2.18000,0.00053,-0.00218,0.00308,-0.000881,-0.000023,0.000068,1.000000
307.067000,0.00000,0.00000,2.18000,0.00053,-0.00218,0.00308,-0.000881,-0.000023,0.000068,1.000000
307.100000,0.00000,0.00000,2.18000,0.00053,-0.00218,0.00308,-0.000881,-0.000023,0.000068,1.000000
307.134000,0.00000,0.00000,2.18000,0.00053,-0.00218,0.00308,-0.000881,-0.000023,0.000068,1.000000
307.167000,0.00000,0.00000,2.18000,0.00053,-0.00218,0.00308,-0.000881,-0.000023,0.000068,1.000000
307.200000,0.00000,0.00000,2.18000,0.00053,-0.00218,0.00308,-0.000881,-0.000023,0.000068,1.000000
307.234000,0.00000,0.00000,2.18000,0.00053,-0.00218,0.00308,-0.000881,-0.000023,0.000068,1.000000
307.268000,0.00000,0.00000,2.18000,0.00053,-0.00218,0.00308,0.001615,0.000077,0.000311,0.999999
307.301000,0.00000,0.00000,2.18000,0.00066,-0.00417,-0.00175,0.001615,0.000077,0.000311,0.999999
307.334000,0.00000,0.00000,2.18000,0.00066,-0.00417,-0.00175,0.001615,0.000077,0.000311,0.999999
307.367000,0.00000,0.00000,2.18000,0.00066,-0.00417,-0.00175,0.001615,0.000077,0.000311,0.999999
307.400000,0.00000,0.00000,2.18000,0.00066,-0.00417,-0.00175,0.001615,0.000077,0.000311,0.999999
307.434000,0.00000,0.00000,2.18000,0.00066,-0.00417,-0.00175,0.001615,0.000077,0.000311,0.999999
307.467000,0.00000,0.00000,2.18000,0.00066,-0.00417,-0.00175,0.001615,0.000077,0.000311,0.999999
307.500000,0.00000,0.00000,2.18000,0.00066,-0.00417,-0.00175,0.001615,0.000077,0.000311,0.999999
307.535000,0.00000,0.00000,2.18000,0.00109,-0.00103,-0.00409,-0.002638,0.000090,0.000073,0.999997
307.567000,0.00000,0.00000,2.18000,0.00109,-0.00103,-0.00409,-0.002638,0.000090,0.000073,0.999997
307.600000,0.00000,0.00000,2.18000,0.00109,-0.00103,-0.00409,-0.002638,0.000090,0.000073,0.999997
307.634000,0.00000,0.00000,2.18000,0.00109,-0.00103,-0.00409,-0.002638,0.000090,0.000073,0.999997
307.667000,0.00000,0.00000,2.18000,0.00109,-0.00103,-0.00409,-0.002638,0.000090,0.000073,0.999997
307.700000,0.00000,0.00000,2.18000,0.00109,-0.00103,-0.00409,-0.002638,0.000090,0.000073,0.999997
307.734000,0.00000,0.00000,2.18000,0.00109,-0.00103,-0.00409,-0.002638,0.000090,0.000073,0.999997
307.768000,0.00000,0.00000,2.18000,0.00142,-0.00111,-0.00240,0.002758,0.000041,0.000199,0.999996
307.800000,0.00000,0.00000,2.18000,0.00142,-0.00111,-0.00240,0.002758,0.000041,0.000199,0.999996
307.834000,0.00000,0.00000,2.18000,0.00142,-0.00111,-0.00240,0.002758,0.000041,0.000199,0.999996
307.867000,0.00000,0.00000,2.18000,0.00142,-0.00111,-0.00240,0.002758,0.000041,0.000199,0.999996
307.900000,0.00000,0.00000,2.18000,0.00142,-0.00111,-0.00240,0.002758,0.000041,0.000199,0.999996
307.934000,0.00000,0.00000,2.18000,0.00142,-0.00111,-0.00240,0.002758,0.000041,0.000199,0.999996
307.967000,0.00000,0.00000,2.18000,0.00142,-0.00111,-0.00240,0.002758,0.000041,0.000199,0.999996
308.000000,0.00000,0.00000,2.18000,0.00142,-0.00111,-0.00240,0.002758,0.000041,0.000199,0.999996
308.035000,0.00000,0.00000,2.18000,0.00145,-0.00018,-0.00080,-0.002950,0.000000,0.000139,0.999996
308.067000,0.00000,0.00000,2.18000,0.00145,-0.00018,-0.00080,-0.002950,0.000000,0.000139,0.999996
308.100000,0.00000,0.00000,2.18000,0.00145,-0.00018,-0.00080,-0.002950,0.000000,0.000139,0.999996
308.134000,0.00000,0.00000,2.18000,0.00145,-0.00018,-0.00080,-0.002950,0.000000,0.000139,0.999996
308.167000,0.00000,0.00000,2.18000,0.00145,-0.00018,-0.00080,-0.002950,0.000000,0.000139,0.999996
308.200000,0.00000,0.00000,2.18000,0.00145,-0.00018,-0.00080,-0.002950,0.000000,0.000139,0.999996
308.234000,0.00000,0.00000,2.18000,0.00145,-0.00018,-0.00080,-0.002950,0.000000,0.000139,0.999996
308.268000,0.00000,0.00000,2.18000,0.00138,0.00117,-0.00309,0.002524,-0.000042,0.000128,0.999997
308.300000,0.00000,0.00000,2.18000,0.00138,0.00117,-0.00309,0.002524,-0.000042,0.000128,0.999997
308.334000,0.00000,0.00000,2.18000,0.00138,0.00117,-0.00309,0.002524,-0.000042,0.000128,0.999997
308.367000,0.00000,0.00000,2.18000,0.00138,0.00117,-0.00309,0.002524,-0.000042,0.000128,0.999997
308.400000,0.00000,0.00000,2.18000,0.00138,0.00117,-0.00309,0.002524,-0.000042,0.000128,0.999997
308.434000,0.00000,0.00000,2.18000,0.00138,0.00117,-0.00309,0.002524,-0.000042,0.000128,0.999997
308.467000,0.00000,0.00000,2.18000,0.00138,0.00117,-0.00309,0.002524,-0.000042,0.000128,0.999997
308.501000,0.00000,0.00000,2.18000,0.00138,0.00117,-0.00309,0.002524,-0.000042,0.000128,0.999997
308.535000,0.00000,0.00000,2.18000,0.00119,0.00035,-0.00200,-0.002420,-0.000025,0.000221,0.999997
308.567000,0.00000,0.00000,2.18000,0.00119,0.00035,-0.00200,-0.002420,-0.000025,0.000221,0.999997
308.601000,0.00000,0.00000,2.18000,0.00119,0.00035,-0.00200,-0.002420,-0.000025,0.000221,0.999997
308.634000,0.00000,0.00000,2.18000,0.00119,0.00035,-0.00200,-0.002420,-0.000025,0.000221,0.999997
308.667000,0.00000,0.00000,2.18000,0.00119,0.00035,-0.00200,-0.002420,-0.000025,0.000221,0.999997
308.700000,0.00000,0.00000,2.18000,0.00119,0.00035,-0.00200,-0.002420,-0.000025,0.000221,0.999997
308.734000,0.00000,0.00000,2.18000,0.00119,0.00035,-0.00200,-0.002420,-0.000025,0.000221,0.999997
308.768000,0.00000,0.00000,2.18000,0.00119,0.00035,-0.00200,0.001756,0.000022,0.000096,0.999998
308.800000,0.00000,0.00000,2.18000,0.00128,0.00237,0.00171,0.001756,0.000022,0.000096,0.999998
308.834000,0.00000,0.00000,2.18000,0.00128,0.00237,0.00171,0.001756,0.000022,0.000096,0.999998
308.867000,0.00000,0.00000,2.18000,0.00128,0.00237,0.00171,0.001756,0.000022,0.000096,0.999998
308.900000,0.00000,0.00000,2.18000,0.00128,0.00237,0.00171,0.001756,0.000022,0.000096,0.999998
308.934000,0.00000,0.00000,2.18000,0.00128,0.00237,0.00171,0.001756,0.000022,0.000096,0.999998
308.967000,0.00000,0.00000,2.18000,0.00128,0.00237,0.00171,0.001756,0.000022,0.000096,0.999998
309.000000,0.00000,0.00000,2.18000,0.00128,0.00237,0.00171,0.001756,0.000022,0.000096,0.999998
309.035000,0.00000,0.00000,2.18000,0.00137,-0.00071,0.00380,-0.001293,0.000012,0.000206,0.999999
309.067000,0.00000,0.00000,2.18000,0.00137,-0.00071,0.00380,-0.001293,0.000012,0.000206,0.999999
309.100000,0.00000,0.00000,2.18000,0.00137,-0.00071,0.00380,-0.001293,0.000012,0.000206,0.999999
309.134000,0.00000,0.00000,2.18000,0.00137,-0.00071,0.00380,-0.001293,0.000012,0.000206,0.999999
309.167000,0.00000,0.00000,2.18000,0.00137,-0.00071,0.00380,-0.001293,0.000012,0.000206,0.999999
309.200000,0.00000,0.00000,2.18000,0.00137,-0.00071,0.00380,-0.001293,0.000012,0.000206,0.999999
309.234000,0.00000,0.00000,2.18000,0.00137,-0.00071,0.00380,-0.001293,0.000012,0.000206,0.999999
309.268000,0.00000,0.00000,2.18000,0.00137,-0.00071,0.00380,-0.000140,-0.000074,0.000006,1.000000
309.300000,0.00000,0.00000,2.18000,0.00124,0.00260,0.00052,-0.000140,-0.000074,0.000006,1.000000
309.334000,0.00000,0.00000,2.18000,0.00124,0.00260,0.00052,-0.000140,-0.000074,0.000006,1.000000
309.367000,0.00000,0.00000,2.18000,0.00124,0.00260,0.00052,-0.000140,-0.000074,0.000006,1.000000
309.400000,0.00000,0.00000,2.18000,0.00124,0.00260,0.00052,-0.000140,-0.000074,0.000006,1.000000
309.434000,0.00000,0.00000,2.18000,0.00124,0.00260,0.00052,-0.000140,-0.000074,0.000006,1.000000
309.467000,0.00000,0.00000,2.18000,0.00124,0.00260,0.00052,-0.000140,-0.000074,0.000006,1.000000
309.500000,0.00000,0.00000,2.18000,0.00124,0.00260,0.00052,-0.000140,-0.000074,0.000006,1.000000
309.535000,0.00000,0.00000,2.18000,0.00086,0.00017,-0.00148,0.001277,-0.000027,0.000384,0.999999
309.567000,0.00000,0.00000,2.18000,0.00086,0.00017,-0.00148,0.001277,-0.000027,0.000384,0.999999
309.600000,0.00000,0.00000,2.18000,0.00086,0.00017,-0.00148,0.001277,-0.000027,0.000384,0.999999
309.634000,0.00000,0.00000,2.18000,0.00086,0.00017,-0.00148,0.001277,-0.000027,0.000384,0.999999
309.667000,0.00000,0.00000,2.18000,0.00086,0.00017,-0.00148,0.001277,-0.000027,0.000384,0.999999
309.701000,0.00000,0.00000,2.18000,0.00086,0.00017,-0.00148,0.001277,-0.000027,0.000384,0.999999
309.734000,0.00000,0.00000,2.18000,0.00086,0.00017,-0.00148,0.001277,-0.000027,0.000384,0.999999
309.768000,0.00000,0.00000,2.18000,0.00087,0.00234,0.00351,-0.001734,0.000040,0.000036,0.999998
309.800000,0.00000,0.00000,2.18000,0.00087,0.00234,0.00351,-0.001734,0.000040,0.000036,0.999998
309.834000,0.00000,0.00000,2.18000,0.00087,0.00234,0.00351,-0.001734,0.000040,0.000036,0.999998
309.867000,0.00000,0.00000,2.18000,0.00087,0.00234,0.00351,-0.001734,0.000040,0.000036,0.999998
309.901000,0.00000,0.00000,2.18000,0.00087,0.00234,0.00351,-0.001734,0.000040,0.000036,0.999998
309.934000,0.00000,0.00000,2.18000,0.00087,0.00234,0.00351,-0.001734,0.000040,0.000036,0.999998
309.967000,0.00000,0.00000,2.18000,0.00087,0.00234,0.00351,-0.001734,0.000040,0.000036,0.999998
310.001000,0.00000,0.00000,2.18000,0.00087,0.00234,0.00351,-0.001734,0.000040,0.000036,0.999998
310.035000,0.00000,0.00000,2.18000,0.00096,-0.00056,-0.00116,0.002565,-0.000026,0.000254,0.999997
310.067000,0.00000,0.00000,2.18000,0.00096,-0.00056,-0.00116,0.002565,-0.000026,0.000254,0.999997
310.100000,0.00000,0.00000,2.18000,0.00096,-0.00056,-0.00116,0.002565,-0.000026,0.000254,0.999997
310.134000,0.00000,0.00000,2.18000,0.00096,-0.00056,-0.00116,0.002565,-0.000026,0.000254,0.999997
310.167000,0.00000,0.00000,2.18000,0.00096,-0.00056,-0.00116,0.002565,-0.000026,0.000254,0.999997
310.200000,0.00000,0.00000,2.18000,0.00096,-0.00056,-0.00116,0.002565,-0.000026,0.000254,0.999997
310.234000,0.00000,0.00000,2.18000,0.00096,-0.00056,-0.00116,0.002565,-0.000026,0.000254,0.999997
310.268000,0.00000,0.00000,2.18000,0.00099,0.00005,-0.00249,-0.002810,0.000062,0.000178,0.999996
310.300000,0.00000,0.00000,2.18000,0.00099,0.00005,-0.00249,-0.002810,0.000062,0.000178,0.999996
310.334000,0.00000,0.00000,2.18000,0.00099,0.00005,-0.00249,-0.002810,0.000062,0.000178,0.999996
310.367000,0.00000,0.00000,2.18000,0.00099,0.00005,-0.00249,-0.002810,0.000062,0.000178,0.999996
310.400000,0.00000,0.00000,2.18000,0.00099,0.00005,-0.00249,-0.002810,0.000062,0.000178,0.999996
310.434000,0.00000,0.00000,2.18000,0.00099,0.00005,-0.00249,-0.002810,0.000062,0.000178,0.999996
310.467000,0.00000,0.00000,2.18000,0.00099,0.00005,-0.00249,-0.002810,0.000062,0.000178,0.999996
310.501000,0.00000,0.00000,2.18000,0.00099,0.00005,-0.00249,-0.002810,0.000062,0.000178,0.999996
310.535000,0.00000,0.00000,2.18000,0.00114,0.00061,-0.00185,0.003021,0.000035,0.000167,0.999995
310.567000,0.00000,0.00000,2.18000,0.00114,0.00061,-0.00185,0.003021,0.000035,0.000167,0.999995
310.600000,0.00000,0.00000,2.18000,0.00114,0.00061,-0.00185,0.003021,0.000035,0.000167,0.999995
310.634000,0.00000,0.00000,2.18000,0.00114,0.00061,-0.00185,0.003021,0.000035,0.000167,0.999995
310.667000,0.00000,0.00000,2.18000,0.00114,0.00061,-0.00185,0.003021,0.000035,0.000167,0.999995
310.700000,0.00000,0.00000,2.18000,0.00114,0.00061,-0.00185,0.003021,0.000035,0.000167,0.999995
310.734000,0.00000,0.00000,2.18000,0.00114,0.00061,-0.00185,0.003021,0.000035,0.000167,0.999995
310.768000,0.00000,0.00000,2.18000,0.00112,0.00041,-0.00308,-0.003104,-0.000038,0.000239,0.999995
310.800000,0.00000,0.00000,2.18000,0.00112,0.00041,-0.00308,-0.003104,-0.000038,0.000239,0.999995
310.834000,0.00000,0.00000,2.18000,0.00112,0.00041,-0.00308,-0.003104,-0.000038,0.000239,0.999995
310.867000,0.00000,0.00000,2.18000,0.00112,0.00041,-0.00308,-0.003104,-0.000038,0.000239,0.999995
310.900000,0.00000,0.00000,2.18000,0.00112,0.00041,-0.00308,-0.003104,-0.000038,0.000239,0.999995
310.934000,0.00000,0.00000,2.18000,0.00112,0.00041,-0.00308,-0.003104,-0.000038,0.000239,0.999995
310.967000,0.00000,0.00000,2.18000,0.00112,0.00041,-0.00308,-0.003104,-0.000038,0.000239,0.999995
311.000000,0.00000,0.00000,2.18000,0.00112,0.00041,-0.00308,-0.003104,-0.000038,0.000239,0.999995
311.035000,0.00000,0.00000,2.18000,0.00102,0.00299,-0.00271,0.002276,0.000037,0.000071,0.999997
311.067000,0.00000,0.00000,2.18000,0.00102,0.00299,-0.00271,0.002276,0.000037,0.000071,0.999997
311.100000,0.00000,0.00000,2.18000,0.00102,0.00299,-0.00271,0.002276,0.000037,0.000071,0.999997
311.134000,0.00000,0.00000,2.18000,0.00102,0.00299,-0.00271,0.002276,0.000037,0.000071,0.999997
311.167000,0.00000,0.00000,2.18000,0.00102,0.00299,-0.00271,0.002276,0.000037,0.000071,0.999997
311.200000,0.00000,0.00000,2.18000,0.00102,0.00299,-0.00271,0.002276,0.000037,0.000071,0.999997
311.234000,0.00000,0.00000,2.18000,0.00102,0.00299,-0.00271,0.002276,0.000037,0.000071,0.999997
311.268000,0.00000,0.00000,2.18000,0.00102,0.00299,-0.00271,-0.002166,0.000067,0.000235,0.999998
311.301000,0.00000,0.00000,2.18000,0.00120,0.00188,0.00347,-0.002166,0.000067,0.000235,0.999998
311.334000,0.00000,0.00000,2.18000,0.00120,0.00188,0.00347,-0.002166,0.000067,0.000235,0.999998
311.367000,0.00000,0.00000,2.18000,0.00120,0.00188,0.00347,-0.002166,0.000067,0.000235,0.999998
311.400000,0.00000,0.00000,2.18000,0.00120,0.00188,0.00347,-0.002166,0.000067,0.000235,0.999998
311.434000,0.00000,0.00000,2.18000,0.00120,0.00188,0.00347,-0.002166,0.000067,0.000235,0.999998
311.467000,0.00000,0.00000,2.18000,0.00120,0.00188,0.00347,-0.002166,0.000067,0.000235,0.999998
311.500000,0.00000,0.00000,2.18000,0.00120,0.00188,0.00347,-0.002166,0.000067,0.000235,0.999998
311.535000,0.00000,0.00000,2.18000,0.00140,0.00367,0.00227,0.001555,0.000072,0.000020,0.999999
311.567000,0.00000,0.00000,2.18000,0.00140,0.00367,0.00227,0.001555,0.000072,0.000020,0.999999
311.600000,0.00000,0.00000,2.18000,0.00140,0.00367,0.00227,0.001555,0.000072,0.000020,0.999999
311.634000,0.00000,0.00000,2.18000,0.00140,0.00367,0.00227,0.001555,0.000072,0.000020,0.999999
311.667000,0.00000,0.00000,2.18000,0.00140,0.00367,0.00227,0.001555,0.000072,0.000020,0.999999
311.700000,0.00000,0.00000,2.18000,0.00140,0.00367,0.00227,0.001555,0.000072,0.000020,0.999999
311.734000,0.00000,0.00000,2.18000,0.00140,0.00367,0.00227,0.001555,0.000072,0.000020,0.999999
311.768000,0.00908,0.00000,2.18000,0.00141,-0.00023,0.00039,0.000034,-0.000224,0.000254,1.000000
311.800000,0.00908,0.00000,2.18000,0.00141,-0.00023,0.00039,0.000034,-0.000224,0.000254,1.000000
311.834000,0.00908,0.00000,2.18000,0.00141,-0.00023,0.00039,0.000034,-0.000224,0.000254,1.000000
311.867000,0.00908,0.00000,2.18000,0.00141,-0.00023,0.00039,0.000034,-0.000224,0.000254,1.000000
311.900000,0.00908,0.00000,2.18000,0.00141,-0.00023,0.00039,0.000034,-0.000224,0.000254,1.000000
311.934000,0.00908,0.00000,2.18000,0.00141,-0.00023,0.00039,0.000034,-0.000224,0.000254,1.000000
311.967000,0.00908,0.00000,2.18000,0.00141,-0.00023,0.00039,0.000034,-0.000224,0.000254,1.000000
312.001000,0.00908,0.00000,2.18000,0.00141,-0.00023,0.00039,0.000034,-0.000224,0.000254,1.000000
312.035000,0.00908,0.00000,2.18000,-0.00230,0.00296,0.00136,-0.000558,-0.000983,0.000057,0.999999
312.067000,0.00908,0.00000,2.18000,-0.00230,0.00296,0.00136,-0.000558,-0.000983,0.000057,0.999999
312.100000,0.00908,0.00000,2.18000,-0.00230,0.00296,0.00136,-0.000558,-0.000983,0.000057,0.999999
312.134000,0.00908,0.00000,2.18000,-0.00230,0.00296,0.00136,-0.000558,-0.000983,0.000057,0.999999
312.167000,0.00908,0.00000,2.18000,-0.00230,0.00296,0.00136,-0.000558,-0.000983,0.000057,0.999999
312.200000,0.00908,0.00000,2.18000,-0.00230,0.00296,0.00136,-0.000558,-0.000983,0.000057,0.999999
312.234000,0.00908,0.00000,2.18000,-0.00230,0.00296,0.00136,-0.000558,-0.000983,0.000057,0.999999
312.267000,0.00908,0.00000,2.18000,-0.00230,0.00296,0.00136,0.001606,-0.000539,0.000224,0.999999
312.301000,0.00908,0.00000,2.17000,-0.00611,-0.00006,-0.00009,0.001606,-0.000539,0.000224,0.999999
312.334000,0.00908,0.00000,2.17000,-0.00611,-0.00006,-0.00009,0.001606,-0.000539,0.000224,0.999999
312.367000,0.00908,0.00000,2.17000,-0.00611,-0.00006,-0.00009,0.001606,-0.000539,0.000224,0.999999
312.401000,0.00908,0.00000,2.17000,-0.00611,-0.00006,-0.00009,0.001606,-0.000539,0.000224,0.999999
312.434000,0.00908,0.00000,2.17000,-0.00611,-0.00006,-0.00009,0.001606,-0.000539,0.000224,0.999999
312.467000,0.00908,0.00000,2.17000,-0.00611,-0.00006,-0.00009,0.001606,-0.000539,0.000224,0.999999
312.500000,0.00908,0.00000,2.17000,-0.00611,-0.00006,-0.00009,0.001606,-0.000539,0.000224,0.999999
312.535000,0.00908,0.00000,2.18000,-0.00778,0.00245,0.00397,-0.001777,-0.000248,-0.000053,0.999998
312.567000,0.00908,0.00000,2.18000,-0.00778,0.00245,0.00397,-0.001777,-0.000248,-0.000053,0.999998
312.600000,0.00908,0.00000,2.18000,-0.00778,0.00245,0.00397,-0.001777,-0.000248,-0.000053,0.999998
312.634000,0.00908,0.00000,2.18000,-0.00778,0.00245,0.00397,-0.001777,-0.000248,-0.000053,0.999998
312.667000,0.00908,0.00000,2.18000,-0.00778,0.00245,0.00397,-0.001777,-0.000248,-0.000053,0.999998
312.701000,0.00908,0.00000,2.18000,-0.00778,0.00245,0.00397,-0.001777,-0.000248,-0.000053,0.999998
312.734000,0.00908,0.00000,2.18000,-0.00778,0.00245,0.00397,-0.001777,-0.000248,-0.000053,0.999998
312.768000,0.00908,0.01113,2.18000,-0.00872,-0.00140,-0.00005,0.003631,-0.000116,0.000263,0.999993
312.800000,0.00908,0.01113,2.18000,-0.00872,-0.00140,-0.00005,0.003631,-0.000116,0.000263,0.999993
312.834000,0.00908,0.01113,2.18000,-0.00872,-0.00140,-0.00005,0.003631,-0.000116,0.000263,0.999993
312.867000,0.00908,0.01113,2.18000,-0.00872,-0.00140,-0.00005,0.003631,-0.000116,0.000263,0.999993
312.900000,0.00908,0.01113,2.18000,-0.00872,-0.00140,-0.00005,0.003631,-0.000116,0.000263,0.999993
312.934000,0.00908,0.01113,2.18000,-0.00872,-0.00140,-0.00005,0.003631,-0.000116,0.000263,0.999993
312.967000,0.00908,0.01113,2.18000,-0.00872,-0.00140,-0.00005,0.003631,-0.000116,0.000263,0.999993
313.001000,0.00908,0.01113,2.18000,-0.00872,-0.00140,-0.00005,0.003631,-0.000116,0.000263,0.999993
313.035000,0.00908,0.01113,2.18000,-0.00910,-0.00609,-0.00075,-0.001764,-0.000113,0.000053,0.999998
313.067000,0.00908,0.01113,2.18000,-0.00910,-0.00609,-0.00075,-0.001764,-0.000113,0.000053,0.999998
313.100000,0.00908,0.01113,2.18000,-0.00910,-0.00609,-0.00075,-0.001764,-0.000113,0.000053,0.999998
313.134000,0.00908,0.01113,2.18000,-0.00910,-0.00609,-0.00075,-0.001764,-0.000113,0.000053,0.999998
313.167000,0.00908,0.01113,2.18000,-0.00910,-0.00609,-0.00075,-0.001764,-0.000113,0.000053,0.999998
313.200000,0.00908,0.01113,2.18000,-0.00910,-0.00609,-0.00075,-0.001764,-0.000113,0.000053,0.999998
313.234000,0.00908,0.01113,2.18000,-0.00910,-0.00609,-0.00075,-0.001764,-0.000113,0.000053,0.999998
313.268000,0.00908,0.01113,2.18000,-0.00910,-0.00609,-0.00075,0.003476,-0.000056,0.000052,0.999994
313.301000,0.00000,0.01113,2.18000,-0.00957,-0.00965,-0.00457,0.003476,-0.000056,0.000052,0.999994
313.334000,0.00000,0.01113,2.18000,-0.00957,-0.00965,-0.00457,0.003476,-0.000056,0.000052,0.999994
313.367000,0.00000,0.01113,2.18000,-0.00957,-0.00965,-0.00457,0.003476,-0.000056,0.000052,0.999994
313.400000,0.00000,0.01113,2.18000,-0.00957,-0.00965,-0.00457,0.003476,-0.000056,0.000052,0.999994
313.434000,0.00000,0.01113,2.18000,-0.00957,-0.00965,-0.00457,0.003476,-0.000056,0.000052,0.999994
313.467000,0.00000,0.01113,2.18000,-0.00957,-0.00965,-0.00457,0.003476,-0.000056,0.000052,0.999994
313.500000,0.00000,0.01113,2.18000,-0.00957,-0.00965,-0.00457,0.003476,-0.000056,0.000052,0.999994
313.535000,0.00000,0.01113,2.18000,-0.00693,-0.01270,-0.00285,-0.002121,0.000937,0.000236,0.999997
313.567000,0.00000,0.01113,2.18000,-0.00693,-0.01270,-0.00285,-0.002121,0.000937,0.000236,0.999997
313.600000,0.00000,0.01113,2.18000,-0.00693,-0.01270,-0.00285,-0.002121,0.000937,0.000236,0.999997
313.634000,0.00000,0.01113,2.18000,-0.00693,-0.01270,-0.00285,-0.002121,0.000937,0.000236,0.999997
313.667000,0.00000,0.01113,2.18000,-0.00693,-0.01270,-0.00285,-0.002121,0.000937,0.000236,0.999997
313.700000,0.00000,0.01113,2.18000,-0.00693,-0.01270,-0.00285,-0.002121,0.000937,0.000236,0.999997
313.734000,0.00000,0.01113,2.18000,-0.00693,-0.01270,-0.00285,-0.002121,0.000937,0.000236,0.999997
313.768000,0.00000,0.01113,2.18000,-0.00279,-0.01222,-0.00060,0.002431,0.000666,0.000082,0.999997
313.800000,0.00000,0.01113,2.18000,-0.00279,-0.01222,-0.00060,0.002431,0.000666,0.000082,0.999997
313.834000,0.00000,0.01113,2.18000,-0.00279,-0.01222,-0.00060,0.002431,0.000666,0.000082,0.999997
313.867000,0.00000,0.01113,2.18000,-0.00279,-0.01222,-0.00060,0.002431,0.000666,0.000082,0.999997
313.900000,0.00000,0.01113,2.18000,-0.00279,-0.01222,-0.00060,0.002431,0.000666,0.000082,0.999997
313.934000,0.00000,0.01113,2.18000,-0.00279,-0.01222,-0.00060,0.002431,0.000666,0.000082,0.999997
313.967000,0.00000,0.01113,2.18000,-0.00279,-0.01222,-0.00060,0.002431,0.000666,0.000082,0.999997
314.000000,0.00000,0.01113,2.18000,-0.00279,-0.01222,-0.00060,0.002431,0.000666,0.000082,0.999997
314.035000,0.00000,0.00000,2.18000,-0.00042,-0.01477,0.00084,-0.001716,0.000291,0.000117,0.999998
314.067000,0.00000,0.00000,2.18000,-0.00042,-0.01477,0.00084,-0.001716,0.000291,0.000117,0.999998
314.100000,0.00000,0.00000,2.18000,-0.00042,-0.01477,0.00084,-0.001716,0.000291,0.000117,0.999998
314.134000,0.00000,0.00000,2.18000,-0.00042,-0.01477,0.00084,-0.001716,0.000291,0.000117,0.999998
314.167000,0.00000,0.00000,2.18000,-0.00042,-0.01477,0.00084,-0.001716,0.000291,0.000117,0.999998
314.200000,0.00000,0.00000,2.18000,-0.00042,-0.01477,0.00084,-0.001716,0.000291,0.000117,0.999998
314.234000,0.00000,0.00000,2.18000,-0.00042,-0.01477,0.00084,-0.001716,0.000291,0.000117,0.999998
314.267000,0.00000,0.00000,2.18000,-0.00042,-0.01477,0.00084,-0.000633,0.000201,-0.000045,1.000000
314.301000,0.00000,0.00000,2.18000,0.00056,-0.00690,0.00262,-0.000633,0.000201,-0.000045,1.000000
314.334000,0.00000,0.00000,2.18000,0.00056,-0.00690,0.00262,-0.000633,0.000201,-0.000045,1.000000
314.367000,0.00000,0.00000,2.18000,0.00056,-0.00690,0.00262,-0.000633,0.000201,-0.000045,1.000000
314.400000,0.00000,0.00000,2.18000,0.00056,-0.00690,0.00262,-0.000633,0.000201,-0.000045,1.000000
314.434000,0.00000,0.00000,2.18000,0.00056,-0.00690,0.00262,-0.000633,0.000201,-0.000045,1.000000
314.467000,0.00000,0.00000,2.18000,0.00056,-0.00690,0.00262,-0.000633,0.000201,-0.000045,1.000000
314.500000,0.00000,0.00000,2.18000,0.00056,-0.00690,0.00262,-0.000633,0.000201,-0.000045,1.000000
314.535000,0.00000,0.00000,2.17000,0.00132,-0.00540,-0.00136,0.000326,0.000102,0.000212,1.000000
314.567000,0.00000,0.00000,2.17000,0.00132,-0.00540,-0.00136,0.000326,0.000102,0.000212,1.000000
314.600000,0.00000,0.00000,2.17000,0.00132,-0.00540,-0.00136,0.000326,0.000102,0.000212,1.000000
314.634000,0.00000,0.00000,2.17000,0.00132,-0.00540,-0.00136,0.000326,0.000102,0.000212,1.000000
314.667000,0.00000,0.00000,2.17000,0.00132,-0.00540,-0.00136,0.000326,0.000102,0.000212,1.000000
314.700000,0.00000,0.00000,2.17000,0.00132,-0.00540,-0.00136,0.000326,0.000102,0.000212,1.000000
314.734000,0.00000,0.00000,2.17000,0.00132,-0.00540,-0.00136,0.000326,0.000102,0.000212,1.000000
314.768000,0.00000,0.00000,2.18000,0.00157,0.00005,0.00512,-0.002255,0.000033,-0.000028,0.999997
314.800000,0.00000,0.00000,2.18000,0.00157,0.00005,0.00512,-0.002255,0.000033,-0.000028,0.999997
314.834000,0.00000,0.00000,2.18000,0.00157,0.00005,0.00512,-0.002255,0.000033,-0.000028,0.999997
314.868000,0.00000,0.00000,2.18000,0.00157,0.00005,0.00512,-0.002255,0.000033,-0.000028,0.999997
314.900000,0.00000,0.00000,2.18000,0.00157,0.00005,0.00512,-0.002255,0.000033,-0.000028,0.999997
314.934000,0.00000,0.00000,2.18000,0.00157,0.00005,0.00512,-0.002255,0.000033,-0.000028,0.999997
314.967000,0.00000,0.00000,2.18000,0.00157,0.00005,0.00512,-0.002255,0.000033,-0.000028,0.999997
315.000000,0.00000,0.00000,2.18000,0.00157,0.00005,0.00512,-0.002255,0.000033,-0.000028,0.999997
315.035000,0.00000,0.00000,2.18000,0.00178,-0.00056,0.00104,0.001667,0.000066,0.000180,0.999999
315.067000,0.00000,0.00000,2.18000,0.00178,-0.00056,0.00104,0.001667,0.000066,0.000180,0.999999
315.100000,0.00000,0.00000,2.18000,0.00178,-0.00056,0.00104,0.001667,0.000066,0.000180,0.999999
315.134000,0.00000,0.00000,2.18000,0.00178,-0.00056,0.00104,0.001667,0.000066,0.000180,0.999999
315.167000,0.00000,0.00000,2.18000,0.00178,-0.00056,0.00104,0.001667,0.000066,0.000180,0.999999
315.200000,0.00000,0.00000,2.18000,0.00178,-0.00056,0.00104,0.001667,0.000066,0.000180,0.999999
315.234000,0.00000,0.00000,2.18000,0.00178,-0.00056,0.00104,0.001667,0.000066,0.000180,0.999999
315.268000,0.00000,0.00000,2.18000,0.00178,-0.00056,0.00104,-0.002753,-0.000037,0.000057,0.999996
315.300000,0.00000,0.00000,2.18000,0.00194,0.00132,-0.00411,-0.002753,-0.000037,0.000057,0.999996
315.334000,0.00000,0.00000,2.18000,0.00194,0.00132,-0.00411,-0.002753,-0.000037,0.000057,0.999996
315.367000,0.00000,0.00000,2.18000,0.00194,0.00132,-0.00411,-0.002753,-0.000037,0.000057,0.999996
315.400000,0.00000,0.00000,2.18000,0.00194,0.00132,-0.00411,-0.002753,-0.000037,0.000057,0.999996
315.435000,0.00000,0.00000,2.18000,0.00194,0.00132,-0.00411,-0.002753,-0.000037,0.000057,0.999996
315.467000,0.00000,0.00000,2.18000,0.00194,0.00132,-0.00411,-0.002753,-0.000037,0.000057,0.999996
315.500000,0.00000,0.00000,2.18000,0.00194,0.00132,-0.00411,-0.002753,-0.000037,0.000057,0.999996
315.535000,0.00000,0.00000,2.18000,0.00174,-0.00006,-0.00400,0.002741,-0.000051,0.000144,0.999996
315.567000,0.00000,0.00000,2.18000,0.00174,-0.00006,-0.00400,0.002741,-0.000051,0.000144,0.999996
315.600000,0.00000,0.00000,2.18000,0.00174,-0.00006,-0.00400,0.002741,-0.000051,0.000144,0.999996
315.634000,0.00000,0.00000,2.18000,0.00174,-0.00006,-0.00400,0.002741,-0.000051,0.000144,0.999996
315.667000,0.00000,0.00000,2.18000,0.00174,-0.00006,-0.00400,0.002741,-0.000051,0.000144,0.999996
315.700000,0.00000,0.00000,2.18000,0.00174,-0.00006,-0.00400,0.002741,-0.000051,0.000144,0.999996
315.734000,0.00000,0.00000,2.18000,0.00174,-0.00006,-0.00400,0.002741,-0.000051,0.000144,0.999996
315.768000,0.00000,0.00000,2.18000,0.00135,0.00029,-0.00384,-0.003057,-0.000046,0.000050,0.999995
315.800000,0.00000,0.00000,2.18000,0.00135,0.00029,-0.00384,-0.003057,-0.000046,0.000050,0.999995
315.834000,0.00000,0.00000,2.18000,0.00135,0.00029,-0.00384,-0.003057,-0.000046,0.000050,0.999995
315.867000,0.00000,0.00000,2.18000,0.00135,0.00029,-0.00384,-0.003057,-0.000046,0.000050,0.999995
315.900000,0.00000,0.00000,2.18000,0.00135,0.00029,-0.00384,-0.003057,-0.000046,0.000050,0.999995
315.934000,0.00000,0.00000,2.18000,0.00135,0.00029,-0.00384,-0.003057,-0.000046,0.000050,0.999995
315.967000,0.00000,0.00000,2.18000,0.00135,0.00029,-0.00384,-0.003057,-0.000046,0.000050,0.999995
316.000000,0.00000,0.00000,2.18000,0.00135,0.00029,-0.00384,-0.003057,-0.000046,0.000050,0.999995
316.035000,0.00000,0.00000,2.18000,0.00139,0.00097,-0.00048,0.002660,0.000054,0.000101,0.999996
316.067000,0.00000,0.00000,2.18000,0.00139,0.00097,-0.00048,0.002660,0.000054,0.000101,0.999996
316.100000,0.00000,0.00000,2.18000,0.00139,0.00097,-0.00048,0.002660,0.000054,0.000101,0.999996
316.134000,0.00000,0.00000,2.18000,0.00139,0.00097,-0.00048,0.002660,0.000054,0.000101,0.999996
316.167000,0.00000,0.00000,2.18000,0.00139,0.00097,-0.00048,0.002660,0.000054,0.000101,0.999996
316.200000,0.00000,0.00000,2.18000,0.00139,0.00097,-0.00048,0.002660,0.000054,0.000101,0.999996
316.234000,0.00000,0.00000,2.18000,0.00139,0.00097,-0.00048,0.002660,0.000054,0.000101,0.999996
316.268000,0.00000,0.00000,2.18000,0.00139,0.00097,-0.00048,-0.002340,-0.000066,0.000134,0.999997
316.301000,0.00000,0.00000,2.18000,0.00150,-0.00055,-0.00021,-0.002340,-0.000066,0.000134,0.999997
316.334000,0.00000,0.00000,2.18000,0.00150,-0.00055,-0.00021,-0.002340,-0.000066,0.000134,0.999997
316.367000,0.00000,0.00000,2.18000,0.00150,-0.00055,-0.00021,-0.002340,-0.000066,0.000134,0.999997
316.400000,0.00000,0.00000,2.18000,0.00150,-0.00055,-0.00021,-0.002340,-0.000066,0.000134,0.999997
316.434000,0.00000,0.00000,2.18000,0.00150,-0.00055,-0.00021,-0.002340,-0.000066,0.000134,0.999997
316.467000,0.00000,0.00000,2.18000,0.00150,-0.00055,-0.00021,-0.002340,-0.000066,0.000134,0.999997
316.500000,0.00000,0.00000,2.18000,0.00150,-0.00055,-0.00021,-0.002340,-0.000066,0.000134,0.999997
316.535000,0.00000,0.00000,2.18000,0.00104,0.00226,0.00475,0.001304,-0.000061,-0.000087,0.999999
316.567000,0.00000,0.00000,2.18000,0.00104,0.00226,0.00475,0.001304,-0.000061,-0.000087,0.999999
316.600000,0.00000,0.00000,2.18000,0.00104,0.00226,0.00475,0.001304,-0.000061,-0.000087,0.999999
316.634000,0.00000,0.00000,2.18000,0.00104,0.00226,0.00475,0.001304,-0.000061,-0.000087,0.999999
316.667000,0.00000,0.00000,2.18000,0.00104,0.00226,0.00475,0.001304,-0.000061,-0.000087,0.999999
316.700000,0.00000,0.00000,2.18000,0.00104,0.00226,0.00475,0.001304,-0.000061,-0.000087,0.999999
316.734000,0.00000,0.00000,2.18000,0.00104,0.00226,0.00475,0.001304,-0.000061,-0.000087,0.999999
316.768000,0.00000,0.00000,2.18000,0.00099,-0.00038,0.00259,-0.000752,0.000073,0.000176,1.000000
316.800000,0.00000,0.00000,2.18000,0.00099,-0.00038,0.00259,-0.000752,0.000073,0.000176,1.000000
316.834000,0.00000,0.00000,2.18000,0.00099,-0.00038,0.00259,-0.000752,0.000073,0.000176,1.000000
316.867000,0.00000,0.00000,2.18000,0.00099,-0.00038,0.00259,-0.000752,0.000073,0.000176,1.000000
316.900000,0.00000,0.00000,2.18000,0.00099,-0.00038,0.00259,-0.000752,0.000073,0.000176,1.000000
316.934000,0.00000,0.00000,2.18000,0.00099,-0.00038,0.00259,-0.000752,0.000073,0.000176,1.000000
316.967000,0.00000,0.00000,2.18000,0.00099,-0.00038,0.00259,-0.000752,0.000073,0.000176,1.000000
317.000000,0.00000,0.00000,2.18000,0.00099,-0.00038,0.00259,-0.000752,0.000073,0.000176,1.000000
317.035000,0.00000,0.00000,2.18000,0.00126,0.00333,0.00301,-0.000531,0.000050,-0.000088,1.000000
317.067000,0.00000,0.00000,2.18000,0.00126,0.00333,0.00301,-0.000531,0.000050,-0.000088,1.000000
317.100000,0.00000,0.00000,2.18000,0.00126,0.00333,0.00301,-0.000531,0.000050,-0.000088,1.000000
317.134000,0.00000,0.00000,2.18000,0.00126,0.00333,0.00301,-0.000531,0.000050,-0.000088,1.000000
317.167000,0.00000,0.00000,2.18000,0.00126,0.00333,0.00301,-0.000531,0.000050,-0.000088,1.000000
317.200000,0.00000,0.00000,2.18000,0.00126,0.00333,0.00301,-0.000531,0.000050,-0.000088,1.000000
317.234000,0.00000,0.00000,2.18000,0.00126,0.00333,0.00301,-0.000531,0.000050,-0.000088,1.000000
317.268000,0.00000,0.00000,2.18000,0.00126,0.00333,0.00301,0.001715,0.000076,0.000200,0.999999
317.300000,0.00000,0.00000,2.17000,0.00163,0.00056,-0.00184,0.001715,0.000076,0.000200,0.999999
317.334000,0.00000,0.00000,2.17000,0.00163,0.00056,-0.00184,0.001715,0.000076,0.000200,0.999999
317.367000,0.00000,0.00000,2.17000,0.00163,0.00056,-0.00184,0.001715,0.000076,0.000200,0.999999
317.400000,0.00000,0.00000,2.17000,0.00163,0.00056,-0.00184,0.001715,0.000076,0.000200,0.999999
317.434000,0.00000,0.00000,2.17000,0.00163,0.00056,-0.00184,0.001715,0.000076,0.000200,0.999999
317.467000,0.00000,0.00000,2.17000,0.00163,0.00056,-0.00184,0.001715,0.000076,0.000200,0.999999
317.500000,0.00000,0.00000,2.17000,0.00163,0.00056,-0.00184,0.001715,0.000076,0.000200,0.999999
317.535000,0.00000,0.00000,2.18000,0.00202,0.00232,0.00357,-0.002101,-0.000014,0.000073,0.999998
317.567000,0.00000,0.00000,2.18000,0.00202,0.00232,0.00357,-0.002101,-0.000014,0.000073,0.999998
317.600000,0.00000,0.00000,2.18000,0.00202,0.00232,0.00357,-0.002101,-0.000014,0.000073,0.999998
317.634000,0.00000,0.00000,2.18000,0.00202,0.00232,0.00357,-0.002101,-0.000014,0.000073,0.999998
317.667000,0.00000,0.00000,2.18000,0.00202,0.00232,0.00357,-0.002101,-0.000014,0.000073,0.999998
317.700000,0.00000,0.00000,2.18000,0.00202,0.00232,0.00357,-0.002101,-0.000014,0.000073,0.999998
317.734000,0.00000,0.00000,2.18000,0.00202,0.00232,0.00357,-0.002101,-0.000014,0.000073,0.999998
317.768000,0.00000,0.00000,2.18000,0.00193,0.00114,-0.00019,0.002945,-0.000038,0.000229,0.999996
317.801000,0.00000,0.00000,2.18000,0.00193,0.00114,-0.00019,0.002945,-0.000038,0.000229,0.999996
317.834000,0.00000,0.00000,2.18000,0.00193,0.00114,-0.00019,0.002945,-0.000038,0.000229,0.999996
317.867000,0.00000,0.00000,2.18000,0.00193,0.00114,-0.00019,0.002945,-0.000038,0.000229,0.999996
317.900000,0.00000,0.00000,2.18000,0.00193,0.00114,-0.00019,0.002945,-0.000038,0.000229,0.999996
317.934000,0.00000,0.00000,2.18000,0.00193,0.00114,-0.00019,0.002945,-0.000038,0.000229,0.999996
317.967000,0.00000,0.00000,2.18000,0.00193,0.00114,-0.00019,0.002945,-0.000038,0.000229,0.999996
318.000000,0.00000,0.00000,2.18000,0.00193,0.00114,-0.00019,0.002945,-0.000038,0.000229,0.999996
318.035000,0.00000,0.00000,2.18000,0.00158,0.00197,-0.00088,-0.002744,-0.000068,-0.000009,0.999996
318.067000,0.00000,0.00000,2.18000,0.00158,0.00197,-0.00088,-0.002744,-0.000068,-0.000009,0.999996
318.100000,0.00000,0.00000,2.18000,0.00158,0.00197,-0.00088,-0.002744,-0.000068,-0.000009,0.999996
318.134000,0.00000,0.00000,2.18000,0.00158,0.00197,-0.00088,-0.002744,-0.000068,-0.000009,0.999996
318.167000,0.00000,0.00000,2.18000,0.00158,0.00197,-0.00088,-0.002744,-0.000068,-0.000009,0.999996
318.200000,0.00000,0.00000,2.18000,0.00158,0.00197,-0.00088,-0.002744,-0.000068,-0.000009,0.999996
318.234000,0.00000,0.00000,2.18000,0.00158,0.00197,-0.00088,-0.002744,-0.000068,-0.000009,0.999996
318.268000,0.00000,0.00000,2.18000,0.00136,0.00119,-0.00316,0.003271,-0.000021,0.000128,0.999995
318.300000,0.00000,0.00000,2.18000,0.00136,0.00119,-0.00316,0.003271,-0.000021,0.000128,0.999995
318.334000,0.00000,0.00000,2.18000,0.00136,0.00119,-0.00316,0.003271,-0.000021,0.000128,0.999995
318.367000,0.00000,0.00000,2.18000,0.00136,0.00119,-0.00316,0.003271,-0.000021,0.000128,0.999995
318.400000,0.00000,0.00000,2.18000,0.00136,0.00119,-0.00316,0.003271,-0.000021,0.000128,0.999995
318.434000,0.00000,0.00000,2.18000,0.00136,0.00119,-0.00316,0.003271,-0.000021,0.000128,0.999995
318.467000,0.00000,0.00000,2.18000,0.00136,0.00119,-0.00316,0.003271,-0.000021,0.000128,0.999995
318.500000,0.00000,0.00000,2.18000,0.00136,0.00119,-0.00316,0.003271,-0.000021,0.000128,0.999995
318.535000,0.00000,0.00000,2.18000,0.00116,0.00029,-0.00133,-0.002694,-0.000063,0.000113,0.999996
318.567000,0.00000,0.00000,2.18000,0.00116,0.00029,-0.00133,-0.002694,-0.000063,0.000113,0.999996
318.600000,0.00000,0.00000,2.18000,0.00116,0.00029,-0.00133,-0.002694,-0.000063,0.000113,0.999996
318.634000,0.00000,0.00000,2.18000,0.00116,0.00029,-0.00133,-0.002694,-0.000063,0.000113,0.999996
318.667000,0.00000,0.00000,2.18000,0.00116,0.00029,-0.00133,-0.002694,-0.000063,0.000113,0.999996
318.701000,0.00000,0.00000,2.18000,0.00116,0.00029,-0.00133,-0.002694,-0.000063,0.000113,0.999996
318.734000,0.00000,0.00000,2.18000,0.00116,0.00029,-0.00133,-0.002694,-0.000063,0.000113,0.999996
318.768000,0.00000,0.00000,2.18000,0.00102,0.00215,-0.00091,0.002371,-0.000015,0.000057,0.999997
318.800000,0.00000,0.00000,2.18000,0.00102,0.00215,-0.00091,0.002371,-0.000015,0.000057,0.999997
318.834000,0.00000,0.00000,2.18000,0.00102,0.00215,-0.00091,0.002371,-0.000015,0.000057,0.999997
318.867000,0.00000,0.00000,2.18000,0.00102,0.00215,-0.00091,0.002371,-0.000015,0.000057,0.999997
318.900000,0.00000,0.00000,2.18000,0.00102,0.00215,-0.00091,0.002371,-0.000015,0.000057,0.999997
318.934000,0.00000,0.00000,2.18000,0.00102,0.00215,-0.00091,0.002371,-0.000015,0.000057,0.999997
318.967000,0.00000,0.00000,2.18000,0.00102,0.00215,-0.00091,0.002371,-0.000015,0.000057,0.999997
319.000000,0.00000,0.00000,2.18000,0.00102,0.00215,-0.00091,0.002371,-0.000015,0.000057,0.999997
319.035000,0.00000,0.00000,2.18000,0.00101,-0.00067,-0.00090,-0.001354,0.000002,0.000224,0.999999
319.067000,0.00000,0.00000,2.18000,0.00101,-0.00067,-0.00090,-0.001354,0.000002,0.000224,0.999999
319.100000,0.00000,0.00000,2.18000,0.00101,-0.00067,-0.00090,-0.001354,0.000002,0.000224,0.999999
319.134000,0.00000,0.00000,2.18000,0.00101,-0.00067,-0.00090,-0.001354,0.000002,0.000224,0.999999
319.167000,0.00000,0.00000,2.18000,0.00101,-0.00067,-0.00090,-0.001354,0.000002,0.000224,0.999999
319.200000,0.00000,0.00000,2.18000,0.00101,-0.00067,-0.00090,-0.001354,0.000002,0.000224,0.999999
319.234000,0.00000,0.00000,2.18000,0.00101,-0.00067,-0.00090,-0.001354,0.000002,0.000224,0.999999
319.268000,0.00000,0.00000,2.18000,0.00101,-0.00067,-0.00090,0.001065,0.000051,0.000058,0.999999
319.301000,0.00000,0.00000,2.18000,0.00110,0.00176,0.00057,0.001065,0.000051,0.000058,0.999999
319.334000,0.00000,0.00000,2.18000,0.00110,0.00176,0.00057,0.001065,0.000051,0.000058,0.999999
319.367000,0.00000,0.00000,2.18000,0.00110,0.00176,0.00057,0.001065,0.000051,0.000058,0.999999
319.400000,0.00000,0.00000,2.18000,0.00110,0.00176,0.00057,0.001065,0.000051,0.000058,0.999999
319.434000,0.00000,0.00000,2.18000,0.00110,0.00176,0.00057,0.001065,0.000051,0.000058,0.999999
319.467000,0.00000,0.00000,2.18000,0.00110,0.00176,0.00057,0.001065,0.000051,0.000058,0.999999
319.500000,0.00000,0.00000,2.18000,0.00110,0.00176,0.00057,0.001065,0.000051,0.000058,0.999999
319.535000,0.00000,0.00000,2.17000,0.00135,-0.00096,0.00154,0.000191,0.000053,0.000230,1.000000
319.567000,0.00000,0.00000,2.17000,0.00135,-0.00096,0.00154,0.000191,0.000053,0.000230,1.000000
319.600000,0.00000,0.00000,2.17000,0.00135,-0.00096,0.00154,0.000191,0.000053,0.000230,1.000000
319.634000,0.00000,0.00000,2.17000,0.00135,-0.00096,0.00154,0.000191,0.000053,0.000230,1.000000
319.667000,0.00000,0.00000,2.17000,0.00135,-0.00096,0.00154,0.000191,0.000053,0.000230,1.000000
319.700000,0.00000,0.00000,2.17000,0.00135,-0.00096,0.00154,0.000191,0.000053,0.000230,1.000000
319.734000,0.00000,0.00000,2.17000,0.00135,-0.00096,0.00154,0.000191,0.000053,0.000230,1.000000
319.768000,0.00000,0.00000,2.18000,0.00144,0.00217,0.00266,-0.001026,-0.000010,-0.000001,0.999999
319.800000,0.00000,0.00000,2.18000,0.00144,0.00217,0.00266,-0.001026,-0.000010,-0.000001,0.999999
319.834000,0.00000,0.00000,2.18000,0.00144,0.00217,0.00266,-0.001026,-0.000010,-0.000001,0.999999
319.867000,0.00000,0.00000,2.18000,0.00144,0.00217,0.00266,-0.001026,-0.000010,-0.000001,0.999999
319.900000,0.00000,0.00000,2.18000,0.00144,0.00217,0.00266,-0.001026,-0.000010,-0.000001,0.999999
319.934000,0.00000,0.00000,2.18000,0.00144,0.00217,0.00266,-0.001026,-0.000010,-0.000001,0.999999
319.967000,0.00000,0.00000,2.18000,0.00144,0.00217,0.00266,-0.001026,-0.000010,-0.000001,0.999999
320.000000,0.00000,0.00000,2.18000,0.00144,0.00217,0.00266,-0.001026,-0.000010,-0.000001,0.999999
320.035000,0.00000,0.00000,2.18000,0.00132,-0.00145,0.00197,0.002225,-0.000050,0.000288,0.999997
320.067000,0.00000,0.00000,2.18000,0.00132,-0.00145,0.00197,0.002225,-0.000050,0.000288,0.999997
320.100000,0.00000,0.00000,2.18000,0.00132,-0.00145,0.00197,0.002225,-0.000050,0.000288,0.999997
320.134000,0.00000,0.00000,2.18000,0.00132,-0.00145,0.00197,0.002225,-0.000050,0.000288,0.999997
320.167000,0.00000,0.00000,2.18000,0.00132,-0.00145,0.00197,0.002225,-0.000050,0.000288,0.999997
320.200000,0.00000,0.00000,2.18000,0.00132,-0.00145,0.00197,0.002225,-0.000050,0.000288,0.999997
320.234000,0.00000,0.00000,2.18000,0.00132,-0.00145,0.00197,0.002225,-0.000050,0.000288,0.999997
320.268000,0.00000,0.00000,2.18000,0.00119,0.00003,-0.00264,-0.002692,0.000008,0.000061,0.999996
320.300000,0.00000,0.00000,2.18000,0.00119,0.00003,-0.00264,-0.002692,0.000008,0.000061,0.999996
320.334000,0.00000,0.00000,2.18000,0.00119,0.00003,-0.00264,-0.002692,0.000008,0.000061,0.999996
320.367000,0.00000,0.00000,2.18000,0.00119,0.00003,-0.00264,-0.002692,0.000008,0.000061,0.999996
320.401000,0.00000,0.00000,2.18000,0.00119,0.00003,-0.00264,-0.002692,0.000008,0.000061,0.999996
320.434000,0.00000,0.00000,2.18000,0.00119,0.00003,-0.00264,-0.002692,0.000008,0.000061,0.999996
320.467000,0.00000,0.00000,2.18000,0.00119,0.00003,-0.00264,-0.002692,0.000008,0.000061,0.999996
320.500000,0.00000,0.00000,2.18000,0.00119,0.00003,-0.00264,-0.002692,0.000008,0.000061,0.999996
320.535000,0.00000,0.00000,2.18000,0.00119,-0.00082,-0.00245,0.002971,-0.000055,0.000040,0.999996
320.567000,0.00000,0.00000,2.18000,0.00119,-0.00082,-0.00245,0.002971,-0.000055,0.000040,0.999996
320.600000,0.00000,0.00000,2.18000,0.00119,-0.00082,-0.00245,0.002971,-0.000055,0.000040,0.999996
320.634000,0.00000,0.00000,2.18000,0.00119,-0.00082,-0.00245,0.002971,-0.000055,0.000040,0.999996
320.667000,0.00000,0.00000,2.18000,0.00119,-0.00082,-0.00245,0.002971,-0.000055,0.000040,0.999996
320.701000,0.00000,0.00000,2.18000,0.00119,-0.00082,-0.00245,0.002971,-0.000055,0.000040,0.999996
320.735000,0.00000,0.00000,2.18000,0.00119,-0.00082,-0.00245,0.002971,-0.000055,0.000040,0.999996
320.768000,0.00000,0.00000,2.18000,0.00068,-0.00104,-0.00393,-0.003109,-0.000066,0.000074,0.999995
320.800000,0.00000,0.00000,2.18000,0.00068,-0.00104,-0.00393,-0.003109,-0.000066,0.000074,0.999995
320.834000,0.00000,0.00000,2.18000,0.00068,-0.00104,-0.00393,-0.003109,-0.000066,0.000074,0.999995
320.867000,0.00000,0.00000,2.18000,0.00068,-0.00104,-0.00393,-0.003109,-0.000066,0.000074,0.999995
320.900000,0.00000,0.00000,2.18000,0.00068,-0.00104,-0.00393,-0.003109,-0.000066,0.000074,0.999995
320.934000,0.00000,0.00000,2.18000,0.00068,-0.00104,-0.00393,-0.003109,-0.000066,0.000074,0.999995
320.967000,0.00000,0.00000,2.18000,0.00068,-0.00104,-0.00393,-0.003109,-0.000066,0.000074,0.999995
321.000000,0.00000,0.00000,2.18000,0.00068,-0.00104,-0.00393,-0.003109,-0.000066,0.000074,0.999995
321.035000,0.00000,0.00000,2.18000,0.00082,0.00086,-0.00214,0.002325,0.000051,0.000055,0.999997
321.067000,0.00000,0.00000,2.18000,0.00082,0.00086,-0.00214,0.002325,0.000051,0.000055,0.999997
321.100000,0.00000,0.00000,2.18000,0.00082,0.00086,-0.00214,0.002325,0.000051,0.000055,0.999997
321.134000,0.00000,0.00000,2.18000,0.00082,0.00086,-0.00214,0.002325,0.000051,0.000055,0.999997
321.167000,0.00000,0.00000,2.18000,0.00082,0.00086,-0.00214,0.002325,0.000051,0.000055,0.999997
321.200000,0.00000,0.00000,2.18000,0.00082,0.00086,-0.00214,0.002325,0.000051,0.000055,0.999997
321.234000,0.00000,0.00000,2.18000,0.00082,0.00086,-0.00214,0.002325,0.000051,0.000055,0.999997
321.268000,0.00000,0.00000,2.18000,0.00082,0.00086,-0.00214,-0.002295,-0.000020,0.000080,0.999997
321.300000,0.00000,0.00000,2.18000,0.00097,-0.00051,0.00027,-0.002295,-0.000020,0.000080,0.999997
321.334000,0.00000,0.00000,2.18000,0.00097,-0.00051,0.00027,-0.002295,-0.000020,0.000080,0.999997
321.367000,0.00000,0.00000,2.18000,0.00097,-0.00051,0.00027,-0.002295,-0.000020,0.000080,0.999997
321.400000,0.00000,0.00000,2.18000,0.00097,-0.00051,0.00027,-0.002295,-0.000020,0.000080,0.999997
321.434000,0.00000,0.00000,2.18000,0.00097,-0.00051,0.00027,-0.002295,-0.000020,0.000080,0.999997
321.467000,0.00000,0.00000,2.18000,0.00097,-0.00051,0.00027,-0.002295,-0.000020,0.000080,0.999997
321.500000,0.00000,0.00000,2.18000,0.00097,-0.00051,0.00027,-0.002295,-0.000020,0.000080,0.999997
321.535000,0.00000,0.00000,2.18000,0.00092,0.00168,0.00010,0.001545,-0.000022,0.000071,0.999999
321.567000,0.00000,0.00000,2.18000,0.00092,0.00168,0.00010,0.001545,-0.000022,0.000071,0.999999
321.601000,0.00000,0.00000,2.18000,0.00092,0.00168,0.00010,0.001545,-0.000022,0.000071,0.999999
321.634000,0.00000,0.00000,2.18000,0.00092,0.00168,0.00010,0.001545,-0.000022,0.000071,0.999999
321.667000,0.00000,0.00000,2.18000,0.00092,0.00168,0.00010,0.001545,-0.000022,0.000071,0.999999
321.700000,0.00000,0.00000,2.18000,0.00092,0.00168,0.00010,0.001545,-0.000022,0.000071,0.999999
321.734000,0.00000,0.00000,2.18000,0.00092,0.00168,0.00010,0.001545,-0.000022,0.000071,0.999999
321.768000,0.00000,0.00000,2.18000,0.00078,-0.00183,0.00417,-0.001185,-0.000019,0.000164,0.999999
321.800000,0.00000,0.00000,2.18000,0.00078,-0.00183,0.00417,-0.001185,-0.000019,0.000164,0.999999
321.834000,0.00000,0.00000,2.18000,0.00078,-0.00183,0.00417,-0.001185,-0.000019,0.000164,0.999999
321.867000,0.00000,0.00000,2.18000,0.00078,-0.00183,0.00417,-0.001185,-0.000019,0.000164,0.999999
321.900000,0.00000,0.00000,2.18000,0.00078,-0.00183,0.00417,-0.001185,-0.000019,0.000164,0.999999
321.934000,0.00000,0.00000,2.18000,0.00078,-0.00183,0.00417,-0.001185,-0.000019,0.000164,0.999999
321.967000,0.00000,0.00000,2.18000,0.00078,-0.00183,0.00417,-0.001185,-0.000019,0.000164,0.999999
322.000000,0.00000,0.00000,2.18000,0.00078,-0.00183,0.00417,-0.001185,-0.000019,0.000164,0.999999
322.035000,0.00000,0.00000,2.18000,0.00094,0.00155,0.00176,-0.000148,0.000037,0.000028,1.000000
322.067000,0.00000,0.00000,2.18000,0.00094,0.00155,0.00176,-0.000148,0.000037,0.000028,1.000000
322.101000,0.00000,0.00000,2.18000,0.00094,0.00155,0.00176,-0.000148,0.000037,0.000028,1.000000
322.134000,0.00000,0.00000,2.18000,0.00094,0.00155,0.00176,-0.000148,0.000037,0.000028,1.000000
322.167000,0.00000,0.00000,2.18000,0.00094,0.00155,0.00176,-0.000148,0.000037,0.000028,1.000000
322.201000,0.00000,0.00000,2.18000,0.00094,0.00155,0.00176,-0.000148,0.000037,0.000028,1.000000
322.234000,0.00000,0.00000,2.18000,0.00094,0.00155,0.00176,-0.000148,0.000037,0.000028,1.000000
322.268000,0.00000,0.00000,2.18000,0.00094,0.00155,0.00176,0.000900,0.000121,0.000140,1.000000
322.301000,0.00000,0.00000,2.18000,0.00120,-0.00196,0.00127,0.000900,0.000121,0.000140,1.000000
322.334000,0.00000,0.00000,2.18000,0.00120,-0.00196,0.00127,0.000900,0.000121,0.000140,1.000000
322.367000,0.00000,0.00000,2.18000,0.00120,-0.00196,0.00127,0.000900,0.000121,0.000140,1.000000
322.400000,0.00000,0.00000,2.18000,0.00120,-0.00196,0.00127,0.000900,0.000121,0.000140,1.000000
322.434000,0.00000,0.00000,2.18000,0.00120,-0.00196,0.00127,0.000900,0.000121,0.000140,1.000000
322.467000,0.00000,0.00000,2.18000,0.00120,-0.00196,0.00127,0.000900,0.000121,0.000140,1.000000
322.500000,0.00000,0.00000,2.18000,0.00120,-0.00196,0.00127,0.000900,0.000121,0.000140,1.000000
322.535000,0.00000,0.00000,2.17000,0.00164,0.00077,-0.00017,-0.002200,-0.000019,0.000068,0.999998
322.567000,0.00000,0.00000,2.17000,0.00164,0.00077,-0.00017,-0.002200,-0.000019,0.000068,0.999998
322.600000,0.00000,0.00000,2.17000,0.00164,0.00077,-0.00017,-0.002200,-0.000019,0.000068,0.999998
322.634000,0.00000,0.00000,2.17000,0.00164,0.00077,-0.00017,-0.002200,-0.000019,0.000068,0.999998
322.668000,0.00000,0.00000,2.17000,0.00164,0.00077,-0.00017,-0.002200,-0.000019,0.000068,0.999998
322.700000,0.00000,0.00000,2.17000,0.00164,0.00077,-0.00017,-0.002200,-0.000019,0.000068,0.999998
322.734000,0.00000,0.00000,2.17000,0.00164,0.00077,-0.00017,-0.002200,-0.000019,0.000068,0.999998
322.768000,0.00000,0.00000,2.18000,0.00147,-0.00077,0.00076,0.002916,-0.000067,0.000193,0.999996
322.800000,0.00000,0.00000,2.18000,0.00147,-0.00077,0.00076,0.002916,-0.000067,0.000193,0.999996
322.834000,0.00000,0.00000,2.18000,0.00147,-0.00077,0.00076,0.002916,-0.000067,0.000193,0.999996
322.867000,0.00000,0.00000,2.18000,0.00147,-0.00077,0.00076,0.002916,-0.000067,0.000193,0.999996
322.900000,0.00000,0.00000,2.18000,0.00147,-0.00077,0.00076,0.002916,-0.000067,0.000193,0.999996
322.934000,0.00000,0.00000,2.18000,0.00147,-0.00077,0.00076,0.002916,-0.000067,0.000193,0.999996
322.967000,0.00000,0.00000,2.18000,0.00147,-0.00077,0.00076,0.002916,-0.000067,0.000193,0.999996
323.000000,0.00000,0.00000,2.18000,0.00147,-0.00077,0.00076,0.002916,-0.000067,0.000193,0.999996
323.035000,0.00000,0.00000,2.18000,0.00099,-0.00004,0.00102,-0.002980,-0.000043,0.000028,0.999996
323.067000,0.00000,0.00000,2.18000,0.00099,-0.00004,0.00102,-0.002980,-0.000043,0.000028,0.999996
323.100000,0.00000,0.00000,2.18000,0.00099,-0.00004,0.00102,-0.002980,-0.000043,0.000028,0.999996
323.134000,0.00000,0.00000,2.18000,0.00099,-0.00004,0.00102,-0.002980,-0.000043,0.000028,0.999996
323.167000,0.00000,0.00000,2.18000,0.00099,-0.00004,0.00102,-0.002980,-0.000043,0.000028,0.999996
323.200000,0.00000,0.00000,2.18000,0.00099,-0.00004,0.00102,-0.002980,-0.000043,0.000028,0.999996
323.234000,0.00000,0.00000,2.18000,0.00099,-0.00004,0.00102,-0.002980,-0.000043,0.000028,0.999996
323.268000,0.00000,0.00000,2.18000,0.00098,0.00143,0.00043,0.002746,-0.000006,0.000158,0.999996
323.300000,0.00000,0.00000,2.18000,0.00098,0.00143,0.00043,0.002746,-0.000006,0.000158,0.999996
323.334000,0.00000,0.00000,2.18000,0.00098,0.00143,0.00043,0.002746,-0.000006,0.000158,0.999996
323.367000,0.00000,0.00000,2.18000,0.00098,0.00143,0.00043,0.002746,-0.000006,0.000158,0.999996
323.400000,0.00000,0.00000,2.18000,0.00098,0.00143,0.00043,0.002746,-0.000006,0.000158,0.999996
323.434000,0.00000,0.00000,2.18000,0.00098,0.00143,0.00043,0.002746,-0.000006,0.000158,0.999996
323.467000,0.00000,0.00000,2.18000,0.00098,0.00143,0.00043,0.002746,-0.000006,0.000158,0.999996
323.500000,0.00000,0.00000,2.18000,0.00098,0.00143,0.00043,0.002746,-0.000006,0.000158,0.999996
323.535000,0.00000,0.00000,2.18000,0.00103,0.00034,0.00195,-0.002232,0.000002,0.000190,0.999997
323.567000,0.00000,0.00000,2.18000,0.00103,0.00034,0.00195,-0.002232,0.000002,0.000190,0.999997
323.600000,0.00000,0.00000,2.18000,0.00103,0.00034,0.00195,-0.002232,0.000002,0.000190,0.999997
323.634000,0.00000,0.00000,2.18000,0.00103,0.00034,0.00195,-0.002232,0.000002,0.000190,0.999997
323.667000,0.00000,0.00000,2.18000,0.00103,0.00034,0.00195,-0.002232,0.000002,0.000190,0.999997
323.700000,0.00000,0.00000,2.18000,0.00103,0.00034,0.00195,-0.002232,0.000002,0.000190,0.999997
323.734000,0.00000,0.00000,2.18000,0.00103,0.00034,0.00195,-0.002232,0.000002,0.000190,0.999997
323.768000,0.00000,0.00000,2.18000,0.00109,0.00209,-0.00160,0.001631,0.000098,-0.000056,0.999999
323.800000,0.00000,0.00000,2.18000,0.00109,0.00209,-0.00160,0.001631,0.000098,-0.000056,0.999999
323.834000,0.00000,0.00000,2.18000,0.00109,0.00209,-0.00160,0.001631,0.000098,-0.000056,0.999999
323.867000,0.00000,0.00000,2.18000,0.00109,0.00209,-0.00160,0.001631,0.000098,-0.000056,0.999999
323.900000,0.00000,0.00000,2.18000,0.00109,0.00209,-0.00160,0.001631,0.000098,-0.000056,0.999999
323.934000,0.00000,0.00000,2.18000,0.00109,0.00209,-0.00160,0.001631,0.000098,-0.000056,0.999999
323.967000,0.00000,0.00000,2.18000,0.00109,0.00209,-0.00160,0.001631,0.000098,-0.000056,0.999999
324.000000,0.00000,0.00000,2.18000,0.00109,0.00209,-0.00160,0.001631,0.000098,-0.000056,0.999999
324.035000,0.00000,0.00000,2.18000,0.00145,-0.00035,0.00461,-0.001370,0.000025,0.000157,0.999999
324.067000,0.00000,0.00000,2.18000,0.00145,-0.00035,0.00461,-0.001370,0.000025,0.000157,0.999999
324.100000,0.00000,0.00000,2.18000,0.00145,-0.00035,0.00461,-0.001370,0.000025,0.000157,0.999999
324.134000,0.00000,0.00000,2.18000,0.00145,-0.00035,0.00461,-0.001370,0.000025,0.000157,0.999999
324.167000,0.00000,0.00000,2.18000,0.00145,-0.00035,0.00461,-0.001370,0.000025,0.000157,0.999999
324.200000,0.00000,0.00000,2.18000,0.00145,-0.00035,0.00461,-0.001370,0.000025,0.000157,0.999999
324.234000,0.00000,0.00000,2.18000,0.00145,-0.00035,0.00461,-0.001370,0.000025,0.000157,0.999999
324.267000,0.00000,0.00000,2.18000,0.00145,-0.00035,0.00461,-0.000272,-0.000019,0.000048,1.000000
324.301000,0.00000,0.00000,2.18000,0.00143,0.00376,0.00041,-0.000272,-0.000019,0.000048,1.000000
324.334000,0.00000,0.00000,2.18000,0.00143,0.00376,0.00041,-0.000272,-0.000019,0.000048,1.000000
324.367000,0.00000,0.00000,2.18000,0.00143,0.00376,0.00041,-0.000272,-0.000019,0.000048,1.000000
324.400000,0.00000,0.00000,2.18000,0.00143,0.00376,0.00041,-0.000272,-0.000019,0.000048,1.000000
324.434000,0.00000,0.00000,2.18000,0.00143,0.00376,0.00041,-0.000272,-0.000019,0.000048,1.000000
324.467000,0.00000,0.00000,2.18000,0.00143,0.00376,0.00041,-0.000272,-0.000019,0.000048,1.000000
324.500000,0.00000,0.00000,2.18000,0.00143,0.00376,0.00041,-0.000272,-0.000019,0.000048,1.000000
324.535000,0.00908,0.00000,2.18000,0.00125,0.00048,0.00015,0.000799,-0.000049,0.000139,1.000000
324.567000,0.00908,0.00000,2.18000,0.00125,0.00048,0.00015,0.000799,-0.000049,0.000139,1.000000
324.600000,0.00908,0.00000,2.18000,0.00125,0.00048,0.00015,0.000799,-0.000049,0.000139,1.000000
324.634000,0.00908,0.00000,2.18000,0.00125,0.00048,0.00015,0.000799,-0.000049,0.000139,1.000000
324.667000,0.00908,0.00000,2.18000,0.00125,0.00048,0.00015,0.000799,-0.000049,0.000139,1.000000
324.700000,0.00908,0.00000,2.18000,0.00125,0.00048,0.00015,0.000799,-0.000049,0.000139,1.000000
324.734000,0.00908,0.00000,2.18000,0.00125,0.00048,0.00015,0.000799,-0.000049,0.000139,1.000000
324.768000,0.00908,0.00000,2.18000,0.00125,0.00048,0.00015,-0.001727,-0.000904,0.000030,0.999998
324.801000,0.00908,0.00000,2.18000,-0.00106,0.00272,0.00046,-0.001727,-0.000904,0.000030,0.999998
324.834000,0.00908,0.00000,2.18000,-0.00106,0.00272,0.00046,-0.001727,-0.000904,0.000030,0.999998
324.868000,0.00908,0.00000,2.18000,-0.00106,0.00272,0.00046,-0.001727,-0.000904,0.000030,0.999998
324.900000,0.00908,0.00000,2.18000,-0.00106,0.00272,0.00046,-0.001727,-0.000904,0.000030,0.999998
324.934000,0.00908,0.00000,2.18000,-0.00106,0.00272,0.00046,-0.001727,-0.000904,0.000030,0.999998
324.967000,0.00908,0.00000,2.18000,-0.00106,0.00272,0.00046,-0.001727,-0.000904,0.000030,0.999998
325.000000,0.00908,0.00000,2.18000,-0.00106,0.00272,0.00046,-0.001727,-0.000904,0.000030,0.999998
325.035000,0.00908,0.00000,2.18000,-0.00530,0.00007,-0.00092,0.002196,-0.000664,0.000236,0.999997
325.067000,0.00908,0.00000,2.18000,-0.00530,0.00007,-0.00092,0.002196,-0.000664,0.000236,0.999997
325.100000,0.00908,0.00000,2.18000,-0.00530,0.00007,-0.00092,0.002196,-0.000664,0.000236,0.999997
325.134000,0.00908,0.00000,2.18000,-0.00530,0.00007,-0.00092,0.002196,-0.000664,0.000236,0.999997
325.167000,0.00908,0.00000,2.18000,-0.00530,0.00007,-0.00092,0.002196,-0.000664,0.000236,0.999997
325.200000,0.00908,0.00000,2.18000,-0.00530,0.00007,-0.00092,0.002196,-0.000664,0.000236,0.999997
325.234000,0.00908,0.00000,2.18000,-0.00530,0.00007,-0.00092,0.002196,-0.000664,0.000236,0.999997
325.268000,0.00908,0.00000,2.18000,-0.00530,0.00007,-0.00092,-0.002850,-0.000251,-0.000046,0.999996
325.300000,0.00908,0.00000,2.18000,-0.00743,0.00141,-0.00053,-0.002850,-0.000251,-0.000046,0.999996
325.334000,0.00908,0.00000,2.18000,-0.00743,0.00141,-0.00053,-0.002850,-0.000251,-0.000046,0.999996
325.367000,0.00908,0.00000,2.18000,-0.00743,0.00141,-0.00053,-0.002850,-0.000251,-0.000046,0.999996
325.400000,0.00908,0.00000,2.18000,-0.00743,0.00141,-0.00053,-0.002850,-0.000251,-0.000046,0.999996
325.434000,0.00908,0.00000,2.18000,-0.00743,0.00141,-0.00053,-0.002850,-0.000251,-0.000046,0.999996
325.467000,0.00908,0.00000,2.18000,-0.00743,0.00141,-0.00053,-0.002850,-0.000251,-0.000046,0.999996
325.500000,0.00908,0.00000,2.18000,-0.00743,0.00141,-0.00053,-0.002850,-0.000251,-0.000046,0.999996
325.535000,0.00908,0.00000,2.18000,-0.00840,0.00093,-0.00343,0.002600,-0.000221,0.000082,0.999997
325.567000,0.00908,0.00000,2.18000,-0.00840,0.00093,-0.00343,0.002600,-0.000221,0.000082,0.999997
325.600000,0.00908,0.00000,2.18000,-0.00840,0.00093,-0.00343,0.002600,-0.000221,0.000082,0.999997
325.634000,0.00908,0.00000,2.18000,-0.00840,0.00093,-0.00343,0.002600,-0.000221,0.000082,0.999997
325.667000,0.00908,0.00000,2.18000,-0.00840,0.00093,-0.00343,0.002600,-0.000221,0.000082,0.999997
325.700000,0.00908,0.00000,2.18000,-0.00840,0.00093,-0.00343,0.002600,-0.000221,0.000082,0.999997
325.734000,0.00908,0.00000,2.18000,-0.00840,0.00093,-0.00343,0.002600,-0.000221,0.000082,0.999997
325.768000,0.00908,0.00000,2.18000,-0.00920,0.00142,-0.00314,-0.003238,-0.000129,-0.000039,0.999995
325.800000,0.00908,0.00000,2.18000,-0.00920,0.00142,-0.00314,-0.003238,-0.000129,-0.000039,0.999995
325.834000,0.00908,0.00000,2.18000,-0.00920,0.00142,-0.00314,-0.003238,-0.000129,-0.000039,0.999995
325.867000,0.00908,0.00000,2.18000,-0.00920,0.00142,-0.00314,-0.003238,-0.000129,-0.000039,0.999995
325.900000,0.00908,0.00000,2.18000,-0.00920,0.00142,-0.00314,-0.003238,-0.000129,-0.000039,0.999995
325.934000,0.00908,0.00000,2.18000,-0.00920,0.00142,-0.00314,-0.003238,-0.000129,-0.000039,0.999995
325.967000,0.00908,0.00000,2.18000,-0.00920,0.00142,-0.00314,-0.003238,-0.000129,-0.000039,0.999995
326.000000,0.00908,0.00000,2.18000,-0.00920,0.00142,-0.00314,-0.003238,-0.000129,-0.000039,0.999995
326.035000,0.00908,0.00000,2.18000,-0.00951,0.00255,-0.00004,0.002671,-0.000066,0.000020,0.999996
326.067000,0.00908,0.00000,2.18000,-0.00951,0.00255,-0.00004,0.002671,-0.000066,0.000020,0.999996
326.100000,0.00908,0.00000,2.18000,-0.00951,0.00255,-0.00004,0.002671,-0.000066,0.000020,0.999996
326.134000,0.00908,0.00000,2.18000,-0.00951,0.00255,-0.00004,0.002671,-0.000066,0.000020,0.999996
326.167000,0.00908,0.00000,2.18000,-0.00951,0.00255,-0.00004,0.002671,-0.000066,0.000020,0.999996
326.200000,0.00908,0.00000,2.18000,-0.00951,0.00255,-0.00004,0.002671,-0.000066,0.000020,0.999996
326.234000,0.00908,0.00000,2.18000,-0.00951,0.00255,-0.00004,0.002671,-0.000066,0.000020,0.999996
326.268000,0.00908,0.00000,2.18000,-0.00951,0.00255,-0.00004,-0.001513,0.000795,0.000169,0.999999
326.301000,0.00000,0.00000,2.18000,-0.00819,0.00005,-0.00065,-0.001513,0.000795,0.000169,0.999999
326.334000,0.00000,0.00000,2.18000,-0.00819,0.00005,-0.00065,-0.001513,0.000795,0.000169,0.999999
326.367000,0.00000,0.00000,2.18000,-0.00819,0.00005,-0.00065,-0.001513,0.000795,0.000169,0.999999
326.400000,0.00000,0.00000,2.18000,-0.00819,0.00005,-0.00065,-0.001513,0.000795,0.000169,0.999999
326.434000,0.00000,0.00000,2.18000,-0.00819,0.00005,-0.00065,-0.001513,0.000795,0.000169,0.999999
326.467000,0.00000,0.00000,2.18000,-0.00819,0.00005,-0.00065,-0.001513,0.000795,0.000169,0.999999
326.500000,0.00000,0.00000,2.18000,-0.00819,0.00005,-0.00065,-0.001513,0.000795,0.000169,0.999999
326.535000,0.00000,0.00000,2.18000,-0.00397,0.00269,0.00169,0.001001,0.000794,-0.000008,0.999999
326.567000,0.00000,0.00000,2.18000,-0.00397,0.00269,0.00169,0.001001,0.000794,-0.000008,0.999999
326.600000,0.00000,0.00000,2.18000,-0.00397,0.00269,0.00169,0.001001,0.000794,-0.000008,0.999999
326.634000,0.00000,0.00000,2.18000,-0.00397,0.00269,0.00169,0.001001,0.000794,-0.000008,0.999999
326.667000,0.00000,0.00000,2.18000,-0.00397,0.00269,0.00169,0.001001,0.000794,-0.000008,0.999999
326.700000,0.00000,0.00000,2.18000,-0.00397,0.00269,0.00169,0.001001,0.000794,-0.000008,0.999999
326.734000,0.00000,0.00000,2.18000,-0.00397,0.00269,0.00169,0.001001,0.000794,-0.000008,0.999999
326.768000,0.00000,0.00000,2.18000,-0.00103,-0.00109,0.00209,0.000241,0.000410,0.000192,1.000000
326.800000,0.00000,0.00000,2.18000,-0.00103,-0.00109,0.00209,0.000241,0.000410,0.000192,1.000000
326.834000,0.00000,0.00000,2.18000,-0.00103,-0.00109,0.00209,0.000241,0.000410,0.000192,1.000000
326.867000,0.00000,0.00000,2.18000,-0.00103,-0.00109,0.00209,0.000241,0.000410,0.000192,1.000000
326.900000,0.00000,0.00000,2.18000,-0.00103,-0.00109,0.00209,0.000241,0.000410,0.000192,1.000000
326.934000,0.00000,0.00000,2.18000,-0.00103,-0.00109,0.00209,0.000241,0.000410,0.000192,1.000000
326.967000,0.00000,0.00000,2.18000,-0.00103,-0.00109,0.00209,0.000241,0.000410,0.000192,1.000000
327.000000,0.00000,0.00000,2.18000,-0.00103,-0.00109,0.00209,0.000241,0.000410,0.000192,1.000000
327.035000,0.00000,0.00000,2.18000,0.00033,0.00175,0.00178,-0.000506,0.000175,-0.000085,1.000000
327.067000,0.00000,0.00000,2.18000,0.00033,0.00175,0.00178,-0.000506,0.000175,-0.000085,1.000000
327.100000,0.00000,0.00000,2.18000,0.00033,0.00175,0.00178,-0.000506,0.000175,-0.000085,1.000000
327.134000,0.00000,0.00000,2.18000,0.00033,0.00175,0.00178,-0.000506,0.000175,-0.000085,1.000000
327.167000,0.00000,0.00000,2.18000,0.00033,0.00175,0.00178,-0.000506,0.000175,-0.000085,1.000000
327.200000,0.00000,0.00000,2.18000,0.00033,0.00175,0.00178,-0.000506,0.000175,-0.000085,1.000000
327.234000,0.00000,0.00000,2.18000,0.00033,0.00175,0.00178,-0.000506,0.000175,-0.000085,1.000000
327.268000,0.00000,0.00000,2.18000,0.00033,0.00175,0.00178,0.001937,0.000157,0.000128,0.999998
327.301000,0.00000,0.00000,2.18000,0.00115,-0.00155,-0.00095,0.001937,0.000157,0.000128,0.999998
327.334000,0.00000,0.00000,2.18000,0.00115,-0.00155,-0.00095,0.001937,0.000157,0.000128,0.999998
327.367000,0.00000,0.00000,2.18000,0.00115,-0.00155,-0.00095,0.001937,0.000157,0.000128,0.999998
327.400000,0.00000,0.00000,2.18000,0.00115,-0.00155,-0.00095,0.001937,0.000157,0.000128,0.999998
327.434000,0.00000,0.00000,2.18000,0.00115,-0.00155,-0.00095,0.001937,0.000157,0.000128,0.999998
327.467000,0.00000,0.00000,2.18000,0.00115,-0.00155,-0.00095,0.001937,0.000157,0.000128,0.999998
327.500000,0.00000,0.00000,2.18000,0.00115,-0.00155,-0.00095,0.001937,0.000157,0.000128,0.999998
327.535000,0.00000,0.00000,2.18000,0.00173,0.00076,0.00217,-0.001904,0.000079,-0.000069,0.999998
327.567000,0.00000,0.00000,2.18000,0.00173,0.00076,0.00217,-0.001904,0.000079,-0.000069,0.999998
327.600000,0.00000,0.00000,2.18000,0.00173,0.00076,0.00217,-0.001904,0.000079,-0.000069,0.999998
327.634000,0.00000,0.00000,2.18000,0.00173,0.00076,0.00217,-0.001904,0.000079,-0.000069,0.999998
327.667000,0.00000,0.00000,2.18000,0.00173,0.00076,0.00217,-0.001904,0.000079,-0.000069,0.999998
327.700000,0.00000,0.00000,2.18000,0.00173,0.00076,0.00217,-0.001904,0.000079,-0.000069,0.999998
327.734000,0.00000,0.00000,2.18000,0.00173,0.00076,0.00217,-0.001904,0.000079,-0.000069,0.999998
327.768000,0.00000,0.00000,2.18000,0.00195,-0.00136,-0.00041,0.002796,0.000009,0.000075,0.999996
327.800000,0.00000,0.00000,2.18000,0.00195,-0.00136,-0.00041,0.002796,0.000009,0.000075,0.999996
327.834000,0.00000,0.00000,2.18000,0.00195,-0.00136,-0.00041,0.002796,0.000009,0.000075,0.999996
327.867000,0.00000,0.00000,2.18000,0.00195,-0.00136,-0.00041,0.002796,0.000009,0.000075,0.999996
327.900000,0.00000,0.00000,2.18000,0.00195,-0.00136,-0.00041,0.002796,0.000009,0.000075,0.999996
327.934000,0.00000,0.00000,2.18000,0.00195,-0.00136,-0.00041,0.002796,0.000009,0.000075,0.999996
327.967000,0.00000,0.00000,2.18000,0.00195,-0.00136,-0.00041,0.002796,0.000009,0.000075,0.999996
328.000000,0.00000,0.00000,2.18000,0.00195,-0.00136,-0.00041,0.002796,0.000009,0.000075,0.999996
328.035000,0.00000,0.00000,2.18000,0.00192,-0.00101,-0.00452,-0.002738,0.000021,0.000065,0.999996
328.067000,0.00000,0.00000,2.18000,0.00192,-0.00101,-0.00452,-0.002738,0.000021,0.000065,0.999996
328.100000,0.00000,0.00000,2.18000,0.00192,-0.00101,-0.00452,-0.002738,0.000021,0.000065,0.999996
328.134000,0.00000,0.00000,2.18000,0.00192,-0.00101,-0.00452,-0.002738,0.000021,0.000065,0.999996
328.167000,0.00000,0.00000,2.18000,0.00192,-0.00101,-0.00452,-0.002738,0.000021,0.000065,0.999996
328.200000,0.00000,0.00000,2.18000,0.00192,-0.00101,-0.00452,-0.002738,0.000021,0.000065,0.999996
328.234000,0.00000,0.00000,2.18000,0.00192,-0.00101,-0.00452,-0.002738,0.000021,0.000065,0.999996
328.268000,0.00000,0.00000,2.18000,0.00192,-0.00101,-0.00452,0.002958,-0.000023,0.000143,0.999996
328.300000,0.00000,0.00000,2.18000,0.00187,-0.00078,-0.00204,0.002958,-0.000023,0.000143,0.999996
328.334000,0.00000,0.00000,2.18000,0.00187,-0.00078,-0.00204,0.002958,-0.000023,0.000143,0.999996
328.367000,0.00000,0.00000,2.18000,0.00187,-0.00078,-0.00204,0.002958,-0.000023,0.000143,0.999996
328.400000,0.00000,0.00000,2.18000,0.00187,-0.00078,-0.00204,0.002958,-0.000023,0.000143,0.999996
328.434000,0.00000,0.00000,2.18000,0.00187,-0.00078,-0.00204,0.002958,-0.000023,0.000143,0.999996
328.467000,0.00000,0.00000,2.18000,0.00187,-0.00078,-0.00204,0.002958,-0.000023,0.000143,0.999996
328.500000,0.00000,0.00000,2.18000,0.00187,-0.00078,-0.00204,0.002958,-0.000023,0.000143,0.999996
328.535000,0.00000,0.00000,2.18000,0.00211,-0.00129,-0.00007,-0.002466,0.000049,0.000107,0.999997
328.568000,0.00000,0.00000,2.18000,0.00211,-0.00129,-0.00007,-0.002466,0.000049,0.000107,0.999997
328.600000,0.00000,0.00000,2.18000,0.00211,-0.00129,-0.00007,-0.002466,0.000049,0.000107,0.999997
328.634000,0.00000,0.00000,2.18000,0.00211,-0.00129,-0.00007,-0.002466,0.000049,0.000107,0.999997
328.667000,0.00000,0.00000,2.18000,0.00211,-0.00129,-0.00007,-0.002466,0.000049,0.000107,0.999997
328.701000,0.00000,0.00000,2.18000,0.00211,-0.00129,-0.00007,-0.002466,0.000049,0.000107,0.999997
328.734000,0.00000,0.00000,2.18000,0.00211,-0.00129,-0.00007,-0.002466,0.000049,0.000107,0.999997
328.768000,0.00000,0.00000,2.18000,0.00211,-0.00129,-0.00007,0.002431,0.000120,0.000205,0.999997
328.801000,0.00000,0.00000,2.18000,0.00206,0.00068,-0.00063,0.002431,0.000120,0.000205,0.999997
328.834000,0.00000,0.00000,2.18000,0.00206,0.00068,-0.00063,0.002431,0.000120,0.000205,0.999997
328.868000,0.00000,0.00000,2.18000,0.00206,0.00068,-0.00063,0.002431,0.000120,0.000205,0.999997
328.900000,0.00000,0.00000,2.18000,0.00206,0.00068,-0.00063,0.002431,0.000120,0.000205,0.999997
328.934000,0.00000,0.00000,2.18000,0.00206,0.00068,-0.00063,0.002431,0.000120,0.000205,0.999997
328.967000,0.00000,0.00000,2.18000,0.00206,0.00068,-0.00063,0.002431,0.000120,0.000205,0.999997
329.001000,0.00000,0.00000,2.18000,0.00206,0.00068,-0.00063,0.002431,0.000120,0.000205,0.999997
329.035000,0.00000,0.00000,2.18000,0.00416,-0.00209,-0.00023,-0.001089,0.000303,0.000210,0.999999
329.067000,0.00000,0.00000,2.18000,0.00416,-0.00209,-0.00023,-0.001089,0.000303,0.000210,0.999999
329.100000,0.00000,0.00000,2.18000,0.00416,-0.00209,-0.00023,-0.001089,0.000303,0.000210,0.999999
329.135000,0.00000,0.00000,2.18000,0.00416,-0.00209,-0.00023,-0.001089,0.000303,0.000210,0.999999
329.167000,0.00000,0.00000,2.18000,0.00416,-0.00209,-0.00023,-0.001089,0.000303,0.000210,0.999999
329.200000,0.00000,0.00000,2.18000,0.00416,-0.00209,-0.00023,-0.001089,0.000303,0.000210,0.999999
329.234000,0.00000,0.00000,2.18000,0.00416,-0.00209,-0.00023,-0.001089,0.000303,0.000210,0.999999
329.268000,0.00000,0.00000,2.18000,0.00402,-0.00004,-0.00140,0.000537,-0.000267,0.000051,1.000000
329.301000,0.00000,0.00000,2.18000,0.00402,-0.00004,-0.00140,0.000537,-0.000267,0.000051,1.000000
329.334000,0.00000,0.00000,2.18000,0.00402,-0.00004,-0.00140,0.000537,-0.000267,0.000051,1.000000
329.367000,0.00000,0.00000,2.18000,0.00402,-0.00004,-0.00140,0.000537,-0.000267,0.000051,1.000000
329.401000,0.00000,0.00000,2.18000,0.00402,-0.00004,-0.00140,0.000537,-0.000267,0.000051,1.000000
329.434000,0.00000,0.00000,2.18000,0.00402,-0.00004,-0.00140,0.000537,-0.000267,0.000051,1.000000
329.467000,0.00000,0.00000,2.18000,0.00402,-0.00004,-0.00140,0.000537,-0.000267,0.000051,1.000000
329.500000,0.00000,0.00000,2.18000,0.00402,-0.00004,-0.00140,0.000537,-0.000267,0.000051,1.000000
329.535000,0.00000,0.00000,2.18000,0.00317,-0.00317,0.00484,0.000352,-0.000104,0.000052,1.000000
329.567000,0.00000,0.00000,2.18000,0.00317,-0.00317,0.00484,0.000352,-0.000104,0.000052,1.000000
329.600000,0.00000,0.00000,2.18000,0.00317,-0.00317,0.00484,0.000352,-0.000104,0.000052,1.000000
329.634000,0.00000,0.00000,2.18000,0.00317,-0.00317,0.00484,0.000352,-0.000104,0.000052,1.000000
329.667000,0.00000,0.00000,2.18000,0.00317,-0.00317,0.00484,0.000352,-0.000104,0.000052,1.000000
329.700000,0.00000,0.00000,2.18000,0.00317,-0.00317,0.00484,0.000352,-0.000104,0.000052,1.000000
329.734000,0.00000,0.00000,2.18000,0.00317,-0.00317,0.00484,0.000352,-0.000104,0.000052,1.000000
329.768000,0.00000,0.00000,2.18000,0.00289,0.00065,0.00154,-0.001360,-0.000009,-0.000019,0.999999
329.801000,0.00000,0.00000,2.18000,0.00289,0.00065,0.00154,-0.001360,-0.000009,-0.000019,0.999999
329.834000,0.00000,0.00000,2.18000,0.00289,0.00065,0.00154,-0.001360,-0.000009,-0.000019,0.999999
329.867000,0.00000,0.00000,2.18000,0.00289,0.00065,0.00154,-0.001360,-0.000009,-0.000019,0.999999
329.900000,0.00000,0.00000,2.18000,0.00289,0.00065,0.00154,-0.001360,-0.000009,-0.000019,0.999999
329.934000,0.00000,0.00000,2.18000,0.00289,0.00065,0.00154,-0.001360,-0.000009,-0.000019,0.999999
329.967000,0.00000,0.00000,2.18000,0.00289,0.00065,0.00154,-0.001360,-0.000009,-0.000019,0.999999
330.000000,0.00000,0.00000,2.18000,0.00289,0.00065,0.00154,-0.001360,-0.000009,-0.000019,0.999999
330.035000,0.00000,0.00000,2.18000,0.00246,-0.00203,0.00180,0.001961,-0.000102,0.000093,0.999998
330.067000,0.00000,0.00000,2.18000,0.00246,-0.00203,0.00180,0.001961,-0.000102,0.000093,0.999998
330.100000,0.00000,0.00000,2.18000,0.00246,-0.00203,0.00180,0.001961,-0.000102,0.000093,0.999998
330.134000,0.00000,0.00000,2.18000,0.00246,-0.00203,0.00180,0.001961,-0.000102,0.000093,0.999998
330.167000,0.00000,0.00000,2.18000,0.00246,-0.00203,0.00180,0.001961,-0.000102,0.000093,0.999998
330.200000,0.00000,0.00000,2.18000,0.00246,-0.00203,0.00180,0.001961,-0.000102,0.000093,0.999998
330.234000,0.00000,0.00000,2.18000,0.00246,-0.00203,0.00180,0.001961,-0.000102,0.000093,0.999998
330.268000,0.00000,0.00000,2.18000,0.00246,-0.00203,0.00180,-0.002921,-0.000064,-0.000027,0.999996
330.300000,0.00000,0.00000,2.18000,0.00213,0.00040,-0.00269,-0.002921,-0.000064,-0.000027,0.999996
330.334000,0.00000,0.00000,2.18000,0.00213,0.00040,-0.00269,-0.002921,-0.000064,-0.000027,0.999996
330.367000,0.00000,0.00000,2.18000,0.00213,0.00040,-0.00269,-0.002921,-0.000064,-0.000027,0.999996
330.400000,0.00000,0.00000,2.18000,0.00213,0.00040,-0.00269,-0.002921,-0.000064,-0.000027,0.999996
330.434000,0.00000,0.00000,2.18000,0.00213,0.00040,-0.00269,-0.002921,-0.000064,-0.000027,0.999996
330.467000,0.00000,0.00000,2.18000,0.00213,0.00040,-0.00269,-0.002921,-0.000064,-0.000027,0.999996
330.501000,0.00000,0.00000,2.18000,0.00213,0.00040,-0.00269,-0.002921,-0.000064,-0.000027,0.999996
330.535000,0.00000,0.00000,2.18000,0.00178,0.00069,-0.00223,0.002471,-0.000008,0.000106,0.999997
330.567000,0.00000,0.00000,2.18000,0.00178,0.00069,-0.00223,0.002471,-0.000008,0.000106,0.999997
330.600000,0.00000,0.00000,2.18000,0.00178,0.00069,-0.00223,0.002471,-0.000008,0.000106,0.999997
330.634000,0.00000,0.00000,2.18000,0.00178,0.00069,-0.00223,0.002471,-0.000008,0.000106,0.999997
330.667000,0.00000,0.00000,2.18000,0.00178,0.00069,-0.00223,0.002471,-0.000008,0.000106,0.999997
330.700000,0.00000,0.00000,2.18000,0.00178,0.00069,-0.00223,0.002471,-0.000008,0.000106,0.999997
330.734000,0.00000,0.00000,2.18000,0.00178,0.00069,-0.00223,0.002471,-0.000008,0.000106,0.999997
330.768000,0.00000,0.00000,2.18000,0.00207,0.00084,-0.00093,-0.003124,0.000075,-0.000046,0.999995
330.800000,0.00000,0.00000,2.18000,0.00207,0.00084,-0.00093,-0.003124,0.000075,-0.000046,0.999995
330.834000,0.00000,0.00000,2.18000,0.00207,0.00084,-0.00093,-0.003124,0.000075,-0.000046,0.999995
330.867000,0.00000,0.00000,2.18000,0.00207,0.00084,-0.00093,-0.003124,0.000075,-0.000046,0.999995
330.900000,0.00000,0.00000,2.18000,0.00207,0.00084,-0.00093,-0.003124,0.000075,-0.000046,0.999995
330.934000,0.00000,0.00000,2.18000,0.00207,0.00084,-0.00093,-0.003124,0.000075,-0.000046,0.999995
330.967000,0.00000,0.00000,2.18000,0.00207,0.00084,-0.00093,-0.003124,0.000075,-0.000046,0.999995
331.000000,0.00000,0.00000,2.18000,0.00207,0.00084,-0.00093,-0.003124,0.000075,-0.000046,0.999995
331.035000,0.00000,0.00000,2.18000,0.00213,0.00215,-0.00207,0.002391,-0.000010,0.000021,0.999997
331.067000,0.00000,0.00000,2.18000,0.00213,0.00215,-0.00207,0.002391,-0.000010,0.000021,0.999997
331.100000,0.00000,0.00000,2.18000,0.00213,0.00215,-0.00207,0.002391,-0.000010,0.000021,0.999997
331.134000,0.00000,0.00000,2.18000,0.00213,0.00215,-0.00207,0.002391,-0.000010,0.000021,0.999997
331.167000,0.00000,0.00000,2.18000,0.00213,0.00215,-0.00207,0.002391,-0.000010,0.000021,0.999997
331.200000,0.00000,0.00000,2.18000,0.00213,0.00215,-0.00207,0.002391,-0.000010,0.000021,0.999997
331.234000,0.00000,0.00000,2.18000,0.00213,0.00215,-0.00207,0.002391,-0.000010,0.000021,0.999997
331.268000,0.00000,0.00000,2.18000,0.00213,0.00215,-0.00207,-0.002299,-0.000077,0.000078,0.999997
331.300000,0.00000,0.00000,2.18000,0.00195,0.00104,-0.00074,-0.002299,-0.000077,0.000078,0.999997
331.334000,0.00000,0.00000,2.18000,0.00195,0.00104,-0.00074,-0.002299,-0.000077,0.000078,0.999997
331.367000,0.00000,0.00000,2.18000,0.00195,0.00104,-0.00074,-0.002299,-0.000077,0.000078,0.999997
331.400000,0.00000,0.00000,2.18000,0.00195,0.00104,-0.00074,-0.002299,-0.000077,0.000078,0.999997
331.434000,0.00000,0.00000,2.18000,0.00195,0.00104,-0.00074,-0.002299,-0.000077,0.000078,0.999997
331.467000,0.00000,0.00000,2.18000,0.00195,0.00104,-0.00074,-0.002299,-0.000077,0.000078,0.999997
331.500000,0.00000,0.00000,2.18000,0.00195,0.00104,-0.00074,-0.002299,-0.000077,0.000078,0.999997
331.535000,0.00000,0.00000,2.18000,0.00184,0.00256,-0.00038,0.001611,0.000005,0.000010,0.999999
331.567000,0.00000,0.00000,2.18000,0.00184,0.00256,-0.00038,0.001611,0.000005,0.000010,0.999999
331.600000,0.00000,0.00000,2.18000,0.00184,0.00256,-0.00038,0.001611,0.000005,0.000010,0.999999
331.634000,0.00000,0.00000,2.18000,0.00184,0.00256,-0.00038,0.001611,0.000005,0.000010,0.999999
331.667000,0.00000,0.00000,2.18000,0.00184,0.00256,-0.00038,0.001611,0.000005,0.000010,0.999999
331.700000,0.00000,0.00000,2.18000,0.00184,0.00256,-0.00038,0.001611,0.000005,0.000010,0.999999
331.734000,0.00000,0.00000,2.18000,0.00184,0.00256,-0.00038,0.001611,0.000005,0.000010,0.999999
331.768000,0.00000,0.00000,2.18000,0.00184,0.00256,-0.00038,-0.000740,-0.000020,0.000041,1.000000
331.801000,0.00000,0.00000,2.18000,0.00183,-0.00107,0.00077,-0.000740,-0.000020,0.000041,1.000000
331.834000,0.00000,0.00000,2.18000,0.00183,-0.00107,0.00077,-0.000740,-0.000020,0.000041,1.000000
331.867000,0.00000,0.00000,2.18000,0.00183,-0.00107,0.00077,-0.000740,-0.000020,0.000041,1.000000
331.900000,0.00000,0.00000,2.18000,0.00183,-0.00107,0.00077,-0.000740,-0.000020,0.000041,1.000000
331.934000,0.00000,0.00000,2.18000,0.00183,-0.00107,0.00077,-0.000740,-0.000020,0.000041,1.000000
331.967000,0.00000,0.00000,2.18000,0.00183,-0.00107,0.00077,-0.000740,-0.000020,0.000041,1.000000
332.000000,0.00000,0.00000,2.18000,0.00183,-0.00107,0.00077,-0.000740,-0.000020,0.000041,1.000000
332.035000,0.00000,0.00000,2.18000,0.00210,0.00152,0.00238,-0.000086,0.000082,-0.000034,1.000000
332.067000,0.00000,0.00000,2.18000,0.00210,0.00152,0.00238,-0.000086,0.000082,-0.000034,1.000000
332.100000,0.00000,0.00000,2.18000,0.00210,0.00152,0.00238,-0.000086,0.000082,-0.000034,1.000000
332.134000,0.00000,0.00000,2.18000,0.00210,0.00152,0.00238,-0.000086,0.000082,-0.000034,1.000000
332.167000,0.00000,0.00000,2.18000,0.00210,0.00152,0.00238,-0.000086,0.000082,-0.000034,1.000000
332.200000,0.00000,0.00000,2.18000,0.00210,0.00152,0.00238,-0.000086,0.000082,-0.000034,1.000000
332.234000,0.00000,0.00000,2.18000,0.00210,0.00152,0.00238,-0.000086,0.000082,-0.000034,1.000000
332.268000,0.00000,0.00000,2.18000,0.00210,0.00152,0.00238,0.000685,0.000099,0.000149,1.000000
332.300000,0.00000,0.00000,2.18000,0.00246,-0.00167,0.00244,0.000685,0.000099,0.000149,1.000000
332.334000,0.00000,0.00000,2.18000,0.00246,-0.00167,0.00244,0.000685,0.000099,0.000149,1.000000
332.367000,0.00000,0.00000,2.18000,0.00246,-0.00167,0.00244,0.000685,0.000099,0.000149,1.000000
332.400000,0.00000,0.00000,2.18000,0.00246,-0.00167,0.00244,0.000685,0.000099,0.000149,1.000000
332.434000,0.00000,0.00000,2.18000,0.00246,-0.00167,0.00244,0.000685,0.000099,0.000149,1.000000
332.467000,0.00000,0.00000,2.18000,0.00246,-0.00167,0.00244,0.000685,0.000099,0.000149,1.000000
332.500000,0.00000,0.00000,2.18000,0.00246,-0.00167,0.00244,0.000685,0.000099,0.000149,1.000000
332.535000,0.00000,0.00000,2.18000,0.00269,0.00137,0.00274,-0.001692,-0.000035,-0.000057,0.999999
332.567000,0.00000,0.00000,2.18000,0.00269,0.00137,0.00274,-0.001692,-0.000035,-0.000057,0.999999
332.600000,0.00000,0.00000,2.18000,0.00269,0.00137,0.00274,-0.001692,-0.000035,-0.000057,0.999999
332.634000,0.00000,0.00000,2.18000,0.00269,0.00137,0.00274,-0.001692,-0.000035,-0.000057,0.999999
332.667000,0.00000,0.00000,2.18000,0.00269,0.00137,0.00274,-0.001692,-0.000035,-0.000057,0.999999
332.701000,0.00000,0.00000,2.18000,0.00269,0.00137,0.00274,-0.001692,-0.000035,-0.000057,0.999999
332.734000,0.00000,0.00000,2.18000,0.00269,0.00137,0.00274,-0.001692,-0.000035,-0.000057,0.999999
332.768000,0.00000,0.00000,2.18000,0.00248,-0.00091,-0.00144,0.001904,-0.000007,0.000221,0.999998
332.800000,0.00000,0.00000,2.18000,0.00248,-0.00091,-0.00144,0.001904,-0.000007,0.000221,0.999998
332.834000,0.00000,0.00000,2.18000,0.00248,-0.00091,-0.00144,0.001904,-0.000007,0.000221,0.999998
332.868000,0.00000,0.00000,2.18000,0.00248,-0.00091,-0.00144,0.001904,-0.000007,0.000221,0.999998
332.900000,0.00000,0.00000,2.18000,0.00248,-0.00091,-0.00144,0.001904,-0.000007,0.000221,0.999998
332.934000,0.00000,0.00000,2.18000,0.00248,-0.00091,-0.00144,0.001904,-0.000007,0.000221,0.999998
332.967000,0.00000,0.00000,2.18000,0.00248,-0.00091,-0.00144,0.001904,-0.000007,0.000221,0.999998
333.000000,0.00000,0.00000,2.18000,0.00248,-0.00091,-0.00144,0.001904,-0.000007,0.000221,0.999998
333.035000,0.00908,0.00000,2.18000,0.00219,0.00088,-0.00360,-0.002248,-0.000446,0.000048,0.999997
333.067000,0.00908,0.00000,2.18000,0.00219,0.00088,-0.00360,-0.002248,-0.000446,0.000048,0.999997
333.100000,0.00908,0.00000,2.18000,0.00219,0.00088,-0.00360,-0.002248,-0.000446,0.000048,0.999997
333.134000,0.00908,0.00000,2.18000,0.00219,0.00088,-0.00360,-0.002248,-0.000446,0.000048,0.999997
333.168000,0.00908,0.00000,2.18000,0.00219,0.00088,-0.00360,-0.002248,-0.000446,0.000048,0.999997
333.200000,0.00908,0.00000,2.18000,0.00219,0.00088,-0.00360,-0.002248,-0.000446,0.000048,0.999997
333.234000,0.00908,0.00000,2.18000,0.00219,0.00088,-0.00360,-0.002248,-0.000446,0.000048,0.999997
333.268000,0.00908,0.00000,2.18000,0.00219,0.00088,-0.00360,0.002818,-0.000948,0.000170,0.999996
333.300000,0.00908,0.00000,2.18000,-0.00201,-0.00078,-0.00121,0.002818,-0.000948,0.000170,0.999996
333.334000,0.00908,0.00000,2.18000,-0.00201,-0.00078,-0.00121,0.002818,-0.000948,0.000170,0.999996
333.367000,0.00908,0.00000,2.18000,-0.00201,-0.00078,-0.00121,0.002818,-0.000948,0.000170,0.999996
333.400000,0.00908,0.00000,2.18000,-0.00201,-0.00078,-0.00121,0.002818,-0.000948,0.000170,0.999996
333.434000,0.00908,0.00000,2.18000,-0.00201,-0.00078,-0.00121,0.002818,-0.000948,0.000170,0.999996
333.467000,0.00908,0.00000,2.18000,-0.00201,-0.00078,-0.00121,0.002818,-0.000948,0.000170,0.999996
333.500000,0.00908,0.00000,2.18000,-0.00201,-0.00078,-0.00121,0.002818,-0.000948,0.000170,0.999996
333.535000,0.00000,0.00000,2.18000,-0.00497,0.00035,-0.00089,-0.003056,0.000050,-0.000039,0.999995
333.567000,0.00000,0.00000,2.18000,-0.00497,0.00035,-0.00089,-0.003056,0.000050,-0.000039,0.999995
333.600000,0.00000,0.00000,2.18000,-0.00497,0.00035,-0.00089,-0.003056,0.000050,-0.000039,0.999995
333.634000,0.00000,0.00000,2.18000,-0.00497,0.00035,-0.00089,-0.003056,0.000050,-0.000039,0.999995
333.667000,0.00000,0.00000,2.18000,-0.00497,0.00035,-0.00089,-0.003056,0.000050,-0.000039,0.999995
333.700000,0.00000,0.00000,2.18000,-0.00497,0.00035,-0.00089,-0.003056,0.000050,-0.000039,0.999995
333.734000,0.00000,0.00000,2.18000,-0.00497,0.00035,-0.00089,-0.003056,0.000050,-0.000039,0.999995
333.767000,0.00000,0.00000,2.18000,-0.00497,0.00035,-0.00089,0.002678,0.000652,0.000085,0.999996
333.801000,0.00000,0.00000,2.18000,-0.00242,0.00140,0.00097,0.002678,0.000652,0.000085,0.999996
333.834000,0.00000,0.00000,2.18000,-0.00242,0.00140,0.00097,0.002678,0.000652,0.000085,0.999996
333.867000,0.00000,0.00000,2.18000,-0.00242,0.00140,0.00097,0.002678,0.000652,0.000085,0.999996
333.900000,0.00000,0.00000,2.18000,-0.00242,0.00140,0.00097,0.002678,0.000652,0.000085,0.999996
333.935000,0.00000,0.00000,2.18000,-0.00242,0.00140,0.00097,0.002678,0.000652,0.000085,0.999996
333.967000,0.00000,0.00000,2.18000,-0.00242,0.00140,0.00097,0.002678,0.000652,0.000085,0.999996
334.001000,0.00000,0.00000,2.18000,-0.00242,0.00140,0.00097,0.002678,0.000652,0.000085,0.999996
334.035000,0.00000,0.00000,2.18000,0.00011,-0.00033,0.00056,-0.002258,0.000325,0.000062,0.999997
334.067000,0.00000,0.00000,2.18000,0.00011,-0.00033,0.00056,-0.002258,0.000325,0.000062,0.999997
334.100000,0.00000,0.00000,2.18000,0.00011,-0.00033,0.00056,-0.002258,0.000325,0.000062,0.999997
334.134000,0.00000,0.00000,2.18000,0.00011,-0.00033,0.00056,-0.002258,0.000325,0.000062,0.999997
334.167000,0.00000,0.00000,2.18000,0.00011,-0.00033,0.00056,-0.002258,0.000325,0.000062,0.999997
334.200000,0.00000,0.00000,2.18000,0.00011,-0.00033,0.00056,-0.002258,0.000325,0.000062,0.999997
334.234000,0.00000,0.00000,2.18000,0.00011,-0.00033,0.00056,-0.002258,0.000325,0.000062,0.999997
334.268000,0.00000,0.00000,2.18000,0.00011,-0.00033,0.00056,0.001935,0.000081,-0.000050,0.999998
334.300000,0.00000,0.00000,2.18000,0.00105,0.00128,0.00011,0.001935,0.000081,-0.000050,0.999998
334.334000,0.00000,0.00000,2.18000,0.00105,0.00128,0.00011,0.001935,0.000081,-0.000050,0.999998
334.367000,0.00000,0.00000,2.18000,0.00105,0.00128,0.00011,0.001935,0.000081,-0.000050,0.999998
334.401000,0.00000,0.00000,2.18000,0.00105,0.00128,0.00011,0.001935,0.000081,-0.000050,0.999998
334.434000,0.00000,0.00000,2.18000,0.00105,0.00128,0.00011,0.001935,0.000081,-0.000050,0.999998
334.467000,0.00000,0.00000,2.18000,0.00105,0.00128,0.00011,0.001935,0.000081,-0.000050,0.999998
334.500000,0.00000,0.00000,2.18000,0.00105,0.00128,0.00011,0.001935,0.000081,-0.000050,0.999998
334.535000,0.00000,0.00000,2.18000,0.00136,-0.00158,-0.00046,-0.001103,0.000100,0.000091,0.999999
334.567000,0.00000,0.00000,2.18000,0.00136,-0.00158,-0.00046,-0.001103,0.000100,0.000091,0.999999
334.600000,0.00000,0.00000,2.18000,0.00136,-0.00158,-0.00046,-0.001103,0.000100,0.000091,0.999999
334.634000,0.00000,0.00000,2.18000,0.00136,-0.00158,-0.00046,-0.001103,0.000100,0.000091,0.999999
334.667000,0.00000,0.00000,2.18000,0.00136,-0.00158,-0.00046,-0.001103,0.000100,0.000091,0.999999
334.700000,0.00000,0.00000,2.18000,0.00136,-0.00158,-0.00046,-0.001103,0.000100,0.000091,0.999999
334.734000,0.00000,0.00000,2.18000,0.00136,-0.00158,-0.00046,-0.001103,0.000100,0.000091,0.999999
334.768000,0.00000,0.00000,2.18000,0.00136,-0.00158,-0.00046,0.000619,0.000160,-0.000048,1.000000
334.800000,0.00000,0.00000,2.18000,0.00201,0.00094,0.00065,0.000619,0.000160,-0.000048,1.000000
334.834000,0.00000,0.00000,2.18000,0.00201,0.00094,0.00065,0.000619,0.000160,-0.000048,1.000000
334.867000,0.00000,0.00000,2.18000,0.00201,0.00094,0.00065,0.000619,0.000160,-0.000048,1.000000
334.900000,0.00000,0.00000,2.18000,0.00201,0.00094,0.00065,0.000619,0.000160,-0.000048,1.000000
334.934000,0.00000,0.00000,2.18000,0.00201,0.00094,0.00065,0.000619,0.000160,-0.000048,1.000000
334.967000,0.00000,0.00000,2.18000,0.00201,0.00094,0.00065,0.000619,0.000160,-0.000048,1.000000
335.000000,0.00000,0.00000,2.18000,0.00201,0.00094,0.00065,0.000619,0.000160,-0.000048,1.000000
335.035000,0.00000,0.00000,2.18000,0.00278,-0.00189,0.00175,0.000119,0.000150,0.000157,1.000000
335.067000,0.00000,0.00000,2.18000,0.00278,-0.00189,0.00175,0.000119,0.000150,0.000157,1.000000
335.100000,0.00000,0.00000,2.18000,0.00278,-0.00189,0.00175,0.000119,0.000150,0.000157,1.000000
335.134000,0.00000,0.00000,2.18000,0.00278,-0.00189,0.00175,0.000119,0.000150,0.000157,1.000000
335.167000,0.00000,0.00000,2.18000,0.00278,-0.00189,0.00175,0.000119,0.000150,0.000157,1.000000
335.200000,0.00000,0.00000,2.18000,0.00278,-0.00189,0.00175,0.000119,0.000150,0.000157,1.000000
335.234000,0.00000,0.00000,2.18000,0.00278,-0.00189,0.00175,0.000119,0.000150,0.000157,1.000000
335.268000,0.00000,0.00000,2.18000,0.00278,-0.00189,0.00175,-0.000810,-0.000475,-0.000073,1.000000
335.301000,0.00908,0.00000,2.17000,0.00274,0.00020,0.00242,-0.000810,-0.000475,-0.000073,1.000000
335.334000,0.00908,0.00000,2.17000,0.00274,0.00020,0.00242,-0.000810,-0.000475,-0.000073,1.000000
335.367000,0.00908,0.00000,2.17000,0.00274,0.00020,0.00242,-0.000810,-0.000475,-0.000073,1.000000
335.400000,0.00908,0.00000,2.17000,0.00274,0.00020,0.00242,-0.000810,-0.000475,-0.000073,1.000000
335.434000,0.00908,0.00000,2.17000,0.00274,0.00020,0.00242,-0.000810,-0.000475,-0.000073,1.000000
335.467000,0.00908,0.00000,2.17000,0.00274,0.00020,0.00242,-0.000810,-0.000475,-0.000073,1.000000
335.500000,0.00908,0.00000,2.17000,0.00274,0.00020,0.00242,-0.000810,-0.000475,-0.000073,1.000000
335.535000,0.00908,0.00000,2.18000,-0.00162,-0.00234,0.00465,0.001794,-0.000973,0.000094,0.999998
335.567000,0.00908,0.00000,2.18000,-0.00162,-0.00234,0.00465,0.001794,-0.000973,0.000094,0.999998
335.600000,0.00908,0.00000,2.18000,-0.00162,-0.00234,0.00465,0.001794,-0.000973,0.000094,0.999998
335.634000,0.00908,0.00000,2.18000,-0.00162,-0.00234,0.00465,0.001794,-0.000973,0.000094,0.999998
335.667000,0.00908,0.00000,2.18000,-0.00162,-0.00234,0.00465,0.001794,-0.000973,0.000094,0.999998
335.700000,0.00908,0.00000,2.18000,-0.00162,-0.00234,0.00465,0.001794,-0.000973,0.000094,0.999998
335.734000,0.00908,0.00000,2.18000,-0.00162,-0.00234,0.00465,0.001794,-0.000973,0.000094,0.999998
335.768000,0.00000,0.00000,2.18000,-0.00538,0.00006,-0.00231,-0.002566,-0.000408,-0.000120,0.999997
335.800000,0.00000,0.00000,2.18000,-0.00538,0.00006,-0.00231,-0.002566,-0.000408,-0.000120,0.999997
335.834000,0.00000,0.00000,2.18000,-0.00538,0.00006,-0.00231,-0.002566,-0.000408,-0.000120,0.999997
335.867000,0.00000,0.00000,2.18000,-0.00538,0.00006,-0.00231,-0.002566,-0.000408,-0.000120,0.999997
335.900000,0.00000,0.00000,2.18000,-0.00538,0.00006,-0.00231,-0.002566,-0.000408,-0.000120,0.999997
335.934000,0.00000,0.00000,2.18000,-0.00538,0.00006,-0.00231,-0.002566,-0.000408,-0.000120,0.999997
335.967000,0.00000,0.00000,2.18000,-0.00538,0.00006,-0.00231,-0.002566,-0.000408,-0.000120,0.999997
336.000000,0.00000,0.00000,2.18000,-0.00538,0.00006,-0.00231,-0.002566,-0.000408,-0.000120,0.999997
336.035000,0.00000,0.00000,2.18000,-0.00377,-0.00099,-0.00140,0.002719,0.000718,0.000028,0.999996
336.067000,0.00000,0.00000,2.18000,-0.00377,-0.00099,-0.00140,0.002719,0.000718,0.000028,0.999996
336.100000,0.00000,0.00000,2.18000,-0.00377,-0.00099,-0.00140,0.002719,0.000718,0.000028,0.999996
336.134000,0.00000,0.00000,2.18000,-0.00377,-0.00099,-0.00140,0.002719,0.000718,0.000028,0.999996
336.167000,0.00000,0.00000,2.18000,-0.00377,-0.00099,-0.00140,0.002719,0.000718,0.000028,0.999996
336.200000,0.00000,0.00000,2.18000,-0.00377,-0.00099,-0.00140,0.002719,0.000718,0.000028,0.999996
336.234000,0.00000,0.00000,2.18000,-0.00377,-0.00099,-0.00140,0.002719,0.000718,0.000028,0.999996
336.268000,0.00000,0.00000,2.18000,-0.00058,0.00021,-0.00199,-0.003169,0.000514,0.000026,0.999995
336.300000,0.00000,0.00000,2.18000,-0.00058,0.00021,-0.00199,-0.003169,0.000514,0.000026,0.999995
336.334000,0.00000,0.00000,2.18000,-0.00058,0.00021,-0.00199,-0.003169,0.000514,0.000026,0.999995
336.367000,0.00000,0.00000,2.18000,-0.00058,0.00021,-0.00199,-0.003169,0.000514,0.000026,0.999995
336.400000,0.00000,0.00000,2.18000,-0.00058,0.00021,-0.00199,-0.003169,0.000514,0.000026,0.999995
336.434000,0.00000,0.00000,2.18000,-0.00058,0.00021,-0.00199,-0.003169,0.000514,0.000026,0.999995
336.467000,0.00000,0.00000,2.18000,-0.00058,0.00021,-0.00199,-0.003169,0.000514,0.000026,0.999995
336.500000,0.00000,0.00000,2.18000,-0.00058,0.00021,-0.00199,-0.003169,0.000514,0.000026,0.999995
336.535000,0.00000,0.00000,2.18000,0.00104,0.00210,-0.00102,0.002681,0.000223,0.000006,0.999996
336.567000,0.00000,0.00000,2.18000,0.00104,0.00210,-0.00102,0.002681,0.000223,0.000006,0.999996
336.600000,0.00000,0.00000,2.18000,0.00104,0.00210,-0.00102,0.002681,0.000223,0.000006,0.999996
336.634000,0.00000,0.00000,2.18000,0.00104,0.00210,-0.00102,0.002681,0.000223,0.000006,0.999996
336.667000,0.00000,0.00000,2.18000,0.00104,0.00210,-0.00102,0.002681,0.000223,0.000006,0.999996
336.700000,0.00000,0.00000,2.18000,0.00104,0.00210,-0.00102,0.002681,0.000223,0.000006,0.999996
336.734000,0.00000,0.00000,2.18000,0.00104,0.00210,-0.00102,0.002681,0.000223,0.000006,0.999996
336.768000,0.00000,0.00000,2.18000,0.00197,0.00075,-0.00288,-0.002183,0.000118,0.000087,0.999998
336.800000,0.00000,0.00000,2.18000,0.00197,0.00075,-0.00288,-0.002183,0.000118,0.000087,0.999998
336.834000,0.00000,0.00000,2.18000,0.00197,0.00075,-0.00288,-0.002183,0.000118,0.000087,0.999998
336.867000,0.00000,0.00000,2.18000,0.00197,0.00075,-0.00288,-0.002183,0.000118,0.000087,0.999998
336.900000,0.00000,0.00000,2.18000,0.00197,0.00075,-0.00288,-0.002183,0.000118,0.000087,0.999998
336.934000,0.00000,0.00000,2.18000,0.00197,0.00075,-0.00288,-0.002183,0.000118,0.000087,0.999998
336.967000,0.00000,0.00000,2.18000,0.00197,0.00075,-0.00288,-0.002183,0.000118,0.000087,0.999998
337.000000,0.00000,0.00000,2.18000,0.00197,0.00075,-0.00288,-0.002183,0.000118,0.000087,0.999998
337.035000,0.00000,0.00000,2.18000,0.00205,0.00276,0.00270,0.001300,-0.000026,-0.000039,0.999999
337.067000,0.00000,0.00000,2.18000,0.00205,0.00276,0.00270,0.001300,-0.000026,-0.000039,0.999999
337.100000,0.00000,0.00000,2.18000,0.00205,0.00276,0.00270,0.001300,-0.000026,-0.000039,0.999999
337.134000,0.00000,0.00000,2.18000,0.00205,0.00276,0.00270,0.001300,-0.000026,-0.000039,0.999999
337.167000,0.00000,0.00000,2.18000,0.00205,0.00276,0.00270,0.001300,-0.000026,-0.000039,0.999999
337.200000,0.00000,0.00000,2.18000,0.00205,0.00276,0.00270,0.001300,-0.000026,-0.000039,0.999999
337.234000,0.00000,0.00000,2.18000,0.00205,0.00276,0.00270,0.001300,-0.000026,-0.000039,0.999999
337.267000,0.00000,0.00000,2.18000,0.00205,0.00276,0.00270,-0.000917,-0.000578,0.000139,0.999999
337.301000,0.00000,0.00000,2.18000,0.00109,-0.00005,0.00370,-0.000917,-0.000578,0.000139,0.999999
337.334000,0.00000,0.00000,2.18000,0.00109,-0.00005,0.00370,-0.000917,-0.000578,0.000139,0.999999
337.367000,0.00000,0.00000,2.18000,0.00109,-0.00005,0.00370,-0.000917,-0.000578,0.000139,0.999999
337.400000,0.00000,0.00000,2.18000,0.00109,-0.00005,0.00370,-0.000917,-0.000578,0.000139,0.999999
337.434000,0.00000,0.00000,2.18000,0.00109,-0.00005,0.00370,-0.000917,-0.000578,0.000139,0.999999
337.467000,0.00000,0.00000,2.18000,0.00109,-0.00005,0.00370,-0.000917,-0.000578,0.000139,0.999999
337.500000,0.00000,0.00000,2.18000,0.00109,-0.00005,0.00370,-0.000917,-0.000578,0.000139,0.999999
337.535000,0.00000,0.00000,2.18000,-0.00074,0.00272,0.00485,-0.000322,0.000008,-0.000149,1.000000
337.567000,0.00000,0.00000,2.18000,-0.00074,0.00272,0.00485,-0.000322,0.000008,-0.000149,1.000000
337.600000,0.00000,0.00000,2.18000,-0.00074,0.00272,0.00485,-0.000322,0.000008,-0.000149,1.000000
337.634000,0.00000,0.00000,2.18000,-0.00074,0.00272,0.00485,-0.000322,0.000008,-0.000149,1.000000
337.667000,0.00000,0.00000,2.18000,-0.00074,0.00272,0.00485,-0.000322,0.000008,-0.000149,1.000000
337.700000,0.00000,0.00000,2.18000,-0.00074,0.00272,0.00485,-0.000322,0.000008,-0.000149,1.000000
337.734000,0.00000,0.00000,2.18000,-0.00074,0.00272,0.00485,-0.000322,0.000008,-0.000149,1.000000
337.768000,0.00000,0.00000,2.18000,0.00009,-0.00113,0.00254,0.000760,0.000295,0.000080,1.000000
337.800000,0.00000,0.00000,2.18000,0.00009,-0.00113,0.00254,0.000760,0.000295,0.000080,1.000000
337.834000,0.00000,0.00000,2.18000,0.00009,-0.00113,0.00254,0.000760,0.000295,0.000080,1.000000
337.867000,0.00000,0.00000,2.18000,0.00009,-0.00113,0.00254,0.000760,0.000295,0.000080,1.000000
337.900000,0.00000,0.00000,2.18000,0.00009,-0.00113,0.00254,0.000760,0.000295,0.000080,1.000000
337.934000,0.00000,0.00000,2.18000,0.00009,-0.00113,0.00254,0.000760,0.000295,0.000080,1.000000
337.967000,0.00000,0.00000,2.18000,0.00009,-0.00113,0.00254,0.000760,0.000295,0.000080,1.000000
338.000000,0.00000,0.00000,2.18000,0.00009,-0.00113,0.00254,0.000760,0.000295,0.000080,1.000000
338.035000,0.00000,0.00000,2.18000,0.00118,0.00139,0.00051,-0.001869,0.000171,-0.000286,0.999998
338.067000,0.00000,0.00000,2.18000,0.00118,0.00139,0.00051,-0.001869,0.000171,-0.000286,0.999998
338.101000,0.00000,0.00000,2.18000,0.00118,0.00139,0.00051,-0.001869,0.000171,-0.000286,0.999998
338.134000,0.00000,0.00000,2.18000,0.00118,0.00139,0.00051,-0.001869,0.000171,-0.000286,0.999998
338.167000,0.00000,0.00000,2.18000,0.00118,0.00139,0.00051,-0.001869,0.000171,-0.000286,0.999998
338.200000,0.00000,0.00000,2.18000,0.00118,0.00139,0.00051,-0.001869,0.000171,-0.000286,0.999998
338.234000,0.00000,0.00000,2.18000,0.00118,0.00139,0.00051,-0.001869,0.000171,-0.000286,0.999998
338.267000,0.00000,0.00000,2.18000,0.00118,0.00139,0.00051,0.002580,-0.000015,0.000155,0.999997
338.301000,0.00000,0.00000,2.18000,0.00151,-0.00036,-0.00545,0.002580,-0.000015,0.000155,0.999997
338.334000,0.00000,0.00000,2.18000,0.00151,-0.00036,-0.00545,0.002580,-0.000015,0.000155,0.999997
338.367000,0.00000,0.00000,2.18000,0.00151,-0.00036,-0.00545,0.002580,-0.000015,0.000155,0.999997
338.400000,0.00000,0.00000,2.18000,0.00151,-0.00036,-0.00545,0.002580,-0.000015,0.000155,0.999997
338.434000,0.00000,0.00000,2.18000,0.00151,-0.00036,-0.00545,0.002580,-0.000015,0.000155,0.999997
338.467000,0.00000,0.00000,2.18000,0.00151,-0.00036,-0.00545,0.002580,-0.000015,0.000155,0.999997
338.501000,0.00000,0.00000,2.18000,0.00151,-0.00036,-0.00545,0.002580,-0.000015,0.000155,0.999997
338.535000,0.00908,0.00000,2.18000,0.00145,0.00110,-0.00175,-0.002933,-0.000027,-0.000021,0.999996
338.567000,0.00908,0.00000,2.18000,0.00145,0.00110,-0.00175,-0.002933,-0.000027,-0.000021,0.999996
338.600000,0.00908,0.00000,2.18000,0.00145,0.00110,-0.00175,-0.002933,-0.000027,-0.000021,0.999996
338.634000,0.00908,0.00000,2.18000,0.00145,0.00110,-0.00175,-0.002933,-0.000027,-0.000021,0.999996
338.667000,0.00908,0.00000,2.18000,0.00145,0.00110,-0.00175,-0.002933,-0.000027,-0.000021,0.999996
338.701000,0.00908,0.00000,2.18000,0.00145,0.00110,-0.00175,-0.002933,-0.000027,-0.000021,0.999996
338.734000,0.00908,0.00000,2.18000,0.00145,0.00110,-0.00175,-0.002933,-0.000027,-0.000021,0.999996
338.768000,0.00908,0.00000,2.18000,-0.00146,0.00093,-0.00233,0.002958,-0.000965,0.000077,0.999995
338.801000,0.00908,0.00000,2.18000,-0.00146,0.00093,-0.00233,0.002958,-0.000965,0.000077,0.999995
338.834000,0.00908,0.00000,2.18000,-0.00146,0.00093,-0.00233,0.002958,-0.000965,0.000077,0.999995
338.867000,0.00908,0.00000,2.18000,-0.00146,0.00093,-0.00233,0.002958,-0.000965,0.000077,0.999995
338.900000,0.00908,0.00000,2.18000,-0.00146,0.00093,-0.00233,0.002958,-0.000965,0.000077,0.999995
338.934000,0.00908,0.00000,2.18000,-0.00146,0.00093,-0.00233,0.002958,-0.000965,0.000077,0.999995
338.967000,0.00908,0.00000,2.18000,-0.00146,0.00093,-0.00233,0.002958,-0.000965,0.000077,0.999995
339.000000,0.00908,0.00000,2.18000,-0.00146,0.00093,-0.00233,0.002958,-0.000965,0.000077,0.999995
339.035000,0.00908,0.00000,2.18000,-0.00542,-0.00046,-0.00516,-0.002753,-0.000578,-0.000003,0.999996
339.067000,0.00908,0.00000,2.18000,-0.00542,-0.00046,-0.00516,-0.002753,-0.000578,-0.000003,0.999996
339.100000,0.00908,0.00000,2.18000,-0.00542,-0.00046,-0.00516,-0.002753,-0.000578,-0.000003,0.999996
339.134000,0.00908,0.00000,2.18000,-0.00542,-0.00046,-0.00516,-0.002753,-0.000578,-0.000003,0.999996
339.167000,0.00908,0.00000,2.18000,-0.00542,-0.00046,-0.00516,-0.002753,-0.000578,-0.000003,0.999996
339.201000,0.00908,0.00000,2.18000,-0.00542,-0.00046,-0.00516,-0.002753,-0.000578,-0.000003,0.999996
339.234000,0.00908,0.00000,2.18000,-0.00542,-0.00046,-0.00516,-0.002753,-0.000578,-0.000003,0.999996
339.268000,0.00908,0.00000,2.18000,-0.00542,-0.00046,-0.00516,0.002184,-0.000294,-0.000009,0.999998
339.300000,0.00908,0.00000,2.18000,-0.00727,0.00170,-0.00267,0.002184,-0.000294,-0.000009,0.999998
339.334000,0.00908,0.00000,2.18000,-0.00727,0.00170,-0.00267,0.002184,-0.000294,-0.000009,0.999998
339.367000,0.00908,0.00000,2.18000,-0.00727,0.00170,-0.00267,0.002184,-0.000294,-0.000009,0.999998
339.400000,0.00908,0.00000,2.18000,-0.00727,0.00170,-0.00267,0.002184,-0.000294,-0.000009,0.999998
339.434000,0.00908,0.00000,2.18000,-0.00727,0.00170,-0.00267,0.002184,-0.000294,-0.000009,0.999998
339.467000,0.00908,0.00000,2.18000,-0.00727,0.00170,-0.00267,0.002184,-0.000294,-0.000009,0.999998
339.500000,0.00908,0.00000,2.18000,-0.00727,0.00170,-0.00267,0.002184,-0.000294,-0.000009,0.999998
339.535000,0.00908,0.00000,2.17000,-0.00826,-0.00051,-0.00163,-0.001608,-0.000207,-0.000017,0.999999
339.567000,0.00908,0.00000,2.17000,-0.00826,-0.00051,-0.00163,-0.001608,-0.000207,-0.000017,0.999999
339.600000,0.00908,0.00000,2.17000,-0.00826,-0.00051,-0.00163,-0.001608,-0.000207,-0.000017,0.999999
339.634000,0.00908,0.00000,2.17000,-0.00826,-0.00051,-0.00163,-0.001608,-0.000207,-0.000017,0.999999
339.667000,0.00908,0.00000,2.17000,-0.00826,-0.00051,-0.00163,-0.001608,-0.000207,-0.000017,0.999999
339.700000,0.00908,0.00000,2.17000,-0.00826,-0.00051,-0.00163,-0.001608,-0.000207,-0.000017,0.999999
339.734000,0.00908,0.00000,2.17000,-0.00826,-0.00051,-0.00163,-0.001608,-0.000207,-0.000017,0.999999
339.768000,0.00908,0.00000,2.18000,-0.00906,0.00184,0.00670,0.001135,-0.000155,-0.000097,0.999999
339.800000,0.00908,0.00000,2.18000,-0.00906,0.00184,0.00670,0.001135,-0.000155,-0.000097,0.999999
339.834000,0.00908,0.00000,2.18000,-0.00906,0.00184,0.00670,0.001135,-0.000155,-0.000097,0.999999
339.867000,0.00908,0.00000,2.18000,-0.00906,0.00184,0.00670,0.001135,-0.000155,-0.000097,0.999999
339.900000,0.00908,0.00000,2.18000,-0.00906,0.00184,0.00670,0.001135,-0.000155,-0.000097,0.999999
339.934000,0.00908,0.00000,2.18000,-0.00906,0.00184,0.00670,0.001135,-0.000155,-0.000097,0.999999
339.967000,0.00908,0.00000,2.18000,-0.00906,0.00184,0.00670,0.001135,-0.000155,-0.000097,0.999999
340.000000,0.00908,0.00000,2.18000,-0.00906,0.00184,0.00670,0.001135,-0.000155,-0.000097,0.999999
340.035000,0.00908,0.00000,2.18000,-0.00944,-0.00157,0.00288,0.000141,-0.000074,0.000032,1.000000
340.067000,0.00908,0.00000,2.18000,-0.00944,-0.00157,0.00288,0.000141,-0.000074,0.000032,1.000000
340.100000,0.00908,0.00000,2.18000,-0.00944,-0.00157,0.00288,0.000141,-0.000074,0.000032,1.000000
340.134000,0.00908,0.00000,2.18000,-0.00944,-0.00157,0.00288,0.000141,-0.000074,0.000032,1.000000
340.167000,0.00908,0.00000,2.18000,-0.00944,-0.00157,0.00288,0.000141,-0.000074,0.000032,1.000000
340.200000,0.00908,0.00000,2.18000,-0.00944,-0.00157,0.00288,0.000141,-0.000074,0.000032,1.000000
340.234000,0.00908,0.00000,2.18000,-0.00944,-0.00157,0.00288,0.000141,-0.000074,0.000032,1.000000
340.268000,0.00908,0.00000,2.18000,-0.00944,-0.00157,0.00288,-0.001221,0.000877,-0.000129,0.999999
340.300000,0.00000,0.00000,2.18000,-0.00794,0.00112,-0.00047,-0.001221,0.000877,-0.000129,0.999999
340.334000,0.00000,0.00000,2.18000,-0.00794,0.00112,-0.00047,-0.001221,0.000877,-0.000129,0.999999
340.368000,0.00000,0.00000,2.18000,-0.00794,0.00112,-0.00047,-0.001221,0.000877,-0.000129,0.999999
340.400000,0.00000,0.00000,2.18000,-0.00794,0.00112,-0.00047,-0.001221,0.000877,-0.000129,0.999999
340.434000,0.00000,0.00000,2.18000,-0.00794,0.00112,-0.00047,-0.001221,0.000877,-0.000129,0.999999
340.467000,0.00000,0.00000,2.18000,-0.00794,0.00112,-0.00047,-0.001221,0.000877,-0.000129,0.999999
340.500000,0.00000,0.00000,2.18000,-0.00794,0.00112,-0.00047,-0.001221,0.000877,-0.000129,0.999999
340.535000,0.00000,0.00000,2.18000,-0.00326,-0.00131,-0.00186,0.002075,0.000833,0.000172,0.999997
340.567000,0.00000,0.00000,2.18000,-0.00326,-0.00131,-0.00186,0.002075,0.000833,0.000172,0.999997
340.601000,0.00000,0.00000,2.18000,-0.00326,-0.00131,-0.00186,0.002075,0.000833,0.000172,0.999997
340.634000,0.00000,0.00000,2.18000,-0.00326,-0.00131,-0.00186,0.002075,0.000833,0.000172,0.999997
340.667000,0.00000,0.00000,2.18000,-0.00326,-0.00131,-0.00186,0.002075,0.000833,0.000172,0.999997
340.700000,0.00000,0.00000,2.18000,-0.00326,-0.00131,-0.00186,0.002075,0.000833,0.000172,0.999997
340.734000,0.00000,0.00000,2.18000,-0.00326,-0.00131,-0.00186,0.002075,0.000833,0.000172,0.999997
340.768000,0.00000,0.00000,2.18000,-0.00326,-0.00131,-0.00186,-0.002524,0.000445,-0.000142,0.999997
340.800000,0.00000,0.00000,2.18000,-0.00018,0.00011,-0.00389,-0.002524,0.000445,-0.000142,0.999997
340.834000,0.00000,0.00000,2.18000,-0.00018,0.00011,-0.00389,-0.002524,0.000445,-0.000142,0.999997
340.867000,0.00000,0.00000,2.18000,-0.00018,0.00011,-0.00389,-0.002524,0.000445,-0.000142,0.999997
340.900000,0.00000,0.00000,2.18000,-0.00018,0.00011,-0.00389,-0.002524,0.000445,-0.000142,0.999997
340.934000,0.00000,0.00000,2.18000,-0.00018,0.00011,-0.00389,-0.002524,0.000445,-0.000142,0.999997
340.967000,0.00000,0.00000,2.18000,-0.00018,0.00011,-0.00389,-0.002524,0.000445,-0.000142,0.999997
341.000000,0.00000,0.00000,2.18000,-0.00018,0.00011,-0.00389,-0.002524,0.000445,-0.000142,0.999997
341.035000,0.00000,0.00000,2.18000,0.00129,-0.00108,-0.00467,0.002912,0.000089,0.000071,0.999996
341.067000,0.00000,0.00000,2.18000,0.00129,-0.00108,-0.00467,0.002912,0.000089,0.000071,0.999996
341.100000,0.00000,0.00000,2.18000,0.00129,-0.00108,-0.00467,0.002912,0.000089,0.000071,0.999996
341.134000,0.00000,0.00000,2.18000,0.00129,-0.00108,-0.00467,0.002912,0.000089,0.000071,0.999996
341.167000,0.00000,0.00000,2.18000,0.00129,-0.00108,-0.00467,0.002912,0.000089,0.000071,0.999996
341.201000,0.00000,0.00000,2.18000,0.00129,-0.00108,-0.00467,0.002912,0.000089,0.000071,0.999996
341.234000,0.00000,0.00000,2.18000,0.00129,-0.00108,-0.00467,0.002912,0.000089,0.000071,0.999996
341.268000,0.00000,0.00000,2.18000,0.00129,-0.00108,-0.00467,-0.003041,0.000033,0.000036,0.999995
341.300000,0.00000,0.00000,2.17000,0.00138,-0.00063,0.00015,-0.003041,0.000033,0.000036,0.999995
341.334000,0.00000,0.00000,2.17000,0.00138,-0.00063,0.00015,-0.003041,0.000033,0.000036,0.999995
341.367000,0.00000,0.00000,2.17000,0.00138,-0.00063,0.00015,-0.003041,0.000033,0.000036,0.999995
341.400000,0.00000,0.00000,2.17000,0.00138,-0.00063,0.00015,-0.003041,0.000033,0.000036,0.999995
341.434000,0.00000,0.00000,2.17000,0.00138,-0.00063,0.00015,-0.003041,0.000033,0.000036,0.999995
341.467000,0.00000,0.00000,2.17000,0.00138,-0.00063,0.00015,-0.003041,0.000033,0.000036,0.999995
341.500000,0.00000,0.00000,2.17000,0.00138,-0.00063,0.00015,-0.003041,0.000033,0.000036,0.999995
341.535000,0.00000,0.00000,2.18000,0.00161,0.00131,0.00491,0.002419,0.000045,-0.000073,0.999997
341.567000,0.00000,0.00000,2.18000,0.00161,0.00131,0.00491,0.002419,0.000045,-0.000073,0.999997
341.600000,0.00000,0.00000,2.18000,0.00161,0.00131,0.00491,0.002419,0.000045,-0.000073,0.999997
341.634000,0.00000,0.00000,2.18000,0.00161,0.00131,0.00491,0.002419,0.000045,-0.000073,0.999997
341.667000,0.00000,0.00000,2.18000,0.00161,0.00131,0.00491,0.002419,0.000045,-0.000073,0.999997
341.701000,0.00000,0.00000,2.18000,0.00161,0.00131,0.00491,0.002419,0.000045,-0.000073,0.999997
341.734000,0.00000,0.00000,2.18000,0.00161,0.00131,0.00491,0.002419,0.000045,-0.000073,0.999997
341.768000,0.00000,0.00000,2.18000,0.00167,-0.00102,0.00605,-0.001764,-0.000013,0.000020,0.999998
341.800000,0.00000,0.00000,2.18000,0.00167,-0.00102,0.00605,-0.001764,-0.000013,0.000020,0.999998
341.834000,0.00000,0.00000,2.18000,0.00167,-0.00102,0.00605,-0.001764,-0.000013,0.000020,0.999998
341.867000,0.00000,0.00000,2.18000,0.00167,-0.00102,0.00605,-0.001764,-0.000013,0.000020,0.999998
341.900000,0.00000,0.00000,2.18000,0.00167,-0.00102,0.00605,-0.001764,-0.000013,0.000020,0.999998
341.934000,0.00000,0.00000,2.18000,0.00167,-0.00102,0.00605,-0.001764,-0.000013,0.000020,0.999998
341.967000,0.00000,0.00000,2.18000,0.00167,-0.00102,0.00605,-0.001764,-0.000013,0.000020,0.999998
342.001000,0.00000,0.00000,2.18000,0.00167,-0.00102,0.00605,-0.001764,-0.000013,0.000020,0.999998
342.035000,0.00000,0.00000,2.18000,0.00172,0.00047,0.00179,0.001123,0.000074,-0.000157,0.999999
342.068000,0.00000,0.00000,2.18000,0.00172,0.00047,0.00179,0.001123,0.000074,-0.000157,0.999999
342.100000,0.00000,0.00000,2.18000,0.00172,0.00047,0.00179,0.001123,0.000074,-0.000157,0.999999
342.134000,0.00000,0.00000,2.18000,0.00172,0.00047,0.00179,0.001123,0.000074,-0.000157,0.999999
342.167000,0.00000,0.00000,2.18000,0.00172,0.00047,0.00179,0.001123,0.000074,-0.000157,0.999999
342.200000,0.00000,0.00000,2.18000,0.00172,0.00047,0.00179,0.001123,0.000074,-0.000157,0.999999
342.234000,0.00000,0.00000,2.18000,0.00172,0.00047,0.00179,0.001123,0.000074,-0.000157,0.999999
342.268000,0.00000,0.00000,2.18000,0.00206,-0.00259,0.00165,0.000247,0.000024,0.000028,1.000000
342.300000,0.00000,0.00000,2.18000,0.00206,-0.00259,0.00165,0.000247,0.000024,0.000028,1.000000
342.334000,0.00000,0.00000,2.18000,0.00206,-0.00259,0.00165,0.000247,0.000024,0.000028,1.000000
342.367000,0.00000,0.00000,2.18000,0.00206,-0.00259,0.00165,0.000247,0.000024,0.000028,1.000000
342.400000,0.00000,0.00000,2.18000,0.00206,-0.00259,0.00165,0.000247,0.000024,0.000028,1.000000
342.434000,0.00000,0.00000,2.18000,0.00206,-0.00259,0.00165,0.000247,0.000024,0.000028,1.000000
342.467000,0.00000,0.00000,2.18000,0.00206,-0.00259,0.00165,0.000247,0.000024,0.000028,1.000000
342.500000,0.00000,0.00000,2.18000,0.00206,-0.00259,0.00165,0.000247,0.000024,0.000028,1.000000
342.535000,0.00000,0.00000,2.18000,0.00200,0.00090,0.00216,-0.000831,-0.000002,-0.000159,1.000000
342.567000,0.00000,0.00000,2.18000,0.00200,0.00090,0.00216,-0.000831,-0.000002,-0.000159,1.000000
342.600000,0.00000,0.00000,2.18000,0.00200,0.00090,0.00216,-0.000831,-0.000002,-0.000159,1.000000
342.634000,0.00000,0.00000,2.18000,0.00200,0.00090,0.00216,-0.000831,-0.000002,-0.000159,1.000000
342.667000,0.00000,0.00000,2.18000,0.00200,0.00090,0.00216,-0.000831,-0.000002,-0.000159,1.000000
342.700000,0.00000,0.00000,2.18000,0.00200,0.00090,0.00216,-0.000831,-0.000002,-0.000159,1.000000
342.734000,0.00000,0.00000,2.18000,0.00200,0.00090,0.00216,-0.000831,-0.000002,-0.000159,1.000000
342.768000,0.00000,0.00000,2.18000,0.00205,-0.00106,0.00060,0.001800,0.000001,0.000061,0.999998
342.800000,0.00000,0.00000,2.18000,0.00205,-0.00106,0.00060,0.001800,0.000001,0.000061,0.999998
342.834000,0.00000,0.00000,2.18000,0.00205,-0.00106,0.00060,0.001800,0.000001,0.000061,0.999998
342.867000,0.00000,0.00000,2.18000,0.00205,-0.00106,0.00060,0.001800,0.000001,0.000061,0.999998
342.901000,0.00000,0.00000,2.18000,0.00205,-0.00106,0.00060,0.001800,0.000001,0.000061,0.999998
342.934000,0.00000,0.00000,2.18000,0.00205,-0.00106,0.00060,0.001800,0.000001,0.000061,0.999998
342.967000,0.00000,0.00000,2.18000,0.00205,-0.00106,0.00060,0.001800,0.000001,0.000061,0.999998
343.000000,0.00000,0.00000,2.18000,0.00205,-0.00106,0.00060,0.001800,0.000001,0.000061,0.999998
343.035000,0.00000,0.00000,2.18000,0.00177,0.00163,-0.00125,-0.002506,-0.000034,-0.000097,0.999997
343.067000,0.00000,0.00000,2.18000,0.00177,0.00163,-0.00125,-0.002506,-0.000034,-0.000097,0.999997
343.100000,0.00000,0.00000,2.18000,0.00177,0.00163,-0.00125,-0.002506,-0.000034,-0.000097,0.999997
343.134000,0.00000,0.00000,2.18000,0.00177,0.00163,-0.00125,-0.002506,-0.000034,-0.000097,0.999997
343.167000,0.00000,0.00000,2.18000,0.00177,0.00163,-0.00125,-0.002506,-0.000034,-0.000097,0.999997
343.200000,0.00000,0.00000,2.18000,0.00177,0.00163,-0.00125,-0.002506,-0.000034,-0.000097,0.999997
343.234000,0.00000,0.00000,2.18000,0.00177,0.00163,-0.00125,-0.002506,-0.000034,-0.000097,0.999997
343.268000,0.00000,0.00000,2.18000,0.00177,0.00116,-0.00446,0.002918,-0.000017,0.000089,0.999996
343.300000,0.00000,0.00000,2.18000,0.00177,0.00116,-0.00446,0.002918,-0.000017,0.000089,0.999996
343.334000,0.00000,0.00000,2.18000,0.00177,0.00116,-0.00446,0.002918,-0.000017,0.000089,0.999996
343.367000,0.00000,0.00000,2.18000,0.00177,0.00116,-0.00446,0.002918,-0.000017,0.000089,0.999996
343.400000,0.00000,0.00000,2.18000,0.00177,0.00116,-0.00446,0.002918,-0.000017,0.000089,0.999996
343.434000,0.00000,0.00000,2.18000,0.00177,0.00116,-0.00446,0.002918,-0.000017,0.000089,0.999996
343.467000,0.00000,0.00000,2.18000,0.00177,0.00116,-0.00446,0.002918,-0.000017,0.000089,0.999996
343.500000,0.00000,0.00000,2.18000,0.00177,0.00116,-0.00446,0.002918,-0.000017,0.000089,0.999996
343.535000,0.00000,0.00000,2.18000,0.00174,0.00190,-0.00388,-0.002726,-0.000027,0.000026,0.999996
343.567000,0.00000,0.00000,2.18000,0.00174,0.00190,-0.00388,-0.002726,-0.000027,0.000026,0.999996
343.600000,0.00000,0.00000,2.18000,0.00174,0.00190,-0.00388,-0.002726,-0.000027,0.000026,0.999996
343.634000,0.00000,0.00000,2.18000,0.00174,0.00190,-0.00388,-0.002726,-0.000027,0.000026,0.999996
343.667000,0.00000,0.00000,2.18000,0.00174,0.00190,-0.00388,-0.002726,-0.000027,0.000026,0.999996
343.700000,0.00000,0.00000,2.18000,0.00174,0.00190,-0.00388,-0.002726,-0.000027,0.000026,0.999996
343.734000,0.00000,0.00000,2.18000,0.00174,0.00190,-0.00388,-0.002726,-0.000027,0.000026,0.999996
343.768000,0.00000,0.00000,2.18000,0.00114,0.00247,-0.00407,0.002975,-0.000122,-0.000003,0.999996
343.801000,0.00000,0.00000,2.18000,0.00114,0.00247,-0.00407,0.002975,-0.000122,-0.000003,0.999996
343.834000,0.00000,0.00000,2.18000,0.00114,0.00247,-0.00407,0.002975,-0.000122,-0.000003,0.999996
343.867000,0.00000,0.00000,2.18000,0.00114,0.00247,-0.00407,0.002975,-0.000122,-0.000003,0.999996
343.900000,0.00000,0.00000,2.18000,0.00114,0.00247,-0.00407,0.002975,-0.000122,-0.000003,0.999996
343.935000,0.00000,0.00000,2.18000,0.00114,0.00247,-0.00407,0.002975,-0.000122,-0.000003,0.999996
343.967000,0.00000,0.00000,2.18000,0.00114,0.00247,-0.00407,0.002975,-0.000122,-0.000003,0.999996
344.000000,0.00000,0.00000,2.18000,0.00114,0.00247,-0.00407,0.002975,-0.000122,-0.000003,0.999996
344.035000,0.00000,0.00000,2.18000,0.00067,0.00062,-0.00009,-0.002442,-0.000093,-0.000026,0.999997
344.067000,0.00000,0.00000,2.18000,0.00067,0.00062,-0.00009,-0.002442,-0.000093,-0.000026,0.999997
344.100000,0.00000,0.00000,2.18000,0.00067,0.00062,-0.00009,-0.002442,-0.000093,-0.000026,0.999997
344.134000,0.00000,0.00000,2.18000,0.00067,0.00062,-0.00009,-0.002442,-0.000093,-0.000026,0.999997
344.167000,0.00000,0.00000,2.18000,0.00067,0.00062,-0.00009,-0.002442,-0.000093,-0.000026,0.999997
344.200000,0.00000,0.00000,2.18000,0.00067,0.00062,-0.00009,-0.002442,-0.000093,-0.000026,0.999997
344.234000,0.00000,0.00000,2.18000,0.00067,0.00062,-0.00009,-0.002442,-0.000093,-0.000026,0.999997
344.268000,0.00000,0.00000,2.18000,0.00067,0.00062,-0.00009,0.001845,0.000054,-0.000132,0.999998
344.301000,0.00000,0.00000,2.18000,0.00048,0.00244,0.00073,0.001845,0.000054,-0.000132,0.999998
344.334000,0.00000,0.00000,2.18000,0.00048,0.00244,0.00073,0.001845,0.000054,-0.000132,0.999998
344.367000,0.00000,0.00000,2.18000,0.00048,0.00244,0.00073,0.001845,0.000054,-0.000132,0.999998
344.400000,0.00000,0.00000,2.18000,0.00048,0.00244,0.00073,0.001845,0.000054,-0.000132,0.999998
344.434000,0.00000,0.00000,2.18000,0.00048,0.00244,0.00073,0.001845,0.000054,-0.000132,0.999998
344.467000,0.00000,0.00000,2.18000,0.00048,0.00244,0.00073,0.001845,0.000054,-0.000132,0.999998
344.500000,0.00000,0.00000,2.18000,0.00048,0.00244,0.00073,0.001845,0.000054,-0.000132,0.999998
344.535000,0.00000,0.00000,2.18000,0.00094,-0.00100,0.00040,-0.000610,0.000031,0.000076,1.000000
344.567000,0.00000,0.00000,2.18000,0.00094,-0.00100,0.00040,-0.000610,0.000031,0.000076,1.000000
344.600000,0.00000,0.00000,2.18000,0.00094,-0.00100,0.00040,-0.000610,0.000031,0.000076,1.000000
344.634000,0.00000,0.00000,2.18000,0.00094,-0.00100,0.00040,-0.000610,0.000031,0.000076,1.000000
344.667000,0.00000,0.00000,2.18000,0.00094,-0.00100,0.00040,-0.000610,0.000031,0.000076,1.000000
344.700000,0.00000,0.00000,2.18000,0.00094,-0.00100,0.00040,-0.000610,0.000031,0.000076,1.000000
344.734000,0.00000,0.00000,2.18000,0.00094,-0.00100,0.00040,-0.000610,0.000031,0.000076,1.000000
344.768000,0.00000,0.00000,2.18000,0.00095,0.00183,0.00007,-0.000336,-0.000008,-0.000218,1.000000
344.800000,0.00000,0.00000,2.18000,0.00095,0.00183,0.00007,-0.000336,-0.000008,-0.000218,1.000000
344.834000,0.00000,0.00000,2.18000,0.00095,0.00183,0.00007,-0.000336,-0.000008,-0.000218,1.000000
344.867000,0.00000,0.00000,2.18000,0.00095,0.00183,0.00007,-0.000336,-0.000008,-0.000218,1.000000
344.900000,0.00000,0.00000,2.18000,0.00095,0.00183,0.00007,-0.000336,-0.000008,-0.000218,1.000000
344.934000,0.00000,0.00000,2.18000,0.00095,0.00183,0.00007,-0.000336,-0.000008,-0.000218,1.000000
344.967000,0.00000,0.00000,2.18000,0.00095,0.00183,0.00007,-0.000336,-0.000008,-0.000218,1.000000
345.000000,0.00000,0.00000,2.18000,0.00095,0.00183,0.00007,-0.000336,-0.000008,-0.000218,1.000000
345.035000,0.00000,0.00000,2.17000,0.00090,-0.00199,-0.00031,0.001569,0.000051,0.000080,0.999999
345.067000,0.00000,0.00000,2.17000,0.00090,-0.00199,-0.00031,0.001569,0.000051,0.000080,0.999999
345.100000,0.00000,0.00000,2.17000,0.00090,-0.00199,-0.00031,0.001569,0.000051,0.000080,0.999999
345.134000,0.00000,0.00000,2.17000,0.00090,-0.00199,-0.00031,0.001569,0.000051,0.000080,0.999999
345.167000,0.00000,0.00000,2.17000,0.00090,-0.00199,-0.00031,0.001569,0.000051,0.000080,0.999999
345.200000,0.00000,0.00000,2.17000,0.00090,-0.00199,-0.00031,0.001569,0.000051,0.000080,0.999999
345.234000,0.00000,0.00000,2.17000,0.00090,-0.00199,-0.00031,0.001569,0.000051,0.000080,0.999999
345.268000,0.00000,0.00000,2.17000,0.00090,-0.00199,-0.00031,-0.002047,0.000041,-0.000207,0.999998
345.300000,0.00000,0.00000,2.18000,0.00092,0.00036,0.00526,-0.002047,0.000041,-0.000207,0.999998
345.334000,0.00000,0.00000,2.18000,0.00092,0.00036,0.00526,-0.002047,0.000041,-0.000207,0.999998
345.367000,0.00000,0.00000,2.18000,0.00092,0.00036,0.00526,-0.002047,0.000041,-0.000207,0.999998
345.400000,0.00000,0.00000,2.18000,0.00092,0.00036,0.00526,-0.002047,0.000041,-0.000207,0.999998
345.434000,0.00000,0.00000,2.18000,0.00092,0.00036,0.00526,-0.002047,0.000041,-0.000207,0.999998
