t_s,x,y,z,vx,vy,vz,qx,qy,qz,qw
0.000000,-0.48114,1.78110,2.18000,-0.00166,0.00717,-0.00108,0.001763,0.002251,0.738276,0.674492
0.000000,-0.48114,1.78110,2.18000,-0.00166,0.00717,-0.00108,0.001763,0.002251,0.738276,0.674492
0.000000,-0.48114,1.80337,2.18000,-0.00115,0.00457,-0.00652,-0.000568,-0.003437,0.738235,0.674535
0.000000,-0.48114,1.80337,2.18000,-0.00115,0.00457,-0.00652,-0.000568,-0.003437,0.738235,0.674535
0.000000,-0.48114,1.80337,2.18000,-0.00115,0.00457,-0.00652,-0.000568,-0.003437,0.738235,0.674535
0.000000,-0.48114,1.80337,2.18000,-0.00115,0.00457,-0.00652,-0.000568,-0.003437,0.738235,0.674535
0.000000,-0.48114,1.80337,2.18000,-0.00115,0.00457,-0.00652,-0.000568,-0.003437,0.738235,0.674535
0.000000,-0.48114,1.80337,2.18000,-0.00115,0.00457,-0.00652,-0.000568,-0.003437,0.738235,0.674535
0.000000,-0.48114,1.80337,2.18000,-0.00115,0.00457,-0.00652,-0.000568,-0.003437,0.738235,0.674535
0.000000,-0.48114,1.80337,2.18000,-0.00115,0.00457,-0.00652,0.003093,0.000758,0.738311,0.674453
0.000000,-0.48114,1.80337,2.18000,-0.00172,-0.00595,-0.00520,0.003093,0.000758,0.738311,0.674453
0.000000,-0.48114,1.80337,2.18000,-0.00172,-0.00595,-0.00520,0.003093,0.000758,0.738311,0.674453
0.000000,-0.48114,1.80337,2.18000,-0.00172,-0.00595,-0.00520,0.003093,0.000758,0.738311,0.674453
0.000000,-0.48114,1.80337,2.18000,-0.00172,-0.00595,-0.00520,0.003093,0.000758,0.738311,0.674453
0.000000,-0.48114,1.80337,2.18000,-0.00172,-0.00595,-0.00520,0.003093,0.000758,0.738311,0.674453
0.000000,-0.48114,1.80337,2.18000,-0.00172,-0.00595,-0.00520,0.003093,0.000758,0.738311,0.674453
0.000000,-0.48114,1.80337,2.18000,-0.00172,-0.00595,-0.00520,0.003093,0.000758,0.738311,0.674453
0.000000,-0.48114,1.78110,2.18000,-0.00035,-0.01142,-0.00583,-0.001645,-0.001778,0.738402,0.674356
0.000000,-0.48114,1.78110,2.18000,-0.00035,-0.01142,-0.00583,-0.001645,-0.001778,0.738402,0.674356
0.000000,-0.48114,1.78110,2.18000,-0.00035,-0.01142,-0.00583,-0.001645,-0.001778,0.738402,0.674356
0.000000,-0.48114,1.78110,2.18000,-0.00035,-0.01142,-0.00583,-0.001645,-0.001778,0.738402,0.674356
0.000000,-0.48114,1.78110,2.18000,-0.00035,-0.01142,-0.00583,-0.001645,-0.001778,0.738402,0.674356
0.000000,-0.48114,1.78110,2.18000,-0.00035,-0.01142,-0.00583,-0.001645,-0.001778,0.738402,0.674356
0.000000,-0.48114,1.78110,2.18000,-0.00035,-0.01142,-0.00583,-0.001645,-0.001778,0.738402,0.674356
0.000000,-0.48114,1.78110,2.18000,-0.00344,-0.00508,-0.00360,-0.000409,0.002253,0.738262,0.674510
0.000000,-0.48114,1.78110,2.18000,-0.00344,-0.00508,-0.00360,-0.000409,0.002253,0.738262,0.674510
0.000000,-0.48114,1.78110,2.18000,-0.00344,-0.00508,-0.00360,-0.000409,0.002253,0.738262,0.674510
0.000000,-0.48114,1.78110,2.18000,-0.00344,-0.00508,-0.00360,-0.000409,0.002253,0.738262,0.674510
0.000000,-0.48114,1.78110,2.18000,-0.00344,-0.00508,-0.00360,-0.000409,0.002253,0.738262,0.674510
0.000000,-0.48114,1.78110,2.18000,-0.00344,-0.00508,-0.00360,-0.000409,0.002253,0.738262,0.674510
0.000000,-0.48114,1.78110,2.18000,-0.00344,-0.00508,-0.00360,-0.000409,0.002253,0.738262,0.674510
0.000000,-0.48114,1.78110,2.18000,-0.00344,-0.00508,-0.00360,-0.000409,0.002253,0.738262,0.674510
0.000000,-0.48114,1.78110,2.18000,-0.00121,0.00209,0.00113,-0.001215,0.000099,0.738334,0.674435
0.000000,-0.48114,1.78110,2.18000,-0.00121,0.00209,0.00113,-0.001215,0.000099,0.738334,0.674435
0.000000,-0.48114,1.78110,2.18000,-0.00121,0.00209,0.00113,-0.001215,0.000099,0.738334,0.674435
0.000000,-0.48114,1.78110,2.18000,-0.00121,0.00209,0.00113,-0.001215,0.000099,0.738334,0.674435
0.000000,-0.48114,1.78110,2.18000,-0.00121,0.00209,0.00113,-0.001215,0.000099,0.738334,0.674435
0.000000,-0.48114,1.78110,2.18000,-0.00121,0.00209,0.00113,-0.001215,0.000099,0.738334,0.674435
0.000000,-0.48114,1.78110,2.18000,-0.00121,0.00209,0.00113,-0.001215,0.000099,0.738334,0.674435
0.000000,-0.48114,1.78110,2.18000,-0.00121,0.00209,0.00113,-0.000465,0.000097,0.738198,0.674584
0.000000,-0.48114,1.78110,2.17000,-0.00448,0.00499,0.00580,-0.000465,0.000097,0.738198,0.674584
0.000000,-0.48114,1.78110,2.17000,-0.00448,0.00499,0.00580,-0.000465,0.000097,0.738198,0.674584
0.000000,-0.48114,1.78110,2.17000,-0.00448,0.00499,0.00580,-0.000465,0.000097,0.738198,0.674584
0.000000,-0.48114,1.78110,2.17000,-0.00448,0.00499,0.00580,-0.000465,0.000097,0.738198,0.674584
0.000000,-0.48114,1.78110,2.17000,-0.00448,0.00499,0.00580,-0.000465,0.000097,0.738198,0.674584
0.000000,-0.48114,1.78110,2.17000,-0.00448,0.00499,0.00580,-0.000465,0.000097,0.738198,0.674584
0.000000,-0.48114,1.78110,2.17000,-0.00448,0.00499,0.00580,-0.000465,0.000097,0.738198,0.674584
0.000000,-0.48114,1.78110,2.18000,-0.00125,0.00668,0.00436,0.000747,0.001143,0.738324,0.674445
0.000000,-0.48114,1.78110,2.18000,-0.00125,0.00668,0.00436,0.000747,0.001143,0.738324,0.674445
0.000000,-0.48114,1.78110,2.18000,-0.00125,0.00668,0.00436,0.000747,0.001143,0.738324,0.674445
0.000000,-0.48114,1.78110,2.18000,-0.00125,0.00668,0.00436,0.000747,0.001143,0.738324,0.674445
0.000000,-0.48114,1.78110,2.18000,-0.00125,0.00668,0.00436,0.000747,0.001143,0.738324,0.674445
0.000000,-0.48114,1.78110,2.18000,-0.00125,0.00668,0.00436,0.000747,0.001143,0.738324,0.674445
0.000000,-0.48114,1.78110,2.18000,-0.00125,0.00668,0.00436,0.000747,0.001143,0.738324,0.674445
0.000000,-0.48114,1.80337,2.18000,-0.00356,0.00717,0.00180,-0.001042,-0.001582,0.738224,0.674554
0.000000,-0.48114,1.80337,2.18000,-0.00356,0.00717,0.00180,-0.001042,-0.001582,0.738224,0.674554
0.000000,-0.48114,1.80337,2.18000,-0.00356,0.00717,0.00180,-0.001042,-0.001582,0.738224,0.674554
0.000000,-0.48114,1.80337,2.18000,-0.00356,0.00717,0.00180,-0.001042,-0.001582,0.738224,0.674554
0.000000,-0.48114,1.80337,2.18000,-0.00356,0.00717,0.00180,-0.001042,-0.001582,0.738224,0.674554
0.000000,-0.48114,1.80337,2.18000,-0.00356,0.00717,0.00180,-0.001042,-0.001582,0.738224,0.674554
0.000000,-0.48114,1.80337,2.18000,-0.00356,0.00717,0.00180,-0.001042,-0.001582,0.738224,0.674554
0.000000,-0.48114,1.80337,2.18000,-0.00356,0.00717,0.00180,-0.001042,-0.001582,0.738224,0.674554
0.000000,-0.48114,1.80337,2.18000,-0.00137,-0.00056,-0.00383,0.003422,0.000607,0.738307,0.674456
0.000000,-0.48114,1.80337,2.18000,-0.00137,-0.00056,-0.00383,0.003422,0.000607,0.738307,0.674456
0.000000,-0.48114,1.80337,2.18000,-0.00137,-0.00056,-0.00383,0.003422,0.000607,0.738307,0.674456
0.000000,-0.48114,1.80337,2.18000,-0.00137,-0.00056,-0.00383,0.003422,0.000607,0.738307,0.674456
0.000000,-0.48114,1.80337,2.18000,-0.00137,-0.00056,-0.00383,0.003422,0.000607,0.738307,0.674456
0.000000,-0.48114,1.80337,2.18000,-0.00137,-0.00056,-0.00383,0.003422,0.000607,0.738307,0.674456
809.234000,-0.48114,1.80337,2.18000,-0.00137,-0.00056,-0.00383,0.003422,0.000607,0.738307,0.674456
809.268000,-0.48114,1.80337,2.18000,-0.00137,-0.00056,-0.00383,-0.000854,-0.002663,0.738219,0.674555
809.300000,-0.48114,1.80337,2.18000,-0.00160,-0.00886,-0.00027,-0.000854,-0.002663,0.738219,0.674555
809.334000,-0.48114,1.80337,2.18000,-0.00160,-0.00886,-0.00027,-0.000854,-0.002663,0.738219,0.674555
809.367000,-0.48114,1.80337,2.18000,-0.00160,-0.00886,-0.00027,-0.000854,-0.002663,0.738219,0.674555
809.401000,-0.48114,1.80337,2.18000,-0.00160,-0.00886,-0.00027,-0.000854,-0.002663,0.738219,0.674555
809.434000,-0.48114,1.80337,2.18000,-0.00160,-0.00886,-0.00027,-0.000854,-0.002663,0.738219,0.674555
809.467000,-0.48114,1.80337,2.18000,-0.00160,-0.00886,-0.00027,-0.000854,-0.002663,0.738219,0.674555
809.500000,-0.48114,1.80337,2.18000,-0.00160,-0.00886,-0.00027,-0.000854,-0.002663,0.738219,0.674555
809.535000,-0.48114,1.80337,2.18000,-0.03878,-0.01642,-0.00368,-0.015582,-0.017918,0.738119,0.674253
809.567000,-0.48114,1.80337,2.18000,-0.03878,-0.01642,-0.00368,-0.015582,-0.017918,0.738119,0.674253
809.600000,-0.48114,1.80337,2.18000,-0.03878,-0.01642,-0.00368,-0.015582,-0.017918,0.738119,0.674253
809.634000,-0.48114,1.80337,2.18000,-0.03878,-0.01642,-0.00368,-0.015582,-0.017918,0.738119,0.674253
809.667000,-0.48114,1.80337,2.18000,-0.03878,-0.01642,-0.00368,-0.015582,-0.017918,0.738119,0.674253
809.700000,-0.48114,1.80337,2.18000,-0.03878,-0.01642,-0.00368,-0.015582,-0.017918,0.738119,0.674253
809.734000,-0.48114,1.80337,2.18000,-0.03878,-0.01642,-0.00368,-0.015582,-0.017918,0.738119,0.674253
809.768000,-0.52653,1.80337,2.18000,-0.34247,-0.04633,-0.00374,-0.068038,-0.075124,0.735088,0.670353
809.800000,-0.52653,1.80337,2.18000,-0.34247,-0.04633,-0.00374,-0.068038,-0.075124,0.735088,0.670353
809.834000,-0.52653,1.80337,2.18000,-0.34247,-0.04633,-0.00374,-0.068038,-0.075124,0.735088,0.670353
809.867000,-0.52653,1.80337,2.18000,-0.34247,-0.04633,-0.00374,-0.068038,-0.075124,0.735088,0.670353
809.900000,-0.52653,1.80337,2.18000,-0.34247,-0.04633,-0.00374,-0.068038,-0.075124,0.735088,0.670353
809.934000,-0.52653,1.80337,2.18000,-0.34247,-0.04633,-0.00374,-0.068038,-0.075124,0.735088,0.670353
809.967000,-0.52653,1.80337,2.18000,-0.34247,-0.04633,-0.00374,-0.068038,-0.075124,0.735088,0.670353
810.001000,-0.52653,1.80337,2.18000,-0.34247,-0.04633,-0.00374,-0.068038,-0.075124,0.735088,0.670353
810.035000,-0.68993,1.76997,2.18000,-0.90100,-0.09987,0.00539,-0.075858,-0.074708,0.779243,0.617612
810.067000,-0.68993,1.76997,2.18000,-0.90100,-0.09987,0.00539,-0.075858,-0.074708,0.779243,0.617612
810.100000,-0.68993,1.76997,2.18000,-0.90100,-0.09987,0.00539,-0.075858,-0.074708,0.779243,0.617612
810.134000,-0.68993,1.76997,2.18000,-0.90100,-0.09987,0.00539,-0.075858,-0.074708,0.779243,0.617612
810.167000,-0.68993,1.76997,2.18000,-0.90100,-0.09987,0.00539,-0.075858,-0.074708,0.779243,0.617612
810.200000,-0.68993,1.76997,2.18000,-0.90100,-0.09987,0.00539,-0.075858,-0.074708,0.779243,0.617612
810.234000,-0.68993,1.76997,2.18000,-0.90100,-0.09987,0.00539,-0.075858,-0.074708,0.779243,0.617612
810.268000,-0.68993,1.76997,2.18000,-0.90100,-0.09987,0.00539,-0.033924,-0.056829,0.851658,0.519903
810.300000,-0.96227,1.74771,2.18000,-1.31443,-0.19315,0.00576,-0.033924,-0.056829,0.851658,0.519903
810.334000,-0.96227,1.74771,2.18000,-1.31443,-0.19315,0.00576,-0.033924,-0.056829,0.851658,0.519903
810.367000,-0.96227,1.74771,2.18000,-1.31443,-0.19315,0.00576,-0.033924,-0.056829,0.851658,0.519903
810.400000,-0.96227,1.74771,2.18000,-1.31443,-0.19315,0.00576,-0.033924,-0.056829,0.851658,0.519903
810.434000,-0.96227,1.74771,2.18000,-1.31443,-0.19315,0.00576,-0.033924,-0.056829,0.851658,0.519903
810.467000,-0.96227,1.74771,2.18000,-1.31443,-0.19315,0.00576,-0.033924,-0.056829,0.851658,0.519903
810.501000,-0.96227,1.74771,2.18000,-1.31443,-0.19315,0.00576,-0.033924,-0.056829,0.851658,0.519903
810.535000,-1.31632,1.66978,2.18000,-1.44132,-0.37973,0.00454,0.023012,-0.028906,0.913708,0.404688
810.567000,-1.31632,1.66978,2.18000,-1.44132,-0.37973,0.00454,0.023012,-0.028906,0.913708,0.404688
810.600000,-1.31632,1.66978,2.18000,-1.44132,-0.37973,0.00454,0.023012,-0.028906,0.913708,0.404688
810.634000,-1.31632,1.66978,2.18000,-1.44132,-0.37973,0.00454,0.023012,-0.028906,0.913708,0.404688
810.667000,-1.31632,1.66978,2.18000,-1.44132,-0.37973,0.00454,0.023012,-0.028906,0.913708,0.404688
810.700000,-1.31632,1.66978,2.18000,-1.44132,-0.37973,0.00454,0.023012,-0.028906,0.913708,0.404688
810.734000,-1.31632,1.66978,2.18000,-1.44132,-0.37973,0.00454,0.023012,-0.028906,0.913708,0.404688
810.768000,-1.65220,1.54733,2.18000,-1.21669,-0.47821,0.00906,0.077308,0.022629,0.957496,0.276971
810.800000,-1.65220,1.54733,2.18000,-1.21669,-0.47821,0.00906,0.077308,0.022629,0.957496,0.276971
810.834000,-1.65220,1.54733,2.18000,-1.21669,-0.47821,0.00906,0.077308,0.022629,0.957496,0.276971
810.867000,-1.65220,1.54733,2.18000,-1.21669,-0.47821,0.00906,0.077308,0.022629,0.957496,0.276971
810.900000,-1.65220,1.54733,2.18000,-1.21669,-0.47821,0.00906,0.077308,0.022629,0.957496,0.276971
810.934000,-1.65220,1.54733,2.18000,-1.21669,-0.47821,0.00906,0.077308,0.022629,0.957496,0.276971
810.967000,-1.65220,1.54733,2.18000,-1.21669,-0.47821,0.00906,0.077308,0.022629,0.957496,0.276971
811.000000,-1.65220,1.54733,2.18000,-1.21669,-0.47821,0.00906,0.077308,0.022629,0.957496,0.276971
811.035000,-1.90639,1.44714,2.18000,-0.69678,-0.35963,0.01163,0.105280,0.055716,0.982426,0.143706
811.067000,-1.90639,1.44714,2.18000,-0.69678,-0.35963,0.01163,0.105280,0.055716,0.982426,0.143706
811.100000,-1.90639,1.44714,2.18000,-0.69678,-0.35963,0.01163,0.105280,0.055716,0.982426,0.143706
811.134000,-1.90639,1.44714,2.18000,-0.69678,-0.35963,0.01163,0.105280,0.055716,0.982426,0.143706
811.167000,-1.90639,1.44714,2.18000,-0.69678,-0.35963,0.01163,0.105280,0.055716,0.982426,0.143706
811.200000,-1.90639,1.44714,2.18000,-0.69678,-0.35963,0.01163,0.105280,0.055716,0.982426,0.143706
811.234000,-1.90639,1.44714,2.18000,-0.69678,-0.35963,0.01163,0.105280,0.055716,0.982426,0.143706
811.268000,-1.90639,1.44714,2.18000,-0.69678,-0.35963,0.01163,0.075018,0.036184,0.995514,0.044880
811.301000,-2.00625,1.38035,2.18000,-0.21264,-0.16541,0.00802,0.075018,0.036184,0.995514,0.044880
811.335000,-2.00625,1.38035,2.18000,-0.21264,-0.16541,0.00802,0.075018,0.036184,0.995514,0.044880
811.367000,-2.00625,1.38035,2.18000,-0.21264,-0.16541,0.00802,0.075018,0.036184,0.995514,0.044880
811.400000,-2.00625,1.38035,2.18000,-0.21264,-0.16541,0.00802,0.075018,0.036184,0.995514,0.044880
811.434000,-2.00625,1.38035,2.18000,-0.21264,-0.16541,0.00802,0.075018,0.036184,0.995514,0.044880
811.467000,-2.00625,1.38035,2.18000,-0.21264,-0.16541,0.00802,0.075018,0.036184,0.995514,0.044880
811.500000,-2.00625,1.38035,2.18000,-0.21264,-0.16541,0.00802,0.075018,0.036184,0.995514,0.044880
811.535000,-2.01533,1.35809,2.18000,0.05509,-0.04739,-0.00117,0.034539,0.018125,0.998772,0.030556
811.567000,-2.01533,1.35809,2.18000,0.05509,-0.04739,-0.00117,0.034539,0.018125,0.998772,0.030556
811.601000,-2.01533,1.35809,2.18000,0.05509,-0.04739,-0.00117,0.034539,0.018125,0.998772,0.030556
811.634000,-2.01533,1.35809,2.18000,0.05509,-0.04739,-0.00117,0.034539,0.018125,0.998772,0.030556
811.667000,-2.01533,1.35809,2.18000,0.05509,-0.04739,-0.00117,0.034539,0.018125,0.998772,0.030556
811.700000,-2.01533,1.35809,2.18000,0.05509,-0.04739,-0.00117,0.034539,0.018125,0.998772,0.030556
811.734000,-2.01533,1.35809,2.18000,0.05509,-0.04739,-0.00117,0.034539,0.018125,0.998772,0.030556
811.768000,-1.99717,1.34696,2.18000,0.15475,0.01353,-0.00888,0.007729,0.009132,0.999621,0.024777
811.800000,-1.99717,1.34696,2.18000,0.15475,0.01353,-0.00888,0.007729,0.009132,0.999621,0.024777
811.834000,-1.99717,1.34696,2.18000,0.15475,0.01353,-0.00888,0.007729,0.009132,0.999621,0.024777
811.867000,-1.99717,1.34696,2.18000,0.15475,0.01353,-0.00888,0.007729,0.009132,0.999621,0.024777
811.900000,-1.99717,1.34696,2.18000,0.15475,0.01353,-0.00888,0.007729,0.009132,0.999621,0.024777
811.934000,-1.99717,1.34696,2.18000,0.15475,0.01353,-0.00888,0.007729,0.009132,0.999621,0.024777
811.967000,-1.99717,1.34696,2.18000,0.15475,0.01353,-0.00888,0.007729,0.009132,0.999621,0.024777
812.000000,-1.99717,1.34696,2.18000,0.15475,0.01353,-0.00888,0.007729,0.009132,0.999621,0.024777
812.035000,-1.96086,1.34696,2.18000,0.15811,0.03218,-0.01079,-0.004697,-0.000546,0.999728,0.022857
812.068000,-1.96086,1.34696,2.18000,0.15811,0.03218,-0.01079,-0.004697,-0.000546,0.999728,0.022857
812.100000,-1.96086,1.34696,2.18000,0.15811,0.03218,-0.01079,-0.004697,-0.000546,0.999728,0.022857
812.134000,-1.96086,1.34696,2.18000,0.15811,0.03218,-0.01079,-0.004697,-0.000546,0.999728,0.022857
812.167000,-1.96086,1.34696,2.18000,0.15811,0.03218,-0.01079,-0.004697,-0.000546,0.999728,0.022857
812.200000,-1.96086,1.34696,2.18000,0.15811,0.03218,-0.01079,-0.004697,-0.000546,0.999728,0.022857
812.234000,-1.96086,1.34696,2.18000,0.15811,0.03218,-0.01079,-0.004697,-0.000546,0.999728,0.022857
812.268000,-1.96086,1.34696,2.18000,0.15811,0.03218,-0.01079,-0.010493,0.002077,0.999689,0.022541
812.300000,-1.92454,1.35809,2.18000,0.11716,0.03579,-0.00844,-0.010493,0.002077,0.999689,0.022541
812.334000,-1.92454,1.35809,2.18000,0.11716,0.03579,-0.00844,-0.010493,0.002077,0.999689,0.022541
812.367000,-1.92454,1.35809,2.18000,0.11716,0.03579,-0.00844,-0.010493,0.002077,0.999689,0.022541
812.400000,-1.92454,1.35809,2.18000,0.11716,0.03579,-0.00844,-0.010493,0.002077,0.999689,0.022541
812.434000,-1.92454,1.35809,2.18000,0.11716,0.03579,-0.00844,-0.010493,0.002077,0.999689,0.022541
812.467000,-1.92454,1.35809,2.18000,0.11716,0.03579,-0.00844,-0.010493,0.002077,0.999689,0.022541
812.500000,-1.92454,1.35809,2.18000,0.11716,0.03579,-0.00844,-0.010493,0.002077,0.999689,0.022541
812.535000,-1.90639,1.35809,2.18000,0.05899,0.02771,-0.00542,-0.012505,-0.005271,0.999647,0.022853
812.567000,-1.90639,1.35809,2.18000,0.05899,0.02771,-0.00542,-0.012505,-0.005271,0.999647,0.022853
812.600000,-1.90639,1.35809,2.18000,0.05899,0.02771,-0.00542,-0.012505,-0.005271,0.999647,0.022853
812.634000,-1.90639,1.35809,2.18000,0.05899,0.02771,-0.00542,-0.012505,-0.005271,0.999647,0.022853
812.667000,-1.90639,1.35809,2.18000,0.05899,0.02771,-0.00542,-0.012505,-0.005271,0.999647,0.022853
812.700000,-1.90639,1.35809,2.18000,0.05899,0.02771,-0.00542,-0.012505,-0.005271,0.999647,0.022853
812.734000,-1.90639,1.35809,2.18000,0.05899,0.02771,-0.00542,-0.012505,-0.005271,0.999647,0.022853
812.768000,-1.90639,1.36922,2.18000,0.00300,0.01588,-0.00184,-0.009578,0.000131,0.999673,0.023720
812.800000,-1.90639,1.36922,2.18000,0.00300,0.01588,-0.00184,-0.009578,0.000131,0.999673,0.023720
812.834000,-1.90639,1.36922,2.18000,0.00300,0.01588,-0.00184,-0.009578,0.000131,0.999673,0.023720
812.867000,-1.90639,1.36922,2.18000,0.00300,0.01588,-0.00184,-0.009578,0.000131,0.999673,0.023720
812.900000,-1.90639,1.36922,2.18000,0.00300,0.01588,-0.00184,-0.009578,0.000131,0.999673,0.023720
812.934000,-1.90639,1.36922,2.18000,0.00300,0.01588,-0.00184,-0.009578,0.000131,0.999673,0.023720
812.967000,-1.90639,1.36922,2.18000,0.00300,0.01588,-0.00184,-0.009578,0.000131,0.999673,0.023720
813.000000,-1.90639,1.36922,2.18000,0.00300,0.01588,-0.00184,-0.009578,0.000131,0.999673,0.023720
813.035000,-1.90639,1.36922,2.18000,-0.03617,0.00559,-0.00085,-0.006518,-0.004541,0.999668,0.024507
813.067000,-1.90639,1.36922,2.18000,-0.03617,0.00559,-0.00085,-0.006518,-0.004541,0.999668,0.024507
813.100000,-1.90639,1.36922,2.18000,-0.03617,0.00559,-0.00085,-0.006518,-0.004541,0.999668,0.024507
813.134000,-1.90639,1.36922,2.18000,-0.03617,0.00559,-0.00085,-0.006518,-0.004541,0.999668,0.024507
813.167000,-1.90639,1.36922,2.18000,-0.03617,0.00559,-0.00085,-0.006518,-0.004541,0.999668,0.024507
813.200000,-1.90639,1.36922,2.18000,-0.03617,0.00559,-0.00085,-0.006518,-0.004541,0.999668,0.024507
813.234000,-1.90639,1.36922,2.18000,-0.03617,0.00559,-0.00085,-0.006518,-0.004541,0.999668,0.024507
813.268000,-1.90639,1.36922,2.18000,-0.03617,0.00559,-0.00085,-0.004181,0.000842,0.999668,0.025392
813.300000,-1.90639,1.36922,2.18000,-0.06240,-0.00349,0.00024,-0.004181,0.000842,0.999668,0.025392
813.334000,-1.90639,1.36922,2.18000,-0.06240,-0.00349,0.00024,-0.004181,0.000842,0.999668,0.025392
813.367000,-1.90639,1.36922,2.18000,-0.06240,-0.00349,0.00024,-0.004181,0.000842,0.999668,0.025392
813.400000,-1.90639,1.36922,2.18000,-0.06240,-0.00349,0.00024,-0.004181,0.000842,0.999668,0.025392
813.434000,-1.90639,1.36922,2.18000,-0.06240,-0.00349,0.00024,-0.004181,0.000842,0.999668,0.025392
813.467000,-1.90639,1.36922,2.18000,-0.06240,-0.00349,0.00024,-0.004181,0.000842,0.999668,0.025392
813.500000,-1.90639,1.36922,2.18000,-0.06240,-0.00349,0.00024,-0.004181,0.000842,0.999668,0.025392
813.535000,-1.92454,1.36922,2.18000,-0.07873,-0.00495,0.00308,-0.002187,-0.002028,0.999656,0.026074
813.567000,-1.92454,1.36922,2.18000,-0.07873,-0.00495,0.00308,-0.002187,-0.002028,0.999656,0.026074
813.600000,-1.92454,1.36922,2.18000,-0.07873,-0.00495,0.00308,-0.002187,-0.002028,0.999656,0.026074
813.634000,-1.92454,1.36922,2.18000,-0.07873,-0.00495,0.00308,-0.002187,-0.002028,0.999656,0.026074
813.667000,-1.92454,1.36922,2.18000,-0.07873,-0.00495,0.00308,-0.002187,-0.002028,0.999656,0.026074
813.700000,-1.92454,1.36922,2.18000,-0.07873,-0.00495,0.00308,-0.002187,-0.002028,0.999656,0.026074
813.734000,-1.92454,1.36922,2.18000,-0.07873,-0.00495,0.00308,-0.002187,-0.002028,0.999656,0.026074
813.768000,-1.95178,1.36922,2.18000,-0.08142,-0.01020,0.00026,0.001428,0.000461,0.999636,0.026951
813.800000,-1.95178,1.36922,2.18000,-0.08142,-0.01020,0.00026,0.001428,0.000461,0.999636,0.026951
813.834000,-1.95178,1.36922,2.18000,-0.08142,-0.01020,0.00026,0.001428,0.000461,0.999636,0.026951
813.867000,-1.95178,1.36922,2.18000,-0.08142,-0.01020,0.00026,0.001428,0.000461,0.999636,0.026951
813.900000,-1.95178,1.36922,2.18000,-0.08142,-0.01020,0.00026,0.001428,0.000461,0.999636,0.026951
813.934000,-1.95178,1.36922,2.18000,-0.08142,-0.01020,0.00026,0.001428,0.000461,0.999636,0.026951
813.967000,-1.95178,1.36922,2.18000,-0.08142,-0.01020,0.00026,0.001428,0.000461,0.999636,0.026951
814.000000,-1.95178,1.36922,2.18000,-0.08142,-0.01020,0.00026,0.001428,0.000461,0.999636,0.026951
814.035000,-1.96086,1.36922,2.18000,-0.06839,-0.00784,0.00196,0.003054,0.000327,0.999620,0.027402
814.067000,-1.96086,1.36922,2.18000,-0.06839,-0.00784,0.00196,0.003054,0.000327,0.999620,0.027402
814.100000,-1.96086,1.36922,2.18000,-0.06839,-0.00784,0.00196,0.003054,0.000327,0.999620,0.027402
814.134000,-1.96086,1.36922,2.18000,-0.06839,-0.00784,0.00196,0.003054,0.000327,0.999620,0.027402
814.167000,-1.96086,1.36922,2.18000,-0.06839,-0.00784,0.00196,0.003054,0.000327,0.999620,0.027402
814.200000,-1.96086,1.36922,2.18000,-0.06839,-0.00784,0.00196,0.003054,0.000327,0.999620,0.027402
814.234000,-1.96086,1.36922,2.18000,-0.06839,-0.00784,0.00196,0.003054,0.000327,0.999620,0.027402
814.268000,-1.98809,1.36922,2.18000,-0.05287,-0.01136,0.00064,0.003437,-0.000643,0.999592,0.028348
814.300000,-1.98809,1.36922,2.18000,-0.05287,-0.01136,0.00064,0.003437,-0.000643,0.999592,0.028348
814.334000,-1.98809,1.36922,2.18000,-0.05287,-0.01136,0.00064,0.003437,-0.000643,0.999592,0.028348
814.367000,-1.98809,1.36922,2.18000,-0.05287,-0.01136,0.00064,0.003437,-0.000643,0.999592,0.028348
814.401000,-1.98809,1.36922,2.18000,-0.05287,-0.01136,0.00064,0.003437,-0.000643,0.999592,0.028348
814.434000,-1.98809,1.36922,2.18000,-0.05287,-0.01136,0.00064,0.003437,-0.000643,0.999592,0.028348
814.467000,-1.98809,1.36922,2.18000,-0.05287,-0.01136,0.00064,0.003437,-0.000643,0.999592,0.028348
814.500000,-1.98809,1.36922,2.18000,-0.05287,-0.01136,0.00064,0.003437,-0.000643,0.999592,0.028348
814.535000,-1.99717,1.36922,2.18000,-0.03308,-0.00801,0.00144,0.004460,0.001986,0.999571,0.028867
814.567000,-1.99717,1.36922,2.18000,-0.03308,-0.00801,0.00144,0.004460,0.001986,0.999571,0.028867
814.600000,-1.99717,1.36922,2.18000,-0.03308,-0.00801,0.00144,0.004460,0.001986,0.999571,0.028867
814.634000,-1.99717,1.36922,2.18000,-0.03308,-0.00801,0.00144,0.004460,0.001986,0.999571,0.028867
814.667000,-1.99717,1.36922,2.18000,-0.03308,-0.00801,0.00144,0.004460,0.001986,0.999571,0.028867
814.700000,-1.99717,1.36922,2.18000,-0.03308,-0.00801,0.00144,0.004460,0.001986,0.999571,0.028867
814.734000,-1.99717,1.36922,2.18000,-0.03308,-0.00801,0.00144,0.004460,0.001986,0.999571,0.028867
814.768000,-1.99717,1.36922,2.18000,-0.03308,-0.00801,0.00144,0.003644,-0.001917,0.999548,0.029791
814.800000,-1.99717,1.36922,2.18000,-0.01225,-0.01038,0.00067,0.003644,-0.001917,0.999548,0.029791
814.834000,-1.99717,1.36922,2.18000,-0.01225,-0.01038,0.00067,0.003644,-0.001917,0.999548,0.029791
814.867000,-1.99717,1.36922,2.18000,-0.01225,-0.01038,0.00067,0.003644,-0.001917,0.999548,0.029791
814.900000,-1.99717,1.36922,2.18000,-0.01225,-0.01038,0.00067,0.003644,-0.001917,0.999548,0.029791
814.934000,-1.99717,1.36922,2.18000,-0.01225,-0.01038,0.00067,0.003644,-0.001917,0.999548,0.029791
814.967000,-1.99717,1.36922,2.18000,-0.01225,-0.01038,0.00067,0.003644,-0.001917,0.999548,0.029791
815.000000,-1.99717,1.36922,2.18000,-0.01225,-0.01038,0.00067,0.003644,-0.001917,0.999548,0.029791
815.035000,-1.99717,1.36922,2.18000,0.00215,-0.00761,-0.00216,0.002232,0.002719,0.999538,0.030175
815.067000,-1.99717,1.36922,2.18000,0.00215,-0.00761,-0.00216,0.002232,0.002719,0.999538,0.030175
815.100000,-1.99717,1.36922,2.18000,0.00215,-0.00761,-0.00216,0.002232,0.002719,0.999538,0.030175
815.134000,-1.99717,1.36922,2.18000,0.00215,-0.00761,-0.00216,0.002232,0.002719,0.999538,0.030175
815.167000,-1.99717,1.36922,2.18000,0.00215,-0.00761,-0.00216,0.002232,0.002719,0.999538,0.030175
815.200000,-1.99717,1.36922,2.18000,0.00215,-0.00761,-0.00216,0.002232,0.002719,0.999538,0.030175
815.234000,-1.99717,1.36922,2.18000,0.00215,-0.00761,-0.00216,0.002232,0.002719,0.999538,0.030175
815.267000,-1.99717,1.36922,2.18000,0.00215,-0.00761,-0.00216,0.001127,-0.002612,0.999520,0.030840
815.300000,-1.99717,1.36922,2.18000,0.00999,-0.00749,-0.00505,0.001127,-0.002612,0.999520,0.030840
815.334000,-1.99717,1.36922,2.18000,0.00999,-0.00749,-0.00505,0.001127,-0.002612,0.999520,0.030840
815.367000,-1.99717,1.36922,2.18000,0.00999,-0.00749,-0.00505,0.001127,-0.002612,0.999520,0.030840
815.401000,-1.99717,1.36922,2.18000,0.00999,-0.00749,-0.00505,0.001127,-0.002612,0.999520,0.030840
815.434000,-1.99717,1.36922,2.18000,0.00999,-0.00749,-0.00505,0.001127,-0.002612,0.999520,0.030840
815.467000,-1.99717,1.36922,2.18000,0.00999,-0.00749,-0.00505,0.001127,-0.002612,0.999520,0.030840
815.500000,-1.99717,1.36922,2.18000,0.00999,-0.00749,-0.00505,0.001127,-0.002612,0.999520,0.030840
815.535000,-1.99717,1.36922,2.18000,0.01490,-0.00583,-0.00177,0.000873,0.002641,0.999508,0.031249
815.567000,-1.99717,1.36922,2.18000,0.01490,-0.00583,-0.00177,0.000873,0.002641,0.999508,0.031249
815.600000,-1.99717,1.36922,2.18000,0.01490,-0.00583,-0.00177,0.000873,0.002641,0.999508,0.031249
815.634000,-1.99717,1.36922,2.18000,0.01490,-0.00583,-0.00177,0.000873,0.002641,0.999508,0.031249
815.667000,-1.99717,1.36922,2.18000,0.01490,-0.00583,-0.00177,0.000873,0.002641,0.999508,0.031249
815.700000,-1.99717,1.36922,2.18000,0.01490,-0.00583,-0.00177,0.000873,0.002641,0.999508,0.031249
815.734000,-1.99717,1.36922,2.18000,0.01490,-0.00583,-0.00177,0.000873,0.002641,0.999508,0.031249
815.768000,-1.99717,1.35809,2.18000,0.01819,-0.00468,-0.00369,0.000419,-0.002161,0.999493,0.031752
815.800000,-1.99717,1.35809,2.18000,0.01819,-0.00468,-0.00369,0.000419,-0.002161,0.999493,0.031752
815.834000,-1.99717,1.35809,2.18000,0.01819,-0.00468,-0.00369,0.000419,-0.002161,0.999493,0.031752
815.867000,-1.99717,1.35809,2.18000,0.01819,-0.00468,-0.00369,0.000419,-0.002161,0.999493,0.031752
815.900000,-1.99717,1.35809,2.18000,0.01819,-0.00468,-0.00369,0.000419,-0.002161,0.999493,0.031752
815.935000,-1.99717,1.35809,2.18000,0.01819,-0.00468,-0.00369,0.000419,-0.002161,0.999493,0.031752
815.967000,-1.99717,1.35809,2.18000,0.01819,-0.00468,-0.00369,0.000419,-0.002161,0.999493,0.031752
816.000000,-1.99717,1.35809,2.18000,0.01819,-0.00468,-0.00369,0.000419,-0.002161,0.999493,0.031752
816.035000,-1.99717,1.35809,2.18000,0.01991,-0.00063,-0.00124,0.000291,0.003555,0.999476,0.032181
816.067000,-1.99717,1.35809,2.18000,0.01991,-0.00063,-0.00124,0.000291,0.003555,0.999476,0.032181
816.100000,-1.99717,1.35809,2.18000,0.01991,-0.00063,-0.00124,0.000291,0.003555,0.999476,0.032181
816.134000,-1.99717,1.35809,2.18000,0.01991,-0.00063,-0.00124,0.000291,0.003555,0.999476,0.032181
816.167000,-1.99717,1.35809,2.18000,0.01991,-0.00063,-0.00124,0.000291,0.003555,0.999476,0.032181
816.200000,-1.99717,1.35809,2.18000,0.01991,-0.00063,-0.00124,0.000291,0.003555,0.999476,0.032181
816.234000,-1.99717,1.35809,2.18000,0.01991,-0.00063,-0.00124,0.000291,0.003555,0.999476,0.032181
816.268000,-1.98809,1.35809,2.18000,0.02082,0.00564,0.00146,0.000005,-0.001385,0.999469,0.032540
816.300000,-1.98809,1.35809,2.18000,0.02082,0.00564,0.00146,0.000005,-0.001385,0.999469,0.032540
816.334000,-1.98809,1.35809,2.18000,0.02082,0.00564,0.00146,0.000005,-0.001385,0.999469,0.032540
816.367000,-1.98809,1.35809,2.18000,0.02082,0.00564,0.00146,0.000005,-0.001385,0.999469,0.032540
816.400000,-1.98809,1.35809,2.18000,0.02082,0.00564,0.00146,0.000005,-0.001385,0.999469,0.032540
816.434000,-1.98809,1.35809,2.18000,0.02082,0.00564,0.00146,0.000005,-0.001385,0.999469,0.032540
816.467000,-1.98809,1.35809,2.18000,0.02082,0.00564,0.00146,0.000005,-0.001385,0.999469,0.032540
816.500000,-1.98809,1.35809,2.18000,0.02082,0.00564,0.00146,0.000005,-0.001385,0.999469,0.032540
816.535000,-1.98809,1.35809,2.18000,0.01825,0.00496,0.00263,-0.000791,0.001495,0.999453,0.033027
816.567000,-1.98809,1.35809,2.18000,0.01825,0.00496,0.00263,-0.000791,0.001495,0.999453,0.033027
816.600000,-1.98809,1.35809,2.18000,0.01825,0.00496,0.00263,-0.000791,0.001495,0.999453,0.033027
816.634000,-1.98809,1.35809,2.18000,0.01825,0.00496,0.00263,-0.000791,0.001495,0.999453,0.033027
816.667000,-1.98809,1.35809,2.18000,0.01825,0.00496,0.00263,-0.000791,0.001495,0.999453,0.033027
816.700000,-1.98809,1.35809,2.18000,0.01825,0.00496,0.00263,-0.000791,0.001495,0.999453,0.033027
816.734000,-1.98809,1.35809,2.18000,0.01825,0.00496,0.00263,-0.000791,0.001495,0.999453,0.033027
816.768000,-1.96994,1.35809,2.18000,0.01480,0.00865,-0.00278,-0.000710,-0.000470,0.999442,0.033392
816.800000,-1.96994,1.35809,2.18000,0.01480,0.00865,-0.00278,-0.000710,-0.000470,0.999442,0.033392
816.834000,-1.96994,1.35809,2.18000,0.01480,0.00865,-0.00278,-0.000710,-0.000470,0.999442,0.033392
816.867000,-1.96994,1.35809,2.18000,0.01480,0.00865,-0.00278,-0.000710,-0.000470,0.999442,0.033392
816.900000,-1.96994,1.35809,2.18000,0.01480,0.00865,-0.00278,-0.000710,-0.000470,0.999442,0.033392
816.934000,-1.96994,1.35809,2.18000,0.01480,0.00865,-0.00278,-0.000710,-0.000470,0.999442,0.033392
816.967000,-1.96994,1.35809,2.18000,0.01480,0.00865,-0.00278,-0.000710,-0.000470,0.999442,0.033392
817.000000,-1.96994,1.35809,2.18000,0.01480,0.00865,-0.00278,-0.000710,-0.000470,0.999442,0.033392
817.035000,-1.96994,1.35809,2.18000,0.00615,0.00556,0.00130,-0.002231,-0.000521,0.999423,0.033875
817.067000,-1.96994,1.35809,2.18000,0.00615,0.00556,0.00130,-0.002231,-0.000521,0.999423,0.033875
817.100000,-1.96994,1.35809,2.18000,0.00615,0.00556,0.00130,-0.002231,-0.000521,0.999423,0.033875
817.134000,-1.96994,1.35809,2.18000,0.00615,0.00556,0.00130,-0.002231,-0.000521,0.999423,0.033875
817.167000,-1.96994,1.35809,2.18000,0.00615,0.00556,0.00130,-0.002231,-0.000521,0.999423,0.033875
817.200000,-1.96994,1.35809,2.18000,0.00615,0.00556,0.00130,-0.002231,-0.000521,0.999423,0.033875
817.234000,-1.96994,1.35809,2.18000,0.00615,0.00556,0.00130,-0.002231,-0.000521,0.999423,0.033875
817.268000,-1.96994,1.35809,2.18000,0.00615,0.00556,0.00130,-0.001378,0.000747,0.999424,0.033904
817.300000,-1.96994,1.35809,2.18000,-0.00269,0.00860,0.00333,-0.001378,0.000747,0.999424,0.033904
817.334000,-1.96994,1.35809,2.18000,-0.00269,0.00860,0.00333,-0.001378,0.000747,0.999424,0.033904
817.367000,-1.96994,1.35809,2.18000,-0.00269,0.00860,0.00333,-0.001378,0.000747,0.999424,0.033904
817.400000,-1.96994,1.35809,2.18000,-0.00269,0.00860,0.00333,-0.001378,0.000747,0.999424,0.033904
817.434000,-1.96994,1.35809,2.18000,-0.00269,0.00860,0.00333,-0.001378,0.000747,0.999424,0.033904
817.467000,-1.96994,1.35809,2.18000,-0.00269,0.00860,0.00333,-0.001378,0.000747,0.999424,0.033904
817.500000,-1.96994,1.35809,2.18000,-0.00269,0.00860,0.00333,-0.001378,0.000747,0.999424,0.033904
817.535000,-1.96994,1.35809,2.18000,-0.00799,0.00639,0.00027,-0.000854,-0.001832,0.999409,0.034309
817.567000,-1.96994,1.35809,2.18000,-0.00799,0.00639,0.00027,-0.000854,-0.001832,0.999409,0.034309
817.600000,-1.96994,1.35809,2.18000,-0.00799,0.00639,0.00027,-0.000854,-0.001832,0.999409,0.034309
817.634000,-1.96994,1.35809,2.18000,-0.00799,0.00639,0.00027,-0.000854,-0.001832,0.999409,0.034309
817.667000,-1.96994,1.35809,2.18000,-0.00799,0.00639,0.00027,-0.000854,-0.001832,0.999409,0.034309
817.700000,-1.96994,1.35809,2.18000,-0.00799,0.00639,0.00027,-0.000854,-0.001832,0.999409,0.034309
817.734000,-1.96994,1.35809,2.18000,-0.00799,0.00639,0.00027,-0.000854,-0.001832,0.999409,0.034309
817.768000,-1.96994,1.35809,2.18000,-0.01040,0.01407,-0.00483,-0.000040,0.010073,0.999355,0.034473
817.800000,-1.96994,1.35809,2.18000,-0.01040,0.01407,-0.00483,-0.000040,0.010073,0.999355,0.034473
817.834000,-1.96994,1.35809,2.18000,-0.01040,0.01407,-0.00483,-0.000040,0.010073,0.999355,0.034473
817.867000,-1.96994,1.35809,2.18000,-0.01040,0.01407,-0.00483,-0.000040,0.010073,0.999355,0.034473
817.900000,-1.96994,1.35809,2.18000,-0.01040,0.01407,-0.00483,-0.000040,0.010073,0.999355,0.034473
817.934000,-1.96994,1.35809,2.18000,-0.01040,0.01407,-0.00483,-0.000040,0.010073,0.999355,0.034473
817.967000,-1.96994,1.35809,2.18000,-0.01040,0.01407,-0.00483,-0.000040,0.010073,0.999355,0.034473
818.000000,-1.96994,1.35809,2.18000,-0.01040,0.01407,-0.00483,-0.000040,0.010073,0.999355,0.034473
818.035000,-1.96994,1.38035,2.17000,-0.00040,0.18071,-0.00378,0.002016,0.065920,0.997218,0.034739
818.067000,-1.96994,1.38035,2.17000,-0.00040,0.18071,-0.00378,0.002016,0.065920,0.997218,0.034739
818.100000,-1.96994,1.38035,2.17000,-0.00040,0.18071,-0.00378,0.002016,0.065920,0.997218,0.034739
818.134000,-1.96994,1.38035,2.17000,-0.00040,0.18071,-0.00378,0.002016,0.065920,0.997218,0.034739
818.167000,-1.96994,1.38035,2.17000,-0.00040,0.18071,-0.00378,0.002016,0.065920,0.997218,0.034739
818.201000,-1.96994,1.38035,2.17000,-0.00040,0.18071,-0.00378,0.002016,0.065920,0.997218,0.034739
818.234000,-1.96994,1.38035,2.17000,-0.00040,0.18071,-0.00378,0.002016,0.065920,0.997218,0.034739
818.267000,-1.96994,1.38035,2.17000,-0.00040,0.18071,-0.00378,0.001779,0.117961,0.991048,0.062503
818.301000,-1.96994,1.48054,2.18000,0.03407,0.67776,0.00374,0.001779,0.117961,0.991048,0.062503
818.334000,-1.96994,1.48054,2.18000,0.03407,0.67776,0.00374,0.001779,0.117961,0.991048,0.062503
818.367000,-1.96994,1.48054,2.18000,0.03407,0.67776,0.00374,0.001779,0.117961,0.991048,0.062503
818.400000,-1.96994,1.48054,2.18000,0.03407,0.67776,0.00374,0.001779,0.117961,0.991048,0.062503
818.434000,-1.96994,1.48054,2.18000,0.03407,0.67776,0.00374,0.001779,0.117961,0.991048,0.062503
818.467000,-1.96994,1.48054,2.18000,0.03407,0.67776,0.00374,0.001779,0.117961,0.991048,0.062503
818.500000,-1.96994,1.48054,2.18000,0.03407,0.67776,0.00374,0.001779,0.117961,0.991048,0.062503
818.535000,-1.96086,1.71431,2.18000,0.09852,1.18029,0.00355,0.006231,0.079533,0.981470,0.174218
818.567000,-1.96086,1.71431,2.18000,0.09852,1.18029,0.00355,0.006231,0.079533,0.981470,0.174218
818.600000,-1.96086,1.71431,2.18000,0.09852,1.18029,0.00355,0.006231,0.079533,0.981470,0.174218
818.634000,-1.96086,1.71431,2.18000,0.09852,1.18029,0.00355,0.006231,0.079533,0.981470,0.174218
818.667000,-1.96086,1.71431,2.18000,0.09852,1.18029,0.00355,0.006231,0.079533,0.981470,0.174218
818.700000,-1.96086,1.71431,2.18000,0.09852,1.18029,0.00355,0.006231,0.079533,0.981470,0.174218
818.734000,-1.96086,1.71431,2.18000,0.09852,1.18029,0.00355,0.006231,0.079533,0.981470,0.174218
818.768000,-1.91547,2.04827,2.18000,0.26054,1.43318,0.00043,0.034517,0.035329,0.952819,0.299492
818.800000,-1.91547,2.04827,2.18000,0.26054,1.43318,0.00043,0.034517,0.035329,0.952819,0.299492
818.834000,-1.91547,2.04827,2.18000,0.26054,1.43318,0.00043,0.034517,0.035329,0.952819,0.299492
818.867000,-1.91547,2.04827,2.18000,0.26054,1.43318,0.00043,0.034517,0.035329,0.952819,0.299492
818.900000,-1.91547,2.04827,2.18000,0.26054,1.43318,0.00043,0.034517,0.035329,0.952819,0.299492
818.934000,-1.91547,2.04827,2.18000,0.26054,1.43318,0.00043,0.034517,0.035329,0.952819,0.299492
818.967000,-1.91547,2.04827,2.18000,0.26054,1.43318,0.00043,0.034517,0.035329,0.952819,0.299492
819.000000,-1.91547,2.04827,2.18000,0.26054,1.43318,0.00043,0.034517,0.035329,0.952819,0.299492
819.035000,-1.82469,2.41562,2.18000,0.42845,1.36131,0.00249,0.037768,-0.041246,0.903783,0.424321
819.067000,-1.82469,2.41562,2.18000,0.42845,1.36131,0.00249,0.037768,-0.041246,0.903783,0.424321
819.100000,-1.82469,2.41562,2.18000,0.42845,1.36131,0.00249,0.037768,-0.041246,0.903783,0.424321
819.134000,-1.82469,2.41562,2.18000,0.42845,1.36131,0.00249,0.037768,-0.041246,0.903783,0.424321
819.167000,-1.82469,2.41562,2.18000,0.42845,1.36131,0.00249,0.037768,-0.041246,0.903783,0.424321
819.200000,-1.82469,2.41562,2.18000,0.42845,1.36131,0.00249,0.037768,-0.041246,0.903783,0.424321
819.234000,-1.82469,2.41562,2.18000,0.42845,1.36131,0.00249,0.037768,-0.041246,0.903783,0.424321
819.268000,-1.82469,2.41562,2.18000,0.42845,1.36131,0.00249,0.039664,-0.105197,0.833746,0.540582
819.300000,-1.72483,2.70505,2.18000,0.40443,0.93412,0.00521,0.039664,-0.105197,0.833746,0.540582
819.334000,-1.72483,2.70505,2.18000,0.40443,0.93412,0.00521,0.039664,-0.105197,0.833746,0.540582
819.367000,-1.72483,2.70505,2.18000,0.40443,0.93412,0.00521,0.039664,-0.105197,0.833746,0.540582
819.400000,-1.72483,2.70505,2.18000,0.40443,0.93412,0.00521,0.039664,-0.105197,0.833746,0.540582
819.434000,-1.72483,2.70505,2.18000,0.40443,0.93412,0.00521,0.039664,-0.105197,0.833746,0.540582
819.467000,-1.72483,2.70505,2.18000,0.40443,0.93412,0.00521,0.039664,-0.105197,0.833746,0.540582
819.500000,-1.72483,2.70505,2.18000,0.40443,0.93412,0.00521,0.039664,-0.105197,0.833746,0.540582
819.535000,-1.64313,2.86089,2.18000,0.23174,0.39109,0.00641,0.032482,-0.097276,0.758612,0.643420
819.567000,-1.64313,2.86089,2.18000,0.23174,0.39109,0.00641,0.032482,-0.097276,0.758612,0.643420
819.600000,-1.64313,2.86089,2.18000,0.23174,0.39109,0.00641,0.032482,-0.097276,0.758612,0.643420
819.634000,-1.64313,2.86089,2.18000,0.23174,0.39109,0.00641,0.032482,-0.097276,0.758612,0.643420
819.667000,-1.64313,2.86089,2.18000,0.23174,0.39109,0.00641,0.032482,-0.097276,0.758612,0.643420
819.700000,-1.64313,2.86089,2.18000,0.23174,0.39109,0.00641,0.032482,-0.097276,0.758612,0.643420
819.734000,-1.64313,2.86089,2.18000,0.23174,0.39109,0.00641,0.032482,-0.097276,0.758612,0.643420
819.768000,-1.59774,2.91655,2.18000,0.08755,0.03277,-0.00004,0.019418,-0.049994,0.736780,0.674002
819.801000,-1.59774,2.91655,2.18000,0.08755,0.03277,-0.00004,0.019418,-0.049994,0.736780,0.674002
819.834000,-1.59774,2.91655,2.18000,0.08755,0.03277,-0.00004,0.019418,-0.049994,0.736780,0.674002
819.867000,-1.59774,2.91655,2.18000,0.08755,0.03277,-0.00004,0.019418,-0.049994,0.736780,0.674002
819.900000,-1.59774,2.91655,2.18000,0.08755,0.03277,-0.00004,0.019418,-0.049994,0.736780,0.674002
819.934000,-1.59774,2.91655,2.18000,0.08755,0.03277,-0.00004,0.019418,-0.049994,0.736780,0.674002
819.967000,-1.59774,2.91655,2.18000,0.08755,0.03277,-0.00004,0.019418,-0.049994,0.736780,0.674002
820.001000,-1.59774,2.91655,2.18000,0.08755,0.03277,-0.00004,0.019418,-0.049994,0.736780,0.674002
820.035000,-1.59774,2.90542,2.18000,0.01563,-0.12610,-0.00461,0.004483,-0.020226,0.731990,0.681001
820.067000,-1.59774,2.90542,2.18000,0.01563,-0.12610,-0.00461,0.004483,-0.020226,0.731990,0.681001
820.100000,-1.59774,2.90542,2.18000,0.01563,-0.12610,-0.00461,0.004483,-0.020226,0.731990,0.681001
820.134000,-1.59774,2.90542,2.18000,0.01563,-0.12610,-0.00461,0.004483,-0.020226,0.731990,0.681001
820.167000,-1.59774,2.90542,2.18000,0.01563,-0.12610,-0.00461,0.004483,-0.020226,0.731990,0.681001
820.200000,-1.59774,2.90542,2.18000,0.01563,-0.12610,-0.00461,0.004483,-0.020226,0.731990,0.681001
820.234000,-1.59774,2.90542,2.18000,0.01563,-0.12610,-0.00461,0.004483,-0.020226,0.731990,0.681001
820.268000,-1.59774,2.90542,2.18000,0.01563,-0.12610,-0.00461,-0.000949,-0.001155,0.729608,0.683864
820.300000,-1.59774,2.88316,2.18000,-0.01286,-0.16532,-0.00395,-0.000949,-0.001155,0.729608,0.683864
820.334000,-1.59774,2.88316,2.18000,-0.01286,-0.16532,-0.00395,-0.000949,-0.001155,0.729608,0.683864
820.367000,-1.59774,2.88316,2.18000,-0.01286,-0.16532,-0.00395,-0.000949,-0.001155,0.729608,0.683864
820.400000,-1.59774,2.88316,2.18000,-0.01286,-0.16532,-0.00395,-0.000949,-0.001155,0.729608,0.683864
820.434000,-1.59774,2.88316,2.18000,-0.01286,-0.16532,-0.00395,-0.000949,-0.001155,0.729608,0.683864
820.467000,-1.59774,2.88316,2.18000,-0.01286,-0.16532,-0.00395,-0.000949,-0.001155,0.729608,0.683864
820.500000,-1.59774,2.88316,2.18000,-0.01286,-0.16532,-0.00395,-0.000949,-0.001155,0.729608,0.683864
820.535000,-1.59774,2.82750,2.18000,-0.01360,-0.14126,-0.00315,-0.006182,0.006966,0.728813,0.684650
820.567000,-1.59774,2.82750,2.18000,-0.01360,-0.14126,-0.00315,-0.006182,0.006966,0.728813,0.684650
820.600000,-1.59774,2.82750,2.18000,-0.01360,-0.14126,-0.00315,-0.006182,0.006966,0.728813,0.684650
820.634000,-1.59774,2.82750,2.18000,-0.01360,-0.14126,-0.00315,-0.006182,0.006966,0.728813,0.684650
820.667000,-1.59774,2.82750,2.18000,-0.01360,-0.14126,-0.00315,-0.006182,0.006966,0.728813,0.684650
820.700000,-1.59774,2.82750,2.18000,-0.01360,-0.14126,-0.00315,-0.006182,0.006966,0.728813,0.684650
820.734000,-1.59774,2.82750,2.18000,-0.01360,-0.14126,-0.00315,-0.006182,0.006966,0.728813,0.684650
820.768000,-1.59774,2.82750,2.18000,-0.01360,-0.14126,-0.00315,-0.007825,0.009104,0.728670,0.684759
820.800000,-1.59774,2.81637,2.18000,-0.01277,-0.08539,-0.00188,-0.007825,0.009104,0.728670,0.684759
820.834000,-1.59774,2.81637,2.18000,-0.01277,-0.08539,-0.00188,-0.007825,0.009104,0.728670,0.684759
820.867000,-1.59774,2.81637,2.18000,-0.01277,-0.08539,-0.00188,-0.007825,0.009104,0.728670,0.684759
820.900000,-1.59774,2.81637,2.18000,-0.01277,-0.08539,-0.00188,-0.007825,0.009104,0.728670,0.684759
820.934000,-1.59774,2.81637,2.18000,-0.01277,-0.08539,-0.00188,-0.007825,0.009104,0.728670,0.684759
820.967000,-1.59774,2.81637,2.18000,-0.01277,-0.08539,-0.00188,-0.007825,0.009104,0.728670,0.684759
821.000000,-1.59774,2.81637,2.18000,-0.01277,-0.08539,-0.00188,-0.007825,0.009104,0.728670,0.684759
821.035000,-1.59774,2.79410,2.18000,-0.00430,-0.02737,-0.00377,-0.005997,0.010594,0.729223,0.684168
821.067000,-1.59774,2.79410,2.18000,-0.00430,-0.02737,-0.00377,-0.005997,0.010594,0.729223,0.684168
821.100000,-1.59774,2.79410,2.18000,-0.00430,-0.02737,-0.00377,-0.005997,0.010594,0.729223,0.684168
821.134000,-1.59774,2.79410,2.18000,-0.00430,-0.02737,-0.00377,-0.005997,0.010594,0.729223,0.684168
821.167000,-1.59774,2.79410,2.18000,-0.00430,-0.02737,-0.00377,-0.005997,0.010594,0.729223,0.684168
821.200000,-1.59774,2.79410,2.18000,-0.00430,-0.02737,-0.00377,-0.005997,0.010594,0.729223,0.684168
821.234000,-1.59774,2.79410,2.18000,-0.00430,-0.02737,-0.00377,-0.005997,0.010594,0.729223,0.684168
821.268000,-1.59774,2.79410,2.18000,-0.00152,0.02437,-0.00204,-0.007048,0.006150,0.729562,0.683850
821.300000,-1.59774,2.79410,2.18000,-0.00152,0.02437,-0.00204,-0.007048,0.006150,0.729562,0.683850
821.334000,-1.59774,2.79410,2.18000,-0.00152,0.02437,-0.00204,-0.007048,0.006150,0.729562,0.683850
821.367000,-1.59774,2.79410,2.18000,-0.00152,0.02437,-0.00204,-0.007048,0.006150,0.729562,0.683850
821.400000,-1.59774,2.79410,2.18000,-0.00152,0.02437,-0.00204,-0.007048,0.006150,0.729562,0.683850
821.434000,-1.59774,2.79410,2.18000,-0.00152,0.02437,-0.00204,-0.007048,0.006150,0.729562,0.683850
821.467000,-1.59774,2.79410,2.18000,-0.00152,0.02437,-0.00204,-0.007048,0.006150,0.729562,0.683850
821.500000,-1.59774,2.79410,2.18000,-0.00152,0.02437,-0.00204,-0.007048,0.006150,0.729562,0.683850
821.535000,-1.59774,2.81637,2.18000,0.00396,0.05964,-0.00372,-0.001344,0.006140,0.730315,0.683081
821.567000,-1.59774,2.81637,2.18000,0.00396,0.05964,-0.00372,-0.001344,0.006140,0.730315,0.683081
821.600000,-1.59774,2.81637,2.18000,0.00396,0.05964,-0.00372,-0.001344,0.006140,0.730315,0.683081
821.634000,-1.59774,2.81637,2.18000,0.00396,0.05964,-0.00372,-0.001344,0.006140,0.730315,0.683081
821.667000,-1.59774,2.81637,2.18000,0.00396,0.05964,-0.00372,-0.001344,0.006140,0.730315,0.683081
821.700000,-1.59774,2.81637,2.18000,0.00396,0.05964,-0.00372,-0.001344,0.006140,0.730315,0.683081
821.734000,-1.59774,2.81637,2.18000,0.00396,0.05964,-0.00372,-0.001344,0.006140,0.730315,0.683081
821.768000,-1.59774,2.81637,2.18000,0.00538,0.07370,-0.00319,-0.002362,-0.001081,0.730716,0.682676
821.800000,-1.59774,2.81637,2.18000,0.00538,0.07370,-0.00319,-0.002362,-0.001081,0.730716,0.682676
821.834000,-1.59774,2.81637,2.18000,0.00538,0.07370,-0.00319,-0.002362,-0.001081,0.730716,0.682676
821.867000,-1.59774,2.81637,2.18000,0.00538,0.07370,-0.00319,-0.002362,-0.001081,0.730716,0.682676
821.900000,-1.59774,2.81637,2.18000,0.00538,0.07370,-0.00319,-0.002362,-0.001081,0.730716,0.682676
821.934000,-1.59774,2.81637,2.18000,0.00538,0.07370,-0.00319,-0.002362,-0.001081,0.730716,0.682676
821.967000,-1.59774,2.81637,2.18000,0.00538,0.07370,-0.00319,-0.002362,-0.001081,0.730716,0.682676
822.000000,-1.59774,2.81637,2.18000,0.00538,0.07370,-0.00319,-0.002362,-0.001081,0.730716,0.682676
822.035000,-1.59774,2.82750,2.18000,0.00661,0.07492,-0.00446,0.002538,0.001862,0.731264,0.682088
822.067000,-1.59774,2.82750,2.18000,0.00661,0.07492,-0.00446,0.002538,0.001862,0.731264,0.682088
822.100000,-1.59774,2.82750,2.18000,0.00661,0.07492,-0.00446,0.002538,0.001862,0.731264,0.682088
822.134000,-1.59774,2.82750,2.18000,0.00661,0.07492,-0.00446,0.002538,0.001862,0.731264,0.682088
822.167000,-1.59774,2.82750,2.18000,0.00661,0.07492,-0.00446,0.002538,0.001862,0.731264,0.682088
822.200000,-1.59774,2.82750,2.18000,0.00661,0.07492,-0.00446,0.002538,0.001862,0.731264,0.682088
822.234000,-1.59774,2.82750,2.18000,0.00661,0.07492,-0.00446,0.002538,0.001862,0.731264,0.682088
822.268000,-1.59774,2.82750,2.18000,0.00661,0.07492,-0.00446,-0.000694,-0.002837,0.731737,0.681581
822.301000,-1.59774,2.83863,2.17000,0.00777,0.07039,-0.00080,-0.000694,-0.002837,0.731737,0.681581
822.334000,-1.59774,2.83863,2.17000,0.00777,0.07039,-0.00080,-0.000694,-0.002837,0.731737,0.681581
822.367000,-1.59774,2.83863,2.17000,0.00777,0.07039,-0.00080,-0.000694,-0.002837,0.731737,0.681581
822.400000,-1.59774,2.83863,2.17000,0.00777,0.07039,-0.00080,-0.000694,-0.002837,0.731737,0.681581
822.434000,-1.59774,2.83863,2.17000,0.00777,0.07039,-0.00080,-0.000694,-0.002837,0.731737,0.681581
822.467000,-1.59774,2.83863,2.17000,0.00777,0.07039,-0.00080,-0.000694,-0.002837,0.731737,0.681581
822.501000,-1.59774,2.83863,2.17000,0.00777,0.07039,-0.00080,-0.000694,-0.002837,0.731737,0.681581
822.535000,-1.59774,2.86089,2.18000,0.00601,0.05972,0.00614,0.003202,-0.000663,0.731992,0.681305
822.567000,-1.59774,2.86089,2.18000,0.00601,0.05972,0.00614,0.003202,-0.000663,0.731992,0.681305
822.600000,-1.59774,2.86089,2.18000,0.00601,0.05972,0.00614,0.003202,-0.000663,0.731992,0.681305
822.634000,-1.59774,2.86089,2.18000,0.00601,0.05972,0.00614,0.003202,-0.000663,0.731992,0.681305
822.667000,-1.59774,2.86089,2.18000,0.00601,0.05972,0.00614,0.003202,-0.000663,0.731992,0.681305
822.700000,-1.59774,2.86089,2.18000,0.00601,0.05972,0.00614,0.003202,-0.000663,0.731992,0.681305
822.734000,-1.59774,2.86089,2.18000,0.00601,0.05972,0.00614,0.003202,-0.000663,0.731992,0.681305
822.768000,-1.59774,2.88316,2.18000,0.00793,0.04299,0.00054,0.002290,-0.003823,0.732538,0.680712
822.800000,-1.59774,2.88316,2.18000,0.00793,0.04299,0.00054,0.002290,-0.003823,0.732538,0.680712
822.834000,-1.59774,2.88316,2.18000,0.00793,0.04299,0.00054,0.002290,-0.003823,0.732538,0.680712
822.867000,-1.59774,2.88316,2.18000,0.00793,0.04299,0.00054,0.002290,-0.003823,0.732538,0.680712
822.900000,-1.59774,2.88316,2.18000,0.00793,0.04299,0.00054,0.002290,-0.003823,0.732538,0.680712
822.934000,-1.59774,2.88316,2.18000,0.00793,0.04299,0.00054,0.002290,-0.003823,0.732538,0.680712
822.967000,-1.59774,2.88316,2.18000,0.00793,0.04299,0.00054,0.002290,-0.003823,0.732538,0.680712
823.000000,-1.59774,2.88316,2.18000,0.00793,0.04299,0.00054,0.002290,-0.003823,0.732538,0.680712
823.035000,-1.59774,2.89429,2.18000,0.00569,0.02059,0.00256,0.002921,-0.003262,0.732808,0.680421
823.067000,-1.59774,2.89429,2.18000,0.00569,0.02059,0.00256,0.002921,-0.003262,0.732808,0.680421
823.100000,-1.59774,2.89429,2.18000,0.00569,0.02059,0.00256,0.002921,-0.003262,0.732808,0.680421
823.134000,-1.59774,2.89429,2.18000,0.00569,0.02059,0.00256,0.002921,-0.003262,0.732808,0.680421
823.167000,-1.59774,2.89429,2.18000,0.00569,0.02059,0.00256,0.002921,-0.003262,0.732808,0.680421
823.200000,-1.59774,2.89429,2.18000,0.00569,0.02059,0.00256,0.002921,-0.003262,0.732808,0.680421
823.234000,-1.59774,2.89429,2.18000,0.00569,0.02059,0.00256,0.002921,-0.003262,0.732808,0.680421
823.268000,-1.59774,2.89429,2.18000,0.00569,0.02059,0.00256,0.002985,-0.001370,0.733309,0.679887
823.300000,-1.59774,2.89429,2.18000,0.00935,0.00183,0.00102,0.002985,-0.001370,0.733309,0.679887
823.334000,-1.59774,2.89429,2.18000,0.00935,0.00183,0.00102,0.002985,-0.001370,0.733309,0.679887
823.367000,-1.59774,2.89429,2.18000,0.00935,0.00183,0.00102,0.002985,-0.001370,0.733309,0.679887
823.400000,-1.59774,2.89429,2.18000,0.00935,0.00183,0.00102,0.002985,-0.001370,0.733309,0.679887
823.434000,-1.59774,2.89429,2.18000,0.00935,0.00183,0.00102,0.002985,-0.001370,0.733309,0.679887
823.467000,-1.59774,2.89429,2.18000,0.00935,0.00183,0.00102,0.002985,-0.001370,0.733309,0.679887
823.500000,-1.59774,2.89429,2.18000,0.00935,0.00183,0.00102,0.002985,-0.001370,0.733309,0.679887
823.535000,-1.57958,2.89429,2.18000,0.00390,-0.01061,0.00048,-0.001216,-0.004002,0.733391,0.679794
823.567000,-1.57958,2.89429,2.18000,0.00390,-0.01061,0.00048,-0.001216,-0.004002,0.733391,0.679794
823.600000,-1.57958,2.89429,2.18000,0.00390,-0.01061,0.00048,-0.001216,-0.004002,0.733391,0.679794
823.634000,-1.57958,2.89429,2.18000,0.00390,-0.01061,0.00048,-0.001216,-0.004002,0.733391,0.679794
823.667000,-1.57958,2.89429,2.18000,0.00390,-0.01061,0.00048,-0.001216,-0.004002,0.733391,0.679794
823.700000,-1.57958,2.89429,2.18000,0.00390,-0.01061,0.00048,-0.001216,-0.004002,0.733391,0.679794
823.734000,-1.57958,2.89429,2.18000,0.00390,-0.01061,0.00048,-0.001216,-0.004002,0.733391,0.679794
823.768000,-1.57958,2.89429,2.18000,0.00390,-0.01061,0.00048,0.001365,-0.000132,0.733918,0.679236
823.800000,-1.57958,2.89429,2.18000,-0.00319,-0.01809,0.00017,0.001365,-0.000132,0.733918,0.679236
823.834000,-1.57958,2.89429,2.18000,-0.00319,-0.01809,0.00017,0.001365,-0.000132,0.733918,0.679236
823.867000,-1.57958,2.89429,2.18000,-0.00319,-0.01809,0.00017,0.001365,-0.000132,0.733918,0.679236
823.900000,-1.57958,2.89429,2.18000,-0.00319,-0.01809,0.00017,0.001365,-0.000132,0.733918,0.679236
823.934000,-1.57958,2.89429,2.18000,-0.00319,-0.01809,0.00017,0.001365,-0.000132,0.733918,0.679236
823.967000,-1.57958,2.89429,2.18000,-0.00319,-0.01809,0.00017,0.001365,-0.000132,0.733918,0.679236
824.001000,-1.57958,2.89429,2.18000,-0.00319,-0.01809,0.00017,0.001365,-0.000132,0.733918,0.679236
824.035000,-1.57958,2.89429,2.18000,-0.01008,-0.02293,-0.00259,-0.002022,-0.003191,0.734100,0.679031
824.067000,-1.57958,2.89429,2.18000,-0.01008,-0.02293,-0.00259,-0.002022,-0.003191,0.734100,0.679031
824.100000,-1.57958,2.89429,2.18000,-0.01008,-0.02293,-0.00259,-0.002022,-0.003191,0.734100,0.679031
824.134000,-1.57958,2.89429,2.18000,-0.01008,-0.02293,-0.00259,-0.002022,-0.003191,0.734100,0.679031
824.167000,-1.57958,2.89429,2.18000,-0.01008,-0.02293,-0.00259,-0.002022,-0.003191,0.734100,0.679031
824.200000,-1.57958,2.89429,2.18000,-0.01008,-0.02293,-0.00259,-0.002022,-0.003191,0.734100,0.679031
824.234000,-1.57958,2.89429,2.18000,-0.01008,-0.02293,-0.00259,-0.002022,-0.003191,0.734100,0.679031
824.268000,-1.57958,2.89429,2.18000,-0.01008,-0.02293,-0.00259,0.001818,0.001531,0.734519,0.678584
824.300000,-1.57958,2.89429,2.18000,-0.01349,-0.02552,-0.00348,0.001818,0.001531,0.734519,0.678584
824.335000,-1.57958,2.89429,2.18000,-0.01349,-0.02552,-0.00348,0.001818,0.001531,0.734519,0.678584
824.367000,-1.57958,2.89429,2.18000,-0.01349,-0.02552,-0.00348,0.001818,0.001531,0.734519,0.678584
824.400000,-1.57958,2.89429,2.18000,-0.01349,-0.02552,-0.00348,0.001818,0.001531,0.734519,0.678584
824.434000,-1.57958,2.89429,2.18000,-0.01349,-0.02552,-0.00348,0.001818,0.001531,0.734519,0.678584
824.467000,-1.57958,2.89429,2.18000,-0.01349,-0.02552,-0.00348,0.001818,0.001531,0.734519,0.678584
824.500000,-1.57958,2.89429,2.18000,-0.01349,-0.02552,-0.00348,0.001818,0.001531,0.734519,0.678584
824.535000,-1.57958,2.88316,2.18000,-0.01523,-0.02464,-0.00205,-0.002840,-0.001865,0.734745,0.678335
824.567000,-1.57958,2.88316,2.18000,-0.01523,-0.02464,-0.00205,-0.002840,-0.001865,0.734745,0.678335
824.600000,-1.57958,2.88316,2.18000,-0.01523,-0.02464,-0.00205,-0.002840,-0.001865,0.734745,0.678335
824.634000,-1.57958,2.88316,2.18000,-0.01523,-0.02464,-0.00205,-0.002840,-0.001865,0.734745,0.678335
824.667000,-1.57958,2.88316,2.18000,-0.01523,-0.02464,-0.00205,-0.002840,-0.001865,0.734745,0.678335
824.700000,-1.57958,2.88316,2.18000,-0.01523,-0.02464,-0.00205,-0.002840,-0.001865,0.734745,0.678335
824.734000,-1.57958,2.88316,2.18000,-0.01523,-0.02464,-0.00205,-0.002840,-0.001865,0.734745,0.678335
824.768000,-1.59774,2.88316,2.18000,-0.01654,-0.02007,-0.00327,0.001639,0.002999,0.734886,0.678182
824.800000,-1.59774,2.88316,2.18000,-0.01654,-0.02007,-0.00327,0.001639,0.002999,0.734886,0.678182
824.834000,-1.59774,2.88316,2.18000,-0.01654,-0.02007,-0.00327,0.001639,0.002999,0.734886,0.678182
824.867000,-1.59774,2.88316,2.18000,-0.01654,-0.02007,-0.00327,0.001639,0.002999,0.734886,0.678182
824.900000,-1.59774,2.88316,2.18000,-0.01654,-0.02007,-0.00327,0.001639,0.002999,0.734886,0.678182
824.934000,-1.59774,2.88316,2.18000,-0.01654,-0.02007,-0.00327,0.001639,0.002999,0.734886,0.678182
824.967000,-1.59774,2.88316,2.18000,-0.01654,-0.02007,-0.00327,0.001639,0.002999,0.734886,0.678182
825.000000,-1.59774,2.88316,2.18000,-0.01654,-0.02007,-0.00327,0.001639,0.002999,0.734886,0.678182
825.035000,-1.59774,2.86089,2.18000,-0.00827,-0.01201,-0.00430,-0.002043,0.001363,0.735193,0.677853
825.067000,-1.59774,2.86089,2.18000,-0.00827,-0.01201,-0.00430,-0.002043,0.001363,0.735193,0.677853
825.100000,-1.59774,2.86089,2.18000,-0.00827,-0.01201,-0.00430,-0.002043,0.001363,0.735193,0.677853
825.134000,-1.59774,2.86089,2.18000,-0.00827,-0.01201,-0.00430,-0.002043,0.001363,0.735193,0.677853
825.167000,-1.59774,2.86089,2.18000,-0.00827,-0.01201,-0.00430,-0.002043,0.001363,0.735193,0.677853
825.200000,-1.59774,2.86089,2.18000,-0.00827,-0.01201,-0.00430,-0.002043,0.001363,0.735193,0.677853
825.234000,-1.59774,2.86089,2.18000,-0.00827,-0.01201,-0.00430,-0.002043,0.001363,0.735193,0.677853
825.267000,-1.59774,2.86089,2.18000,-0.00827,-0.01201,-0.00430,0.000227,0.002859,0.735379,0.677650
825.300000,-1.59774,2.86089,2.18000,-0.00536,-0.00053,-0.00130,0.000227,0.002859,0.735379,0.677650
825.334000,-1.59774,2.86089,2.18000,-0.00536,-0.00053,-0.00130,0.000227,0.002859,0.735379,0.677650
825.367000,-1.59774,2.86089,2.18000,-0.00536,-0.00053,-0.00130,0.000227,0.002859,0.735379,0.677650
825.400000,-1.59774,2.86089,2.18000,-0.00536,-0.00053,-0.00130,0.000227,0.002859,0.735379,0.677650
825.434000,-1.59774,2.86089,2.18000,-0.00536,-0.00053,-0.00130,0.000227,0.002859,0.735379,0.677650
825.468000,-1.59774,2.86089,2.18000,-0.00536,-0.00053,-0.00130,0.000227,0.002859,0.735379,0.677650
825.500000,-1.59774,2.86089,2.18000,-0.00536,-0.00053,-0.00130,0.000227,0.002859,0.735379,0.677650
825.535000,-1.59774,2.86089,2.17000,0.00153,0.00634,0.00016,-0.000578,0.000718,0.735670,0.677339
825.567000,-1.59774,2.86089,2.17000,0.00153,0.00634,0.00016,-0.000578,0.000718,0.735670,0.677339
825.600000,-1.59774,2.86089,2.17000,0.00153,0.00634,0.00016,-0.000578,0.000718,0.735670,0.677339
825.634000,-1.59774,2.86089,2.17000,0.00153,0.00634,0.00016,-0.000578,0.000718,0.735670,0.677339
825.667000,-1.59774,2.86089,2.17000,0.00153,0.00634,0.00016,-0.000578,0.000718,0.735670,0.677339
825.700000,-1.59774,2.86089,2.17000,0.00153,0.00634,0.00016,-0.000578,0.000718,0.735670,0.677339
825.734000,-1.59774,2.86089,2.17000,0.00153,0.00634,0.00016,-0.000578,0.000718,0.735670,0.677339
825.768000,-1.59774,2.86089,2.18000,0.00107,0.00961,0.00806,-0.000346,0.000374,0.735756,0.677247
825.800000,-1.59774,2.86089,2.18000,0.00107,0.00961,0.00806,-0.000346,0.000374,0.735756,0.677247
825.834000,-1.59774,2.86089,2.18000,0.00107,0.00961,0.00806,-0.000346,0.000374,0.735756,0.677247
825.867000,-1.59774,2.86089,2.18000,0.00107,0.00961,0.00806,-0.000346,0.000374,0.735756,0.677247
825.900000,-1.59774,2.86089,2.18000,0.00107,0.00961,0.00806,-0.000346,0.000374,0.735756,0.677247
825.934000,-1.59774,2.86089,2.18000,0.00107,0.00961,0.00806,-0.000346,0.000374,0.735756,0.677247
825.967000,-1.59774,2.86089,2.18000,0.00107,0.00961,0.00806,-0.000346,0.000374,0.735756,0.677247
826.000000,-1.59774,2.86089,2.18000,0.00107,0.00961,0.00806,-0.000346,0.000374,0.735756,0.677247
826.035000,-1.59774,2.86089,2.18000,0.00622,0.01184,0.00373,0.000852,0.001704,0.735849,0.677143
826.067000,-1.59774,2.86089,2.18000,0.00622,0.01184,0.00373,0.000852,0.001704,0.735849,0.677143
826.100000,-1.59774,2.86089,2.18000,0.00622,0.01184,0.00373,0.000852,0.001704,0.735849,0.677143
826.134000,-1.59774,2.86089,2.18000,0.00622,0.01184,0.00373,0.000852,0.001704,0.735849,0.677143
826.167000,-1.59774,2.86089,2.18000,0.00622,0.01184,0.00373,0.000852,0.001704,0.735849,0.677143
826.200000,-1.59774,2.86089,2.18000,0.00622,0.01184,0.00373,0.000852,0.001704,0.735849,0.677143
826.234000,-1.59774,2.86089,2.18000,0.00622,0.01184,0.00373,0.000852,0.001704,0.735849,0.677143
826.268000,-1.59774,2.86089,2.18000,0.00622,0.01184,0.00373,-0.029570,0.024527,0.735670,0.676250
826.300000,-1.59774,2.86089,2.18000,-0.00080,0.07710,-0.00013,-0.029570,0.024527,0.735670,0.676250
826.334000,-1.59774,2.86089,2.18000,-0.00080,0.07710,-0.00013,-0.029570,0.024527,0.735670,0.676250
826.367000,-1.59774,2.86089,2.18000,-0.00080,0.07710,-0.00013,-0.029570,0.024527,0.735670,0.676250
826.400000,-1.59774,2.86089,2.18000,-0.00080,0.07710,-0.00013,-0.029570,0.024527,0.735670,0.676250
826.434000,-1.59774,2.86089,2.18000,-0.00080,0.07710,-0.00013,-0.029570,0.024527,0.735670,0.676250
826.467000,-1.59774,2.86089,2.18000,-0.00080,0.07710,-0.00013,-0.029570,0.024527,0.735670,0.676250
826.500000,-1.59774,2.86089,2.18000,-0.00080,0.07710,-0.00013,-0.029570,0.024527,0.735670,0.676250
826.535000,-1.59774,2.91655,2.18000,-0.03046,0.45540,-0.00823,-0.080940,0.077805,0.730147,0.674004
826.567000,-1.59774,2.91655,2.18000,-0.03046,0.45540,-0.00823,-0.080940,0.077805,0.730147,0.674004
826.600000,-1.59774,2.91655,2.18000,-0.03046,0.45540,-0.00823,-0.080940,0.077805,0.730147,0.674004
826.634000,-1.59774,2.91655,2.18000,-0.03046,0.45540,-0.00823,-0.080940,0.077805,0.730147,0.674004
826.667000,-1.59774,2.91655,2.18000,-0.03046,0.45540,-0.00823,-0.080940,0.077805,0.730147,0.674004
826.700000,-1.59774,2.91655,2.18000,-0.03046,0.45540,-0.00823,-0.080940,0.077805,0.730147,0.674004
826.734000,-1.59774,2.91655,2.18000,-0.03046,0.45540,-0.00823,-0.080940,0.077805,0.730147,0.674004
826.768000,-1.59774,2.91655,2.18000,-0.03046,0.45540,-0.00823,-0.079624,0.068444,0.729714,0.675643
826.800000,-1.60681,3.10580,2.18000,-0.08045,1.03877,-0.00324,-0.079624,0.068444,0.729714,0.675643
826.834000,-1.60681,3.10580,2.18000,-0.08045,1.03877,-0.00324,-0.079624,0.068444,0.729714,0.675643
826.867000,-1.60681,3.10580,2.18000,-0.08045,1.03877,-0.00324,-0.079624,0.068444,0.729714,0.675643
826.900000,-1.60681,3.10580,2.18000,-0.08045,1.03877,-0.00324,-0.079624,0.068444,0.729714,0.675643
826.934000,-1.60681,3.10580,2.18000,-0.08045,1.03877,-0.00324,-0.079624,0.068444,0.729714,0.675643
826.967000,-1.60681,3.10580,2.18000,-0.08045,1.03877,-0.00324,-0.079624,0.068444,0.729714,0.675643
827.001000,-1.60681,3.10580,2.18000,-0.08045,1.03877,-0.00324,-0.079624,0.068444,0.729714,0.675643
827.035000,-1.64313,3.43975,2.18000,-0.11420,1.42304,0.00007,-0.035829,0.036565,0.731822,0.679571
827.067000,-1.64313,3.43975,2.18000,-0.11420,1.42304,0.00007,-0.035829,0.036565,0.731822,0.679571
827.100000,-1.64313,3.43975,2.18000,-0.11420,1.42304,0.00007,-0.035829,0.036565,0.731822,0.679571
827.134000,-1.64313,3.43975,2.18000,-0.11420,1.42304,0.00007,-0.035829,0.036565,0.731822,0.679571
827.167000,-1.64313,3.43975,2.18000,-0.11420,1.42304,0.00007,-0.035829,0.036565,0.731822,0.679571
827.200000,-1.64313,3.43975,2.18000,-0.11420,1.42304,0.00007,-0.035829,0.036565,0.731822,0.679571
827.234000,-1.64313,3.43975,2.18000,-0.11420,1.42304,0.00007,-0.035829,0.036565,0.731822,0.679571
827.267000,-1.64313,3.43975,2.18000,-0.11420,1.42304,0.00007,0.010137,-0.012300,0.732232,0.680868
827.301000,-1.66128,3.79597,2.18000,-0.12010,1.52217,0.00327,0.010137,-0.012300,0.732232,0.680868
827.334000,-1.66128,3.79597,2.18000,-0.12010,1.52217,0.00327,0.010137,-0.012300,0.732232,0.680868
827.367000,-1.66128,3.79597,2.18000,-0.12010,1.52217,0.00327,0.010137,-0.012300,0.732232,0.680868
827.400000,-1.66128,3.79597,2.18000,-0.12010,1.52217,0.00327,0.010137,-0.012300,0.732232,0.680868
827.434000,-1.66128,3.79597,2.18000,-0.12010,1.52217,0.00327,0.010137,-0.012300,0.732232,0.680868
827.467000,-1.66128,3.79597,2.18000,-0.12010,1.52217,0.00327,0.010137,-0.012300,0.732232,0.680868
827.500000,-1.66128,3.79597,2.18000,-0.12010,1.52217,0.00327,0.010137,-0.012300,0.732232,0.680868
827.535000,-1.68852,4.15219,2.18000,-0.09798,1.23083,0.00794,0.076797,-0.066562,0.728477,0.677490
827.567000,-1.68852,4.15219,2.18000,-0.09798,1.23083,0.00794,0.076797,-0.066562,0.728477,0.677490
827.600000,-1.68852,4.15219,2.18000,-0.09798,1.23083,0.00794,0.076797,-0.066562,0.728477,0.677490
827.634000,-1.68852,4.15219,2.18000,-0.09798,1.23083,0.00794,0.076797,-0.066562,0.728477,0.677490
827.667000,-1.68852,4.15219,2.18000,-0.09798,1.23083,0.00794,0.076797,-0.066562,0.728477,0.677490
827.700000,-1.68852,4.15219,2.18000,-0.09798,1.23083,0.00794,0.076797,-0.066562,0.728477,0.677490
827.734000,-1.68852,4.15219,2.18000,-0.09798,1.23083,0.00794,0.076797,-0.066562,0.728477,0.677490
827.768000,-1.70667,4.38596,2.18000,-0.04872,0.62465,0.01145,0.088147,-0.083734,0.726528,0.676295
827.800000,-1.70667,4.38596,2.18000,-0.04872,0.62465,0.01145,0.088147,-0.083734,0.726528,0.676295
827.834000,-1.70667,4.38596,2.18000,-0.04872,0.62465,0.01145,0.088147,-0.083734,0.726528,0.676295
827.867000,-1.70667,4.38596,2.18000,-0.04872,0.62465,0.01145,0.088147,-0.083734,0.726528,0.676295
827.900000,-1.70667,4.38596,2.18000,-0.04872,0.62465,0.01145,0.088147,-0.083734,0.726528,0.676295
827.934000,-1.70667,4.38596,2.18000,-0.04872,0.62465,0.01145,0.088147,-0.083734,0.726528,0.676295
827.967000,-1.70667,4.38596,2.18000,-0.04872,0.62465,0.01145,0.088147,-0.083734,0.726528,0.676295
828.001000,-1.70667,4.38596,2.18000,-0.04872,0.62465,0.01145,0.088147,-0.083734,0.726528,0.676295
828.035000,-1.72483,4.47502,2.18000,-0.01571,0.13243,0.00859,0.054210,-0.049107,0.729844,0.679689
828.067000,-1.72483,4.47502,2.18000,-0.01571,0.13243,0.00859,0.054210,-0.049107,0.729844,0.679689
828.101000,-1.72483,4.47502,2.18000,-0.01571,0.13243,0.00859,0.054210,-0.049107,0.729844,0.679689
828.134000,-1.72483,4.47502,2.18000,-0.01571,0.13243,0.00859,0.054210,-0.049107,0.729844,0.679689
828.167000,-1.72483,4.47502,2.18000,-0.01571,0.13243,0.00859,0.054210,-0.049107,0.729844,0.679689
828.200000,-1.72483,4.47502,2.18000,-0.01571,0.13243,0.00859,0.054210,-0.049107,0.729844,0.679689
828.234000,-1.72483,4.47502,2.18000,-0.01571,0.13243,0.00859,0.054210,-0.049107,0.729844,0.679689
828.268000,-1.72483,4.47502,2.18000,-0.01571,0.13243,0.00859,0.022296,-0.018247,0.731451,0.681286
828.300000,-1.72483,4.47502,2.18000,0.01034,-0.10764,-0.00473,0.022296,-0.018247,0.731451,0.681286
828.334000,-1.72483,4.47502,2.18000,0.01034,-0.10764,-0.00473,0.022296,-0.018247,0.731451,0.681286
828.367000,-1.72483,4.47502,2.18000,0.01034,-0.10764,-0.00473,0.022296,-0.018247,0.731451,0.681286
828.400000,-1.72483,4.47502,2.18000,0.01034,-0.10764,-0.00473,0.022296,-0.018247,0.731451,0.681286
828.434000,-1.72483,4.47502,2.18000,0.01034,-0.10764,-0.00473,0.022296,-0.018247,0.731451,0.681286
828.467000,-1.72483,4.47502,2.18000,0.01034,-0.10764,-0.00473,0.022296,-0.018247,0.731451,0.681286
828.501000,-1.72483,4.47502,2.18000,0.01034,-0.10764,-0.00473,0.022296,-0.018247,0.731451,0.681286
828.535000,-1.72483,4.44162,2.18000,0.01769,-0.17947,-0.00796,0.002335,-0.002902,0.731464,0.681870
828.567000,-1.72483,4.44162,2.18000,0.01769,-0.17947,-0.00796,0.002335,-0.002902,0.731464,0.681870
828.600000,-1.72483,4.44162,2.18000,0.01769,-0.17947,-0.00796,0.002335,-0.002902,0.731464,0.681870
828.634000,-1.72483,4.44162,2.18000,0.01769,-0.17947,-0.00796,0.002335,-0.002902,0.731464,0.681870
828.667000,-1.72483,4.44162,2.18000,0.01769,-0.17947,-0.00796,0.002335,-0.002902,0.731464,0.681870
828.700000,-1.72483,4.44162,2.18000,0.01769,-0.17947,-0.00796,0.002335,-0.002902,0.731464,0.681870
828.734000,-1.72483,4.44162,2.18000,0.01769,-0.17947,-0.00796,0.002335,-0.002902,0.731464,0.681870
828.768000,-1.70667,4.39709,2.18000,0.01810,-0.16403,-0.00989,-0.005836,0.006917,0.731612,0.681661
828.800000,-1.70667,4.39709,2.18000,0.01810,-0.16403,-0.00989,-0.005836,0.006917,0.731612,0.681661
828.834000,-1.70667,4.39709,2.18000,0.01810,-0.16403,-0.00989,-0.005836,0.006917,0.731612,0.681661
828.867000,-1.70667,4.39709,2.18000,0.01810,-0.16403,-0.00989,-0.005836,0.006917,0.731612,0.681661
828.900000,-1.70667,4.39709,2.18000,0.01810,-0.16403,-0.00989,-0.005836,0.006917,0.731612,0.681661
828.934000,-1.70667,4.39709,2.18000,0.01810,-0.16403,-0.00989,-0.005836,0.006917,0.731612,0.681661
828.967000,-1.70667,4.39709,2.18000,0.01810,-0.16403,-0.00989,-0.005836,0.006917,0.731612,0.681661
829.000000,-1.70667,4.39709,2.18000,0.01810,-0.16403,-0.00989,-0.005836,0.006917,0.731612,0.681661
829.035000,-1.70667,4.37483,2.18000,0.00813,-0.10784,-0.00589,-0.011514,0.005968,0.731560,0.681654
829.067000,-1.70667,4.37483,2.18000,0.00813,-0.10784,-0.00589,-0.011514,0.005968,0.731560,0.681654
829.100000,-1.70667,4.37483,2.18000,0.00813,-0.10784,-0.00589,-0.011514,0.005968,0.731560,0.681654
829.134000,-1.70667,4.37483,2.18000,0.00813,-0.10784,-0.00589,-0.011514,0.005968,0.731560,0.681654
829.167000,-1.70667,4.37483,2.18000,0.00813,-0.10784,-0.00589,-0.011514,0.005968,0.731560,0.681654
829.200000,-1.70667,4.37483,2.18000,0.00813,-0.10784,-0.00589,-0.011514,0.005968,0.731560,0.681654
829.234000,-1.70667,4.37483,2.18000,0.00813,-0.10784,-0.00589,-0.011514,0.005968,0.731560,0.681654
829.268000,-1.70667,4.37483,2.18000,0.00813,-0.10784,-0.00589,-0.007583,0.010336,0.731615,0.681598
829.300000,-1.70667,4.35257,2.18000,0.00129,-0.04718,-0.00396,-0.007583,0.010336,0.731615,0.681598
829.334000,-1.70667,4.35257,2.18000,0.00129,-0.04718,-0.00396,-0.007583,0.010336,0.731615,0.681598
829.367000,-1.70667,4.35257,2.18000,0.00129,-0.04718,-0.00396,-0.007583,0.010336,0.731615,0.681598
829.400000,-1.70667,4.35257,2.18000,0.00129,-0.04718,-0.00396,-0.007583,0.010336,0.731615,0.681598
829.434000,-1.70667,4.35257,2.18000,0.00129,-0.04718,-0.00396,-0.007583,0.010336,0.731615,0.681598
829.467000,-1.70667,4.35257,2.18000,0.00129,-0.04718,-0.00396,-0.007583,0.010336,0.731615,0.681598
829.501000,-1.70667,4.35257,2.18000,0.00129,-0.04718,-0.00396,-0.007583,0.010336,0.731615,0.681598
829.535000,-1.70667,4.34143,2.18000,-0.00365,0.01181,0.00195,-0.010182,0.005199,0.731683,0.681550
829.567000,-1.70667,4.34143,2.18000,-0.00365,0.01181,0.00195,-0.010182,0.005199,0.731683,0.681550
829.600000,-1.70667,4.34143,2.18000,-0.00365,0.01181,0.00195,-0.010182,0.005199,0.731683,0.681550
829.634000,-1.70667,4.34143,2.18000,-0.00365,0.01181,0.00195,-0.010182,0.005199,0.731683,0.681550
829.667000,-1.70667,4.34143,2.18000,-0.00365,0.01181,0.00195,-0.010182,0.005199,0.731683,0.681550
829.700000,-1.70667,4.34143,2.18000,-0.00365,0.01181,0.00195,-0.010182,0.005199,0.731683,0.681550
829.734000,-1.70667,4.34143,2.18000,-0.00365,0.01181,0.00195,-0.010182,0.005199,0.731683,0.681550
829.768000,-1.70667,4.34143,2.18000,-0.00365,0.01181,0.00195,-0.003432,0.006592,0.731886,0.681387
829.801000,-1.70667,4.35257,2.18000,-0.00806,0.05652,-0.00315,-0.003432,0.006592,0.731886,0.681387
829.834000,-1.70667,4.35257,2.18000,-0.00806,0.05652,-0.00315,-0.003432,0.006592,0.731886,0.681387
829.867000,-1.70667,4.35257,2.18000,-0.00806,0.05652,-0.00315,-0.003432,0.006592,0.731886,0.681387
829.900000,-1.70667,4.35257,2.18000,-0.00806,0.05652,-0.00315,-0.003432,0.006592,0.731886,0.681387
829.934000,-1.70667,4.35257,2.18000,-0.00806,0.05652,-0.00315,-0.003432,0.006592,0.731886,0.681387
829.967000,-1.70667,4.35257,2.18000,-0.00806,0.05652,-0.00315,-0.003432,0.006592,0.731886,0.681387
830.000000,-1.70667,4.35257,2.18000,-0.00806,0.05652,-0.00315,-0.003432,0.006592,0.731886,0.681387
830.035000,-1.70667,4.37483,2.18000,-0.00827,0.08070,0.00172,-0.003797,0.001105,0.732048,0.681242
830.067000,-1.70667,4.37483,2.18000,-0.00827,0.08070,0.00172,-0.003797,0.001105,0.732048,0.681242
830.100000,-1.70667,4.37483,2.18000,-0.00827,0.08070,0.00172,-0.003797,0.001105,0.732048,0.681242
830.134000,-1.70667,4.37483,2.18000,-0.00827,0.08070,0.00172,-0.003797,0.001105,0.732048,0.681242
830.167000,-1.70667,4.37483,2.18000,-0.00827,0.08070,0.00172,-0.003797,0.001105,0.732048,0.681242
830.200000,-1.70667,4.37483,2.18000,-0.00827,0.08070,0.00172,-0.003797,0.001105,0.732048,0.681242
830.234000,-1.70667,4.37483,2.18000,-0.00827,0.08070,0.00172,-0.003797,0.001105,0.732048,0.681242
830.268000,-1.70667,4.37483,2.18000,-0.00827,0.08070,0.00172,0.001064,0.000472,0.731988,0.681316
830.300000,-1.70667,4.38596,2.18000,-0.01211,0.08846,0.00315,0.001064,0.000472,0.731988,0.681316
830.334000,-1.70667,4.38596,2.18000,-0.01211,0.08846,0.00315,0.001064,0.000472,0.731988,0.681316
830.367000,-1.70667,4.38596,2.18000,-0.01211,0.08846,0.00315,0.001064,0.000472,0.731988,0.681316
830.400000,-1.70667,4.38596,2.18000,-0.01211,0.08846,0.00315,0.001064,0.000472,0.731988,0.681316
830.434000,-1.70667,4.38596,2.18000,-0.01211,0.08846,0.00315,0.001064,0.000472,0.731988,0.681316
830.467000,-1.70667,4.38596,2.18000,-0.01211,0.08846,0.00315,0.001064,0.000472,0.731988,0.681316
830.500000,-1.70667,4.38596,2.18000,-0.01211,0.08846,0.00315,0.001064,0.000472,0.731988,0.681316
830.535000,-1.72483,4.39709,2.18000,-0.00957,0.08201,0.00090,0.001172,-0.001462,0.732125,0.681167
830.567000,-1.72483,4.39709,2.18000,-0.00957,0.08201,0.00090,0.001172,-0.001462,0.732125,0.681167
830.600000,-1.72483,4.39709,2.18000,-0.00957,0.08201,0.00090,0.001172,-0.001462,0.732125,0.681167
830.634000,-1.72483,4.39709,2.18000,-0.00957,0.08201,0.00090,0.001172,-0.001462,0.732125,0.681167
830.667000,-1.72483,4.39709,2.18000,-0.00957,0.08201,0.00090,0.001172,-0.001462,0.732125,0.681167
830.700000,-1.72483,4.39709,2.18000,-0.00957,0.08201,0.00090,0.001172,-0.001462,0.732125,0.681167
830.734000,-1.72483,4.39709,2.18000,-0.00957,0.08201,0.00090,0.001172,-0.001462,0.732125,0.681167
830.767000,-1.72483,4.39709,2.18000,-0.00957,0.08201,0.00090,0.002777,-0.001840,0.732115,0.681173
830.801000,-1.72483,4.41936,2.18000,-0.00785,0.06951,0.00345,0.002777,-0.001840,0.732115,0.681173
830.834000,-1.72483,4.41936,2.18000,-0.00785,0.06951,0.00345,0.002777,-0.001840,0.732115,0.681173
830.867000,-1.72483,4.41936,2.18000,-0.00785,0.06951,0.00345,0.002777,-0.001840,0.732115,0.681173
830.900000,-1.72483,4.41936,2.18000,-0.00785,0.06951,0.00345,0.002777,-0.001840,0.732115,0.681173
830.934000,-1.72483,4.41936,2.18000,-0.00785,0.06951,0.00345,0.002777,-0.001840,0.732115,0.681173
830.967000,-1.72483,4.41936,2.18000,-0.00785,0.06951,0.00345,0.002777,-0.001840,0.732115,0.681173
831.000000,-1.72483,4.41936,2.18000,-0.00785,0.06951,0.00345,0.002777,-0.001840,0.732115,0.681173
831.035000,-1.72483,4.44162,2.18000,0.00287,0.05037,0.00094,0.005565,-0.001308,0.732308,0.680950
831.067000,-1.72483,4.44162,2.18000,0.00287,0.05037,0.00094,0.005565,-0.001308,0.732308,0.680950
831.100000,-1.72483,4.44162,2.18000,0.00287,0.05037,0.00094,0.005565,-0.001308,0.732308,0.680950
831.134000,-1.72483,4.44162,2.18000,0.00287,0.05037,0.00094,0.005565,-0.001308,0.732308,0.680950
831.167000,-1.72483,4.44162,2.18000,0.00287,0.05037,0.00094,0.005565,-0.001308,0.732308,0.680950
831.200000,-1.72483,4.44162,2.18000,0.00287,0.05037,0.00094,0.005565,-0.001308,0.732308,0.680950
831.234000,-1.72483,4.44162,2.18000,0.00287,0.05037,0.00094,0.005565,-0.001308,0.732308,0.680950
831.267000,-1.72483,4.44162,2.18000,0.00287,0.05037,0.00094,0.001927,-0.005176,0.732125,0.681148
831.301000,-1.72483,4.45275,2.18000,0.00576,0.02533,-0.00242,0.001927,-0.005176,0.732125,0.681148
831.334000,-1.72483,4.45275,2.18000,0.00576,0.02533,-0.00242,0.001927,-0.005176,0.732125,0.681148
831.367000,-1.72483,4.45275,2.18000,0.00576,0.02533,-0.00242,0.001927,-0.005176,0.732125,0.681148
831.400000,-1.72483,4.45275,2.18000,0.00576,0.02533,-0.00242,0.001927,-0.005176,0.732125,0.681148
831.434000,-1.72483,4.45275,2.18000,0.00576,0.02533,-0.00242,0.001927,-0.005176,0.732125,0.681148
831.467000,-1.72483,4.45275,2.18000,0.00576,0.02533,-0.00242,0.001927,-0.005176,0.732125,0.681148
831.501000,-1.72483,4.45275,2.18000,0.00576,0.02533,-0.00242,0.001927,-0.005176,0.732125,0.681148
831.535000,-1.72483,4.45275,2.18000,0.00867,0.00610,-0.00237,0.004154,0.000072,0.732303,0.680966
831.567000,-1.72483,4.45275,2.18000,0.00867,0.00610,-0.00237,0.004154,0.000072,0.732303,0.680966
831.600000,-1.72483,4.45275,2.18000,0.00867,0.00610,-0.00237,0.004154,0.000072,0.732303,0.680966
831.634000,-1.72483,4.45275,2.18000,0.00867,0.00610,-0.00237,0.004154,0.000072,0.732303,0.680966
831.667000,-1.72483,4.45275,2.18000,0.00867,0.00610,-0.00237,0.004154,0.000072,0.732303,0.680966
831.700000,-1.72483,4.45275,2.18000,0.00867,0.00610,-0.00237,0.004154,0.000072,0.732303,0.680966
831.734000,-1.72483,4.45275,2.18000,0.00867,0.00610,-0.00237,0.004154,0.000072,0.732303,0.680966
831.768000,-1.72483,4.45275,2.18000,0.00946,-0.00488,0.00027,-0.000835,-0.003350,0.732266,0.681010
831.800000,-1.72483,4.45275,2.18000,0.00946,-0.00488,0.00027,-0.000835,-0.003350,0.732266,0.681010
831.834000,-1.72483,4.45275,2.18000,0.00946,-0.00488,0.00027,-0.000835,-0.003350,0.732266,0.681010
831.867000,-1.72483,4.45275,2.18000,0.00946,-0.00488,0.00027,-0.000835,-0.003350,0.732266,0.681010
831.900000,-1.72483,4.45275,2.18000,0.00946,-0.00488,0.00027,-0.000835,-0.003350,0.732266,0.681010
831.934000,-1.72483,4.45275,2.18000,0.00946,-0.00488,0.00027,-0.000835,-0.003350,0.732266,0.681010
831.967000,-1.72483,4.45275,2.18000,0.00946,-0.00488,0.00027,-0.000835,-0.003350,0.732266,0.681010
832.000000,-1.72483,4.45275,2.18000,0.00946,-0.00488,0.00027,-0.000835,-0.003350,0.732266,0.681010
832.035000,-1.72483,4.45275,2.18000,0.00965,-0.01146,-0.00068,0.002645,0.001275,0.732315,0.680960
832.067000,-1.72483,4.45275,2.18000,0.00965,-0.01146,-0.00068,0.002645,0.001275,0.732315,0.680960
832.100000,-1.72483,4.45275,2.18000,0.00965,-0.01146,-0.00068,0.002645,0.001275,0.732315,0.680960
832.134000,-1.72483,4.45275,2.18000,0.00965,-0.01146,-0.00068,0.002645,0.001275,0.732315,0.680960
832.167000,-1.72483,4.45275,2.18000,0.00965,-0.01146,-0.00068,0.002645,0.001275,0.732315,0.680960
832.200000,-1.72483,4.45275,2.18000,0.00965,-0.01146,-0.00068,0.002645,0.001275,0.732315,0.680960
832.234000,-1.72483,4.45275,2.18000,0.00965,-0.01146,-0.00068,0.002645,0.001275,0.732315,0.680960
832.268000,-1.72483,4.45275,2.18000,0.00965,-0.01146,-0.00068,-0.001187,-0.002385,0.732425,0.680842
832.300000,-1.72483,4.45275,2.18000,0.01234,-0.01573,-0.00019,-0.001187,-0.002385,0.732425,0.680842
832.334000,-1.72483,4.45275,2.18000,0.01234,-0.01573,-0.00019,-0.001187,-0.002385,0.732425,0.680842
832.367000,-1.72483,4.45275,2.18000,0.01234,-0.01573,-0.00019,-0.001187,-0.002385,0.732425,0.680842
832.401000,-1.72483,4.45275,2.18000,0.01234,-0.01573,-0.00019,-0.001187,-0.002385,0.732425,0.680842
832.434000,-1.72483,4.45275,2.18000,0.01234,-0.01573,-0.00019,-0.001187,-0.002385,0.732425,0.680842
832.467000,-1.72483,4.45275,2.18000,0.01234,-0.01573,-0.00019,-0.001187,-0.002385,0.732425,0.680842
832.500000,-1.72483,4.45275,2.18000,0.01234,-0.01573,-0.00019,-0.001187,-0.002385,0.732425,0.680842
832.535000,-1.70667,4.45275,2.18000,0.01017,-0.01870,-0.00012,0.001139,0.000700,0.732297,0.680984
832.567000,-1.70667,4.45275,2.18000,0.01017,-0.01870,-0.00012,0.001139,0.000700,0.732297,0.680984
832.600000,-1.70667,4.45275,2.18000,0.01017,-0.01870,-0.00012,0.001139,0.000700,0.732297,0.680984
832.634000,-1.70667,4.45275,2.18000,0.01017,-0.01870,-0.00012,0.001139,0.000700,0.732297,0.680984
832.667000,-1.70667,4.45275,2.18000,0.01017,-0.01870,-0.00012,0.001139,0.000700,0.732297,0.680984
832.700000,-1.70667,4.45275,2.18000,0.01017,-0.01870,-0.00012,0.001139,0.000700,0.732297,0.680984
832.734000,-1.70667,4.45275,2.18000,0.01017,-0.01870,-0.00012,0.001139,0.000700,0.732297,0.680984
832.768000,-1.70667,4.45275,2.18000,0.00623,-0.01982,0.00298,-0.001880,-0.002088,0.732497,0.680764
832.800000,-1.70667,4.45275,2.18000,0.00623,-0.01982,0.00298,-0.001880,-0.002088,0.732497,0.680764
832.834000,-1.70667,4.45275,2.18000,0.00623,-0.01982,0.00298,-0.001880,-0.002088,0.732497,0.680764
832.867000,-1.70667,4.45275,2.18000,0.00623,-0.01982,0.00298,-0.001880,-0.002088,0.732497,0.680764
832.900000,-1.70667,4.45275,2.18000,0.00623,-0.01982,0.00298,-0.001880,-0.002088,0.732497,0.680764
832.934000,-1.70667,4.45275,2.18000,0.00623,-0.01982,0.00298,-0.001880,-0.002088,0.732497,0.680764
832.967000,-1.70667,4.45275,2.18000,0.00623,-0.01982,0.00298,-0.001880,-0.002088,0.732497,0.680764
833.000000,-1.70667,4.45275,2.18000,0.00623,-0.01982,0.00298,-0.001880,-0.002088,0.732497,0.680764
833.035000,-1.70667,4.45275,2.18000,-0.00343,-0.02051,0.00417,-0.000546,-0.000557,0.732365,0.680911
833.067000,-1.70667,4.45275,2.18000,-0.00343,-0.02051,0.00417,-0.000546,-0.000557,0.732365,0.680911
833.100000,-1.70667,4.45275,2.18000,-0.00343,-0.02051,0.00417,-0.000546,-0.000557,0.732365,0.680911
833.134000,-1.70667,4.45275,2.18000,-0.00343,-0.02051,0.00417,-0.000546,-0.000557,0.732365,0.680911
833.167000,-1.70667,4.45275,2.18000,-0.00343,-0.02051,0.00417,-0.000546,-0.000557,0.732365,0.680911
833.200000,-1.70667,4.45275,2.18000,-0.00343,-0.02051,0.00417,-0.000546,-0.000557,0.732365,0.680911
833.234000,-1.70667,4.45275,2.18000,-0.00343,-0.02051,0.00417,-0.000546,-0.000557,0.732365,0.680911
833.267000,-1.70667,4.45275,2.18000,-0.00343,-0.02051,0.00417,-0.000041,0.000015,0.732516,0.680750
833.301000,-1.70667,4.44162,2.18000,-0.00452,-0.02046,0.00105,-0.000041,0.000015,0.732516,0.680750
833.334000,-1.70667,4.44162,2.18000,-0.00452,-0.02046,0.00105,-0.000041,0.000015,0.732516,0.680750
833.367000,-1.70667,4.44162,2.18000,-0.00452,-0.02046,0.00105,-0.000041,0.000015,0.732516,0.680750
833.400000,-1.70667,4.44162,2.18000,-0.00452,-0.02046,0.00105,-0.000041,0.000015,0.732516,0.680750
833.434000,-1.70667,4.44162,2.18000,-0.00452,-0.02046,0.00105,-0.000041,0.000015,0.732516,0.680750
833.467000,-1.70667,4.44162,2.18000,-0.00452,-0.02046,0.00105,-0.000041,0.000015,0.732516,0.680750
833.501000,-1.70667,4.44162,2.18000,-0.00452,-0.02046,0.00105,-0.000041,0.000015,0.732516,0.680750
833.535000,-1.70667,4.44162,2.18000,-0.00989,-0.01733,0.00019,-0.002390,-0.000827,0.732387,0.680884
833.567000,-1.70667,4.44162,2.18000,-0.00989,-0.01733,0.00019,-0.002390,-0.000827,0.732387,0.680884
833.600000,-1.70667,4.44162,2.18000,-0.00989,-0.01733,0.00019,-0.002390,-0.000827,0.732387,0.680884
833.634000,-1.70667,4.44162,2.18000,-0.00989,-0.01733,0.00019,-0.002390,-0.000827,0.732387,0.680884
833.667000,-1.70667,4.44162,2.18000,-0.00989,-0.01733,0.00019,-0.002390,-0.000827,0.732387,0.680884
833.700000,-1.70667,4.44162,2.18000,-0.00989,-0.01733,0.00019,-0.002390,-0.000827,0.732387,0.680884
833.734000,-1.70667,4.44162,2.18000,-0.00989,-0.01733,0.00019,-0.002390,-0.000827,0.732387,0.680884
833.768000,-1.70667,4.44162,2.18000,-0.00942,-0.01240,-0.00471,0.001069,0.002153,0.732621,0.680633
833.800000,-1.70667,4.44162,2.18000,-0.00942,-0.01240,-0.00471,0.001069,0.002153,0.732621,0.680633
833.834000,-1.70667,4.44162,2.18000,-0.00942,-0.01240,-0.00471,0.001069,0.002153,0.732621,0.680633
833.867000,-1.70667,4.44162,2.18000,-0.00942,-0.01240,-0.00471,0.001069,0.002153,0.732621,0.680633
833.900000,-1.70667,4.44162,2.18000,-0.00942,-0.01240,-0.00471,0.001069,0.002153,0.732621,0.680633
833.934000,-1.70667,4.44162,2.18000,-0.00942,-0.01240,-0.00471,0.001069,0.002153,0.732621,0.680633
833.967000,-1.70667,4.44162,2.18000,-0.00942,-0.01240,-0.00471,0.001069,0.002153,0.732621,0.680633
834.001000,-1.70667,4.44162,2.18000,-0.00942,-0.01240,-0.00471,0.001069,0.002153,0.732621,0.680633
834.035000,-1.70667,4.41936,2.18000,-0.01103,-0.00984,-0.00215,-0.002693,-0.001220,0.732449,0.680815
834.067000,-1.70667,4.41936,2.18000,-0.01103,-0.00984,-0.00215,-0.002693,-0.001220,0.732449,0.680815
834.100000,-1.70667,4.41936,2.18000,-0.01103,-0.00984,-0.00215,-0.002693,-0.001220,0.732449,0.680815
834.134000,-1.70667,4.41936,2.18000,-0.01103,-0.00984,-0.00215,-0.002693,-0.001220,0.732449,0.680815
834.167000,-1.70667,4.41936,2.18000,-0.01103,-0.00984,-0.00215,-0.002693,-0.001220,0.732449,0.680815
834.200000,-1.70667,4.41936,2.18000,-0.01103,-0.00984,-0.00215,-0.002693,-0.001220,0.732449,0.680815
834.234000,-1.70667,4.41936,2.18000,-0.01103,-0.00984,-0.00215,-0.002693,-0.001220,0.732449,0.680815
834.268000,-1.70667,4.41936,2.17000,-0.01110,0.00130,-0.00415,0.000171,0.003966,0.732583,0.680666
834.300000,-1.70667,4.41936,2.17000,-0.01110,0.00130,-0.00415,0.000171,0.003966,0.732583,0.680666
834.334000,-1.70667,4.41936,2.17000,-0.01110,0.00130,-0.00415,0.000171,0.003966,0.732583,0.680666
834.367000,-1.70667,4.41936,2.17000,-0.01110,0.00130,-0.00415,0.000171,0.003966,0.732583,0.680666
834.401000,-1.70667,4.41936,2.17000,-0.01110,0.00130,-0.00415,0.000171,0.003966,0.732583,0.680666
834.434000,-1.70667,4.41936,2.17000,-0.01110,0.00130,-0.00415,0.000171,0.003966,0.732583,0.680666
834.467000,-1.70667,4.41936,2.17000,-0.01110,0.00130,-0.00415,0.000171,0.003966,0.732583,0.680666
834.500000,-1.70667,4.41936,2.17000,-0.01110,0.00130,-0.00415,0.000171,0.003966,0.732583,0.680666
834.535000,-1.72483,4.41936,2.18000,-0.01045,0.00636,0.00103,0.002605,-0.005404,0.732643,0.680587
834.567000,-1.72483,4.41936,2.18000,-0.01045,0.00636,0.00103,0.002605,-0.005404,0.732643,0.680587
834.600000,-1.72483,4.41936,2.18000,-0.01045,0.00636,0.00103,0.002605,-0.005404,0.732643,0.680587
834.634000,-1.72483,4.41936,2.18000,-0.01045,0.00636,0.00103,0.002605,-0.005404,0.732643,0.680587
834.667000,-1.72483,4.41936,2.18000,-0.01045,0.00636,0.00103,0.002605,-0.005404,0.732643,0.680587
834.700000,-1.72483,4.41936,2.18000,-0.01045,0.00636,0.00103,0.002605,-0.005404,0.732643,0.680587
834.734000,-1.72483,4.41936,2.18000,-0.01045,0.00636,0.00103,0.002605,-0.005404,0.732643,0.680587
834.768000,-1.72483,4.40823,2.18000,0.00741,-0.15222,-0.00119,0.053198,-0.043859,0.730947,0.678943
834.800000,-1.72483,4.40823,2.18000,0.00741,-0.15222,-0.00119,0.053198,-0.043859,0.730947,0.678943
834.834000,-1.72483,4.40823,2.18000,0.00741,-0.15222,-0.00119,0.053198,-0.043859,0.730947,0.678943
834.867000,-1.72483,4.40823,2.18000,0.00741,-0.15222,-0.00119,0.053198,-0.043859,0.730947,0.678943
834.900000,-1.72483,4.40823,2.18000,0.00741,-0.15222,-0.00119,0.053198,-0.043859,0.730947,0.678943
834.934000,-1.72483,4.40823,2.18000,0.00741,-0.15222,-0.00119,0.053198,-0.043859,0.730947,0.678943
834.967000,-1.72483,4.40823,2.18000,0.00741,-0.15222,-0.00119,0.053198,-0.043859,0.730947,0.678943
835.000000,-1.72483,4.40823,2.18000,0.00741,-0.15222,-0.00119,0.053198,-0.043859,0.730947,0.678943
835.035000,-1.72483,4.31917,2.18000,0.05219,-0.66679,0.00043,0.090643,-0.082039,0.707172,0.696391
835.067000,-1.72483,4.31917,2.18000,0.05219,-0.66679,0.00043,0.090643,-0.082039,0.707172,0.696391
835.100000,-1.72483,4.31917,2.18000,0.05219,-0.66679,0.00043,0.090643,-0.082039,0.707172,0.696391
835.134000,-1.72483,4.31917,2.18000,0.05219,-0.66679,0.00043,0.090643,-0.082039,0.707172,0.696391
835.167000,-1.72483,4.31917,2.18000,0.05219,-0.66679,0.00043,0.090643,-0.082039,0.707172,0.696391
835.200000,-1.72483,4.31917,2.18000,0.05219,-0.66679,0.00043,0.090643,-0.082039,0.707172,0.696391
835.234000,-1.72483,4.31917,2.18000,0.05219,-0.66679,0.00043,0.090643,-0.082039,0.707172,0.696391
835.267000,-1.72483,4.31917,2.18000,0.05219,-0.66679,0.00043,0.058944,-0.060639,0.627291,0.774180
835.301000,-1.69759,4.07427,2.18000,0.05321,-1.20459,0.00767,0.058944,-0.060639,0.627291,0.774180
835.334000,-1.69759,4.07427,2.18000,0.05321,-1.20459,0.00767,0.058944,-0.060639,0.627291,0.774180
835.367000,-1.69759,4.07427,2.18000,0.05321,-1.20459,0.00767,0.058944,-0.060639,0.627291,0.774180
835.401000,-1.69759,4.07427,2.18000,0.05321,-1.20459,0.00767,0.058944,-0.060639,0.627291,0.774180
835.434000,-1.69759,4.07427,2.18000,0.05321,-1.20459,0.00767,0.058944,-0.060639,0.627291,0.774180
835.467000,-1.69759,4.07427,2.18000,0.05321,-1.20459,0.00767,0.058944,-0.060639,0.627291,0.774180
835.501000,-1.69759,4.07427,2.18000,0.05321,-1.20459,0.00767,0.058944,-0.060639,0.627291,0.774180
835.535000,-1.69759,3.74031,2.18000,-0.07253,-1.47111,0.00446,0.000024,-0.044976,0.524711,0.850091
835.567000,-1.69759,3.74031,2.18000,-0.07253,-1.47111,0.00446,0.000024,-0.044976,0.524711,0.850091
835.600000,-1.69759,3.74031,2.18000,-0.07253,-1.47111,0.00446,0.000024,-0.044976,0.524711,0.850091
835.634000,-1.69759,3.74031,2.18000,-0.07253,-1.47111,0.00446,0.000024,-0.044976,0.524711,0.850091
835.667000,-1.69759,3.74031,2.18000,-0.07253,-1.47111,0.00446,0.000024,-0.044976,0.524711,0.850091
835.700000,-1.69759,3.74031,2.18000,-0.07253,-1.47111,0.00446,0.000024,-0.044976,0.524711,0.850091
835.734000,-1.69759,3.74031,2.18000,-0.07253,-1.47111,0.00446,0.000024,-0.044976,0.524711,0.850091
835.768000,-1.73391,3.37296,2.18000,-0.23929,-1.40904,0.00685,-0.054854,0.000037,0.407176,0.911701
835.800000,-1.73391,3.37296,2.18000,-0.23929,-1.40904,0.00685,-0.054854,0.000037,0.407176,0.911701
835.834000,-1.73391,3.37296,2.18000,-0.23929,-1.40904,0.00685,-0.054854,0.000037,0.407176,0.911701
835.867000,-1.73391,3.37296,2.18000,-0.23929,-1.40904,0.00685,-0.054854,0.000037,0.407176,0.911701
835.900000,-1.73391,3.37296,2.18000,-0.23929,-1.40904,0.00685,-0.054854,0.000037,0.407176,0.911701
835.934000,-1.73391,3.37296,2.18000,-0.23929,-1.40904,0.00685,-0.054854,0.000037,0.407176,0.911701
835.967000,-1.73391,3.37296,2.18000,-0.23929,-1.40904,0.00685,-0.054854,0.000037,0.407176,0.911701
836.000000,-1.73391,3.37296,2.18000,-0.23929,-1.40904,0.00685,-0.054854,0.000037,0.407176,0.911701
836.035000,-1.79745,3.06127,2.18000,-0.25858,-0.97150,0.00921,-0.107272,0.047428,0.278881,0.953136
836.067000,-1.79745,3.06127,2.18000,-0.25858,-0.97150,0.00921,-0.107272,0.047428,0.278881,0.953136
836.101000,-1.79745,3.06127,2.18000,-0.25858,-0.97150,0.00921,-0.107272,0.047428,0.278881,0.953136
836.134000,-1.79745,3.06127,2.18000,-0.25858,-0.97150,0.00921,-0.107272,0.047428,0.278881,0.953136
836.167000,-1.79745,3.06127,2.18000,-0.25858,-0.97150,0.00921,-0.107272,0.047428,0.278881,0.953136
836.200000,-1.79745,3.06127,2.18000,-0.25858,-0.97150,0.00921,-0.107272,0.047428,0.278881,0.953136
836.234000,-1.79745,3.06127,2.18000,-0.25858,-0.97150,0.00921,-0.107272,0.047428,0.278881,0.953136
836.267000,-1.79745,3.06127,2.18000,-0.25858,-0.97150,0.00921,-0.094113,0.039569,0.156094,0.982452
836.301000,-1.86100,2.89429,2.18000,-0.14020,-0.40103,0.00968,-0.094113,0.039569,0.156094,0.982452
836.334000,-1.86100,2.89429,2.18000,-0.14020,-0.40103,0.00968,-0.094113,0.039569,0.156094,0.982452
836.368000,-1.86100,2.89429,2.18000,-0.14020,-0.40103,0.00968,-0.094113,0.039569,0.156094,0.982452
836.401000,-1.86100,2.89429,2.18000,-0.14020,-0.40103,0.00968,-0.094113,0.039569,0.156094,0.982452
836.434000,-1.86100,2.89429,2.18000,-0.14020,-0.40103,0.00968,-0.094113,0.039569,0.156094,0.982452
836.467000,-1.86100,2.89429,2.18000,-0.14020,-0.40103,0.00968,-0.094113,0.039569,0.156094,0.982452
836.500000,-1.86100,2.89429,2.18000,-0.14020,-0.40103,0.00968,-0.094113,0.039569,0.156094,0.982452
836.535000,-1.87008,2.84976,2.18000,-0.04670,-0.03346,0.00216,-0.048960,0.018551,0.112850,0.992232
836.567000,-1.87008,2.84976,2.18000,-0.04670,-0.03346,0.00216,-0.048960,0.018551,0.112850,0.992232
836.600000,-1.87008,2.84976,2.18000,-0.04670,-0.03346,0.00216,-0.048960,0.018551,0.112850,0.992232
836.634000,-1.87008,2.84976,2.18000,-0.04670,-0.03346,0.00216,-0.048960,0.018551,0.112850,0.992232
836.667000,-1.87008,2.84976,2.18000,-0.04670,-0.03346,0.00216,-0.048960,0.018551,0.112850,0.992232
836.700000,-1.87008,2.84976,2.18000,-0.04670,-0.03346,0.00216,-0.048960,0.018551,0.112850,0.992232
836.734000,-1.87008,2.84976,2.18000,-0.04670,-0.03346,0.00216,-0.048960,0.018551,0.112850,0.992232
836.768000,-1.87916,2.86089,2.18000,-0.00799,0.13314,-0.01008,-0.019618,0.006002,0.098810,0.994895
836.800000,-1.87916,2.86089,2.18000,-0.00799,0.13314,-0.01008,-0.019618,0.006002,0.098810,0.994895
836.834000,-1.87916,2.86089,2.18000,-0.00799,0.13314,-0.01008,-0.019618,0.006002,0.098810,0.994895
836.867000,-1.87916,2.86089,2.18000,-0.00799,0.13314,-0.01008,-0.019618,0.006002,0.098810,0.994895
836.900000,-1.87916,2.86089,2.18000,-0.00799,0.13314,-0.01008,-0.019618,0.006002,0.098810,0.994895
836.934000,-1.87916,2.86089,2.18000,-0.00799,0.13314,-0.01008,-0.019618,0.006002,0.098810,0.994895
836.967000,-1.87916,2.86089,2.18000,-0.00799,0.13314,-0.01008,-0.019618,0.006002,0.098810,0.994895
837.000000,-1.87916,2.86089,2.18000,-0.00799,0.13314,-0.01008,-0.019618,0.006002,0.098810,0.994895
837.035000,-1.87916,2.89429,2.18000,0.00609,0.16762,-0.01033,0.004276,0.001568,0.093761,0.995584
837.067000,-1.87916,2.89429,2.18000,0.00609,0.16762,-0.01033,0.004276,0.001568,0.093761,0.995584
837.100000,-1.87916,2.89429,2.18000,0.00609,0.16762,-0.01033,0.004276,0.001568,0.093761,0.995584
837.134000,-1.87916,2.89429,2.18000,0.00609,0.16762,-0.01033,0.004276,0.001568,0.093761,0.995584
837.167000,-1.87916,2.89429,2.18000,0.00609,0.16762,-0.01033,0.004276,0.001568,0.093761,0.995584
837.200000,-1.87916,2.89429,2.18000,0.00609,0.16762,-0.01033,0.004276,0.001568,0.093761,0.995584
837.234000,-1.87916,2.89429,2.18000,0.00609,0.16762,-0.01033,0.004276,0.001568,0.093761,0.995584
837.268000,-1.87916,2.92769,2.18000,0.00840,0.13808,-0.00460,0.007042,-0.001317,0.091881,0.995744
837.300000,-1.87916,2.92769,2.18000,0.00840,0.13808,-0.00460,0.007042,-0.001317,0.091881,0.995744
837.334000,-1.87916,2.92769,2.18000,0.00840,0.13808,-0.00460,0.007042,-0.001317,0.091881,0.995744
837.367000,-1.87916,2.92769,2.18000,0.00840,0.13808,-0.00460,0.007042,-0.001317,0.091881,0.995744
837.400000,-1.87916,2.92769,2.18000,0.00840,0.13808,-0.00460,0.007042,-0.001317,0.091881,0.995744
837.434000,-1.87916,2.92769,2.18000,0.00840,0.13808,-0.00460,0.007042,-0.001317,0.091881,0.995744
837.467000,-1.87916,2.92769,2.18000,0.00840,0.13808,-0.00460,0.007042,-0.001317,0.091881,0.995744
837.500000,-1.87916,2.92769,2.18000,0.00840,0.13808,-0.00460,0.007042,-0.001317,0.091881,0.995744
837.535000,-1.87916,2.96108,2.18000,0.00614,0.07947,-0.00505,0.016300,-0.001600,0.091584,0.995663
837.567000,-1.87916,2.96108,2.18000,0.00614,0.07947,-0.00505,0.016300,-0.001600,0.091584,0.995663
837.600000,-1.87916,2.96108,2.18000,0.00614,0.07947,-0.00505,0.016300,-0.001600,0.091584,0.995663
837.634000,-1.87916,2.96108,2.18000,0.00614,0.07947,-0.00505,0.016300,-0.001600,0.091584,0.995663
837.667000,-1.87916,2.96108,2.18000,0.00614,0.07947,-0.00505,0.016300,-0.001600,0.091584,0.995663
837.700000,-1.87916,2.96108,2.18000,0.00614,0.07947,-0.00505,0.016300,-0.001600,0.091584,0.995663
837.734000,-1.87916,2.96108,2.18000,0.00614,0.07947,-0.00505,0.016300,-0.001600,0.091584,0.995663
837.768000,-1.87916,2.97221,2.18000,0.00239,0.01581,-0.00227,0.008651,-0.002108,0.091853,0.995733
837.800000,-1.87916,2.97221,2.18000,0.00239,0.01581,-0.00227,0.008651,-0.002108,0.091853,0.995733
837.834000,-1.87916,2.97221,2.18000,0.00239,0.01581,-0.00227,0.008651,-0.002108,0.091853,0.995733
837.867000,-1.87916,2.97221,2.18000,0.00239,0.01581,-0.00227,0.008651,-0.002108,0.091853,0.995733
837.900000,-1.87916,2.97221,2.18000,0.00239,0.01581,-0.00227,0.008651,-0.002108,0.091853,0.995733
837.934000,-1.87916,2.97221,2.18000,0.00239,0.01581,-0.00227,0.008651,-0.002108,0.091853,0.995733
837.967000,-1.87916,2.97221,2.18000,0.00239,0.01581,-0.00227,0.008651,-0.002108,0.091853,0.995733
838.000000,-1.87916,2.97221,2.18000,0.00239,0.01581,-0.00227,0.008651,-0.002108,0.091853,0.995733
838.035000,-1.87916,2.97221,2.18000,-0.00201,-0.03129,-0.00364,0.010746,-0.001320,0.092032,0.995697
838.067000,-1.87916,2.97221,2.18000,-0.00201,-0.03129,-0.00364,0.010746,-0.001320,0.092032,0.995697
838.100000,-1.87916,2.97221,2.18000,-0.00201,-0.03129,-0.00364,0.010746,-0.001320,0.092032,0.995697
838.134000,-1.87916,2.97221,2.18000,-0.00201,-0.03129,-0.00364,0.010746,-0.001320,0.092032,0.995697
838.167000,-1.87916,2.97221,2.18000,-0.00201,-0.03129,-0.00364,0.010746,-0.001320,0.092032,0.995697
838.200000,-1.87916,2.97221,2.18000,-0.00201,-0.03129,-0.00364,0.010746,-0.001320,0.092032,0.995697
838.234000,-1.87916,2.97221,2.18000,-0.00201,-0.03129,-0.00364,0.010746,-0.001320,0.092032,0.995697
838.268000,-1.87916,2.97221,2.18000,-0.00201,-0.03129,-0.00364,0.003485,-0.001423,0.092847,0.995673
838.300000,-1.87916,2.96108,2.18000,-0.00527,-0.06709,0.00028,0.003485,-0.001423,0.092847,0.995673
838.334000,-1.87916,2.96108,2.18000,-0.00527,-0.06709,0.00028,0.003485,-0.001423,0.092847,0.995673
838.367000,-1.87916,2.96108,2.18000,-0.00527,-0.06709,0.00028,0.003485,-0.001423,0.092847,0.995673
838.400000,-1.87916,2.96108,2.18000,-0.00527,-0.06709,0.00028,0.003485,-0.001423,0.092847,0.995673
838.434000,-1.87916,2.96108,2.18000,-0.00527,-0.06709,0.00028,0.003485,-0.001423,0.092847,0.995673
838.467000,-1.87916,2.96108,2.18000,-0.00527,-0.06709,0.00028,0.003485,-0.001423,0.092847,0.995673
838.500000,-1.87916,2.96108,2.18000,-0.00527,-0.06709,0.00028,0.003485,-0.001423,0.092847,0.995673
838.535000,-1.87916,2.96108,2.18000,-0.00895,-0.08189,0.00390,0.003680,-0.000525,0.093189,0.995642
838.567000,-1.87916,2.96108,2.18000,-0.00895,-0.08189,0.00390,0.003680,-0.000525,0.093189,0.995642
838.600000,-1.87916,2.96108,2.18000,-0.00895,-0.08189,0.00390,0.003680,-0.000525,0.093189,0.995642
838.634000,-1.87916,2.96108,2.18000,-0.00895,-0.08189,0.00390,0.003680,-0.000525,0.093189,0.995642
838.667000,-1.87916,2.96108,2.18000,-0.00895,-0.08189,0.00390,0.003680,-0.000525,0.093189,0.995642
838.700000,-1.87916,2.96108,2.18000,-0.00895,-0.08189,0.00390,0.003680,-0.000525,0.093189,0.995642
838.734000,-1.87916,2.96108,2.18000,-0.00895,-0.08189,0.00390,0.003680,-0.000525,0.093189,0.995642
838.768000,-1.87916,2.92769,2.18000,-0.01047,-0.08792,0.00279,-0.002928,-0.000369,0.094089,0.995559
838.800000,-1.87916,2.92769,2.18000,-0.01047,-0.08792,0.00279,-0.002928,-0.000369,0.094089,0.995559
838.834000,-1.87916,2.92769,2.18000,-0.01047,-0.08792,0.00279,-0.002928,-0.000369,0.094089,0.995559
838.867000,-1.87916,2.92769,2.18000,-0.01047,-0.08792,0.00279,-0.002928,-0.000369,0.094089,0.995559
838.900000,-1.87916,2.92769,2.18000,-0.01047,-0.08792,0.00279,-0.002928,-0.000369,0.094089,0.995559
838.934000,-1.87916,2.92769,2.18000,-0.01047,-0.08792,0.00279,-0.002928,-0.000369,0.094089,0.995559
838.967000,-1.87916,2.92769,2.18000,-0.01047,-0.08792,0.00279,-0.002928,-0.000369,0.094089,0.995559
839.001000,-1.87916,2.92769,2.18000,-0.01047,-0.08792,0.00279,-0.002928,-0.000369,0.094089,0.995559
839.035000,-1.87916,2.90542,2.18000,-0.01269,-0.07028,0.00211,-0.003230,0.000246,0.094472,0.995522
839.067000,-1.87916,2.90542,2.18000,-0.01269,-0.07028,0.00211,-0.003230,0.000246,0.094472,0.995522
839.100000,-1.87916,2.90542,2.18000,-0.01269,-0.07028,0.00211,-0.003230,0.000246,0.094472,0.995522
839.134000,-1.87916,2.90542,2.18000,-0.01269,-0.07028,0.00211,-0.003230,0.000246,0.094472,0.995522
839.167000,-1.87916,2.90542,2.18000,-0.01269,-0.07028,0.00211,-0.003230,0.000246,0.094472,0.995522
839.200000,-1.87916,2.90542,2.18000,-0.01269,-0.07028,0.00211,-0.003230,0.000246,0.094472,0.995522
839.234000,-1.87916,2.90542,2.18000,-0.01269,-0.07028,0.00211,-0.003230,0.000246,0.094472,0.995522
839.268000,-1.87916,2.90542,2.18000,-0.01269,-0.07028,0.00211,-0.004035,0.000262,0.095353,0.995435
839.301000,-1.87916,2.89429,2.18000,-0.01309,-0.05256,0.00176,-0.004035,0.000262,0.095353,0.995435
839.334000,-1.87916,2.89429,2.18000,-0.01309,-0.05256,0.00176,-0.004035,0.000262,0.095353,0.995435
839.367000,-1.87916,2.89429,2.18000,-0.01309,-0.05256,0.00176,-0.004035,0.000262,0.095353,0.995435
839.400000,-1.87916,2.89429,2.18000,-0.01309,-0.05256,0.00176,-0.004035,0.000262,0.095353,0.995435
839.434000,-1.87916,2.89429,2.18000,-0.01309,-0.05256,0.00176,-0.004035,0.000262,0.095353,0.995435
839.467000,-1.87916,2.89429,2.18000,-0.01309,-0.05256,0.00176,-0.004035,0.000262,0.095353,0.995435
839.500000,-1.87916,2.89429,2.18000,-0.01309,-0.05256,0.00176,-0.004035,0.000262,0.095353,0.995435
839.535000,-1.89731,2.89429,2.18000,-0.01386,-0.03096,-0.00335,-0.004490,0.000981,0.095548,0.995414
839.567000,-1.89731,2.89429,2.18000,-0.01386,-0.03096,-0.00335,-0.004490,0.000981,0.095548,0.995414
839.600000,-1.89731,2.89429,2.18000,-0.01386,-0.03096,-0.00335,-0.004490,0.000981,0.095548,0.995414
839.634000,-1.89731,2.89429,2.18000,-0.01386,-0.03096,-0.00335,-0.004490,0.000981,0.095548,0.995414
839.667000,-1.89731,2.89429,2.18000,-0.01386,-0.03096,-0.00335,-0.004490,0.000981,0.095548,0.995414
839.700000,-1.89731,2.89429,2.18000,-0.01386,-0.03096,-0.00335,-0.004490,0.000981,0.095548,0.995414
839.734000,-1.89731,2.89429,2.18000,-0.01386,-0.03096,-0.00335,-0.004490,0.000981,0.095548,0.995414
839.768000,-1.89731,2.88316,2.18000,-0.00560,-0.01900,-0.00259,-0.000648,0.002238,0.096310,0.995349
839.800000,-1.89731,2.88316,2.18000,-0.00560,-0.01900,-0.00259,-0.000648,0.002238,0.096310,0.995349
839.834000,-1.89731,2.88316,2.18000,-0.00560,-0.01900,-0.00259,-0.000648,0.002238,0.096310,0.995349
839.867000,-1.89731,2.88316,2.18000,-0.00560,-0.01900,-0.00259,-0.000648,0.002238,0.096310,0.995349
839.900000,-1.89731,2.88316,2.18000,-0.00560,-0.01900,-0.00259,-0.000648,0.002238,0.096310,0.995349
839.934000,-1.89731,2.88316,2.18000,-0.00560,-0.01900,-0.00259,-0.000648,0.002238,0.096310,0.995349
839.967000,-1.89731,2.88316,2.18000,-0.00560,-0.01900,-0.00259,-0.000648,0.002238,0.096310,0.995349
840.000000,-1.89731,2.88316,2.18000,-0.00560,-0.01900,-0.00259,-0.000648,0.002238,0.096310,0.995349
840.035000,-1.89731,2.88316,2.17000,0.00097,-0.00516,-0.00157,-0.004722,0.000913,0.096633,0.995308
840.067000,-1.89731,2.88316,2.17000,0.00097,-0.00516,-0.00157,-0.004722,0.000913,0.096633,0.995308
840.100000,-1.89731,2.88316,2.17000,0.00097,-0.00516,-0.00157,-0.004722,0.000913,0.096633,0.995308
840.134000,-1.89731,2.88316,2.17000,0.00097,-0.00516,-0.00157,-0.004722,0.000913,0.096633,0.995308
840.167000,-1.89731,2.88316,2.17000,0.00097,-0.00516,-0.00157,-0.004722,0.000913,0.096633,0.995308
840.200000,-1.89731,2.88316,2.17000,0.00097,-0.00516,-0.00157,-0.004722,0.000913,0.096633,0.995308
840.234000,-1.89731,2.88316,2.17000,0.00097,-0.00516,-0.00157,-0.004722,0.000913,0.096633,0.995308
840.268000,-1.89731,2.88316,2.17000,0.00097,-0.00516,-0.00157,0.001787,0.000914,0.097177,0.995265
840.301000,-1.89731,2.88316,2.18000,0.00453,0.00232,0.00075,0.001787,0.000914,0.097177,0.995265
840.334000,-1.89731,2.88316,2.18000,0.00453,0.00232,0.00075,0.001787,0.000914,0.097177,0.995265
840.367000,-1.89731,2.88316,2.18000,0.00453,0.00232,0.00075,0.001787,0.000914,0.097177,0.995265
840.400000,-1.89731,2.88316,2.18000,0.00453,0.00232,0.00075,0.001787,0.000914,0.097177,0.995265
840.435000,-1.89731,2.88316,2.18000,0.00453,0.00232,0.00075,0.001787,0.000914,0.097177,0.995265
840.467000,-1.89731,2.88316,2.18000,0.00453,0.00232,0.00075,0.001787,0.000914,0.097177,0.995265
840.500000,-1.89731,2.88316,2.18000,0.00453,0.00232,0.00075,0.001787,0.000914,0.097177,0.995265
840.535000,-1.89731,2.88316,2.18000,0.00659,0.00552,-0.00382,-0.003056,0.000106,0.097703,0.995211
840.568000,-1.89731,2.88316,2.18000,0.00659,0.00552,-0.00382,-0.003056,0.000106,0.097703,0.995211
840.600000,-1.89731,2.88316,2.18000,0.00659,0.00552,-0.00382,-0.003056,0.000106,0.097703,0.995211
840.634000,-1.89731,2.88316,2.18000,0.00659,0.00552,-0.00382,-0.003056,0.000106,0.097703,0.995211
840.667000,-1.89731,2.88316,2.18000,0.00659,0.00552,-0.00382,-0.003056,0.000106,0.097703,0.995211
840.700000,-1.89731,2.88316,2.18000,0.00659,0.00552,-0.00382,-0.003056,0.000106,0.097703,0.995211
840.734000,-1.89731,2.88316,2.18000,0.00659,0.00552,-0.00382,-0.003056,0.000106,0.097703,0.995211
840.768000,-1.89731,2.88316,2.18000,0.00713,0.00981,-0.00009,0.002178,0.000420,0.098077,0.995176
840.800000,-1.89731,2.88316,2.18000,0.00713,0.00981,-0.00009,0.002178,0.000420,0.098077,0.995176
840.834000,-1.89731,2.88316,2.18000,0.00713,0.00981,-0.00009,0.002178,0.000420,0.098077,0.995176
840.867000,-1.89731,2.88316,2.18000,0.00713,0.00981,-0.00009,0.002178,0.000420,0.098077,0.995176
840.900000,-1.89731,2.88316,2.18000,0.00713,0.00981,-0.00009,0.002178,0.000420,0.098077,0.995176
840.934000,-1.89731,2.88316,2.18000,0.00713,0.00981,-0.00009,0.002178,0.000420,0.098077,0.995176
840.967000,-1.89731,2.88316,2.18000,0.00713,0.00981,-0.00009,0.002178,0.000420,0.098077,0.995176
841.000000,-1.89731,2.88316,2.18000,0.00713,0.00981,-0.00009,0.002178,0.000420,0.098077,0.995176
841.035000,-1.89731,2.88316,2.18000,0.00797,0.00958,0.00456,-0.002347,-0.000112,0.098472,0.995137
841.067000,-1.89731,2.88316,2.18000,0.00797,0.00958,0.00456,-0.002347,-0.000112,0.098472,0.995137
841.100000,-1.89731,2.88316,2.18000,0.00797,0.00958,0.00456,-0.002347,-0.000112,0.098472,0.995137
841.134000,-1.89731,2.88316,2.18000,0.00797,0.00958,0.00456,-0.002347,-0.000112,0.098472,0.995137
841.167000,-1.89731,2.88316,2.18000,0.00797,0.00958,0.00456,-0.002347,-0.000112,0.098472,0.995137
841.201000,-1.89731,2.88316,2.18000,0.00797,0.00958,0.00456,-0.002347,-0.000112,0.098472,0.995137
841.234000,-1.89731,2.88316,2.18000,0.00797,0.00958,0.00456,-0.002347,-0.000112,0.098472,0.995137
841.268000,-1.89731,2.88316,2.18000,0.00797,0.00958,0.00456,0.001283,0.000295,0.098753,0.995111
841.300000,-1.89731,2.88316,2.18000,0.00815,0.01265,0.00199,0.001283,0.000295,0.098753,0.995111
841.334000,-1.89731,2.88316,2.18000,0.00815,0.01265,0.00199,0.001283,0.000295,0.098753,0.995111
841.367000,-1.89731,2.88316,2.18000,0.00815,0.01265,0.00199,0.001283,0.000295,0.098753,0.995111
841.400000,-1.89731,2.88316,2.18000,0.00815,0.01265,0.00199,0.001283,0.000295,0.098753,0.995111
841.434000,-1.89731,2.88316,2.18000,0.00815,0.01265,0.00199,0.001283,0.000295,0.098753,0.995111
841.467000,-1.89731,2.88316,2.18000,0.00815,0.01265,0.00199,0.001283,0.000295,0.098753,0.995111
841.500000,-1.89731,2.88316,2.18000,0.00815,0.01265,0.00199,0.001283,0.000295,0.098753,0.995111
841.535000,-1.89731,2.88316,2.18000,0.00906,0.00999,0.00263,-0.000748,-0.000038,0.099272,0.995060
841.567000,-1.89731,2.88316,2.18000,0.00906,0.00999,0.00263,-0.000748,-0.000038,0.099272,0.995060
841.600000,-1.89731,2.88316,2.18000,0.00906,0.00999,0.00263,-0.000748,-0.000038,0.099272,0.995060
841.634000,-1.89731,2.88316,2.18000,0.00906,0.00999,0.00263,-0.000748,-0.000038,0.099272,0.995060
841.667000,-1.89731,2.88316,2.18000,0.00906,0.00999,0.00263,-0.000748,-0.000038,0.099272,0.995060
841.700000,-1.89731,2.88316,2.18000,0.00906,0.00999,0.00263,-0.000748,-0.000038,0.099272,0.995060
841.734000,-1.89731,2.88316,2.18000,0.00906,0.00999,0.00263,-0.000748,-0.000038,0.099272,0.995060
841.768000,-1.89731,2.88316,2.18000,0.00848,0.01276,0.00212,-0.000311,0.000022,0.099361,0.995051
841.800000,-1.89731,2.88316,2.18000,0.00848,0.01276,0.00212,-0.000311,0.000022,0.099361,0.995051
841.834000,-1.89731,2.88316,2.18000,0.00848,0.01276,0.00212,-0.000311,0.000022,0.099361,0.995051
841.867000,-1.89731,2.88316,2.18000,0.00848,0.01276,0.00212,-0.000311,0.000022,0.099361,0.995051
841.900000,-1.89731,2.88316,2.18000,0.00848,0.01276,0.00212,-0.000311,0.000022,0.099361,0.995051
841.934000,-1.89731,2.88316,2.18000,0.00848,0.01276,0.00212,-0.000311,0.000022,0.099361,0.995051
841.967000,-1.89731,2.88316,2.18000,0.00848,0.01276,0.00212,-0.000311,0.000022,0.099361,0.995051
842.001000,-1.89731,2.88316,2.18000,0.00848,0.01276,0.00212,-0.000311,0.000022,0.099361,0.995051
842.035000,-1.87916,2.88316,2.17000,0.00923,0.00939,-0.00006,0.001440,-0.000123,0.099846,0.995002
842.068000,-1.87916,2.88316,2.17000,0.00923,0.00939,-0.00006,0.001440,-0.000123,0.099846,0.995002
842.100000,-1.87916,2.88316,2.17000,0.00923,0.00939,-0.00006,0.001440,-0.000123,0.099846,0.995002
842.134000,-1.87916,2.88316,2.17000,0.00923,0.00939,-0.00006,0.001440,-0.000123,0.099846,0.995002
842.167000,-1.87916,2.88316,2.17000,0.00923,0.00939,-0.00006,0.001440,-0.000123,0.099846,0.995002
842.200000,-1.87916,2.88316,2.17000,0.00923,0.00939,-0.00006,0.001440,-0.000123,0.099846,0.995002
842.234000,-1.87916,2.88316,2.17000,0.00923,0.00939,-0.00006,0.001440,-0.000123,0.099846,0.995002
842.268000,-1.87916,2.88316,2.17000,0.00923,0.00939,-0.00006,-0.002008,-0.002024,0.099951,0.994988
842.300000,-1.87916,2.88316,2.18000,0.00211,0.01203,0.00421,-0.002008,-0.002024,0.099951,0.994988
842.334000,-1.87916,2.88316,2.18000,0.00211,0.01203,0.00421,-0.002008,-0.002024,0.099951,0.994988
842.367000,-1.87916,2.88316,2.18000,0.00211,0.01203,0.00421,-0.002008,-0.002024,0.099951,0.994988
842.400000,-1.87916,2.88316,2.18000,0.00211,0.01203,0.00421,-0.002008,-0.002024,0.099951,0.994988
842.434000,-1.87916,2.88316,2.18000,0.00211,0.01203,0.00421,-0.002008,-0.002024,0.099951,0.994988
842.467000,-1.87916,2.88316,2.18000,0.00211,0.01203,0.00421,-0.002008,-0.002024,0.099951,0.994988
842.500000,-1.87916,2.88316,2.18000,0.00211,0.01203,0.00421,-0.002008,-0.002024,0.099951,0.994988
842.535000,-1.87916,2.89429,2.18000,-0.00464,0.00713,-0.00077,0.003153,-0.000984,0.100441,0.994938
842.567000,-1.87916,2.89429,2.18000,-0.00464,0.00713,-0.00077,0.003153,-0.000984,0.100441,0.994938
842.600000,-1.87916,2.89429,2.18000,-0.00464,0.00713,-0.00077,0.003153,-0.000984,0.100441,0.994938
842.634000,-1.87916,2.89429,2.18000,-0.00464,0.00713,-0.00077,0.003153,-0.000984,0.100441,0.994938
842.667000,-1.87916,2.89429,2.18000,-0.00464,0.00713,-0.00077,0.003153,-0.000984,0.100441,0.994938
842.700000,-1.87916,2.89429,2.18000,-0.00464,0.00713,-0.00077,0.003153,-0.000984,0.100441,0.994938
842.734000,-1.87916,2.89429,2.18000,-0.00464,0.00713,-0.00077,0.003153,-0.000984,0.100441,0.994938
842.768000,-1.87916,2.89429,2.18000,-0.00884,0.00282,-0.00572,-0.002474,-0.000991,0.100515,0.994932
842.800000,-1.87916,2.89429,2.18000,-0.00884,0.00282,-0.00572,-0.002474,-0.000991,0.100515,0.994932
842.834000,-1.87916,2.89429,2.18000,-0.00884,0.00282,-0.00572,-0.002474,-0.000991,0.100515,0.994932
842.867000,-1.87916,2.89429,2.18000,-0.00884,0.00282,-0.00572,-0.002474,-0.000991,0.100515,0.994932
842.901000,-1.87916,2.89429,2.18000,-0.00884,0.00282,-0.00572,-0.002474,-0.000991,0.100515,0.994932
842.934000,-1.87916,2.89429,2.18000,-0.00884,0.00282,-0.00572,-0.002474,-0.000991,0.100515,0.994932
842.967000,-1.87916,2.89429,2.18000,-0.00884,0.00282,-0.00572,-0.002474,-0.000991,0.100515,0.994932
843.000000,-1.87916,2.89429,2.18000,-0.00884,0.00282,-0.00572,-0.002474,-0.000991,0.100515,0.994932
843.035000,-1.87916,2.89429,2.18000,-0.02452,0.06803,-0.00616,-0.036224,-0.003913,0.100844,0.994235
843.067000,-1.87916,2.89429,2.18000,-0.02452,0.06803,-0.00616,-0.036224,-0.003913,0.100844,0.994235
843.100000,-1.87916,2.89429,2.18000,-0.02452,0.06803,-0.00616,-0.036224,-0.003913,0.100844,0.994235
843.134000,-1.87916,2.89429,2.18000,-0.02452,0.06803,-0.00616,-0.036224,-0.003913,0.100844,0.994235
843.167000,-1.87916,2.89429,2.18000,-0.02452,0.06803,-0.00616,-0.036224,-0.003913,0.100844,0.994235
843.200000,-1.87916,2.89429,2.18000,-0.02452,0.06803,-0.00616,-0.036224,-0.003913,0.100844,0.994235
843.234000,-1.87916,2.89429,2.18000,-0.02452,0.06803,-0.00616,-0.036224,-0.003913,0.100844,0.994235
843.268000,-1.87916,2.89429,2.18000,-0.02452,0.06803,-0.00616,-0.112109,-0.010541,0.105094,0.988067
843.301000,-1.89731,2.93882,2.17000,-0.10108,0.43975,-0.00038,-0.112109,-0.010541,0.105094,0.988067
843.335000,-1.89731,2.93882,2.17000,-0.10108,0.43975,-0.00038,-0.112109,-0.010541,0.105094,0.988067
843.367000,-1.89731,2.93882,2.17000,-0.10108,0.43975,-0.00038,-0.112109,-0.010541,0.105094,0.988067
843.400000,-1.89731,2.93882,2.17000,-0.10108,0.43975,-0.00038,-0.112109,-0.010541,0.105094,0.988067
843.434000,-1.89731,2.93882,2.17000,-0.10108,0.43975,-0.00038,-0.112109,-0.010541,0.105094,0.988067
843.467000,-1.89731,2.93882,2.17000,-0.10108,0.43975,-0.00038,-0.112109,-0.010541,0.105094,0.988067
843.500000,-1.89731,2.93882,2.17000,-0.10108,0.43975,-0.00038,-0.112109,-0.010541,0.105094,0.988067
843.535000,-1.94270,3.11693,2.18000,-0.21810,0.99236,0.00786,-0.098563,-0.005719,0.190705,0.976670
843.567000,-1.94270,3.11693,2.18000,-0.21810,0.99236,0.00786,-0.098563,-0.005719,0.190705,0.976670
843.600000,-1.94270,3.11693,2.18000,-0.21810,0.99236,0.00786,-0.098563,-0.005719,0.190705,0.976670
843.634000,-1.94270,3.11693,2.18000,-0.21810,0.99236,0.00786,-0.098563,-0.005719,0.190705,0.976670
843.667000,-1.94270,3.11693,2.18000,-0.21810,0.99236,0.00786,-0.098563,-0.005719,0.190705,0.976670
843.700000,-1.94270,3.11693,2.18000,-0.21810,0.99236,0.00786,-0.098563,-0.005719,0.190705,0.976670
843.734000,-1.94270,3.11693,2.18000,-0.21810,0.99236,0.00786,-0.098563,-0.005719,0.190705,0.976670
843.768000,-2.00625,3.42862,2.18000,-0.37322,1.33792,0.00801,-0.053858,-0.026163,0.311758,0.948273
843.800000,-2.00625,3.42862,2.18000,-0.37322,1.33792,0.00801,-0.053858,-0.026163,0.311758,0.948273
843.834000,-2.00625,3.42862,2.18000,-0.37322,1.33792,0.00801,-0.053858,-0.026163,0.311758,0.948273
843.867000,-2.00625,3.42862,2.18000,-0.37322,1.33792,0.00801,-0.053858,-0.026163,0.311758,0.948273
843.900000,-2.00625,3.42862,2.18000,-0.37322,1.33792,0.00801,-0.053858,-0.026163,0.311758,0.948273
843.934000,-2.00625,3.42862,2.18000,-0.37322,1.33792,0.00801,-0.053858,-0.026163,0.311758,0.948273
843.967000,-2.00625,3.42862,2.18000,-0.37322,1.33792,0.00801,-0.053858,-0.026163,0.311758,0.948273
844.000000,-2.00625,3.42862,2.18000,-0.37322,1.33792,0.00801,-0.053858,-0.026163,0.311758,0.948273
844.035000,-2.12426,3.77371,2.18000,-0.56569,1.37930,0.00227,0.012840,-0.036179,0.434613,0.899799
844.067000,-2.12426,3.77371,2.18000,-0.56569,1.37930,0.00227,0.012840,-0.036179,0.434613,0.899799
844.100000,-2.12426,3.77371,2.18000,-0.56569,1.37930,0.00227,0.012840,-0.036179,0.434613,0.899799
844.134000,-2.12426,3.77371,2.18000,-0.56569,1.37930,0.00227,0.012840,-0.036179,0.434613,0.899799
844.167000,-2.12426,3.77371,2.18000,-0.56569,1.37930,0.00227,0.012840,-0.036179,0.434613,0.899799
844.200000,-2.12426,3.77371,2.18000,-0.56569,1.37930,0.00227,0.012840,-0.036179,0.434613,0.899799
844.234000,-2.12426,3.77371,2.18000,-0.56569,1.37930,0.00227,0.012840,-0.036179,0.434613,0.899799
844.268000,-2.12426,3.77371,2.18000,-0.56569,1.37930,0.00227,0.087589,-0.033800,0.550335,0.829649
844.301000,-2.26951,4.08540,2.18000,-0.58925,1.08039,0.00448,0.087589,-0.033800,0.550335,0.829649
844.334000,-2.26951,4.08540,2.18000,-0.58925,1.08039,0.00448,0.087589,-0.033800,0.550335,0.829649
844.367000,-2.26951,4.08540,2.18000,-0.58925,1.08039,0.00448,0.087589,-0.033800,0.550335,0.829649
844.400000,-2.26951,4.08540,2.18000,-0.58925,1.08039,0.00448,0.087589,-0.033800,0.550335,0.829649
844.434000,-2.26951,4.08540,2.18000,-0.58925,1.08039,0.00448,0.087589,-0.033800,0.550335,0.829649
844.467000,-2.26951,4.08540,2.18000,-0.58925,1.08039,0.00448,0.087589,-0.033800,0.550335,0.829649
844.500000,-2.26951,4.08540,2.18000,-0.58925,1.08039,0.00448,0.087589,-0.033800,0.550335,0.829649
844.535000,-2.39660,4.28578,2.18000,-0.37920,0.55353,0.01157,0.113563,-0.028119,0.656467,0.745228
844.567000,-2.39660,4.28578,2.18000,-0.37920,0.55353,0.01157,0.113563,-0.028119,0.656467,0.745228
844.600000,-2.39660,4.28578,2.18000,-0.37920,0.55353,0.01157,0.113563,-0.028119,0.656467,0.745228
844.634000,-2.39660,4.28578,2.18000,-0.37920,0.55353,0.01157,0.113563,-0.028119,0.656467,0.745228
844.667000,-2.39660,4.28578,2.18000,-0.37920,0.55353,0.01157,0.113563,-0.028119,0.656467,0.745228
844.700000,-2.39660,4.28578,2.18000,-0.37920,0.55353,0.01157,0.113563,-0.028119,0.656467,0.745228
844.734000,-2.39660,4.28578,2.18000,-0.37920,0.55353,0.01157,0.113563,-0.028119,0.656467,0.745228
844.768000,-2.46923,4.37483,2.19000,-0.15175,0.13122,0.00027,0.069440,-0.021667,0.716420,0.693867
844.800000,-2.46923,4.37483,2.19000,-0.15175,0.13122,0.00027,0.069440,-0.021667,0.716420,0.693867
844.834000,-2.46923,4.37483,2.19000,-0.15175,0.13122,0.00027,0.069440,-0.021667,0.716420,0.693867
844.867000,-2.46923,4.37483,2.19000,-0.15175,0.13122,0.00027,0.069440,-0.021667,0.716420,0.693867
844.900000,-2.46923,4.37483,2.19000,-0.15175,0.13122,0.00027,0.069440,-0.021667,0.716420,0.693867
844.934000,-2.46923,4.37483,2.19000,-0.15175,0.13122,0.00027,0.069440,-0.021667,0.716420,0.693867
844.967000,-2.46923,4.37483,2.19000,-0.15175,0.13122,0.00027,0.069440,-0.021667,0.716420,0.693867
845.000000,-2.46923,4.37483,2.19000,-0.15175,0.13122,0.00027,0.069440,-0.021667,0.716420,0.693867
845.035000,-2.47831,4.37483,2.18000,-0.02512,-0.08884,-0.01155,0.032730,-0.007407,0.725038,0.687891
845.067000,-2.47831,4.37483,2.18000,-0.02512,-0.08884,-0.01155,0.032730,-0.007407,0.725038,0.687891
845.100000,-2.47831,4.37483,2.18000,-0.02512,-0.08884,-0.01155,0.032730,-0.007407,0.725038,0.687891
845.134000,-2.47831,4.37483,2.18000,-0.02512,-0.08884,-0.01155,0.032730,-0.007407,0.725038,0.687891
845.167000,-2.47831,4.37483,2.18000,-0.02512,-0.08884,-0.01155,0.032730,-0.007407,0.725038,0.687891
845.200000,-2.47831,4.37483,2.18000,-0.02512,-0.08884,-0.01155,0.032730,-0.007407,0.725038,0.687891
845.234000,-2.47831,4.37483,2.18000,-0.02512,-0.08884,-0.01155,0.032730,-0.007407,0.725038,0.687891
845.268000,-2.47831,4.37483,2.18000,-0.02512,-0.08884,-0.01155,0.007222,-0.000417,0.728901,0.684581
845.300000,-2.47831,4.34143,2.18000,0.03064,-0.16398,-0.00979,0.007222,-0.000417,0.728901,0.684581
845.334000,-2.47831,4.34143,2.18000,0.03064,-0.16398,-0.00979,0.007222,-0.000417,0.728901,0.684581
845.367000,-2.47831,4.34143,2.18000,0.03064,-0.16398,-0.00979,0.007222,-0.000417,0.728901,0.684581
845.400000,-2.47831,4.34143,2.18000,0.03064,-0.16398,-0.00979,0.007222,-0.000417,0.728901,0.684581
845.434000,-2.47831,4.34143,2.18000,0.03064,-0.16398,-0.00979,0.007222,-0.000417,0.728901,0.684581
845.467000,-2.47831,4.34143,2.18000,0.03064,-0.16398,-0.00979,0.007222,-0.000417,0.728901,0.684581
845.500000,-2.47831,4.34143,2.18000,0.03064,-0.16398,-0.00979,0.007222,-0.000417,0.728901,0.684581
845.535000,-2.46923,4.31917,2.18000,0.04005,-0.15481,-0.00697,-0.005165,0.005030,0.729958,0.683454
845.567000,-2.46923,4.31917,2.18000,0.04005,-0.15481,-0.00697,-0.005165,0.005030,0.729958,0.683454
845.600000,-2.46923,4.31917,2.18000,0.04005,-0.15481,-0.00697,-0.005165,0.005030,0.729958,0.683454
845.634000,-2.46923,4.31917,2.18000,0.04005,-0.15481,-0.00697,-0.005165,0.005030,0.729958,0.683454
845.667000,-2.46923,4.31917,2.18000,0.04005,-0.15481,-0.00697,-0.005165,0.005030,0.729958,0.683454
845.700000,-2.46923,4.31917,2.18000,0.04005,-0.15481,-0.00697,-0.005165,0.005030,0.729958,0.683454
845.734000,-2.46923,4.31917,2.18000,0.04005,-0.15481,-0.00697,-0.005165,0.005030,0.729958,0.683454
845.768000,-2.46923,4.27464,2.18000,0.03529,-0.10761,-0.00317,-0.008825,0.007864,0.730311,0.683013
845.800000,-2.46923,4.27464,2.18000,0.03529,-0.10761,-0.00317,-0.008825,0.007864,0.730311,0.683013
845.834000,-2.46923,4.27464,2.18000,0.03529,-0.10761,-0.00317,-0.008825,0.007864,0.730311,0.683013
845.867000,-2.46923,4.27464,2.18000,0.03529,-0.10761,-0.00317,-0.008825,0.007864,0.730311,0.683013
845.900000,-2.46923,4.27464,2.18000,0.03529,-0.10761,-0.00317,-0.008825,0.007864,0.730311,0.683013
845.934000,-2.46923,4.27464,2.18000,0.03529,-0.10761,-0.00317,-0.008825,0.007864,0.730311,0.683013
845.967000,-2.46923,4.27464,2.18000,0.03529,-0.10761,-0.00317,-0.008825,0.007864,0.730311,0.683013
846.000000,-2.46923,4.27464,2.18000,0.03529,-0.10761,-0.00317,-0.008825,0.007864,0.730311,0.683013
846.035000,-2.46923,4.25238,2.18000,0.02162,-0.04649,-0.00343,-0.011567,0.006138,0.729884,0.683446
846.067000,-2.46923,4.25238,2.18000,0.02162,-0.04649,-0.00343,-0.011567,0.006138,0.729884,0.683446
846.101000,-2.46923,4.25238,2.18000,0.02162,-0.04649,-0.00343,-0.011567,0.006138,0.729884,0.683446
846.134000,-2.46923,4.25238,2.18000,0.02162,-0.04649,-0.00343,-0.011567,0.006138,0.729884,0.683446
846.167000,-2.46923,4.25238,2.18000,0.02162,-0.04649,-0.00343,-0.011567,0.006138,0.729884,0.683446
846.200000,-2.46923,4.25238,2.18000,0.02162,-0.04649,-0.00343,-0.011567,0.006138,0.729884,0.683446
846.234000,-2.46923,4.25238,2.18000,0.02162,-0.04649,-0.00343,-0.011567,0.006138,0.729884,0.683446
846.267000,-2.46923,4.25238,2.18000,0.02162,-0.04649,-0.00343,-0.006653,0.006940,0.729674,0.683728
846.301000,-2.46923,4.25238,2.18000,0.01400,0.00902,0.00362,-0.006653,0.006940,0.729674,0.683728
846.334000,-2.46923,4.25238,2.18000,0.01400,0.00902,0.00362,-0.006653,0.006940,0.729674,0.683728
846.367000,-2.46923,4.25238,2.18000,0.01400,0.00902,0.00362,-0.006653,0.006940,0.729674,0.683728
846.400000,-2.46923,4.25238,2.18000,0.01400,0.00902,0.00362,-0.006653,0.006940,0.729674,0.683728
846.434000,-2.46923,4.25238,2.18000,0.01400,0.00902,0.00362,-0.006653,0.006940,0.729674,0.683728
846.467000,-2.46923,4.25238,2.18000,0.01400,0.00902,0.00362,-0.006653,0.006940,0.729674,0.683728
846.500000,-2.46923,4.25238,2.18000,0.01400,0.00902,0.00362,-0.006653,0.006940,0.729674,0.683728
846.535000,-2.46923,4.25238,2.18000,0.00424,0.04705,-0.00025,-0.006734,0.002087,0.729089,0.684382
846.567000,-2.46923,4.25238,2.18000,0.00424,0.04705,-0.00025,-0.006734,0.002087,0.729089,0.684382
846.600000,-2.46923,4.25238,2.18000,0.00424,0.04705,-0.00025,-0.006734,0.002087,0.729089,0.684382
846.634000,-2.46923,4.25238,2.18000,0.00424,0.04705,-0.00025,-0.006734,0.002087,0.729089,0.684382
846.667000,-2.46923,4.25238,2.18000,0.00424,0.04705,-0.00025,-0.006734,0.002087,0.729089,0.684382
846.700000,-2.46923,4.25238,2.18000,0.00424,0.04705,-0.00025,-0.006734,0.002087,0.729089,0.684382
846.734000,-2.46923,4.25238,2.18000,0.00424,0.04705,-0.00025,-0.006734,0.002087,0.729089,0.684382
846.768000,-2.45107,4.26351,2.18000,-0.00197,0.07073,-0.00497,-0.001785,0.002907,0.728554,0.684980
846.800000,-2.45107,4.26351,2.18000,-0.00197,0.07073,-0.00497,-0.001785,0.002907,0.728554,0.684980
846.834000,-2.45107,4.26351,2.18000,-0.00197,0.07073,-0.00497,-0.001785,0.002907,0.728554,0.684980
846.867000,-2.45107,4.26351,2.18000,-0.00197,0.07073,-0.00497,-0.001785,0.002907,0.728554,0.684980
846.900000,-2.45107,4.26351,2.18000,-0.00197,0.07073,-0.00497,-0.001785,0.002907,0.728554,0.684980
846.934000,-2.45107,4.26351,2.18000,-0.00197,0.07073,-0.00497,-0.001785,0.002907,0.728554,0.684980
846.967000,-2.45107,4.26351,2.18000,-0.00197,0.07073,-0.00497,-0.001785,0.002907,0.728554,0.684980
847.000000,-2.45107,4.26351,2.18000,-0.00197,0.07073,-0.00497,-0.001785,0.002907,0.728554,0.684980
847.035000,-2.45107,4.27464,2.17000,-0.01302,0.08115,-0.00655,-0.004152,-0.002571,0.727948,0.685615
847.067000,-2.45107,4.27464,2.17000,-0.01302,0.08115,-0.00655,-0.004152,-0.002571,0.727948,0.685615
847.100000,-2.45107,4.27464,2.17000,-0.01302,0.08115,-0.00655,-0.004152,-0.002571,0.727948,0.685615
847.134000,-2.45107,4.27464,2.17000,-0.01302,0.08115,-0.00655,-0.004152,-0.002571,0.727948,0.685615
847.167000,-2.45107,4.27464,2.17000,-0.01302,0.08115,-0.00655,-0.004152,-0.002571,0.727948,0.685615
847.201000,-2.45107,4.27464,2.17000,-0.01302,0.08115,-0.00655,-0.004152,-0.002571,0.727948,0.685615
847.234000,-2.45107,4.27464,2.17000,-0.01302,0.08115,-0.00655,-0.004152,-0.002571,0.727948,0.685615
847.268000,-2.45107,4.27464,2.17000,-0.01302,0.08115,-0.00655,0.002241,0.000107,0.727508,0.686096
847.301000,-2.45107,4.30804,2.17000,-0.02067,0.08049,0.00039,0.002241,0.000107,0.727508,0.686096
847.334000,-2.45107,4.30804,2.17000,-0.02067,0.08049,0.00039,0.002241,0.000107,0.727508,0.686096
847.367000,-2.45107,4.30804,2.17000,-0.02067,0.08049,0.00039,0.002241,0.000107,0.727508,0.686096
847.400000,-2.45107,4.30804,2.17000,-0.02067,0.08049,0.00039,0.002241,0.000107,0.727508,0.686096
847.434000,-2.45107,4.30804,2.17000,-0.02067,0.08049,0.00039,0.002241,0.000107,0.727508,0.686096
847.467000,-2.45107,4.30804,2.17000,-0.02067,0.08049,0.00039,0.002241,0.000107,0.727508,0.686096
847.500000,-2.45107,4.30804,2.17000,-0.02067,0.08049,0.00039,0.002241,0.000107,0.727508,0.686096
847.535000,-2.46923,4.31917,2.18000,-0.02263,0.06460,0.00329,0.001373,-0.004558,0.727127,0.686486
847.567000,-2.46923,4.31917,2.18000,-0.02263,0.06460,0.00329,0.001373,-0.004558,0.727127,0.686486
847.600000,-2.46923,4.31917,2.18000,-0.02263,0.06460,0.00329,0.001373,-0.004558,0.727127,0.686486
847.634000,-2.46923,4.31917,2.18000,-0.02263,0.06460,0.00329,0.001373,-0.004558,0.727127,0.686486
847.667000,-2.46923,4.31917,2.18000,-0.02263,0.06460,0.00329,0.001373,-0.004558,0.727127,0.686486
847.700000,-2.46923,4.31917,2.18000,-0.02263,0.06460,0.00329,0.001373,-0.004558,0.727127,0.686486
847.735000,-2.46923,4.31917,2.18000,-0.02263,0.06460,0.00329,0.001373,-0.004558,0.727127,0.686486
847.768000,-2.46923,4.33030,2.18000,-0.01880,0.04656,0.00064,0.004694,0.000104,0.726644,0.686998
847.800000,-2.46923,4.33030,2.18000,-0.01880,0.04656,0.00064,0.004694,0.000104,0.726644,0.686998
847.834000,-2.46923,4.33030,2.18000,-0.01880,0.04656,0.00064,0.004694,0.000104,0.726644,0.686998
847.867000,-2.46923,4.33030,2.18000,-0.01880,0.04656,0.00064,0.004694,0.000104,0.726644,0.686998
847.900000,-2.46923,4.33030,2.18000,-0.01880,0.04656,0.00064,0.004694,0.000104,0.726644,0.686998
847.934000,-2.46923,4.33030,2.18000,-0.01880,0.04656,0.00064,0.004694,0.000104,0.726644,0.686998
847.967000,-2.46923,4.33030,2.18000,-0.01880,0.04656,0.00064,0.004694,0.000104,0.726644,0.686998
848.000000,-2.46923,4.33030,2.18000,-0.01880,0.04656,0.00064,0.004694,0.000104,0.726644,0.686998
848.035000,-2.46923,4.34143,2.18000,-0.00978,0.03100,0.00146,0.002231,-0.002520,0.726299,0.687370
848.067000,-2.46923,4.34143,2.18000,-0.00978,0.03100,0.00146,0.002231,-0.002520,0.726299,0.687370
848.101000,-2.46923,4.34143,2.18000,-0.00978,0.03100,0.00146,0.002231,-0.002520,0.726299,0.687370
848.134000,-2.46923,4.34143,2.18000,-0.00978,0.03100,0.00146,0.002231,-0.002520,0.726299,0.687370
848.167000,-2.46923,4.34143,2.18000,-0.00978,0.03100,0.00146,0.002231,-0.002520,0.726299,0.687370
848.200000,-2.46923,4.34143,2.18000,-0.00978,0.03100,0.00146,0.002231,-0.002520,0.726299,0.687370
848.234000,-2.46923,4.34143,2.18000,-0.00978,0.03100,0.00146,0.002231,-0.002520,0.726299,0.687370
848.268000,-2.46923,4.34143,2.18000,-0.00978,0.01455,0.00006,0.001973,-0.002124,0.725760,0.687942
848.300000,-2.46923,4.34143,2.18000,-0.00978,0.01455,0.00006,0.001973,-0.002124,0.725760,0.687942
848.334000,-2.46923,4.34143,2.18000,-0.00978,0.01455,0.00006,0.001973,-0.002124,0.725760,0.687942
848.367000,-2.46923,4.34143,2.18000,-0.00978,0.01455,0.00006,0.001973,-0.002124,0.725760,0.687942
848.400000,-2.46923,4.34143,2.18000,-0.00978,0.01455,0.00006,0.001973,-0.002124,0.725760,0.687942
848.434000,-2.46923,4.34143,2.18000,-0.00978,0.01455,0.00006,0.001973,-0.002124,0.725760,0.687942
848.467000,-2.46923,4.34143,2.18000,-0.00978,0.01455,0.00006,0.001973,-0.002124,0.725760,0.687942
848.500000,-2.46923,4.34143,2.18000,-0.00978,0.01455,0.00006,0.001973,-0.002124,0.725760,0.687942
848.535000,-2.46923,4.35257,2.18000,-0.00498,0.00353,0.00325,0.002746,-0.000320,0.725572,0.688141
848.567000,-2.46923,4.35257,2.18000,-0.00498,0.00353,0.00325,0.002746,-0.000320,0.725572,0.688141
848.600000,-2.46923,4.35257,2.18000,-0.00498,0.00353,0.00325,0.002746,-0.000320,0.725572,0.688141
848.634000,-2.46923,4.35257,2.18000,-0.00498,0.00353,0.00325,0.002746,-0.000320,0.725572,0.688141
848.667000,-2.46923,4.35257,2.18000,-0.00498,0.00353,0.00325,0.002746,-0.000320,0.725572,0.688141
848.700000,-2.46923,4.35257,2.18000,-0.00498,0.00353,0.00325,0.002746,-0.000320,0.725572,0.688141
848.734000,-2.46923,4.35257,2.18000,-0.00498,0.00353,0.00325,0.002746,-0.000320,0.725572,0.688141
848.768000,-2.46923,4.35257,2.18000,-0.00531,-0.00794,-0.00069,0.000340,-0.002773,0.725125,0.688612
848.800000,-2.46923,4.35257,2.18000,-0.00531,-0.00794,-0.00069,0.000340,-0.002773,0.725125,0.688612
848.834000,-2.46923,4.35257,2.18000,-0.00531,-0.00794,-0.00069,0.000340,-0.002773,0.725125,0.688612
848.867000,-2.46923,4.35257,2.18000,-0.00531,-0.00794,-0.00069,0.000340,-0.002773,0.725125,0.688612
848.900000,-2.46923,4.35257,2.18000,-0.00531,-0.00794,-0.00069,0.000340,-0.002773,0.725125,0.688612
848.934000,-2.46923,4.35257,2.18000,-0.00531,-0.00794,-0.00069,0.000340,-0.002773,0.725125,0.688612
848.967000,-2.46923,4.35257,2.18000,-0.00531,-0.00794,-0.00069,0.000340,-0.002773,0.725125,0.688612
849.001000,-2.46923,4.35257,2.18000,-0.00531,-0.00794,-0.00069,0.000340,-0.002773,0.725125,0.688612
849.035000,-2.46923,4.35257,2.18000,-0.00222,-0.01609,-0.00175,0.002857,0.001196,0.724955,0.688789
849.067000,-2.46923,4.35257,2.18000,-0.00222,-0.01609,-0.00175,0.002857,0.001196,0.724955,0.688789
849.100000,-2.46923,4.35257,2.18000,-0.00222,-0.01609,-0.00175,0.002857,0.001196,0.724955,0.688789
849.134000,-2.46923,4.35257,2.18000,-0.00222,-0.01609,-0.00175,0.002857,0.001196,0.724955,0.688789
849.167000,-2.46923,4.35257,2.18000,-0.00222,-0.01609,-0.00175,0.002857,0.001196,0.724955,0.688789
849.200000,-2.46923,4.35257,2.18000,-0.00222,-0.01609,-0.00175,0.002857,0.001196,0.724955,0.688789
849.234000,-2.46923,4.35257,2.18000,-0.00222,-0.01609,-0.00175,0.002857,0.001196,0.724955,0.688789
849.268000,-2.47831,4.35257,2.18000,-0.00249,-0.02071,-0.00088,-0.001385,-0.002448,0.724619,0.689144
849.300000,-2.47831,4.35257,2.18000,-0.00249,-0.02071,-0.00088,-0.001385,-0.002448,0.724619,0.689144
849.334000,-2.47831,4.35257,2.18000,-0.00249,-0.02071,-0.00088,-0.001385,-0.002448,0.724619,0.689144
849.368000,-2.47831,4.35257,2.18000,-0.00249,-0.02071,-0.00088,-0.001385,-0.002448,0.724619,0.689144
849.400000,-2.47831,4.35257,2.18000,-0.00249,-0.02071,-0.00088,-0.001385,-0.002448,0.724619,0.689144
849.434000,-2.47831,4.35257,2.18000,-0.00249,-0.02071,-0.00088,-0.001385,-0.002448,0.724619,0.689144
849.467000,-2.47831,4.35257,2.18000,-0.00249,-0.02071,-0.00088,-0.001385,-0.002448,0.724619,0.689144
849.500000,-2.47831,4.35257,2.18000,-0.00249,-0.02071,-0.00088,-0.001385,-0.002448,0.724619,0.689144
849.535000,-2.47831,4.34143,2.18000,0.00082,-0.02307,0.00021,0.002897,0.002850,0.724358,0.689412
849.567000,-2.47831,4.34143,2.18000,0.00082,-0.02307,0.00021,0.002897,0.002850,0.724358,0.689412
849.600000,-2.47831,4.34143,2.18000,0.00082,-0.02307,0.00021,0.002897,0.002850,0.724358,0.689412
849.634000,-2.47831,4.34143,2.18000,0.00082,-0.02307,0.00021,0.002897,0.002850,0.724358,0.689412
849.667000,-2.47831,4.34143,2.18000,0.00082,-0.02307,0.00021,0.002897,0.002850,0.724358,0.689412
849.700000,-2.47831,4.34143,2.18000,0.00082,-0.02307,0.00021,0.002897,0.002850,0.724358,0.689412
849.734000,-2.47831,4.34143,2.18000,0.00082,-0.02307,0.00021,0.002897,0.002850,0.724358,0.689412
849.768000,-2.46923,4.34143,2.18000,0.00600,-0.01978,-0.00164,-0.002422,-0.001189,0.724141,0.689646
849.800000,-2.46923,4.34143,2.18000,0.00600,-0.01978,-0.00164,-0.002422,-0.001189,0.724141,0.689646
849.834000,-2.46923,4.34143,2.18000,0.00600,-0.01978,-0.00164,-0.002422,-0.001189,0.724141,0.689646
849.867000,-2.46923,4.34143,2.18000,0.00600,-0.01978,-0.00164,-0.002422,-0.001189,0.724141,0.689646
849.900000,-2.46923,4.34143,2.18000,0.00600,-0.01978,-0.00164,-0.002422,-0.001189,0.724141,0.689646
849.934000,-2.46923,4.34143,2.18000,0.00600,-0.01978,-0.00164,-0.002422,-0.001189,0.724141,0.689646
849.967000,-2.46923,4.34143,2.18000,0.00600,-0.01978,-0.00164,-0.002422,-0.001189,0.724141,0.689646
850.000000,-2.46923,4.34143,2.18000,0.00600,-0.01978,-0.00164,-0.002422,-0.001189,0.724141,0.689646
850.035000,-2.46923,4.33030,2.18000,0.00259,-0.01587,-0.00210,0.000879,0.001984,0.723786,0.690021
850.067000,-2.46923,4.33030,2.18000,0.00259,-0.01587,-0.00210,0.000879,0.001984,0.723786,0.690021
850.100000,-2.46923,4.33030,2.18000,0.00259,-0.01587,-0.00210,0.000879,0.001984,0.723786,0.690021
850.134000,-2.46923,4.33030,2.18000,0.00259,-0.01587,-0.00210,0.000879,0.001984,0.723786,0.690021
850.167000,-2.46923,4.33030,2.18000,0.00259,-0.01587,-0.00210,0.000879,0.001984,0.723786,0.690021
850.200000,-2.46923,4.33030,2.18000,0.00259,-0.01587,-0.00210,0.000879,0.001984,0.723786,0.690021
850.234000,-2.46923,4.33030,2.18000,0.00259,-0.01587,-0.00210,0.000879,0.001984,0.723786,0.690021
850.268000,-2.46923,4.33030,2.18000,0.00259,-0.01587,-0.00210,-0.002422,-0.000280,0.723584,0.690232
850.300000,-2.46923,4.33030,2.18000,0.00259,-0.00952,0.00210,-0.002422,-0.000280,0.723584,0.690232
850.334000,-2.46923,4.33030,2.18000,0.00259,-0.00952,0.00210,-0.002422,-0.000280,0.723584,0.690232
850.367000,-2.46923,4.33030,2.18000,0.00259,-0.00952,0.00210,-0.002422,-0.000280,0.723584,0.690232
850.400000,-2.46923,4.33030,2.18000,0.00259,-0.00952,0.00210,-0.002422,-0.000280,0.723584,0.690232
850.434000,-2.46923,4.33030,2.18000,0.00259,-0.00952,0.00210,-0.002422,-0.000280,0.723584,0.690232
850.467000,-2.46923,4.33030,2.18000,0.00259,-0.00952,0.00210,-0.002422,-0.000280,0.723584,0.690232
850.500000,-2.46923,4.33030,2.18000,0.00259,-0.00952,0.00210,-0.002422,-0.000280,0.723584,0.690232
850.535000,-2.46923,4.33030,2.18000,-0.00151,-0.00340,0.00139,-0.000019,0.001375,0.723319,0.690513
850.567000,-2.46923,4.33030,2.18000,-0.00151,-0.00340,0.00139,-0.000019,0.001375,0.723319,0.690513
850.600000,-2.46923,4.33030,2.18000,-0.00151,-0.00340,0.00139,-0.000019,0.001375,0.723319,0.690513
850.634000,-2.46923,4.33030,2.18000,-0.00151,-0.00340,0.00139,-0.000019,0.001375,0.723319,0.690513
850.667000,-2.46923,4.33030,2.18000,-0.00151,-0.00340,0.00139,-0.000019,0.001375,0.723319,0.690513
850.700000,-2.46923,4.33030,2.18000,-0.00151,-0.00340,0.00139,-0.000019,0.001375,0.723319,0.690513
850.734000,-2.46923,4.33030,2.18000,-0.00151,-0.00340,0.00139,-0.000019,0.001375,0.723319,0.690513
850.768000,-2.46923,4.33030,2.18000,0.00112,0.00001,0.00011,-0.000441,0.000211,0.723288,0.690546
850.800000,-2.46923,4.33030,2.18000,0.00112,0.00001,0.00011,-0.000441,0.000211,0.723288,0.690546
850.834000,-2.46923,4.33030,2.18000,0.00112,0.00001,0.00011,-0.000441,0.000211,0.723288,0.690546
850.867000,-2.46923,4.33030,2.18000,0.00112,0.00001,0.00011,-0.000441,0.000211,0.723288,0.690546
850.900000,-2.46923,4.33030,2.18000,0.00112,0.00001,0.00011,-0.000441,0.000211,0.723288,0.690546
850.934000,-2.46923,4.33030,2.18000,0.00112,0.00001,0.00011,-0.000441,0.000211,0.723288,0.690546
850.967000,-2.46923,4.33030,2.18000,0.00112,0.00001,0.00011,-0.000441,0.000211,0.723288,0.690546
851.000000,-2.46923,4.33030,2.18000,0.00112,0.00001,0.00011,-0.000441,0.000211,0.723288,0.690546
851.035000,-2.46923,4.33030,2.18000,-0.00253,0.00157,0.00505,-0.000406,-0.000044,0.722990,0.690859
851.067000,-2.46923,4.33030,2.18000,-0.00253,0.00157,0.00505,-0.000406,-0.000044,0.722990,0.690859
851.100000,-2.46923,4.33030,2.18000,-0.00253,0.00157,0.00505,-0.000406,-0.000044,0.722990,0.690859
851.134000,-2.46923,4.33030,2.18000,-0.00253,0.00157,0.00505,-0.000406,-0.000044,0.722990,0.690859
851.167000,-2.46923,4.33030,2.18000,-0.00253,0.00157,0.00505,-0.000406,-0.000044,0.722990,0.690859
851.201000,-2.46923,4.33030,2.18000,-0.00253,0.00157,0.00505,-0.000406,-0.000044,0.722990,0.690859
851.234000,-2.46923,4.33030,2.18000,-0.00253,0.00157,0.00505,-0.000406,-0.000044,0.722990,0.690859
851.268000,-2.46923,4.33030,2.18000,-0.00253,0.00157,0.00505,0.006058,0.006591,0.722883,0.690912
851.300000,-2.46923,4.33030,2.18000,0.00675,0.00307,0.00169,0.006058,0.006591,0.722883,0.690912
851.334000,-2.46923,4.33030,2.18000,0.00675,0.00307,0.00169,0.006058,0.006591,0.722883,0.690912
851.367000,-2.46923,4.33030,2.18000,0.00675,0.00307,0.00169,0.006058,0.006591,0.722883,0.690912
851.400000,-2.46923,4.33030,2.18000,0.00675,0.00307,0.00169,0.006058,0.006591,0.722883,0.690912
851.434000,-2.46923,4.33030,2.18000,0.00675,0.00307,0.00169,0.006058,0.006591,0.722883,0.690912
851.467000,-2.46923,4.33030,2.18000,0.00675,0.00307,0.00169,0.006058,0.006591,0.722883,0.690912
851.500000,-2.46923,4.33030,2.18000,0.00675,0.00307,0.00169,0.006058,0.006591,0.722883,0.690912
851.535000,-2.46923,4.33030,2.18000,0.17417,0.01155,0.00023,0.046839,0.049292,0.721062,0.689526
851.567000,-2.46923,4.33030,2.18000,0.17417,0.01155,0.00023,0.046839,0.049292,0.721062,0.689526
851.600000,-2.46923,4.33030,2.18000,0.17417,0.01155,0.00023,0.046839,0.049292,0.721062,0.689526
851.634000,-2.46923,4.33030,2.18000,0.17417,0.01155,0.00023,0.046839,0.049292,0.721062,0.689526
851.667000,-2.46923,4.33030,2.18000,0.17417,0.01155,0.00023,0.046839,0.049292,0.721062,0.689526
851.700000,-2.46923,4.33030,2.18000,0.17417,0.01155,0.00023,0.046839,0.049292,0.721062,0.689526
851.734000,-2.46923,4.33030,2.18000,0.17417,0.01155,0.00023,0.046839,0.049292,0.721062,0.689526
851.768000,-2.36029,4.33030,2.18000,0.68141,0.03510,-0.00204,0.080301,0.088382,0.698059,0.706012
851.800000,-2.36029,4.33030,2.18000,0.68141,0.03510,-0.00204,0.080301,0.088382,0.698059,0.706012
851.834000,-2.36029,4.33030,2.18000,0.68141,0.03510,-0.00204,0.080301,0.088382,0.698059,0.706012
851.867000,-2.36029,4.33030,2.18000,0.68141,0.03510,-0.00204,0.080301,0.088382,0.698059,0.706012
851.901000,-2.36029,4.33030,2.18000,0.68141,0.03510,-0.00204,0.080301,0.088382,0.698059,0.706012
851.934000,-2.36029,4.33030,2.18000,0.68141,0.03510,-0.00204,0.080301,0.088382,0.698059,0.706012
851.967000,-2.36029,4.33030,2.18000,0.68141,0.03510,-0.00204,0.080301,0.088382,0.698059,0.706012
852.000000,-2.36029,4.33030,2.18000,0.68141,0.03510,-0.00204,0.080301,0.088382,0.698059,0.706012
852.035000,-2.12426,4.34143,2.18000,1.19645,0.03553,0.00269,0.057183,0.057743,0.616457,0.783183
852.067000,-2.12426,4.34143,2.18000,1.19645,0.03553,0.00269,0.057183,0.057743,0.616457,0.783183
852.101000,-2.12426,4.34143,2.18000,1.19645,0.03553,0.00269,0.057183,0.057743,0.616457,0.783183
852.134000,-2.12426,4.34143,2.18000,1.19645,0.03553,0.00269,0.057183,0.057743,0.616457,0.783183
852.167000,-2.12426,4.34143,2.18000,1.19645,0.03553,0.00269,0.057183,0.057743,0.616457,0.783183
852.201000,-2.12426,4.34143,2.18000,1.19645,0.03553,0.00269,0.057183,0.057743,0.616457,0.783183
852.234000,-2.12426,4.34143,2.18000,1.19645,0.03553,0.00269,0.057183,0.057743,0.616457,0.783183
852.268000,-2.12426,4.34143,2.18000,1.19645,0.03553,0.00269,0.046774,0.003905,0.512075,0.857657
852.300000,-1.78837,4.33030,2.18000,1.47116,-0.08790,0.00408,0.046774,0.003905,0.512075,0.857657
852.334000,-1.78837,4.33030,2.18000,1.47116,-0.08790,0.00408,0.046774,0.003905,0.512075,0.857657
852.367000,-1.78837,4.33030,2.18000,1.47116,-0.08790,0.00408,0.046774,0.003905,0.512075,0.857657
852.400000,-1.78837,4.33030,2.18000,1.47116,-0.08790,0.00408,0.046774,0.003905,0.512075,0.857657
852.434000,-1.78837,4.33030,2.18000,1.47116,-0.08790,0.00408,0.046774,0.003905,0.512075,0.857657
852.467000,-1.78837,4.33030,2.18000,1.47116,-0.08790,0.00408,0.046774,0.003905,0.512075,0.857657
852.500000,-1.78837,4.33030,2.18000,1.47116,-0.08790,0.00408,0.046774,0.003905,0.512075,0.857657
852.535000,-1.42525,4.30804,2.18000,1.41519,-0.25570,0.00310,0.001780,-0.056128,0.392163,0.918180
852.567000,-1.42525,4.30804,2.18000,1.41519,-0.25570,0.00310,0.001780,-0.056128,0.392163,0.918180
852.601000,-1.42525,4.30804,2.18000,1.41519,-0.25570,0.00310,0.001780,-0.056128,0.392163,0.918180
852.634000,-1.42525,4.30804,2.18000,1.41519,-0.25570,0.00310,0.001780,-0.056128,0.392163,0.918180
852.667000,-1.42525,4.30804,2.18000,1.41519,-0.25570,0.00310,0.001780,-0.056128,0.392163,0.918180
852.700000,-1.42525,4.30804,2.18000,1.41519,-0.25570,0.00310,0.001780,-0.056128,0.392163,0.918180
852.734000,-1.42525,4.30804,2.18000,1.41519,-0.25570,0.00310,0.001780,-0.056128,0.392163,0.918180
852.768000,-1.11660,4.24125,2.18000,0.98774,-0.28908,0.00317,-0.039796,-0.105668,0.262332,0.958349
852.800000,-1.11660,4.24125,2.18000,0.98774,-0.28908,0.00317,-0.039796,-0.105668,0.262332,0.958349
852.834000,-1.11660,4.24125,2.18000,0.98774,-0.28908,0.00317,-0.039796,-0.105668,0.262332,0.958349
852.867000,-1.11660,4.24125,2.18000,0.98774,-0.28908,0.00317,-0.039796,-0.105668,0.262332,0.958349
852.900000,-1.11660,4.24125,2.18000,0.98774,-0.28908,0.00317,-0.039796,-0.105668,0.262332,0.958349
852.934000,-1.11660,4.24125,2.18000,0.98774,-0.28908,0.00317,-0.039796,-0.105668,0.262332,0.958349
852.967000,-1.11660,4.24125,2.18000,0.98774,-0.28908,0.00317,-0.039796,-0.105668,0.262332,0.958349
853.000000,-1.11660,4.24125,2.18000,0.98774,-0.28908,0.00317,-0.039796,-0.105668,0.262332,0.958349
853.035000,-0.94412,4.17446,2.18000,0.42510,-0.18283,0.00394,-0.040029,-0.094863,0.137752,0.985101
853.067000,-0.94412,4.17446,2.18000,0.42510,-0.18283,0.00394,-0.040029,-0.094863,0.137752,0.985101
853.100000,-0.94412,4.17446,2.18000,0.42510,-0.18283,0.00394,-0.040029,-0.094863,0.137752,0.985101
853.134000,-0.94412,4.17446,2.18000,0.42510,-0.18283,0.00394,-0.040029,-0.094863,0.137752,0.985101
853.167000,-0.94412,4.17446,2.18000,0.42510,-0.18283,0.00394,-0.040029,-0.094863,0.137752,0.985101
853.200000,-0.94412,4.17446,2.18000,0.42510,-0.18283,0.00394,-0.040029,-0.094863,0.137752,0.985101
853.234000,-0.94412,4.17446,2.18000,0.42510,-0.18283,0.00394,-0.040029,-0.094863,0.137752,0.985101
853.268000,-0.94412,4.17446,2.18000,0.42510,-0.18283,0.00394,-0.017456,-0.050795,0.101099,0.993425
853.301000,-0.88057,4.12993,2.18000,0.05049,-0.08764,-0.00417,-0.017456,-0.050795,0.101099,0.993425
853.334000,-0.88057,4.12993,2.18000,0.05049,-0.08764,-0.00417,-0.017456,-0.050795,0.101099,0.993425
853.367000,-0.88057,4.12993,2.18000,0.05049,-0.08764,-0.00417,-0.017456,-0.050795,0.101099,0.993425
853.400000,-0.88057,4.12993,2.18000,0.05049,-0.08764,-0.00417,-0.017456,-0.050795,0.101099,0.993425
853.434000,-0.88057,4.12993,2.18000,0.05049,-0.08764,-0.00417,-0.017456,-0.050795,0.101099,0.993425
853.467000,-0.88057,4.12993,2.18000,0.05049,-0.08764,-0.00417,-0.017456,-0.050795,0.101099,0.993425
853.500000,-0.88057,4.12993,2.18000,0.05049,-0.08764,-0.00417,-0.017456,-0.050795,0.101099,0.993425
853.535000,-0.89873,4.11880,2.18000,-0.11995,-0.03278,-0.01009,-0.012271,-0.018782,0.093056,0.995408
853.567000,-0.89873,4.11880,2.18000,-0.11995,-0.03278,-0.01009,-0.012271,-0.018782,0.093056,0.995408
853.600000,-0.89873,4.11880,2.18000,-0.11995,-0.03278,-0.01009,-0.012271,-0.018782,0.093056,0.995408
853.634000,-0.89873,4.11880,2.18000,-0.11995,-0.03278,-0.01009,-0.012271,-0.018782,0.093056,0.995408
853.667000,-0.89873,4.11880,2.18000,-0.11995,-0.03278,-0.01009,-0.012271,-0.018782,0.093056,0.995408
853.700000,-0.89873,4.11880,2.18000,-0.11995,-0.03278,-0.01009,-0.012271,-0.018782,0.093056,0.995408
853.734000,-0.89873,4.11880,2.18000,-0.11995,-0.03278,-0.01009,-0.012271,-0.018782,0.093056,0.995408
853.768000,-0.89873,4.11880,2.18000,-0.11995,-0.03278,-0.01009,-0.001109,0.000650,0.089677,0.995970
853.800000,-0.92596,4.11880,2.18000,-0.16057,-0.00380,-0.00932,-0.001109,0.000650,0.089677,0.995970
853.834000,-0.92596,4.11880,2.18000,-0.16057,-0.00380,-0.00932,-0.001109,0.000650,0.089677,0.995970
853.867000,-0.92596,4.11880,2.18000,-0.16057,-0.00380,-0.00932,-0.001109,0.000650,0.089677,0.995970
853.900000,-0.92596,4.11880,2.18000,-0.16057,-0.00380,-0.00932,-0.001109,0.000650,0.089677,0.995970
853.934000,-0.92596,4.11880,2.18000,-0.16057,-0.00380,-0.00932,-0.001109,0.000650,0.089677,0.995970
853.967000,-0.92596,4.11880,2.18000,-0.16057,-0.00380,-0.00932,-0.001109,0.000650,0.089677,0.995970
854.000000,-0.92596,4.11880,2.18000,-0.16057,-0.00380,-0.00932,-0.001109,0.000650,0.089677,0.995970
854.034000,-0.96227,4.11880,2.18000,-0.13614,0.00342,-0.00499,-0.001387,0.008558,0.088841,0.996008
854.067000,-0.96227,4.11880,2.18000,-0.13614,0.00342,-0.00499,-0.001387,0.008558,0.088841,0.996008
854.100000,-0.96227,4.11880,2.18000,-0.13614,0.00342,-0.00499,-0.001387,0.008558,0.088841,0.996008
854.134000,-0.96227,4.11880,2.18000,-0.13614,0.00342,-0.00499,-0.001387,0.008558,0.088841,0.996008
854.167000,-0.96227,4.11880,2.18000,-0.13614,0.00342,-0.00499,-0.001387,0.008558,0.088841,0.996008
854.200000,-0.96227,4.11880,2.18000,-0.13614,0.00342,-0.00499,-0.001387,0.008558,0.088841,0.996008
854.234000,-0.96227,4.11880,2.18000,-0.13614,0.00342,-0.00499,-0.001387,0.008558,0.088841,0.996008
854.268000,-0.96227,4.11880,2.18000,-0.13614,0.00342,-0.00499,0.001716,0.011592,0.088567,0.996001
854.300000,-0.98951,4.11880,2.18000,-0.08617,0.00753,-0.00203,0.001716,0.011592,0.088567,0.996001
854.334000,-0.98951,4.11880,2.18000,-0.08617,0.00753,-0.00203,0.001716,0.011592,0.088567,0.996001
854.367000,-0.98951,4.11880,2.18000,-0.08617,0.00753,-0.00203,0.001716,0.011592,0.088567,0.996001
854.400000,-0.98951,4.11880,2.18000,-0.08617,0.00753,-0.00203,0.001716,0.011592,0.088567,0.996001
854.434000,-0.98951,4.11880,2.18000,-0.08617,0.00753,-0.00203,0.001716,0.011592,0.088567,0.996001
854.467000,-0.98951,4.11880,2.18000,-0.08617,0.00753,-0.00203,0.001716,0.011592,0.088567,0.996001
854.500000,-0.98951,4.11880,2.18000,-0.08617,0.00753,-0.00203,0.001716,0.011592,0.088567,0.996001
854.535000,-0.99858,4.11880,2.17000,-0.02832,0.00373,-0.00049,0.001558,0.010899,0.089448,0.995931
854.567000,-0.99858,4.11880,2.17000,-0.02832,0.00373,-0.00049,0.001558,0.010899,0.089448,0.995931
854.600000,-0.99858,4.11880,2.17000,-0.02832,0.00373,-0.00049,0.001558,0.010899,0.089448,0.995931
854.634000,-0.99858,4.11880,2.17000,-0.02832,0.00373,-0.00049,0.001558,0.010899,0.089448,0.995931
854.667000,-0.99858,4.11880,2.17000,-0.02832,0.00373,-0.00049,0.001558,0.010899,0.089448,0.995931
854.700000,-0.99858,4.11880,2.17000,-0.02832,0.00373,-0.00049,0.001558,0.010899,0.089448,0.995931
854.734000,-0.99858,4.11880,2.17000,-0.02832,0.00373,-0.00049,0.001558,0.010899,0.089448,0.995931
854.768000,-0.99858,4.11880,2.17000,-0.02832,0.00373,-0.00049,0.000271,0.007765,0.090002,0.995911
854.800000,-0.99858,4.11880,2.18000,0.01788,0.00463,0.00407,0.000271,0.007765,0.090002,0.995911
854.834000,-0.99858,4.11880,2.18000,0.01788,0.00463,0.00407,0.000271,0.007765,0.090002,0.995911
854.867000,-0.99858,4.11880,2.18000,0.01788,0.00463,0.00407,0.000271,0.007765,0.090002,0.995911
854.900000,-0.99858,4.11880,2.18000,0.01788,0.00463,0.00407,0.000271,0.007765,0.090002,0.995911
854.934000,-0.99858,4.11880,2.18000,0.01788,0.00463,0.00407,0.000271,0.007765,0.090002,0.995911
854.967000,-0.99858,4.11880,2.18000,0.01788,0.00463,0.00407,0.000271,0.007765,0.090002,0.995911
855.000000,-0.99858,4.11880,2.18000,0.01788,0.00463,0.00407,0.000271,0.007765,0.090002,0.995911
855.035000,-0.99858,4.11880,2.18000,0.04974,-0.00037,0.00110,0.002625,0.005166,0.090935,0.995840
855.067000,-0.99858,4.11880,2.18000,0.04974,-0.00037,0.00110,0.002625,0.005166,0.090935,0.995840
855.101000,-0.99858,4.11880,2.18000,0.04974,-0.00037,0.00110,0.002625,0.005166,0.090935,0.995840
855.134000,-0.99858,4.11880,2.18000,0.04974,-0.00037,0.00110,0.002625,0.005166,0.090935,0.995840
855.167000,-0.99858,4.11880,2.18000,0.04974,-0.00037,0.00110,0.002625,0.005166,0.090935,0.995840
855.200000,-0.99858,4.11880,2.18000,0.04974,-0.00037,0.00110,0.002625,0.005166,0.090935,0.995840
855.234000,-0.99858,4.11880,2.18000,0.04974,-0.00037,0.00110,0.002625,0.005166,0.090935,0.995840
855.267000,-0.99858,4.11880,2.18000,0.04974,-0.00037,0.00110,-0.002217,0.002645,0.091531,0.995796
855.301000,-0.98951,4.11880,2.18000,0.06916,0.00078,-0.00311,-0.002217,0.002645,0.091531,0.995796
855.334000,-0.98951,4.11880,2.18000,0.06916,0.00078,-0.00311,-0.002217,0.002645,0.091531,0.995796
855.367000,-0.98951,4.11880,2.18000,0.06916,0.00078,-0.00311,-0.002217,0.002645,0.091531,0.995796
855.400000,-0.98951,4.11880,2.18000,0.06916,0.00078,-0.00311,-0.002217,0.002645,0.091531,0.995796
855.434000,-0.98951,4.11880,2.18000,0.06916,0.00078,-0.00311,-0.002217,0.002645,0.091531,0.995796
855.467000,-0.98951,4.11880,2.18000,0.06916,0.00078,-0.00311,-0.002217,0.002645,0.091531,0.995796
855.500000,-0.98951,4.11880,2.18000,0.06916,0.00078,-0.00311,-0.002217,0.002645,0.091531,0.995796
855.535000,-0.97135,4.11880,2.18000,0.07794,-0.00011,-0.00416,0.002611,0.000780,0.092279,0.995729
855.567000,-0.97135,4.11880,2.18000,0.07794,-0.00011,-0.00416,0.002611,0.000780,0.092279,0.995729
855.600000,-0.97135,4.11880,2.18000,0.07794,-0.00011,-0.00416,0.002611,0.000780,0.092279,0.995729
855.634000,-0.97135,4.11880,2.18000,0.07794,-0.00011,-0.00416,0.002611,0.000780,0.092279,0.995729
855.667000,-0.97135,4.11880,2.18000,0.07794,-0.00011,-0.00416,0.002611,0.000780,0.092279,0.995729
855.700000,-0.97135,4.11880,2.18000,0.07794,-0.00011,-0.00416,0.002611,0.000780,0.092279,0.995729
855.734000,-0.97135,4.11880,2.18000,0.07794,-0.00011,-0.00416,0.002611,0.000780,0.092279,0.995729
855.768000,-0.97135,4.11880,2.18000,0.07794,-0.00011,-0.00416,-0.003227,-0.002738,0.092876,0.995669
855.800000,-0.95319,4.11880,2.18000,0.07247,-0.00039,-0.00328,-0.003227,-0.002738,0.092876,0.995669
855.834000,-0.95319,4.11880,2.18000,0.07247,-0.00039,-0.00328,-0.003227,-0.002738,0.092876,0.995669
855.867000,-0.95319,4.11880,2.18000,0.07247,-0.00039,-0.00328,-0.003227,-0.002738,0.092876,0.995669
855.900000,-0.95319,4.11880,2.18000,0.07247,-0.00039,-0.00328,-0.003227,-0.002738,0.092876,0.995669
855.934000,-0.95319,4.11880,2.18000,0.07247,-0.00039,-0.00328,-0.003227,-0.002738,0.092876,0.995669
855.967000,-0.95319,4.11880,2.18000,0.07247,-0.00039,-0.00328,-0.003227,-0.002738,0.092876,0.995669
856.000000,-0.95319,4.11880,2.18000,0.07247,-0.00039,-0.00328,-0.003227,-0.002738,0.092876,0.995669
856.035000,-0.94412,4.11880,2.18000,0.05861,0.00071,0.00448,0.002220,-0.002554,0.093616,0.995603
856.067000,-0.94412,4.11880,2.18000,0.05861,0.00071,0.00448,0.002220,-0.002554,0.093616,0.995603
856.100000,-0.94412,4.11880,2.18000,0.05861,0.00071,0.00448,0.002220,-0.002554,0.093616,0.995603
856.134000,-0.94412,4.11880,2.18000,0.05861,0.00071,0.00448,0.002220,-0.002554,0.093616,0.995603
856.167000,-0.94412,4.11880,2.18000,0.05861,0.00071,0.00448,0.002220,-0.002554,0.093616,0.995603
856.200000,-0.94412,4.11880,2.18000,0.05861,0.00071,0.00448,0.002220,-0.002554,0.093616,0.995603
856.234000,-0.94412,4.11880,2.18000,0.05861,0.00071,0.00448,0.002220,-0.002554,0.093616,0.995603
856.268000,-0.91688,4.11880,2.18000,0.04282,-0.00045,0.00404,-0.003262,-0.004256,0.094171,0.995542
856.300000,-0.91688,4.11880,2.18000,0.04282,-0.00045,0.00404,-0.003262,-0.004256,0.094171,0.995542
856.334000,-0.91688,4.11880,2.18000,0.04282,-0.00045,0.00404,-0.003262,-0.004256,0.094171,0.995542
856.367000,-0.91688,4.11880,2.18000,0.04282,-0.00045,0.00404,-0.003262,-0.004256,0.094171,0.995542
856.400000,-0.91688,4.11880,2.18000,0.04282,-0.00045,0.00404,-0.003262,-0.004256,0.094171,0.995542
856.434000,-0.91688,4.11880,2.18000,0.04282,-0.00045,0.00404,-0.003262,-0.004256,0.094171,0.995542
856.467000,-0.91688,4.11880,2.18000,0.04282,-0.00045,0.00404,-0.003262,-0.004256,0.094171,0.995542
856.500000,-0.91688,4.11880,2.18000,0.04282,-0.00045,0.00404,-0.003262,-0.004256,0.094171,0.995542
856.535000,-0.90780,4.11880,2.18000,0.02150,0.00258,0.00146,0.001539,-0.003724,0.094663,0.995501
856.567000,-0.90780,4.11880,2.18000,0.02150,0.00258,0.00146,0.001539,-0.003724,0.094663,0.995501
856.600000,-0.90780,4.11880,2.18000,0.02150,0.00258,0.00146,0.001539,-0.003724,0.094663,0.995501
856.634000,-0.90780,4.11880,2.18000,0.02150,0.00258,0.00146,0.001539,-0.003724,0.094663,0.995501
856.667000,-0.90780,4.11880,2.18000,0.02150,0.00258,0.00146,0.001539,-0.003724,0.094663,0.995501
856.700000,-0.90780,4.11880,2.18000,0.02150,0.00258,0.00146,0.001539,-0.003724,0.094663,0.995501
856.734000,-0.90780,4.11880,2.18000,0.02150,0.00258,0.00146,0.001539,-0.003724,0.094663,0.995501
856.768000,-0.90780,4.11880,2.18000,0.02150,0.00258,0.00146,-0.001625,-0.003204,0.095356,0.995437
856.800000,-0.90780,4.11880,2.18000,0.00431,0.00067,0.00184,-0.001625,-0.003204,0.095356,0.995437
856.834000,-0.90780,4.11880,2.18000,0.00431,0.00067,0.00184,-0.001625,-0.003204,0.095356,0.995437
856.867000,-0.90780,4.11880,2.18000,0.00431,0.00067,0.00184,-0.001625,-0.003204,0.095356,0.995437
856.900000,-0.90780,4.11880,2.18000,0.00431,0.00067,0.00184,-0.001625,-0.003204,0.095356,0.995437
856.934000,-0.90780,4.11880,2.18000,0.00431,0.00067,0.00184,-0.001625,-0.003204,0.095356,0.995437
856.967000,-0.90780,4.11880,2.18000,0.00431,0.00067,0.00184,-0.001625,-0.003204,0.095356,0.995437
857.000000,-0.90780,4.11880,2.18000,0.00431,0.00067,0.00184,-0.001625,-0.003204,0.095356,0.995437
857.035000,-0.90780,4.11880,2.18000,-0.00847,0.00396,0.00074,-0.000180,-0.001898,0.095659,0.995412
857.067000,-0.90780,4.11880,2.18000,-0.00847,0.00396,0.00074,-0.000180,-0.001898,0.095659,0.995412
857.100000,-0.90780,4.11880,2.18000,-0.00847,0.00396,0.00074,-0.000180,-0.001898,0.095659,0.995412
857.134000,-0.90780,4.11880,2.18000,-0.00847,0.00396,0.00074,-0.000180,-0.001898,0.095659,0.995412
857.167000,-0.90780,4.11880,2.18000,-0.00847,0.00396,0.00074,-0.000180,-0.001898,0.095659,0.995412
857.200000,-0.90780,4.11880,2.18000,-0.00847,0.00396,0.00074,-0.000180,-0.001898,0.095659,0.995412
857.234000,-0.90780,4.11880,2.18000,-0.00847,0.00396,0.00074,-0.000180,-0.001898,0.095659,0.995412
857.267000,-0.90780,4.11880,2.18000,-0.00847,0.00396,0.00074,0.000542,-0.001197,0.096358,0.995346
857.301000,-0.90780,4.11880,2.18000,-0.01546,0.00072,0.00194,0.000542,-0.001197,0.096358,0.995346
857.334000,-0.90780,4.11880,2.18000,-0.01546,0.00072,0.00194,0.000542,-0.001197,0.096358,0.995346
857.367000,-0.90780,4.11880,2.18000,-0.01546,0.00072,0.00194,0.000542,-0.001197,0.096358,0.995346
857.400000,-0.90780,4.11880,2.18000,-0.01546,0.00072,0.00194,0.000542,-0.001197,0.096358,0.995346
857.434000,-0.90780,4.11880,2.18000,-0.01546,0.00072,0.00194,0.000542,-0.001197,0.096358,0.995346
857.467000,-0.90780,4.11880,2.18000,-0.01546,0.00072,0.00194,0.000542,-0.001197,0.096358,0.995346
857.500000,-0.90780,4.11880,2.18000,-0.01546,0.00072,0.00194,0.000542,-0.001197,0.096358,0.995346
857.535000,-0.90780,4.11880,2.18000,-0.02069,0.00324,-0.00045,-0.001597,-0.000796,0.096442,0.995337
857.567000,-0.90780,4.11880,2.18000,-0.02069,0.00324,-0.00045,-0.001597,-0.000796,0.096442,0.995337
857.600000,-0.90780,4.11880,2.18000,-0.02069,0.00324,-0.00045,-0.001597,-0.000796,0.096442,0.995337
857.634000,-0.90780,4.11880,2.18000,-0.02069,0.00324,-0.00045,-0.001597,-0.000796,0.096442,0.995337
857.667000,-0.90780,4.11880,2.18000,-0.02069,0.00324,-0.00045,-0.001597,-0.000796,0.096442,0.995337
857.700000,-0.90780,4.11880,2.18000,-0.02069,0.00324,-0.00045,-0.001597,-0.000796,0.096442,0.995337
857.734000,-0.90780,4.11880,2.18000,-0.02069,0.00324,-0.00045,-0.001597,-0.000796,0.096442,0.995337
857.768000,-0.91688,4.11880,2.18000,-0.02238,0.00056,0.00198,0.001945,-0.000166,0.097031,0.995279
857.800000,-0.91688,4.11880,2.18000,-0.02238,0.00056,0.00198,0.001945,-0.000166,0.097031,0.995279
857.834000,-0.91688,4.11880,2.18000,-0.02238,0.00056,0.00198,0.001945,-0.000166,0.097031,0.995279
857.867000,-0.91688,4.11880,2.18000,-0.02238,0.00056,0.00198,0.001945,-0.000166,0.097031,0.995279
857.900000,-0.91688,4.11880,2.18000,-0.02238,0.00056,0.00198,0.001945,-0.000166,0.097031,0.995279
857.934000,-0.91688,4.11880,2.18000,-0.02238,0.00056,0.00198,0.001945,-0.000166,0.097031,0.995279
857.967000,-0.91688,4.11880,2.18000,-0.02238,0.00056,0.00198,0.001945,-0.000166,0.097031,0.995279
858.000000,-0.91688,4.11880,2.18000,-0.02238,0.00056,0.00198,0.001945,-0.000166,0.097031,0.995279
858.035000,-0.91688,4.11880,2.18000,-0.02142,0.00172,-0.00522,-0.002353,0.000484,0.097278,0.995254
858.067000,-0.91688,4.11880,2.18000,-0.02142,0.00172,-0.00522,-0.002353,0.000484,0.097278,0.995254
858.100000,-0.91688,4.11880,2.18000,-0.02142,0.00172,-0.00522,-0.002353,0.000484,0.097278,0.995254
858.134000,-0.91688,4.11880,2.18000,-0.02142,0.00172,-0.00522,-0.002353,0.000484,0.097278,0.995254
858.167000,-0.91688,4.11880,2.18000,-0.02142,0.00172,-0.00522,-0.002353,0.000484,0.097278,0.995254
858.200000,-0.91688,4.11880,2.18000,-0.02142,0.00172,-0.00522,-0.002353,0.000484,0.097278,0.995254
858.234000,-0.91688,4.11880,2.18000,-0.02142,0.00172,-0.00522,-0.002353,0.000484,0.097278,0.995254
858.268000,-0.92596,4.11880,2.18000,-0.01722,-0.00023,-0.00128,0.002839,0.001197,0.097946,0.995187
858.300000,-0.92596,4.11880,2.18000,-0.01722,-0.00023,-0.00128,0.002839,0.001197,0.097946,0.995187
858.334000,-0.92596,4.11880,2.18000,-0.01722,-0.00023,-0.00128,0.002839,0.001197,0.097946,0.995187
858.367000,-0.92596,4.11880,2.18000,-0.01722,-0.00023,-0.00128,0.002839,0.001197,0.097946,0.995187
858.400000,-0.92596,4.11880,2.18000,-0.01722,-0.00023,-0.00128,0.002839,0.001197,0.097946,0.995187
858.434000,-0.92596,4.11880,2.18000,-0.01722,-0.00023,-0.00128,0.002839,0.001197,0.097946,0.995187
858.467000,-0.92596,4.11880,2.18000,-0.01722,-0.00023,-0.00128,0.002839,0.001197,0.097946,0.995187
858.501000,-0.92596,4.11880,2.18000,-0.01722,-0.00023,-0.00128,0.002839,0.001197,0.097946,0.995187
858.535000,-0.92596,4.11880,2.18000,-0.01169,0.00138,-0.00631,-0.003122,0.000897,0.098110,0.995170
858.567000,-0.92596,4.11880,2.18000,-0.01169,0.00138,-0.00631,-0.003122,0.000897,0.098110,0.995170
858.600000,-0.92596,4.11880,2.18000,-0.01169,0.00138,-0.00631,-0.003122,0.000897,0.098110,0.995170
858.634000,-0.92596,4.11880,2.18000,-0.01169,0.00138,-0.00631,-0.003122,0.000897,0.098110,0.995170
858.667000,-0.92596,4.11880,2.18000,-0.01169,0.00138,-0.00631,-0.003122,0.000897,0.098110,0.995170
858.700000,-0.92596,4.11880,2.18000,-0.01169,0.00138,-0.00631,-0.003122,0.000897,0.098110,0.995170
858.734000,-0.92596,4.11880,2.18000,-0.01169,0.00138,-0.00631,-0.003122,0.000897,0.098110,0.995170
858.768000,-0.92596,4.11880,2.18000,-0.00725,0.00284,-0.00585,0.002574,0.000955,0.098348,0.995148
858.800000,-0.92596,4.11880,2.18000,-0.00725,0.00284,-0.00585,0.002574,0.000955,0.098348,0.995148
858.834000,-0.92596,4.11880,2.18000,-0.00725,0.00284,-0.00585,0.002574,0.000955,0.098348,0.995148
858.867000,-0.92596,4.11880,2.18000,-0.00725,0.00284,-0.00585,0.002574,0.000955,0.098348,0.995148
858.900000,-0.92596,4.11880,2.18000,-0.00725,0.00284,-0.00585,0.002574,0.000955,0.098348,0.995148
858.934000,-0.92596,4.11880,2.18000,-0.00725,0.00284,-0.00585,0.002574,0.000955,0.098348,0.995148
858.967000,-0.92596,4.11880,2.18000,-0.00725,0.00284,-0.00585,0.002574,0.000955,0.098348,0.995148
859.000000,-0.92596,4.11880,2.18000,-0.00725,0.00284,-0.00585,0.002574,0.000955,0.098348,0.995148
859.035000,-0.94412,4.11880,2.18000,-0.00441,0.00155,-0.00097,-0.002510,0.000394,0.098680,0.995116
859.067000,-0.94412,4.11880,2.18000,-0.00441,0.00155,-0.00097,-0.002510,0.000394,0.098680,0.995116
859.100000,-0.94412,4.11880,2.18000,-0.00441,0.00155,-0.00097,-0.002510,0.000394,0.098680,0.995116
859.134000,-0.94412,4.11880,2.18000,-0.00441,0.00155,-0.00097,-0.002510,0.000394,0.098680,0.995116
859.167000,-0.94412,4.11880,2.18000,-0.00441,0.00155,-0.00097,-0.002510,0.000394,0.098680,0.995116
859.200000,-0.94412,4.11880,2.18000,-0.00441,0.00155,-0.00097,-0.002510,0.000394,0.098680,0.995116
859.234000,-0.94412,4.11880,2.18000,-0.00441,0.00155,-0.00097,-0.002510,0.000394,0.098680,0.995116
859.267000,-0.94412,4.11880,2.18000,-0.00441,0.00155,-0.00097,0.001522,0.002221,0.098893,0.995094
859.301000,-0.94412,4.11880,2.17000,0.00345,0.00424,0.00129,0.001522,0.002221,0.098893,0.995094
859.334000,-0.94412,4.11880,2.17000,0.00345,0.00424,0.00129,0.001522,0.002221,0.098893,0.995094
859.367000,-0.94412,4.11880,2.17000,0.00345,0.00424,0.00129,0.001522,0.002221,0.098893,0.995094
859.400000,-0.94412,4.11880,2.17000,0.00345,0.00424,0.00129,0.001522,0.002221,0.098893,0.995094
859.434000,-0.94412,4.11880,2.17000,0.00345,0.00424,0.00129,0.001522,0.002221,0.098893,0.995094
859.467000,-0.94412,4.11880,2.17000,0.00345,0.00424,0.00129,0.001522,0.002221,0.098893,0.995094
859.501000,-0.94412,4.11880,2.17000,0.00345,0.00424,0.00129,0.001522,0.002221,0.098893,0.995094
859.535000,-0.92596,4.11880,2.18000,0.01117,0.00093,0.00691,-0.000628,0.000221,0.099283,0.995059
859.567000,-0.92596,4.11880,2.18000,0.01117,0.00093,0.00691,-0.000628,0.000221,0.099283,0.995059
859.600000,-0.92596,4.11880,2.18000,0.01117,0.00093,0.00691,-0.000628,0.000221,0.099283,0.995059
859.634000,-0.92596,4.11880,2.18000,0.01117,0.00093,0.00691,-0.000628,0.000221,0.099283,0.995059
859.667000,-0.92596,4.11880,2.18000,0.01117,0.00093,0.00691,-0.000628,0.000221,0.099283,0.995059
859.701000,-0.92596,4.11880,2.18000,0.01117,0.00093,0.00691,-0.000628,0.000221,0.099283,0.995059
859.734000,-0.92596,4.11880,2.18000,0.01117,0.00093,0.00691,-0.000628,0.000221,0.099283,0.995059
859.768000,-0.92596,4.11880,2.18000,0.06908,0.01657,0.00443,-0.004273,0.036813,0.099517,0.994346
859.800000,-0.92596,4.11880,2.18000,0.06908,0.01657,0.00443,-0.004273,0.036813,0.099517,0.994346
859.834000,-0.92596,4.11880,2.18000,0.06908,0.01657,0.00443,-0.004273,0.036813,0.099517,0.994346
859.867000,-0.92596,4.11880,2.18000,0.06908,0.01657,0.00443,-0.004273,0.036813,0.099517,0.994346
859.900000,-0.92596,4.11880,2.18000,0.06908,0.01657,0.00443,-0.004273,0.036813,0.099517,0.994346
859.934000,-0.92596,4.11880,2.18000,0.06908,0.01657,0.00443,-0.004273,0.036813,0.099517,0.994346
859.967000,-0.92596,4.11880,2.18000,0.06908,0.01657,0.00443,-0.004273,0.036813,0.099517,0.994346
860.000000,-0.92596,4.11880,2.18000,0.06908,0.01657,0.00443,-0.004273,0.036813,0.099517,0.994346
860.035000,-0.88057,4.12993,2.18000,0.44079,0.08882,-0.00081,-0.009612,0.112792,0.097218,0.988804
860.067000,-0.88057,4.12993,2.18000,0.44079,0.08882,-0.00081,-0.009612,0.112792,0.097218,0.988804
860.101000,-0.88057,4.12993,2.18000,0.44079,0.08882,-0.00081,-0.009612,0.112792,0.097218,0.988804
860.134000,-0.88057,4.12993,2.18000,0.44079,0.08882,-0.00081,-0.009612,0.112792,0.097218,0.988804
860.167000,-0.88057,4.12993,2.18000,0.44079,0.08882,-0.00081,-0.009612,0.112792,0.097218,0.988804
860.200000,-0.88057,4.12993,2.18000,0.44079,0.08882,-0.00081,-0.009612,0.112792,0.097218,0.988804
860.234000,-0.88057,4.12993,2.18000,0.44079,0.08882,-0.00081,-0.009612,0.112792,0.097218,0.988804
860.268000,-0.88057,4.12993,2.18000,0.44079,0.08882,-0.00081,-0.011748,0.104931,0.095819,0.989783
860.300000,-0.68993,4.17446,2.18000,1.01908,0.20572,0.00265,-0.011748,0.104931,0.095819,0.989783
860.334000,-0.68993,4.17446,2.18000,1.01908,0.20572,0.00265,-0.011748,0.104931,0.095819,0.989783
860.367000,-0.68993,4.17446,2.18000,1.01908,0.20572,0.00265,-0.011748,0.104931,0.095819,0.989783
860.400000,-0.68993,4.17446,2.18000,1.01908,0.20572,0.00265,-0.011748,0.104931,0.095819,0.989783
860.434000,-0.68993,4.17446,2.18000,1.01908,0.20572,0.00265,-0.011748,0.104931,0.095819,0.989783
860.467000,-0.68993,4.17446,2.18000,1.01908,0.20572,0.00265,-0.011748,0.104931,0.095819,0.989783
860.500000,-0.68993,4.17446,2.18000,1.01908,0.20572,0.00265,-0.011748,0.104931,0.095819,0.989783
860.535000,-0.38128,4.24125,2.18000,1.40105,0.27521,0.00270,-0.002645,0.051766,0.095454,0.994083
860.567000,-0.38128,4.24125,2.18000,1.40105,0.27521,0.00270,-0.002645,0.051766,0.095454,0.994083
860.600000,-0.38128,4.24125,2.18000,1.40105,0.27521,0.00270,-0.002645,0.051766,0.095454,0.994083
860.634000,-0.38128,4.24125,2.18000,1.40105,0.27521,0.00270,-0.002645,0.051766,0.095454,0.994083
860.667000,-0.38128,4.24125,2.18000,1.40105,0.27521,0.00270,-0.002645,0.051766,0.095454,0.994083
860.700000,-0.38128,4.24125,2.18000,1.40105,0.27521,0.00270,-0.002645,0.051766,0.095454,0.994083
860.734000,-0.38128,4.24125,2.18000,1.40105,0.27521,0.00270,-0.002645,0.051766,0.095454,0.994083
860.768000,-0.01816,4.30804,2.18000,1.50123,0.29209,0.00505,0.000183,-0.015497,0.094446,0.995409
860.800000,-0.01816,4.30804,2.18000,1.50123,0.29209,0.00505,0.000183,-0.015497,0.094446,0.995409
860.834000,-0.01816,4.30804,2.18000,1.50123,0.29209,0.00505,0.000183,-0.015497,0.094446,0.995409
860.867000,-0.01816,4.30804,2.18000,1.50123,0.29209,0.00505,0.000183,-0.015497,0.094446,0.995409
860.900000,-0.01816,4.30804,2.18000,1.50123,0.29209,0.00505,0.000183,-0.015497,0.094446,0.995409
860.934000,-0.01816,4.30804,2.18000,1.50123,0.29209,0.00505,0.000183,-0.015497,0.094446,0.995409
860.967000,-0.01816,4.30804,2.18000,1.50123,0.29209,0.00505,0.000183,-0.015497,0.094446,0.995409
861.000000,-0.01816,4.30804,2.18000,1.50123,0.29209,0.00505,0.000183,-0.015497,0.094446,0.995409
861.035000,0.33589,4.37483,2.18000,1.21718,0.23309,0.00301,0.012766,-0.100668,0.093984,0.990389
861.067000,0.33589,4.37483,2.18000,1.21718,0.23309,0.00301,0.012766,-0.100668,0.093984,0.990389
861.100000,0.33589,4.37483,2.18000,1.21718,0.23309,0.00301,0.012766,-0.100668,0.093984,0.990389
861.134000,0.33589,4.37483,2.18000,1.21718,0.23309,0.00301,0.012766,-0.100668,0.093984,0.990389
861.167000,0.33589,4.37483,2.18000,1.21718,0.23309,0.00301,0.012766,-0.100668,0.093984,0.990389
861.200000,0.33589,4.37483,2.18000,1.21718,0.23309,0.00301,0.012766,-0.100668,0.093984,0.990389
861.235000,0.33589,4.37483,2.18000,1.21718,0.23309,0.00301,0.012766,-0.100668,0.093984,0.990389
861.268000,0.33589,4.37483,2.18000,1.21718,0.23309,0.00301,0.008892,-0.121417,0.093439,0.988154
861.301000,0.56284,4.40823,2.18000,0.61957,0.11661,0.00779,0.008892,-0.121417,0.093439,0.988154
861.334000,0.56284,4.40823,2.18000,0.61957,0.11661,0.00779,0.008892,-0.121417,0.093439,0.988154
861.367000,0.56284,4.40823,2.18000,0.61957,0.11661,0.00779,0.008892,-0.121417,0.093439,0.988154
861.401000,0.56284,4.40823,2.18000,0.61957,0.11661,0.00779,0.008892,-0.121417,0.093439,0.988154
861.434000,0.56284,4.40823,2.18000,0.61957,0.11661,0.00779,0.008892,-0.121417,0.093439,0.988154
861.467000,0.56284,4.40823,2.18000,0.61957,0.11661,0.00779,0.008892,-0.121417,0.093439,0.988154
861.500000,0.56284,4.40823,2.18000,0.61957,0.11661,0.00779,0.008892,-0.121417,0.093439,0.988154
861.535000,0.65362,4.44162,2.18000,0.13433,0.02468,0.00271,0.009995,-0.072587,0.094521,0.992823
861.567000,0.65362,4.44162,2.18000,0.13433,0.02468,0.00271,0.009995,-0.072587,0.094521,0.992823
861.600000,0.65362,4.44162,2.18000,0.13433,0.02468,0.00271,0.009995,-0.072587,0.094521,0.992823
861.634000,0.65362,4.44162,2.18000,0.13433,0.02468,0.00271,0.009995,-0.072587,0.094521,0.992823
861.667000,0.65362,4.44162,2.18000,0.13433,0.02468,0.00271,0.009995,-0.072587,0.094521,0.992823
861.700000,0.65362,4.44162,2.18000,0.13433,0.02468,0.00271,0.009995,-0.072587,0.094521,0.992823
861.734000,0.65362,4.44162,2.18000,0.13433,0.02468,0.00271,0.009995,-0.072587,0.094521,0.992823
861.768000,0.65362,4.44162,2.18000,-0.10555,-0.02615,-0.00754,0.001348,-0.029805,0.094036,0.995122
861.800000,0.65362,4.44162,2.18000,-0.10555,-0.02615,-0.00754,0.001348,-0.029805,0.094036,0.995122
861.834000,0.65362,4.44162,2.18000,-0.10555,-0.02615,-0.00754,0.001348,-0.029805,0.094036,0.995122
861.867000,0.65362,4.44162,2.18000,-0.10555,-0.02615,-0.00754,0.001348,-0.029805,0.094036,0.995122
861.900000,0.65362,4.44162,2.18000,-0.10555,-0.02615,-0.00754,0.001348,-0.029805,0.094036,0.995122
861.934000,0.65362,4.44162,2.18000,-0.10555,-0.02615,-0.00754,0.001348,-0.029805,0.094036,0.995122
861.967000,0.65362,4.44162,2.18000,-0.10555,-0.02615,-0.00754,0.001348,-0.029805,0.094036,0.995122
862.000000,0.65362,4.44162,2.18000,-0.10555,-0.02615,-0.00754,0.001348,-0.029805,0.094036,0.995122
862.035000,0.61731,4.44162,2.18000,-0.18146,-0.04331,-0.00598,0.003552,-0.004577,0.094118,0.995544
862.067000,0.61731,4.44162,2.18000,-0.18146,-0.04331,-0.00598,0.003552,-0.004577,0.094118,0.995544
862.100000,0.61731,4.44162,2.18000,-0.18146,-0.04331,-0.00598,0.003552,-0.004577,0.094118,0.995544
862.134000,0.61731,4.44162,2.18000,-0.18146,-0.04331,-0.00598,0.003552,-0.004577,0.094118,0.995544
862.167000,0.61731,4.44162,2.18000,-0.18146,-0.04331,-0.00598,0.003552,-0.004577,0.094118,0.995544
862.200000,0.61731,4.44162,2.18000,-0.18146,-0.04331,-0.00598,0.003552,-0.004577,0.094118,0.995544
862.234000,0.61731,4.44162,2.18000,-0.18146,-0.04331,-0.00598,0.003552,-0.004577,0.094118,0.995544
862.268000,0.61731,4.44162,2.18000,-0.18146,-0.04331,-0.00598,-0.002581,0.008133,0.094184,0.995518
862.300000,0.57192,4.41936,2.18000,-0.16799,-0.04586,-0.00526,-0.002581,0.008133,0.094184,0.995518
862.334000,0.57192,4.41936,2.18000,-0.16799,-0.04586,-0.00526,-0.002581,0.008133,0.094184,0.995518
862.367000,0.57192,4.41936,2.18000,-0.16799,-0.04586,-0.00526,-0.002581,0.008133,0.094184,0.995518
862.401000,0.57192,4.41936,2.18000,-0.16799,-0.04586,-0.00526,-0.002581,0.008133,0.094184,0.995518
862.434000,0.57192,4.41936,2.18000,-0.16799,-0.04586,-0.00526,-0.002581,0.008133,0.094184,0.995518
862.467000,0.57192,4.41936,2.18000,-0.16799,-0.04586,-0.00526,-0.002581,0.008133,0.094184,0.995518
862.500000,0.57192,4.41936,2.18000,-0.16799,-0.04586,-0.00526,-0.002581,0.008133,0.094184,0.995518
862.535000,0.53560,4.40823,2.18000,-0.11269,-0.02710,0.00094,-0.001506,0.013602,0.094216,0.995458
862.567000,0.53560,4.40823,2.18000,-0.11269,-0.02710,0.00094,-0.001506,0.013602,0.094216,0.995458
862.600000,0.53560,4.40823,2.18000,-0.11269,-0.02710,0.00094,-0.001506,0.013602,0.094216,0.995458
862.634000,0.53560,4.40823,2.18000,-0.11269,-0.02710,0.00094,-0.001506,0.013602,0.094216,0.995458
862.667000,0.53560,4.40823,2.18000,-0.11269,-0.02710,0.00094,-0.001506,0.013602,0.094216,0.995458
862.700000,0.53560,4.40823,2.18000,-0.11269,-0.02710,0.00094,-0.001506,0.013602,0.094216,0.995458
862.734000,0.53560,4.40823,2.18000,-0.11269,-0.02710,0.00094,-0.001506,0.013602,0.094216,0.995458
862.768000,0.52653,4.40823,2.18000,-0.04330,-0.01272,0.00148,-0.001666,0.013935,0.094353,0.995440
862.801000,0.52653,4.40823,2.18000,-0.04330,-0.01272,0.00148,-0.001666,0.013935,0.094353,0.995440
862.834000,0.52653,4.40823,2.18000,-0.04330,-0.01272,0.00148,-0.001666,0.013935,0.094353,0.995440
862.867000,0.52653,4.40823,2.18000,-0.04330,-0.01272,0.00148,-0.001666,0.013935,0.094353,0.995440
862.900000,0.52653,4.40823,2.18000,-0.04330,-0.01272,0.00148,-0.001666,0.013935,0.094353,0.995440
862.934000,0.52653,4.40823,2.18000,-0.04330,-0.01272,0.00148,-0.001666,0.013935,0.094353,0.995440
862.967000,0.52653,4.40823,2.18000,-0.04330,-0.01272,0.00148,-0.001666,0.013935,0.094353,0.995440
863.001000,0.52653,4.40823,2.18000,-0.04330,-0.01272,0.00148,-0.001666,0.013935,0.094353,0.995440
863.035000,0.51745,4.39709,2.18000,0.01484,0.00344,-0.00061,-0.002585,0.010518,0.094339,0.995481
863.067000,0.51745,4.39709,2.18000,0.01484,0.00344,-0.00061,-0.002585,0.010518,0.094339,0.995481
863.100000,0.51745,4.39709,2.18000,0.01484,0.00344,-0.00061,-0.002585,0.010518,0.094339,0.995481
863.134000,0.51745,4.39709,2.18000,0.01484,0.00344,-0.00061,-0.002585,0.010518,0.094339,0.995481
863.167000,0.51745,4.39709,2.18000,0.01484,0.00344,-0.00061,-0.002585,0.010518,0.094339,0.995481
863.200000,0.51745,4.39709,2.18000,0.01484,0.00344,-0.00061,-0.002585,0.010518,0.094339,0.995481
863.234000,0.51745,4.39709,2.18000,0.01484,0.00344,-0.00061,-0.002585,0.010518,0.094339,0.995481
863.268000,0.52653,4.40823,2.18000,0.05703,0.01218,0.00157,0.001079,0.006606,0.094668,0.995486
863.300000,0.52653,4.40823,2.18000,0.05703,0.01218,0.00157,0.001079,0.006606,0.094668,0.995486
863.334000,0.52653,4.40823,2.18000,0.05703,0.01218,0.00157,0.001079,0.006606,0.094668,0.995486
863.367000,0.52653,4.40823,2.18000,0.05703,0.01218,0.00157,0.001079,0.006606,0.094668,0.995486
863.400000,0.52653,4.40823,2.18000,0.05703,0.01218,0.00157,0.001079,0.006606,0.094668,0.995486
863.434000,0.52653,4.40823,2.18000,0.05703,0.01218,0.00157,0.001079,0.006606,0.094668,0.995486
863.467000,0.52653,4.40823,2.18000,0.05703,0.01218,0.00157,0.001079,0.006606,0.094668,0.995486
863.500000,0.52653,4.40823,2.18000,0.05703,0.01218,0.00157,0.001079,0.006606,0.094668,0.995486
863.535000,0.52653,4.40823,2.18000,0.08017,0.01793,-0.00403,-0.002127,0.003549,0.094621,0.995505
863.567000,0.52653,4.40823,2.18000,0.08017,0.01793,-0.00403,-0.002127,0.003549,0.094621,0.995505
863.601000,0.52653,4.40823,2.18000,0.08017,0.01793,-0.00403,-0.002127,0.003549,0.094621,0.995505
863.634000,0.52653,4.40823,2.18000,0.08017,0.01793,-0.00403,-0.002127,0.003549,0.094621,0.995505
863.667000,0.52653,4.40823,2.18000,0.08017,0.01793,-0.00403,-0.002127,0.003549,0.094621,0.995505
863.700000,0.52653,4.40823,2.18000,0.08017,0.01793,-0.00403,-0.002127,0.003549,0.094621,0.995505
863.734000,0.52653,4.40823,2.18000,0.08017,0.01793,-0.00403,-0.002127,0.003549,0.094621,0.995505
863.768000,0.56284,4.40823,2.18000,0.09315,0.01782,-0.00314,0.002738,0.001157,0.094953,0.995477
863.800000,0.56284,4.40823,2.18000,0.09315,0.01782,-0.00314,0.002738,0.001157,0.094953,0.995477
863.834000,0.56284,4.40823,2.18000,0.09315,0.01782,-0.00314,0.002738,0.001157,0.094953,0.995477
863.867000,0.56284,4.40823,2.18000,0.09315,0.01782,-0.00314,0.002738,0.001157,0.094953,0.995477
863.900000,0.56284,4.40823,2.18000,0.09315,0.01782,-0.00314,0.002738,0.001157,0.094953,0.995477
863.934000,0.56284,4.40823,2.18000,0.09315,0.01782,-0.00314,0.002738,0.001157,0.094953,0.995477
863.967000,0.56284,4.40823,2.18000,0.09315,0.01782,-0.00314,0.002738,0.001157,0.094953,0.995477
864.000000,0.56284,4.40823,2.18000,0.09315,0.01782,-0.00314,0.002738,0.001157,0.094953,0.995477
864.035000,0.57192,4.40823,2.18000,0.08735,0.01896,-0.00046,-0.002731,-0.002774,0.094867,0.995482
864.067000,0.57192,4.40823,2.18000,0.08735,0.01896,-0.00046,-0.002731,-0.002774,0.094867,0.995482
864.100000,0.57192,4.40823,2.18000,0.08735,0.01896,-0.00046,-0.002731,-0.002774,0.094867,0.995482
864.134000,0.57192,4.40823,2.18000,0.08735,0.01896,-0.00046,-0.002731,-0.002774,0.094867,0.995482
864.167000,0.57192,4.40823,2.18000,0.08735,0.01896,-0.00046,-0.002731,-0.002774,0.094867,0.995482
864.200000,0.57192,4.40823,2.18000,0.08735,0.01896,-0.00046,-0.002731,-0.002774,0.094867,0.995482
864.234000,0.57192,4.40823,2.18000,0.08735,0.01896,-0.00046,-0.002731,-0.002774,0.094867,0.995482
864.268000,0.57192,4.40823,2.18000,0.08735,0.01896,-0.00046,0.002187,-0.003812,0.094958,0.995472
864.301000,0.59915,4.40823,2.18000,0.07179,0.01877,-0.00466,0.002187,-0.003812,0.094958,0.995472
864.334000,0.59915,4.40823,2.18000,0.07179,0.01877,-0.00466,0.002187,-0.003812,0.094958,0.995472
864.367000,0.59915,4.40823,2.18000,0.07179,0.01877,-0.00466,0.002187,-0.003812,0.094958,0.995472
864.400000,0.59915,4.40823,2.18000,0.07179,0.01877,-0.00466,0.002187,-0.003812,0.094958,0.995472
864.434000,0.59915,4.40823,2.18000,0.07179,0.01877,-0.00466,0.002187,-0.003812,0.094958,0.995472
864.467000,0.59915,4.40823,2.18000,0.07179,0.01877,-0.00466,0.002187,-0.003812,0.094958,0.995472
864.500000,0.59915,4.40823,2.18000,0.07179,0.01877,-0.00466,0.002187,-0.003812,0.094958,0.995472
864.535000,0.61731,4.41936,2.18000,0.04948,0.01932,-0.00143,-0.003040,-0.005046,0.094971,0.995463
864.567000,0.61731,4.41936,2.18000,0.04948,0.01932,-0.00143,-0.003040,-0.005046,0.094971,0.995463
864.601000,0.61731,4.41936,2.18000,0.04948,0.01932,-0.00143,-0.003040,-0.005046,0.094971,0.995463
864.634000,0.61731,4.41936,2.18000,0.04948,0.01932,-0.00143,-0.003040,-0.005046,0.094971,0.995463
864.667000,0.61731,4.41936,2.18000,0.04948,0.01932,-0.00143,-0.003040,-0.005046,0.094971,0.995463
864.700000,0.61731,4.41936,2.18000,0.04948,0.01932,-0.00143,-0.003040,-0.005046,0.094971,0.995463
864.734000,0.61731,4.41936,2.18000,0.04948,0.01932,-0.00143,-0.003040,-0.005046,0.094971,0.995463
864.768000,0.61731,4.41936,2.18000,0.02758,0.01608,-0.00040,0.003210,-0.003555,0.095155,0.995451
864.800000,0.61731,4.41936,2.18000,0.02758,0.01608,-0.00040,0.003210,-0.003555,0.095155,0.995451
864.834000,0.61731,4.41936,2.18000,0.02758,0.01608,-0.00040,0.003210,-0.003555,0.095155,0.995451
864.867000,0.61731,4.41936,2.18000,0.02758,0.01608,-0.00040,0.003210,-0.003555,0.095155,0.995451
864.900000,0.61731,4.41936,2.18000,0.02758,0.01608,-0.00040,0.003210,-0.003555,0.095155,0.995451
864.934000,0.61731,4.41936,2.18000,0.02758,0.01608,-0.00040,0.003210,-0.003555,0.095155,0.995451
864.968000,0.61731,4.41936,2.18000,0.02758,0.01608,-0.00040,0.003210,-0.003555,0.095155,0.995451
865.000000,0.61731,4.41936,2.18000,0.02758,0.01608,-0.00040,0.003210,-0.003555,0.095155,0.995451
865.035000,0.63546,4.41936,2.18000,0.01312,0.01091,-0.00210,-0.002281,-0.003142,0.095103,0.995460
865.067000,0.63546,4.41936,2.18000,0.01312,0.01091,-0.00210,-0.002281,-0.003142,0.095103,0.995460
865.100000,0.63546,4.41936,2.18000,0.01312,0.01091,-0.00210,-0.002281,-0.003142,0.095103,0.995460
865.134000,0.63546,4.41936,2.18000,0.01312,0.01091,-0.00210,-0.002281,-0.003142,0.095103,0.995460
865.167000,0.63546,4.41936,2.18000,0.01312,0.01091,-0.00210,-0.002281,-0.003142,0.095103,0.995460
865.200000,0.63546,4.41936,2.18000,0.01312,0.01091,-0.00210,-0.002281,-0.003142,0.095103,0.995460
865.234000,0.63546,4.41936,2.18000,0.01312,0.01091,-0.00210,-0.002281,-0.003142,0.095103,0.995460
865.268000,0.63546,4.44162,2.18000,-0.00348,0.01000,-0.00201,0.003034,-0.003119,0.095110,0.995457
865.300000,0.63546,4.44162,2.18000,-0.00348,0.01000,-0.00201,0.003034,-0.003119,0.095110,0.995457
865.334000,0.63546,4.44162,2.18000,-0.00348,0.01000,-0.00201,0.003034,-0.003119,0.095110,0.995457
865.367000,0.63546,4.44162,2.18000,-0.00348,0.01000,-0.00201,0.003034,-0.003119,0.095110,0.995457
865.400000,0.63546,4.44162,2.18000,-0.00348,0.01000,-0.00201,0.003034,-0.003119,0.095110,0.995457
865.434000,0.63546,4.44162,2.18000,-0.00348,0.01000,-0.00201,0.003034,-0.003119,0.095110,0.995457
865.467000,0.63546,4.44162,2.18000,-0.00348,0.01000,-0.00201,0.003034,-0.003119,0.095110,0.995457
865.500000,0.63546,4.44162,2.18000,-0.00348,0.01000,-0.00201,0.003034,-0.003119,0.095110,0.995457
865.535000,0.63546,4.44162,2.18000,-0.01527,-0.00399,0.00221,0.000681,-0.002233,0.095323,0.995444
865.567000,0.63546,4.44162,2.18000,-0.01527,-0.00399,0.00221,0.000681,-0.002233,0.095323,0.995444
865.600000,0.63546,4.44162,2.18000,-0.01527,-0.00399,0.00221,0.000681,-0.002233,0.095323,0.995444
865.634000,0.63546,4.44162,2.18000,-0.01527,-0.00399,0.00221,0.000681,-0.002233,0.095323,0.995444
865.667000,0.63546,4.44162,2.18000,-0.01527,-0.00399,0.00221,0.000681,-0.002233,0.095323,0.995444
865.700000,0.63546,4.44162,2.18000,-0.01527,-0.00399,0.00221,0.000681,-0.002233,0.095323,0.995444
865.734000,0.63546,4.44162,2.18000,-0.01527,-0.00399,0.00221,0.000681,-0.002233,0.095323,0.995444
865.768000,0.61731,4.44162,2.18000,-0.01952,-0.00943,0.00176,0.001625,0.000478,0.095189,0.995458
865.800000,0.61731,4.44162,2.18000,-0.01952,-0.00943,0.00176,0.001625,0.000478,0.095189,0.995458
865.834000,0.61731,4.44162,2.18000,-0.01952,-0.00943,0.00176,0.001625,0.000478,0.095189,0.995458
865.867000,0.61731,4.44162,2.18000,-0.01952,-0.00943,0.00176,0.001625,0.000478,0.095189,0.995458
865.900000,0.61731,4.44162,2.18000,-0.01952,-0.00943,0.00176,0.001625,0.000478,0.095189,0.995458
865.934000,0.61731,4.44162,2.18000,-0.01952,-0.00943,0.00176,0.001625,0.000478,0.095189,0.995458
865.968000,0.61731,4.44162,2.18000,-0.01952,-0.00943,0.00176,0.001625,0.000478,0.095189,0.995458
866.000000,0.61731,4.44162,2.18000,-0.01952,-0.00943,0.00176,0.001625,0.000478,0.095189,0.995458
866.035000,0.61731,4.44162,2.18000,-0.01461,-0.01797,0.00170,0.001369,0.000765,0.095381,0.995440
866.067000,0.61731,4.44162,2.18000,-0.01461,-0.01797,0.00170,0.001369,0.000765,0.095381,0.995440
866.100000,0.61731,4.44162,2.18000,-0.01461,-0.01797,0.00170,0.001369,0.000765,0.095381,0.995440
866.134000,0.61731,4.44162,2.18000,-0.01461,-0.01797,0.00170,0.001369,0.000765,0.095381,0.995440
866.167000,0.61731,4.44162,2.18000,-0.01461,-0.01797,0.00170,0.001369,0.000765,0.095381,0.995440
866.200000,0.61731,4.44162,2.18000,-0.01461,-0.01797,0.00170,0.001369,0.000765,0.095381,0.995440
866.234000,0.61731,4.44162,2.18000,-0.01461,-0.01797,0.00170,0.001369,0.000765,0.095381,0.995440
866.268000,0.61731,4.44162,2.18000,-0.01461,-0.01797,0.00170,-0.000661,0.000221,0.095322,0.995446
866.300000,0.61731,4.44162,2.18000,-0.01230,-0.01846,-0.00019,-0.000661,0.000221,0.095322,0.995446
866.334000,0.61731,4.44162,2.18000,-0.01230,-0.01846,-0.00019,-0.000661,0.000221,0.095322,0.995446
866.367000,0.61731,4.44162,2.18000,-0.01230,-0.01846,-0.00019,-0.000661,0.000221,0.095322,0.995446
866.400000,0.61731,4.44162,2.18000,-0.01230,-0.01846,-0.00019,-0.000661,0.000221,0.095322,0.995446
866.434000,0.61731,4.44162,2.18000,-0.01230,-0.01846,-0.00019,-0.000661,0.000221,0.095322,0.995446
866.467000,0.61731,4.44162,2.18000,-0.01230,-0.01846,-0.00019,-0.000661,0.000221,0.095322,0.995446
866.500000,0.61731,4.44162,2.18000,-0.01230,-0.01846,-0.00019,-0.000661,0.000221,0.095322,0.995446
866.535000,0.61731,4.41936,2.18000,-0.01008,-0.02391,0.00255,0.001765,0.000410,0.095496,0.995428
866.567000,0.61731,4.41936,2.18000,-0.01008,-0.02391,0.00255,0.001765,0.000410,0.095496,0.995428
866.600000,0.61731,4.41936,2.18000,-0.01008,-0.02391,0.00255,0.001765,0.000410,0.095496,0.995428
866.634000,0.61731,4.41936,2.18000,-0.01008,-0.02391,0.00255,0.001765,0.000410,0.095496,0.995428
866.667000,0.61731,4.41936,2.18000,-0.01008,-0.02391,0.00255,0.001765,0.000410,0.095496,0.995428
866.700000,0.61731,4.41936,2.18000,-0.01008,-0.02391,0.00255,0.001765,0.000410,0.095496,0.995428
866.734000,0.61731,4.41936,2.18000,-0.01008,-0.02391,0.00255,0.001765,0.000410,0.095496,0.995428
866.768000,0.61731,4.41936,2.18000,-0.00966,-0.01402,-0.00142,-0.004144,0.000133,0.095386,0.995432
866.800000,0.61731,4.41936,2.18000,-0.00966,-0.01402,-0.00142,-0.004144,0.000133,0.095386,0.995432
866.834000,0.61731,4.41936,2.18000,-0.00966,-0.01402,-0.00142,-0.004144,0.000133,0.095386,0.995432
866.867000,0.61731,4.41936,2.18000,-0.00966,-0.01402,-0.00142,-0.004144,0.000133,0.095386,0.995432
866.900000,0.61731,4.41936,2.18000,-0.00966,-0.01402,-0.00142,-0.004144,0.000133,0.095386,0.995432
866.934000,0.61731,4.41936,2.18000,-0.00966,-0.01402,-0.00142,-0.004144,0.000133,0.095386,0.995432
866.967000,0.61731,4.41936,2.18000,-0.00966,-0.01402,-0.00142,-0.004144,0.000133,0.095386,0.995432
867.000000,0.61731,4.41936,2.18000,-0.00966,-0.01402,-0.00142,-0.004144,0.000133,0.095386,0.995432
867.035000,0.61731,4.41936,2.18000,-0.00884,-0.00640,-0.00524,0.001387,0.000513,0.095487,0.995430
867.067000,0.61731,4.41936,2.18000,-0.00884,-0.00640,-0.00524,0.001387,0.000513,0.095487,0.995430
867.100000,0.61731,4.41936,2.18000,-0.00884,-0.00640,-0.00524,0.001387,0.000513,0.095487,0.995430
867.134000,0.61731,4.41936,2.18000,-0.00884,-0.00640,-0.00524,0.001387,0.000513,0.095487,0.995430
867.167000,0.61731,4.41936,2.18000,-0.00884,-0.00640,-0.00524,0.001387,0.000513,0.095487,0.995430
867.200000,0.61731,4.41936,2.18000,-0.00884,-0.00640,-0.00524,0.001387,0.000513,0.095487,0.995430
867.234000,0.61731,4.41936,2.18000,-0.00884,-0.00640,-0.00524,0.001387,0.000513,0.095487,0.995430
867.268000,0.61731,4.41936,2.18000,-0.00855,0.00052,-0.00294,-0.003496,-0.000066,0.095473,0.995426
867.300000,0.61731,4.41936,2.18000,-0.00855,0.00052,-0.00294,-0.003496,-0.000066,0.095473,0.995426
867.334000,0.61731,4.41936,2.18000,-0.00855,0.00052,-0.00294,-0.003496,-0.000066,0.095473,0.995426
867.367000,0.61731,4.41936,2.18000,-0.00855,0.00052,-0.00294,-0.003496,-0.000066,0.095473,0.995426
867.400000,0.61731,4.41936,2.18000,-0.00855,0.00052,-0.00294,-0.003496,-0.000066,0.095473,0.995426
867.434000,0.61731,4.41936,2.18000,-0.00855,0.00052,-0.00294,-0.003496,-0.000066,0.095473,0.995426
867.467000,0.61731,4.41936,2.18000,-0.00855,0.00052,-0.00294,-0.003496,-0.000066,0.095473,0.995426
867.500000,0.61731,4.41936,2.18000,-0.00855,0.00052,-0.00294,-0.003496,-0.000066,0.095473,0.995426
867.535000,0.61731,4.41936,2.18000,-0.00800,0.00305,-0.00284,0.002066,0.000364,0.095613,0.995416
867.567000,0.61731,4.41936,2.18000,-0.00800,0.00305,-0.00284,0.002066,0.000364,0.095613,0.995416
867.600000,0.61731,4.41936,2.18000,-0.00800,0.00305,-0.00284,0.002066,0.000364,0.095613,0.995416
867.634000,0.61731,4.41936,2.18000,-0.00800,0.00305,-0.00284,0.002066,0.000364,0.095613,0.995416
867.667000,0.61731,4.41936,2.18000,-0.00800,0.00305,-0.00284,0.002066,0.000364,0.095613,0.995416
867.700000,0.61731,4.41936,2.18000,-0.00800,0.00305,-0.00284,0.002066,0.000364,0.095613,0.995416
867.734000,0.61731,4.41936,2.18000,-0.00800,0.00305,-0.00284,0.002066,0.000364,0.095613,0.995416
867.768000,0.61731,4.41936,2.18000,-0.00746,0.00436,-0.00638,-0.003246,-0.000155,0.095517,0.995422
867.800000,0.61731,4.41936,2.18000,-0.00746,0.00436,-0.00638,-0.003246,-0.000155,0.095517,0.995422
867.834000,0.61731,4.41936,2.18000,-0.00746,0.00436,-0.00638,-0.003246,-0.000155,0.095517,0.995422
867.867000,0.61731,4.41936,2.18000,-0.00746,0.00436,-0.00638,-0.003246,-0.000155,0.095517,0.995422
867.900000,0.61731,4.41936,2.18000,-0.00746,0.00436,-0.00638,-0.003246,-0.000155,0.095517,0.995422
867.934000,0.61731,4.41936,2.18000,-0.00746,0.00436,-0.00638,-0.003246,-0.000155,0.095517,0.995422
867.967000,0.61731,4.41936,2.18000,-0.00746,0.00436,-0.00638,-0.003246,-0.000155,0.095517,0.995422
868.000000,0.61731,4.41936,2.18000,-0.00746,0.00436,-0.00638,-0.003246,-0.000155,0.095517,0.995422
868.035000,0.60823,4.41936,2.17000,-0.01191,0.00517,-0.00151,0.002983,-0.006550,0.095420,0.995411
868.067000,0.60823,4.41936,2.17000,-0.01191,0.00517,-0.00151,0.002983,-0.006550,0.095420,0.995411
868.100000,0.60823,4.41936,2.17000,-0.01191,0.00517,-0.00151,0.002983,-0.006550,0.095420,0.995411
868.134000,0.60823,4.41936,2.17000,-0.01191,0.00517,-0.00151,0.002983,-0.006550,0.095420,0.995411
868.168000,0.60823,4.41936,2.17000,-0.01191,0.00517,-0.00151,0.002983,-0.006550,0.095420,0.995411
868.200000,0.60823,4.41936,2.17000,-0.01191,0.00517,-0.00151,0.002983,-0.006550,0.095420,0.995411
868.234000,0.60823,4.41936,2.17000,-0.01191,0.00517,-0.00151,0.002983,-0.006550,0.095420,0.995411
868.268000,0.60823,4.41936,2.17000,-0.01191,0.00517,-0.00151,0.004831,-0.068262,0.095249,0.993098
868.300000,0.59915,4.41936,2.18000,-0.17052,-0.02787,0.00683,0.004831,-0.068262,0.095249,0.993098
868.334000,0.59915,4.41936,2.18000,-0.17052,-0.02787,0.00683,0.004831,-0.068262,0.095249,0.993098
868.367000,0.59915,4.41936,2.18000,-0.17052,-0.02787,0.00683,0.004831,-0.068262,0.095249,0.993098
868.401000,0.59915,4.41936,2.18000,-0.17052,-0.02787,0.00683,0.004831,-0.068262,0.095249,0.993098
868.434000,0.59915,4.41936,2.18000,-0.17052,-0.02787,0.00683,0.004831,-0.068262,0.095249,0.993098
868.467000,0.59915,4.41936,2.18000,-0.17052,-0.02787,0.00683,0.004831,-0.068262,0.095249,0.993098
868.500000,0.59915,4.41936,2.18000,-0.17052,-0.02787,0.00683,0.004831,-0.068262,0.095249,0.993098
868.535000,0.49021,4.39709,2.18000,-0.67105,-0.12206,0.00081,0.014912,-0.120341,0.066607,0.990383
868.567000,0.49021,4.39709,2.18000,-0.67105,-0.12206,0.00081,0.014912,-0.120341,0.066607,0.990383
868.601000,0.49021,4.39709,2.18000,-0.67105,-0.12206,0.00081,0.014912,-0.120341,0.066607,0.990383
868.634000,0.49021,4.39709,2.18000,-0.67105,-0.12206,0.00081,0.014912,-0.120341,0.066607,0.990383
868.668000,0.49021,4.39709,2.18000,-0.67105,-0.12206,0.00081,0.014912,-0.120341,0.066607,0.990383
868.701000,0.49021,4.39709,2.18000,-0.67105,-0.12206,0.00081,0.014912,-0.120341,0.066607,0.990383
868.734000,0.49021,4.39709,2.18000,-0.67105,-0.12206,0.00081,0.014912,-0.120341,0.066607,0.990383
868.768000,0.25419,4.35257,2.18000,-1.19813,-0.18709,0.00633,0.001290,-0.082813,-0.045563,0.995522
868.800000,0.25419,4.35257,2.18000,-1.19813,-0.18709,0.00633,0.001290,-0.082813,-0.045563,0.995522
868.834000,0.25419,4.35257,2.18000,-1.19813,-0.18709,0.00633,0.001290,-0.082813,-0.045563,0.995522
868.867000,0.25419,4.35257,2.18000,-1.19813,-0.18709,0.00633,0.001290,-0.082813,-0.045563,0.995522
868.900000,0.25419,4.35257,2.18000,-1.19813,-0.18709,0.00633,0.001290,-0.082813,-0.045563,0.995522
868.934000,0.25419,4.35257,2.18000,-1.19813,-0.18709,0.00633,0.001290,-0.082813,-0.045563,0.995522
868.967000,0.25419,4.35257,2.18000,-1.19813,-0.18709,0.00633,0.001290,-0.082813,-0.045563,0.995522
869.001000,0.25419,4.35257,2.18000,-1.19813,-0.18709,0.00633,0.001290,-0.082813,-0.045563,0.995522
869.035000,-0.08170,4.31917,2.18000,-1.47085,-0.09033,0.00783,-0.027161,-0.033473,-0.172445,0.984075
869.067000,-0.08170,4.31917,2.18000,-1.47085,-0.09033,0.00783,-0.027161,-0.033473,-0.172445,0.984075
869.101000,-0.08170,4.31917,2.18000,-1.47085,-0.09033,0.00783,-0.027161,-0.033473,-0.172445,0.984075
869.134000,-0.08170,4.31917,2.18000,-1.47085,-0.09033,0.00783,-0.027161,-0.033473,-0.172445,0.984075
869.167000,-0.08170,4.31917,2.18000,-1.47085,-0.09033,0.00783,-0.027161,-0.033473,-0.172445,0.984075
869.200000,-0.08170,4.31917,2.18000,-1.47085,-0.09033,0.00783,-0.027161,-0.033473,-0.172445,0.984075
869.234000,-0.08170,4.31917,2.18000,-1.47085,-0.09033,0.00783,-0.027161,-0.033473,-0.172445,0.984075
869.268000,-0.08170,4.31917,2.18000,-1.47085,-0.09033,0.00783,-0.044015,0.038110,-0.301237,0.951770
869.301000,-0.46298,4.31917,2.18000,-1.42712,0.07932,0.01116,-0.044015,0.038110,-0.301237,0.951770
869.334000,-0.46298,4.31917,2.18000,-1.42712,0.07932,0.01116,-0.044015,0.038110,-0.301237,0.951770
869.367000,-0.46298,4.31917,2.18000,-1.42712,0.07932,0.01116,-0.044015,0.038110,-0.301237,0.951770
869.400000,-0.46298,4.31917,2.18000,-1.42712,0.07932,0.01116,-0.044015,0.038110,-0.301237,0.951770
869.434000,-0.46298,4.31917,2.18000,-1.42712,0.07932,0.01116,-0.044015,0.038110,-0.301237,0.951770
869.467000,-0.46298,4.31917,2.18000,-1.42712,0.07932,0.01116,-0.044015,0.038110,-0.301237,0.951770
869.500000,-0.46298,4.31917,2.18000,-1.42712,0.07932,0.01116,-0.044015,0.038110,-0.301237,0.951770
869.535000,-0.77163,4.35257,2.18000,-0.98746,0.15379,0.00865,-0.048268,0.107038,-0.425384,0.897364
869.567000,-0.77163,4.35257,2.18000,-0.98746,0.15379,0.00865,-0.048268,0.107038,-0.425384,0.897364
869.601000,-0.77163,4.35257,2.18000,-0.98746,0.15379,0.00865,-0.048268,0.107038,-0.425384,0.897364
869.634000,-0.77163,4.35257,2.18000,-0.98746,0.15379,0.00865,-0.048268,0.107038,-0.425384,0.897364
869.667000,-0.77163,4.35257,2.18000,-0.98746,0.15379,0.00865,-0.048268,0.107038,-0.425384,0.897364
869.700000,-0.77163,4.35257,2.18000,-0.98746,0.15379,0.00865,-0.048268,0.107038,-0.425384,0.897364
869.734000,-0.77163,4.35257,2.18000,-0.98746,0.15379,0.00865,-0.048268,0.107038,-0.425384,0.897364
869.768000,-0.94412,4.38596,2.18000,-0.40987,0.09327,0.01170,-0.041661,0.092802,-0.536306,0.837871
869.801000,-0.94412,4.38596,2.18000,-0.40987,0.09327,0.01170,-0.041661,0.092802,-0.536306,0.837871
869.834000,-0.94412,4.38596,2.18000,-0.40987,0.09327,0.01170,-0.041661,0.092802,-0.536306,0.837871
869.867000,-0.94412,4.38596,2.18000,-0.40987,0.09327,0.01170,-0.041661,0.092802,-0.536306,0.837871
869.900000,-0.94412,4.38596,2.18000,-0.40987,0.09327,0.01170,-0.041661,0.092802,-0.536306,0.837871
869.934000,-0.94412,4.38596,2.18000,-0.40987,0.09327,0.01170,-0.041661,0.092802,-0.536306,0.837871
869.967000,-0.94412,4.38596,2.18000,-0.40987,0.09327,0.01170,-0.041661,0.092802,-0.536306,0.837871
870.000000,-0.94412,4.38596,2.18000,-0.40987,0.09327,0.01170,-0.041661,0.092802,-0.536306,0.837871
870.035000,-0.98951,4.38596,2.18000,-0.02922,0.04061,0.00214,-0.026106,0.047658,-0.575292,0.816141
870.067000,-0.98951,4.38596,2.18000,-0.02922,0.04061,0.00214,-0.026106,0.047658,-0.575292,0.816141
870.100000,-0.98951,4.38596,2.18000,-0.02922,0.04061,0.00214,-0.026106,0.047658,-0.575292,0.816141
870.134000,-0.98951,4.38596,2.18000,-0.02922,0.04061,0.00214,-0.026106,0.047658,-0.575292,0.816141
870.167000,-0.98951,4.38596,2.18000,-0.02922,0.04061,0.00214,-0.026106,0.047658,-0.575292,0.816141
870.200000,-0.98951,4.38596,2.18000,-0.02922,0.04061,0.00214,-0.026106,0.047658,-0.575292,0.816141
870.234000,-0.98951,4.38596,2.18000,-0.02922,0.04061,0.00214,-0.026106,0.047658,-0.575292,0.816141
870.268000,-0.98951,4.38596,2.18000,-0.02922,0.04061,0.00214,-0.007437,0.014545,-0.587426,0.809113
870.300000,-0.96227,4.39709,2.18000,0.13591,0.02249,-0.00921,-0.007437,0.014545,-0.587426,0.809113
870.334000,-0.96227,4.39709,2.18000,0.13591,0.02249,-0.00921,-0.007437,0.014545,-0.587426,0.809113
870.367000,-0.96227,4.39709,2.18000,0.13591,0.02249,-0.00921,-0.007437,0.014545,-0.587426,0.809113
870.400000,-0.96227,4.39709,2.18000,0.13591,0.02249,-0.00921,-0.007437,0.014545,-0.587426,0.809113
870.434000,-0.96227,4.39709,2.18000,0.13591,0.02249,-0.00921,-0.007437,0.014545,-0.587426,0.809113
870.467000,-0.96227,4.39709,2.18000,0.13591,0.02249,-0.00921,-0.007437,0.014545,-0.587426,0.809113
870.500000,-0.96227,4.39709,2.18000,0.13591,0.02249,-0.00921,-0.007437,0.014545,-0.587426,0.809113
870.535000,-0.92596,4.39709,2.18000,0.17001,0.01619,-0.01356,0.000005,0.000315,-0.591883,0.806024
870.567000,-0.92596,4.39709,2.18000,0.17001,0.01619,-0.01356,0.000005,0.000315,-0.591883,0.806024
870.600000,-0.92596,4.39709,2.18000,0.17001,0.01619,-0.01356,0.000005,0.000315,-0.591883,0.806024
870.634000,-0.92596,4.39709,2.18000,0.17001,0.01619,-0.01356,0.000005,0.000315,-0.591883,0.806024
870.667000,-0.92596,4.39709,2.18000,0.17001,0.01619,-0.01356,0.000005,0.000315,-0.591883,0.806024
870.700000,-0.92596,4.39709,2.18000,0.17001,0.01619,-0.01356,0.000005,0.000315,-0.591883,0.806024
870.734000,-0.92596,4.39709,2.18000,0.17001,0.01619,-0.01356,0.000005,0.000315,-0.591883,0.806024
870.768000,-0.90780,4.40823,2.18000,0.13252,0.01305,-0.01140,0.008900,-0.010169,-0.593140,0.804986
870.800000,-0.90780,4.40823,2.18000,0.13252,0.01305,-0.01140,0.008900,-0.010169,-0.593140,0.804986
870.834000,-0.90780,4.40823,2.18000,0.13252,0.01305,-0.01140,0.008900,-0.010169,-0.593140,0.804986
870.867000,-0.90780,4.40823,2.18000,0.13252,0.01305,-0.01140,0.008900,-0.010169,-0.593140,0.804986
870.900000,-0.90780,4.40823,2.18000,0.13252,0.01305,-0.01140,0.008900,-0.010169,-0.593140,0.804986
870.934000,-0.90780,4.40823,2.18000,0.13252,0.01305,-0.01140,0.008900,-0.010169,-0.593140,0.804986
870.967000,-0.90780,4.40823,2.18000,0.13252,0.01305,-0.01140,0.008900,-0.010169,-0.593140,0.804986
871.000000,-0.90780,4.40823,2.18000,0.13252,0.01305,-0.01140,0.008900,-0.010169,-0.593140,0.804986
871.035000,-0.87149,4.40823,2.18000,0.07443,0.00961,-0.00725,0.005815,-0.007930,-0.593524,0.804756
871.067000,-0.87149,4.40823,2.18000,0.07443,0.00961,-0.00725,0.005815,-0.007930,-0.593524,0.804756
871.100000,-0.87149,4.40823,2.18000,0.07443,0.00961,-0.00725,0.005815,-0.007930,-0.593524,0.804756
871.134000,-0.87149,4.40823,2.18000,0.07443,0.00961,-0.00725,0.005815,-0.007930,-0.593524,0.804756
871.167000,-0.87149,4.40823,2.18000,0.07443,0.00961,-0.00725,0.005815,-0.007930,-0.593524,0.804756
871.200000,-0.87149,4.40823,2.18000,0.07443,0.00961,-0.00725,0.005815,-0.007930,-0.593524,0.804756
871.234000,-0.87149,4.40823,2.18000,0.07443,0.00961,-0.00725,0.005815,-0.007930,-0.593524,0.804756
871.268000,-0.87149,4.40823,2.18000,0.07443,0.00961,-0.00725,0.009483,-0.010927,-0.593371,0.804799
871.300000,-0.86241,4.40823,2.18000,0.01247,0.00652,0.00148,0.009483,-0.010927,-0.593371,0.804799
871.334000,-0.86241,4.40823,2.18000,0.01247,0.00652,0.00148,0.009483,-0.010927,-0.593371,0.804799
871.367000,-0.86241,4.40823,2.18000,0.01247,0.00652,0.00148,0.009483,-0.010927,-0.593371,0.804799
871.400000,-0.86241,4.40823,2.18000,0.01247,0.00652,0.00148,0.009483,-0.010927,-0.593371,0.804799
871.434000,-0.86241,4.40823,2.18000,0.01247,0.00652,0.00148,0.009483,-0.010927,-0.593371,0.804799
871.467000,-0.86241,4.40823,2.18000,0.01247,0.00652,0.00148,0.009483,-0.010927,-0.593371,0.804799
871.500000,-0.86241,4.40823,2.18000,0.01247,0.00652,0.00148,0.009483,-0.010927,-0.593371,0.804799
871.535000,-0.86241,4.40823,2.18000,-0.03689,0.00601,-0.00301,0.002713,-0.005106,-0.593109,0.805101
871.567000,-0.86241,4.40823,2.18000,-0.03689,0.00601,-0.00301,0.002713,-0.005106,-0.593109,0.805101
871.600000,-0.86241,4.40823,2.18000,-0.03689,0.00601,-0.00301,0.002713,-0.005106,-0.593109,0.805101
871.634000,-0.86241,4.40823,2.18000,-0.03689,0.00601,-0.00301,0.002713,-0.005106,-0.593109,0.805101
871.667000,-0.86241,4.40823,2.18000,-0.03689,0.00601,-0.00301,0.002713,-0.005106,-0.593109,0.805101
871.700000,-0.86241,4.40823,2.18000,-0.03689,0.00601,-0.00301,0.002713,-0.005106,-0.593109,0.805101
871.734000,-0.86241,4.40823,2.18000,-0.03689,0.00601,-0.00301,0.002713,-0.005106,-0.593109,0.805101
871.768000,-0.87149,4.40823,2.17000,-0.06611,0.00721,0.00124,0.004071,-0.004808,-0.592686,0.805409
871.800000,-0.87149,4.40823,2.17000,-0.06611,0.00721,0.00124,0.004071,-0.004808,-0.592686,0.805409
871.834000,-0.87149,4.40823,2.17000,-0.06611,0.00721,0.00124,0.004071,-0.004808,-0.592686,0.805409
871.867000,-0.87149,4.40823,2.17000,-0.06611,0.00721,0.00124,0.004071,-0.004808,-0.592686,0.805409
871.900000,-0.87149,4.40823,2.17000,-0.06611,0.00721,0.00124,0.004071,-0.004808,-0.592686,0.805409
871.934000,-0.87149,4.40823,2.17000,-0.06611,0.00721,0.00124,0.004071,-0.004808,-0.592686,0.805409
871.967000,-0.87149,4.40823,2.17000,-0.06611,0.00721,0.00124,0.004071,-0.004808,-0.592686,0.805409
872.000000,-0.87149,4.40823,2.17000,-0.06611,0.00721,0.00124,0.004071,-0.004808,-0.592686,0.805409
872.035000,-0.89873,4.40823,2.18000,-0.08401,0.00731,0.00161,0.000016,-0.001020,-0.592070,0.805886
872.067000,-0.89873,4.40823,2.18000,-0.08401,0.00731,0.00161,0.000016,-0.001020,-0.592070,0.805886
872.100000,-0.89873,4.40823,2.18000,-0.08401,0.00731,0.00161,0.000016,-0.001020,-0.592070,0.805886
872.134000,-0.89873,4.40823,2.18000,-0.08401,0.00731,0.00161,0.000016,-0.001020,-0.592070,0.805886
872.167000,-0.89873,4.40823,2.18000,-0.08401,0.00731,0.00161,0.000016,-0.001020,-0.592070,0.805886
872.200000,-0.89873,4.40823,2.18000,-0.08401,0.00731,0.00161,0.000016,-0.001020,-0.592070,0.805886
872.234000,-0.89873,4.40823,2.18000,-0.08401,0.00731,0.00161,0.000016,-0.001020,-0.592070,0.805886
872.268000,-0.90780,4.41936,2.18000,-0.08074,0.00787,0.00223,-0.000154,0.001815,-0.591711,0.806148
872.300000,-0.90780,4.41936,2.18000,-0.08074,0.00787,0.00223,-0.000154,0.001815,-0.591711,0.806148
872.334000,-0.90780,4.41936,2.18000,-0.08074,0.00787,0.00223,-0.000154,0.001815,-0.591711,0.806148
872.367000,-0.90780,4.41936,2.18000,-0.08074,0.00787,0.00223,-0.000154,0.001815,-0.591711,0.806148
872.400000,-0.90780,4.41936,2.18000,-0.08074,0.00787,0.00223,-0.000154,0.001815,-0.591711,0.806148
872.434000,-0.90780,4.41936,2.18000,-0.08074,0.00787,0.00223,-0.000154,0.001815,-0.591711,0.806148
872.467000,-0.90780,4.41936,2.18000,-0.08074,0.00787,0.00223,-0.000154,0.001815,-0.591711,0.806148
872.500000,-0.90780,4.41936,2.18000,-0.08074,0.00787,0.00223,-0.000154,0.001815,-0.591711,0.806148
872.535000,-0.92596,4.41936,2.18000,-0.07116,0.00209,0.00097,-0.000598,0.002542,-0.591068,0.806618
872.567000,-0.92596,4.41936,2.18000,-0.07116,0.00209,0.00097,-0.000598,0.002542,-0.591068,0.806618
872.600000,-0.92596,4.41936,2.18000,-0.07116,0.00209,0.00097,-0.000598,0.002542,-0.591068,0.806618
872.634000,-0.92596,4.41936,2.18000,-0.07116,0.00209,0.00097,-0.000598,0.002542,-0.591068,0.806618
872.667000,-0.92596,4.41936,2.18000,-0.07116,0.00209,0.00097,-0.000598,0.002542,-0.591068,0.806618
872.700000,-0.92596,4.41936,2.18000,-0.07116,0.00209,0.00097,-0.000598,0.002542,-0.591068,0.806618
872.734000,-0.92596,4.41936,2.18000,-0.07116,0.00209,0.00097,-0.000598,0.002542,-0.591068,0.806618
872.768000,-0.95319,4.41936,2.18000,-0.05136,0.00025,0.00103,-0.003339,0.004387,-0.590777,0.806816
872.800000,-0.95319,4.41936,2.18000,-0.05136,0.00025,0.00103,-0.003339,0.004387,-0.590777,0.806816
872.834000,-0.95319,4.41936,2.18000,-0.05136,0.00025,0.00103,-0.003339,0.004387,-0.590777,0.806816
872.867000,-0.95319,4.41936,2.18000,-0.05136,0.00025,0.00103,-0.003339,0.004387,-0.590777,0.806816
872.900000,-0.95319,4.41936,2.18000,-0.05136,0.00025,0.00103,-0.003339,0.004387,-0.590777,0.806816
872.934000,-0.95319,4.41936,2.18000,-0.05136,0.00025,0.00103,-0.003339,0.004387,-0.590777,0.806816
872.967000,-0.95319,4.41936,2.18000,-0.05136,0.00025,0.00103,-0.003339,0.004387,-0.590777,0.806816
873.000000,-0.95319,4.41936,2.18000,-0.05136,0.00025,0.00103,-0.003339,0.004387,-0.590777,0.806816
873.035000,-0.95319,4.41936,2.17000,-0.03084,-0.00150,-0.00057,-0.000710,0.002429,-0.590246,0.807219
873.067000,-0.95319,4.41936,2.17000,-0.03084,-0.00150,-0.00057,-0.000710,0.002429,-0.590246,0.807219
873.100000,-0.95319,4.41936,2.17000,-0.03084,-0.00150,-0.00057,-0.000710,0.002429,-0.590246,0.807219
873.134000,-0.95319,4.41936,2.17000,-0.03084,-0.00150,-0.00057,-0.000710,0.002429,-0.590246,0.807219
873.167000,-0.95319,4.41936,2.17000,-0.03084,-0.00150,-0.00057,-0.000710,0.002429,-0.590246,0.807219
873.200000,-0.95319,4.41936,2.17000,-0.03084,-0.00150,-0.00057,-0.000710,0.002429,-0.590246,0.807219
873.234000,-0.95319,4.41936,2.17000,-0.03084,-0.00150,-0.00057,-0.000710,0.002429,-0.590246,0.807219
873.268000,-0.95319,4.41936,2.18000,-0.01260,-0.00168,0.00167,-0.003729,0.003783,-0.589908,0.807453
873.300000,-0.95319,4.41936,2.18000,-0.01260,-0.00168,0.00167,-0.003729,0.003783,-0.589908,0.807453
873.334000,-0.95319,4.41936,2.18000,-0.01260,-0.00168,0.00167,-0.003729,0.003783,-0.589908,0.807453
873.367000,-0.95319,4.41936,2.18000,-0.01260,-0.00168,0.00167,-0.003729,0.003783,-0.589908,0.807453
873.400000,-0.95319,4.41936,2.18000,-0.01260,-0.00168,0.00167,-0.003729,0.003783,-0.589908,0.807453
873.434000,-0.95319,4.41936,2.18000,-0.01260,-0.00168,0.00167,-0.003729,0.003783,-0.589908,0.807453
873.467000,-0.95319,4.41936,2.18000,-0.01260,-0.00168,0.00167,-0.003729,0.003783,-0.589908,0.807453
873.500000,-0.95319,4.41936,2.18000,-0.01260,-0.00168,0.00167,-0.003729,0.003783,-0.589908,0.807453
873.535000,-0.96227,4.41936,2.18000,-0.00236,-0.00200,-0.00155,0.000973,0.000060,-0.589294,0.807918
873.567000,-0.96227,4.41936,2.18000,-0.00236,-0.00200,-0.00155,0.000973,0.000060,-0.589294,0.807918
873.600000,-0.96227,4.41936,2.18000,-0.00236,-0.00200,-0.00155,0.000973,0.000060,-0.589294,0.807918
873.634000,-0.96227,4.41936,2.18000,-0.00236,-0.00200,-0.00155,0.000973,0.000060,-0.589294,0.807918
873.667000,-0.96227,4.41936,2.18000,-0.00236,-0.00200,-0.00155,0.000973,0.000060,-0.589294,0.807918
873.700000,-0.96227,4.41936,2.18000,-0.00236,-0.00200,-0.00155,0.000973,0.000060,-0.589294,0.807918
873.734000,-0.96227,4.41936,2.18000,-0.00236,-0.00200,-0.00155,0.000973,0.000060,-0.589294,0.807918
873.768000,-0.95319,4.41936,2.18000,0.00863,-0.00183,-0.00119,-0.003523,0.003322,-0.589044,0.808087
873.800000,-0.95319,4.41936,2.18000,0.00863,-0.00183,-0.00119,-0.003523,0.003322,-0.589044,0.808087
873.834000,-0.95319,4.41936,2.18000,0.00863,-0.00183,-0.00119,-0.003523,0.003322,-0.589044,0.808087
873.867000,-0.95319,4.41936,2.18000,0.00863,-0.00183,-0.00119,-0.003523,0.003322,-0.589044,0.808087
873.900000,-0.95319,4.41936,2.18000,0.00863,-0.00183,-0.00119,-0.003523,0.003322,-0.589044,0.808087
873.934000,-0.95319,4.41936,2.18000,0.00863,-0.00183,-0.00119,-0.003523,0.003322,-0.589044,0.808087
873.967000,-0.95319,4.41936,2.18000,0.00863,-0.00183,-0.00119,-0.003523,0.003322,-0.589044,0.808087
874.000000,-0.95319,4.41936,2.18000,0.00863,-0.00183,-0.00119,-0.003523,0.003322,-0.589044,0.808087
874.035000,-0.95319,4.41936,2.18000,0.01409,-0.00185,-0.00165,0.001935,-0.001287,-0.588696,0.808351
874.067000,-0.95319,4.41936,2.18000,0.01409,-0.00185,-0.00165,0.001935,-0.001287,-0.588696,0.808351
874.100000,-0.95319,4.41936,2.18000,0.01409,-0.00185,-0.00165,0.001935,-0.001287,-0.588696,0.808351
874.134000,-0.95319,4.41936,2.18000,0.01409,-0.00185,-0.00165,0.001935,-0.001287,-0.588696,0.808351
874.167000,-0.95319,4.41936,2.18000,0.01409,-0.00185,-0.00165,0.001935,-0.001287,-0.588696,0.808351
874.200000,-0.95319,4.41936,2.18000,0.01409,-0.00185,-0.00165,0.001935,-0.001287,-0.588696,0.808351
874.234000,-0.95319,4.41936,2.18000,0.01409,-0.00185,-0.00165,0.001935,-0.001287,-0.588696,0.808351
874.268000,-0.95319,4.41936,2.18000,0.01255,-0.00257,0.00217,-0.001800,0.001288,-0.588376,0.808584
874.300000,-0.95319,4.41936,2.18000,0.01255,-0.00257,0.00217,-0.001800,0.001288,-0.588376,0.808584
874.334000,-0.95319,4.41936,2.18000,0.01255,-0.00257,0.00217,-0.001800,0.001288,-0.588376,0.808584
874.367000,-0.95319,4.41936,2.18000,0.01255,-0.00257,0.00217,-0.001800,0.001288,-0.588376,0.808584
874.401000,-0.95319,4.41936,2.18000,0.01255,-0.00257,0.00217,-0.001800,0.001288,-0.588376,0.808584
874.434000,-0.95319,4.41936,2.18000,0.01255,-0.00257,0.00217,-0.001800,0.001288,-0.588376,0.808584
874.467000,-0.95319,4.41936,2.18000,0.01255,-0.00257,0.00217,-0.001800,0.001288,-0.588376,0.808584
874.500000,-0.95319,4.41936,2.18000,0.01255,-0.00257,0.00217,-0.001800,0.001288,-0.588376,0.808584
874.535000,-0.95319,4.41936,2.18000,0.01457,-0.00197,0.00070,0.001076,-0.000735,-0.588086,0.808797
874.567000,-0.95319,4.41936,2.18000,0.01457,-0.00197,0.00070,0.001076,-0.000735,-0.588086,0.808797
874.600000,-0.95319,4.41936,2.18000,0.01457,-0.00197,0.00070,0.001076,-0.000735,-0.588086,0.808797
874.634000,-0.95319,4.41936,2.18000,0.01457,-0.00197,0.00070,0.001076,-0.000735,-0.588086,0.808797
874.667000,-0.95319,4.41936,2.18000,0.01457,-0.00197,0.00070,0.001076,-0.000735,-0.588086,0.808797
874.700000,-0.95319,4.41936,2.18000,0.01457,-0.00197,0.00070,0.001076,-0.000735,-0.588086,0.808797
874.734000,-0.95319,4.41936,2.18000,0.01457,-0.00197,0.00070,0.001076,-0.000735,-0.588086,0.808797
874.768000,-0.95319,4.41936,2.18000,0.01136,-0.00329,0.00553,-0.000328,0.000308,-0.587656,0.809111
874.800000,-0.95319,4.41936,2.18000,0.01136,-0.00329,0.00553,-0.000328,0.000308,-0.587656,0.809111
874.834000,-0.95319,4.41936,2.18000,0.01136,-0.00329,0.00553,-0.000328,0.000308,-0.587656,0.809111
874.867000,-0.95319,4.41936,2.18000,0.01136,-0.00329,0.00553,-0.000328,0.000308,-0.587656,0.809111
874.900000,-0.95319,4.41936,2.18000,0.01136,-0.00329,0.00553,-0.000328,0.000308,-0.587656,0.809111
874.934000,-0.95319,4.41936,2.18000,0.01136,-0.00329,0.00553,-0.000328,0.000308,-0.587656,0.809111
874.967000,-0.95319,4.41936,2.18000,0.01136,-0.00329,0.00553,-0.000328,0.000308,-0.587656,0.809111
875.001000,-0.95319,4.41936,2.18000,0.01136,-0.00329,0.00553,-0.000328,0.000308,-0.587656,0.809111
875.035000,-0.95319,4.41936,2.18000,0.01363,-0.00245,0.00425,-0.000257,0.000080,-0.587561,0.809180
875.067000,-0.95319,4.41936,2.18000,0.01363,-0.00245,0.00425,-0.000257,0.000080,-0.587561,0.809180
875.100000,-0.95319,4.41936,2.18000,0.01363,-0.00245,0.00425,-0.000257,0.000080,-0.587561,0.809180
875.134000,-0.95319,4.41936,2.18000,0.01363,-0.00245,0.00425,-0.000257,0.000080,-0.587561,0.809180
875.167000,-0.95319,4.41936,2.18000,0.01363,-0.00245,0.00425,-0.000257,0.000080,-0.587561,0.809180
875.200000,-0.95319,4.41936,2.18000,0.01363,-0.00245,0.00425,-0.000257,0.000080,-0.587561,0.809180
875.234000,-0.95319,4.41936,2.18000,0.01363,-0.00245,0.00425,-0.000257,0.000080,-0.587561,0.809180
875.268000,-0.95319,4.41936,2.18000,0.01363,-0.00245,0.00425,0.001044,-0.000745,-0.587173,0.809461
875.300000,-0.95319,4.41936,2.18000,0.01060,-0.00329,0.00135,0.001044,-0.000745,-0.587173,0.809461
875.334000,-0.95319,4.41936,2.18000,0.01060,-0.00329,0.00135,0.001044,-0.000745,-0.587173,0.809461
875.367000,-0.95319,4.41936,2.18000,0.01060,-0.00329,0.00135,0.001044,-0.000745,-0.587173,0.809461
875.400000,-0.95319,4.41936,2.18000,0.01060,-0.00329,0.00135,0.001044,-0.000745,-0.587173,0.809461
875.434000,-0.95319,4.41936,2.18000,0.01060,-0.00329,0.00135,0.001044,-0.000745,-0.587173,0.809461
875.467000,-0.95319,4.41936,2.18000,0.01060,-0.00329,0.00135,0.001044,-0.000745,-0.587173,0.809461
875.500000,-0.95319,4.41936,2.18000,0.01060,-0.00329,0.00135,0.001044,-0.000745,-0.587173,0.809461
875.535000,-0.95319,4.41936,2.18000,0.01252,-0.00240,-0.00466,-0.001774,0.001127,-0.587100,0.809511
875.567000,-0.95319,4.41936,2.18000,0.01252,-0.00240,-0.00466,-0.001774,0.001127,-0.587100,0.809511
875.600000,-0.95319,4.41936,2.18000,0.01252,-0.00240,-0.00466,-0.001774,0.001127,-0.587100,0.809511
875.634000,-0.95319,4.41936,2.18000,0.01252,-0.00240,-0.00466,-0.001774,0.001127,-0.587100,0.809511
875.667000,-0.95319,4.41936,2.18000,0.01252,-0.00240,-0.00466,-0.001774,0.001127,-0.587100,0.809511
875.700000,-0.95319,4.41936,2.18000,0.01252,-0.00240,-0.00466,-0.001774,0.001127,-0.587100,0.809511
875.734000,-0.95319,4.41936,2.18000,0.01252,-0.00240,-0.00466,-0.001774,0.001127,-0.587100,0.809511
875.768000,-0.95319,4.41936,2.18000,0.01252,-0.00240,-0.00466,0.002290,-0.001698,-0.586702,0.809798
875.800000,-0.95319,4.41936,2.18000,0.01120,-0.00224,-0.00620,0.002290,-0.001698,-0.586702,0.809798
875.834000,-0.95319,4.41936,2.18000,0.01120,-0.00224,-0.00620,0.002290,-0.001698,-0.586702,0.809798
875.867000,-0.95319,4.41936,2.18000,0.01120,-0.00224,-0.00620,0.002290,-0.001698,-0.586702,0.809798
875.900000,-0.95319,4.41936,2.18000,0.01120,-0.00224,-0.00620,0.002290,-0.001698,-0.586702,0.809798
875.934000,-0.95319,4.41936,2.18000,0.01120,-0.00224,-0.00620,0.002290,-0.001698,-0.586702,0.809798
875.967000,-0.95319,4.41936,2.18000,0.01120,-0.00224,-0.00620,0.002290,-0.001698,-0.586702,0.809798
876.000000,-0.95319,4.41936,2.18000,0.01120,-0.00224,-0.00620,0.002290,-0.001698,-0.586702,0.809798
876.035000,-0.94412,4.41936,2.18000,0.01140,-0.00225,-0.00261,-0.002208,0.001558,-0.586499,0.809946
876.067000,-0.94412,4.41936,2.18000,0.01140,-0.00225,-0.00261,-0.002208,0.001558,-0.586499,0.809946
876.100000,-0.94412,4.41936,2.18000,0.01140,-0.00225,-0.00261,-0.002208,0.001558,-0.586499,0.809946
876.134000,-0.94412,4.41936,2.18000,0.01140,-0.00225,-0.00261,-0.002208,0.001558,-0.586499,0.809946
876.167000,-0.94412,4.41936,2.18000,0.01140,-0.00225,-0.00261,-0.002208,0.001558,-0.586499,0.809946
876.200000,-0.94412,4.41936,2.18000,0.01140,-0.00225,-0.00261,-0.002208,0.001558,-0.586499,0.809946
876.234000,-0.94412,4.41936,2.18000,0.01140,-0.00225,-0.00261,-0.002208,0.001558,-0.586499,0.809946
876.268000,-0.94412,4.41936,2.18000,0.01140,-0.00225,-0.00261,0.002384,-0.002049,-0.586335,0.810063
876.301000,-0.94412,4.41936,2.18000,0.00807,-0.00233,-0.00016,0.002384,-0.002049,-0.586335,0.810063
876.334000,-0.94412,4.41936,2.18000,0.00807,-0.00233,-0.00016,0.002384,-0.002049,-0.586335,0.810063
876.367000,-0.94412,4.41936,2.18000,0.00807,-0.00233,-0.00016,0.002384,-0.002049,-0.586335,0.810063
876.400000,-0.94412,4.41936,2.18000,0.00807,-0.00233,-0.00016,0.002384,-0.002049,-0.586335,0.810063
876.434000,-0.94412,4.41936,2.18000,0.00807,-0.00233,-0.00016,0.002384,-0.002049,-0.586335,0.810063
876.467000,-0.94412,4.41936,2.18000,0.00807,-0.00233,-0.00016,0.002384,-0.002049,-0.586335,0.810063
876.500000,-0.94412,4.41936,2.18000,0.00807,-0.00233,-0.00016,0.002384,-0.002049,-0.586335,0.810063
876.535000,-0.92596,4.41936,2.18000,0.06949,0.01878,0.00235,-0.033465,0.024155,-0.585582,0.809561
876.567000,-0.92596,4.41936,2.18000,0.06949,0.01878,0.00235,-0.033465,0.024155,-0.585582,0.809561
876.600000,-0.92596,4.41936,2.18000,0.06949,0.01878,0.00235,-0.033465,0.024155,-0.585582,0.809561
876.634000,-0.92596,4.41936,2.18000,0.06949,0.01878,0.00235,-0.033465,0.024155,-0.585582,0.809561
876.667000,-0.92596,4.41936,2.18000,0.06949,0.01878,0.00235,-0.033465,0.024155,-0.585582,0.809561
876.700000,-0.92596,4.41936,2.18000,0.06949,0.01878,0.00235,-0.033465,0.024155,-0.585582,0.809561
876.734000,-0.92596,4.41936,2.18000,0.06949,0.01878,0.00235,-0.033465,0.024155,-0.585582,0.809561
876.768000,-0.87149,4.44162,2.18000,0.42562,0.13780,-0.00523,-0.086903,0.062561,-0.579003,0.808263
876.800000,-0.87149,4.44162,2.18000,0.42562,0.13780,-0.00523,-0.086903,0.062561,-0.579003,0.808263
876.834000,-0.87149,4.44162,2.18000,0.42562,0.13780,-0.00523,-0.086903,0.062561,-0.579003,0.808263
876.867000,-0.87149,4.44162,2.18000,0.42562,0.13780,-0.00523,-0.086903,0.062561,-0.579003,0.808263
876.901000,-0.87149,4.44162,2.18000,0.42562,0.13780,-0.00523,-0.086903,0.062561,-0.579003,0.808263
876.934000,-0.87149,4.44162,2.18000,0.42562,0.13780,-0.00523,-0.086903,0.062561,-0.579003,0.808263
876.967000,-0.87149,4.44162,2.18000,0.42562,0.13780,-0.00523,-0.086903,0.062561,-0.579003,0.808263
877.000000,-0.87149,4.44162,2.18000,0.42562,0.13780,-0.00523,-0.086903,0.062561,-0.579003,0.808263
877.035000,-0.69901,4.48615,2.18000,0.95169,0.32288,0.01128,-0.080851,0.061509,-0.506676,0.856131
877.067000,-0.69901,4.48615,2.18000,0.95169,0.32288,0.01128,-0.080851,0.061509,-0.506676,0.856131
877.100000,-0.69901,4.48615,2.18000,0.95169,0.32288,0.01128,-0.080851,0.061509,-0.506676,0.856131
877.134000,-0.69901,4.48615,2.18000,0.95169,0.32288,0.01128,-0.080851,0.061509,-0.506676,0.856131
877.167000,-0.69901,4.48615,2.18000,0.95169,0.32288,0.01128,-0.080851,0.061509,-0.506676,0.856131
877.201000,-0.69901,4.48615,2.18000,0.95169,0.32288,0.01128,-0.080851,0.061509,-0.506676,0.856131
877.234000,-0.69901,4.48615,2.18000,0.95169,0.32288,0.01128,-0.080851,0.061509,-0.506676,0.856131
877.268000,-0.69901,4.48615,2.18000,0.95169,0.32288,0.01128,-0.054832,0.014450,-0.397797,0.915720
877.300000,-0.42667,4.58634,2.18000,1.27788,0.52488,0.01097,-0.054832,0.014450,-0.397797,0.915720
877.334000,-0.42667,4.58634,2.18000,1.27788,0.52488,0.01097,-0.054832,0.014450,-0.397797,0.915720
877.367000,-0.42667,4.58634,2.18000,1.27788,0.52488,0.01097,-0.054832,0.014450,-0.397797,0.915720
877.400000,-0.42667,4.58634,2.18000,1.27788,0.52488,0.01097,-0.054832,0.014450,-0.397797,0.915720
877.434000,-0.42667,4.58634,2.18000,1.27788,0.52488,0.01097,-0.054832,0.014450,-0.397797,0.915720
877.467000,-0.42667,4.58634,2.18000,1.27788,0.52488,0.01097,-0.054832,0.014450,-0.397797,0.915720
877.500000,-0.42667,4.58634,2.18000,1.27788,0.52488,0.01097,-0.054832,0.014450,-0.397797,0.915720
877.535000,-0.09078,4.74218,2.18000,1.29345,0.72128,0.00902,-0.018707,-0.034896,-0.273622,0.961022
877.567000,-0.09078,4.74218,2.18000,1.29345,0.72128,0.00902,-0.018707,-0.034896,-0.273622,0.961022
877.601000,-0.09078,4.74218,2.18000,1.29345,0.72128,0.00902,-0.018707,-0.034896,-0.273622,0.961022
877.634000,-0.09078,4.74218,2.18000,1.29345,0.72128,0.00902,-0.018707,-0.034896,-0.273622,0.961022
877.667000,-0.09078,4.74218,2.18000,1.29345,0.72128,0.00902,-0.018707,-0.034896,-0.273622,0.961022
877.700000,-0.09078,4.74218,2.18000,1.29345,0.72128,0.00902,-0.018707,-0.034896,-0.273622,0.961022
877.734000,-0.09078,4.74218,2.18000,1.29345,0.72128,0.00902,-0.018707,-0.034896,-0.273622,0.961022
877.768000,0.19972,4.93142,2.18000,0.99591,0.71534,0.00948,0.046370,-0.083381,-0.140238,0.985510
877.801000,0.19972,4.93142,2.18000,0.99591,0.71534,0.00948,0.046370,-0.083381,-0.140238,0.985510
877.834000,0.19972,4.93142,2.18000,0.99591,0.71534,0.00948,0.046370,-0.083381,-0.140238,0.985510
877.867000,0.19972,4.93142,2.18000,0.99591,0.71534,0.00948,0.046370,-0.083381,-0.140238,0.985510
877.900000,0.19972,4.93142,2.18000,0.99591,0.71534,0.00948,0.046370,-0.083381,-0.140238,0.985510
877.934000,0.19972,4.93142,2.18000,0.99591,0.71534,0.00948,0.046370,-0.083381,-0.140238,0.985510
877.967000,0.19972,4.93142,2.18000,0.99591,0.71534,0.00948,0.046370,-0.083381,-0.140238,0.985510
878.000000,0.19972,4.93142,2.18000,0.99591,0.71534,0.00948,0.046370,-0.083381,-0.140238,0.985510
878.035000,0.39036,5.07614,2.18000,0.49889,0.43993,0.01096,0.064443,-0.096342,-0.005729,0.993243
878.067000,0.39036,5.07614,2.18000,0.49889,0.43993,0.01096,0.064443,-0.096342,-0.005729,0.993243
878.101000,0.39036,5.07614,2.18000,0.49889,0.43993,0.01096,0.064443,-0.096342,-0.005729,0.993243
878.134000,0.39036,5.07614,2.18000,0.49889,0.43993,0.01096,0.064443,-0.096342,-0.005729,0.993243
878.167000,0.39036,5.07614,2.18000,0.49889,0.43993,0.01096,0.064443,-0.096342,-0.005729,0.993243
878.200000,0.39036,5.07614,2.18000,0.49889,0.43993,0.01096,0.064443,-0.096342,-0.005729,0.993243
878.235000,0.39036,5.07614,2.18000,0.49889,0.43993,0.01096,0.064443,-0.096342,-0.005729,0.993243
878.268000,0.39036,5.07614,2.18000,0.49889,0.43993,0.01096,0.037732,-0.062398,0.073631,0.994616
878.300000,0.46298,5.15406,2.18000,0.10608,0.16883,0.00337,0.037732,-0.062398,0.073631,0.994616
878.334000,0.46298,5.15406,2.18000,0.10608,0.16883,0.00337,0.037732,-0.062398,0.073631,0.994616
878.367000,0.46298,5.15406,2.18000,0.10608,0.16883,0.00337,0.037732,-0.062398,0.073631,0.994616
878.400000,0.46298,5.15406,2.18000,0.10608,0.16883,0.00337,0.037732,-0.062398,0.073631,0.994616
878.434000,0.46298,5.15406,2.18000,0.10608,0.16883,0.00337,0.037732,-0.062398,0.073631,0.994616
878.467000,0.46298,5.15406,2.18000,0.10608,0.16883,0.00337,0.037732,-0.062398,0.073631,0.994616
878.500000,0.46298,5.15406,2.18000,0.10608,0.16883,0.00337,0.037732,-0.062398,0.073631,0.994616
878.535000,0.46298,5.18746,2.18000,-0.09303,0.01352,-0.00683,0.020729,-0.025943,0.084515,0.995869
878.567000,0.46298,5.18746,2.18000,-0.09303,0.01352,-0.00683,0.020729,-0.025943,0.084515,0.995869
878.600000,0.46298,5.18746,2.18000,-0.09303,0.01352,-0.00683,0.020729,-0.025943,0.084515,0.995869
878.634000,0.46298,5.18746,2.18000,-0.09303,0.01352,-0.00683,0.020729,-0.025943,0.084515,0.995869
878.667000,0.46298,5.18746,2.18000,-0.09303,0.01352,-0.00683,0.020729,-0.025943,0.084515,0.995869
878.700000,0.46298,5.18746,2.18000,-0.09303,0.01352,-0.00683,0.020729,-0.025943,0.084515,0.995869
878.734000,0.46298,5.18746,2.18000,-0.09303,0.01352,-0.00683,0.020729,-0.025943,0.084515,0.995869
878.768000,0.43575,5.18746,2.18000,-0.15537,-0.05130,-0.01243,0.004166,-0.004134,0.088728,0.996039
878.800000,0.43575,5.18746,2.18000,-0.15537,-0.05130,-0.01243,0.004166,-0.004134,0.088728,0.996039
878.834000,0.43575,5.18746,2.18000,-0.15537,-0.05130,-0.01243,0.004166,-0.004134,0.088728,0.996039
878.867000,0.43575,5.18746,2.18000,-0.15537,-0.05130,-0.01243,0.004166,-0.004134,0.088728,0.996039
878.900000,0.43575,5.18746,2.18000,-0.15537,-0.05130,-0.01243,0.004166,-0.004134,0.088728,0.996039
878.934000,0.43575,5.18746,2.18000,-0.15537,-0.05130,-0.01243,0.004166,-0.004134,0.088728,0.996039
878.967000,0.43575,5.18746,2.18000,-0.15537,-0.05130,-0.01243,0.004166,-0.004134,0.088728,0.996039
879.000000,0.43575,5.18746,2.18000,-0.15537,-0.05130,-0.01243,0.004166,-0.004134,0.088728,0.996039
879.035000,0.39943,5.16519,2.18000,-0.14518,-0.06884,-0.00810,0.003234,0.006656,0.090716,0.995849
879.067000,0.39943,5.16519,2.18000,-0.14518,-0.06884,-0.00810,0.003234,0.006656,0.090716,0.995849
879.100000,0.39943,5.16519,2.18000,-0.14518,-0.06884,-0.00810,0.003234,0.006656,0.090716,0.995849
879.134000,0.39943,5.16519,2.18000,-0.14518,-0.06884,-0.00810,0.003234,0.006656,0.090716,0.995849
879.167000,0.39943,5.16519,2.18000,-0.14518,-0.06884,-0.00810,0.003234,0.006656,0.090716,0.995849
879.200000,0.39943,5.16519,2.18000,-0.14518,-0.06884,-0.00810,0.003234,0.006656,0.090716,0.995849
879.234000,0.39943,5.16519,2.18000,-0.14518,-0.06884,-0.00810,0.003234,0.006656,0.090716,0.995849
879.268000,0.39943,5.16519,2.18000,-0.14518,-0.06884,-0.00810,-0.006415,0.011135,0.090877,0.995779
879.301000,0.35404,5.15406,2.18000,-0.10069,-0.05493,-0.00626,-0.006415,0.011135,0.090877,0.995779
879.334000,0.35404,5.15406,2.18000,-0.10069,-0.05493,-0.00626,-0.006415,0.011135,0.090877,0.995779
879.367000,0.35404,5.15406,2.18000,-0.10069,-0.05493,-0.00626,-0.006415,0.011135,0.090877,0.995779
879.400000,0.35404,5.15406,2.18000,-0.10069,-0.05493,-0.00626,-0.006415,0.011135,0.090877,0.995779
879.434000,0.35404,5.15406,2.18000,-0.10069,-0.05493,-0.00626,-0.006415,0.011135,0.090877,0.995779
879.467000,0.35404,5.15406,2.18000,-0.10069,-0.05493,-0.00626,-0.006415,0.011135,0.090877,0.995779
879.500000,0.35404,5.15406,2.18000,-0.10069,-0.05493,-0.00626,-0.006415,0.011135,0.090877,0.995779
879.535000,0.34497,5.14293,2.18000,-0.04249,-0.02823,-0.00216,-0.001689,0.012180,0.090344,0.995835
879.567000,0.34497,5.14293,2.18000,-0.04249,-0.02823,-0.00216,-0.001689,0.012180,0.090344,0.995835
879.601000,0.34497,5.14293,2.18000,-0.04249,-0.02823,-0.00216,-0.001689,0.012180,0.090344,0.995835
879.634000,0.34497,5.14293,2.18000,-0.04249,-0.02823,-0.00216,-0.001689,0.012180,0.090344,0.995835
879.667000,0.34497,5.14293,2.18000,-0.04249,-0.02823,-0.00216,-0.001689,0.012180,0.090344,0.995835
879.701000,0.34497,5.14293,2.18000,-0.04249,-0.02823,-0.00216,-0.001689,0.012180,0.090344,0.995835
879.734000,0.34497,5.14293,2.18000,-0.04249,-0.02823,-0.00216,-0.001689,0.012180,0.090344,0.995835
879.768000,0.34497,5.13180,2.18000,0.00848,-0.00650,-0.00021,-0.005439,0.009205,0.089938,0.995890
879.800000,0.34497,5.13180,2.18000,0.00848,-0.00650,-0.00021,-0.005439,0.009205,0.089938,0.995890
879.834000,0.34497,5.13180,2.18000,0.00848,-0.00650,-0.00021,-0.005439,0.009205,0.089938,0.995890
879.867000,0.34497,5.13180,2.18000,0.00848,-0.00650,-0.00021,-0.005439,0.009205,0.089938,0.995890
879.900000,0.34497,5.13180,2.18000,0.00848,-0.00650,-0.00021,-0.005439,0.009205,0.089938,0.995890
879.934000,0.34497,5.13180,2.18000,0.00848,-0.00650,-0.00021,-0.005439,0.009205,0.089938,0.995890
879.967000,0.34497,5.13180,2.18000,0.00848,-0.00650,-0.00021,-0.005439,0.009205,0.089938,0.995890
880.000000,0.34497,5.13180,2.18000,0.00848,-0.00650,-0.00021,-0.005439,0.009205,0.089938,0.995890
880.035000,0.34497,5.13180,2.18000,0.04424,0.01580,0.00279,-0.001430,0.006290,0.088942,0.996016
880.067000,0.34497,5.13180,2.18000,0.04424,0.01580,0.00279,-0.001430,0.006290,0.088942,0.996016
880.100000,0.34497,5.13180,2.18000,0.04424,0.01580,0.00279,-0.001430,0.006290,0.088942,0.996016
880.134000,0.34497,5.13180,2.18000,0.04424,0.01580,0.00279,-0.001430,0.006290,0.088942,0.996016
880.167000,0.34497,5.13180,2.18000,0.04424,0.01580,0.00279,-0.001430,0.006290,0.088942,0.996016
880.200000,0.34497,5.13180,2.18000,0.04424,0.01580,0.00279,-0.001430,0.006290,0.088942,0.996016
880.234000,0.34497,5.13180,2.18000,0.04424,0.01580,0.00279,-0.001430,0.006290,0.088942,0.996016
880.267000,0.34497,5.13180,2.18000,0.04424,0.01580,0.00279,-0.001661,0.003560,0.088389,0.996078
880.301000,0.35404,5.13180,2.18000,0.06770,0.02519,-0.00063,-0.001661,0.003560,0.088389,0.996078
880.334000,0.35404,5.13180,2.18000,0.06770,0.02519,-0.00063,-0.001661,0.003560,0.088389,0.996078
880.367000,0.35404,5.13180,2.18000,0.06770,0.02519,-0.00063,-0.001661,0.003560,0.088389,0.996078
880.400000,0.35404,5.13180,2.18000,0.06770,0.02519,-0.00063,-0.001661,0.003560,0.088389,0.996078
880.434000,0.35404,5.13180,2.18000,0.06770,0.02519,-0.00063,-0.001661,0.003560,0.088389,0.996078
880.467000,0.35404,5.13180,2.18000,0.06770,0.02519,-0.00063,-0.001661,0.003560,0.088389,0.996078
880.500000,0.35404,5.13180,2.18000,0.06770,0.02519,-0.00063,-0.001661,0.003560,0.088389,0.996078
880.535000,0.36312,5.13180,2.18000,0.07800,0.03579,0.00492,-0.001475,0.001294,0.087544,0.996159
880.567000,0.36312,5.13180,2.18000,0.07800,0.03579,0.00492,-0.001475,0.001294,0.087544,0.996159
880.600000,0.36312,5.13180,2.18000,0.07800,0.03579,0.00492,-0.001475,0.001294,0.087544,0.996159
880.634000,0.36312,5.13180,2.18000,0.07800,0.03579,0.00492,-0.001475,0.001294,0.087544,0.996159
880.667000,0.36312,5.13180,2.18000,0.07800,0.03579,0.00492,-0.001475,0.001294,0.087544,0.996159
880.700000,0.36312,5.13180,2.18000,0.07800,0.03579,0.00492,-0.001475,0.001294,0.087544,0.996159
880.734000,0.36312,5.13180,2.18000,0.07800,0.03579,0.00492,-0.001475,0.001294,0.087544,0.996159
880.768000,0.39036,5.14293,2.18000,0.07699,0.03412,0.00201,0.001875,-0.001998,0.087099,0.996196
880.800000,0.39036,5.14293,2.18000,0.07699,0.03412,0.00201,0.001875,-0.001998,0.087099,0.996196
880.834000,0.39036,5.14293,2.18000,0.07699,0.03412,0.00201,0.001875,-0.001998,0.087099,0.996196
880.867000,0.39036,5.14293,2.18000,0.07699,0.03412,0.00201,0.001875,-0.001998,0.087099,0.996196
880.900000,0.39036,5.14293,2.18000,0.07699,0.03412,0.00201,0.001875,-0.001998,0.087099,0.996196
880.934000,0.39036,5.14293,2.18000,0.07699,0.03412,0.00201,0.001875,-0.001998,0.087099,0.996196
880.967000,0.39036,5.14293,2.18000,0.07699,0.03412,0.00201,0.001875,-0.001998,0.087099,0.996196
881.000000,0.39036,5.14293,2.18000,0.07699,0.03412,0.00201,0.001875,-0.001998,0.087099,0.996196
881.035000,0.39943,5.15406,2.18000,0.06157,0.03257,-0.00278,-0.001197,-0.003632,0.086149,0.996275
881.067000,0.39943,5.15406,2.18000,0.06157,0.03257,-0.00278,-0.001197,-0.003632,0.086149,0.996275
881.100000,0.39943,5.15406,2.18000,0.06157,0.03257,-0.00278,-0.001197,-0.003632,0.086149,0.996275
881.134000,0.39943,5.15406,2.18000,0.06157,0.03257,-0.00278,-0.001197,-0.003632,0.086149,0.996275
881.167000,0.39943,5.15406,2.18000,0.06157,0.03257,-0.00278,-0.001197,-0.003632,0.086149,0.996275
881.200000,0.39943,5.15406,2.18000,0.06157,0.03257,-0.00278,-0.001197,-0.003632,0.086149,0.996275
881.234000,0.39943,5.15406,2.18000,0.06157,0.03257,-0.00278,-0.001197,-0.003632,0.086149,0.996275
881.268000,0.42667,5.16519,2.18000,0.04474,0.02374,-0.00320,0.004054,-0.003746,0.085703,0.996305
881.300000,0.42667,5.16519,2.18000,0.04474,0.02374,-0.00320,0.004054,-0.003746,0.085703,0.996305
881.334000,0.42667,5.16519,2.18000,0.04474,0.02374,-0.00320,0.004054,-0.003746,0.085703,0.996305
881.368000,0.42667,5.16519,2.18000,0.04474,0.02374,-0.00320,0.004054,-0.003746,0.085703,0.996305
881.400000,0.42667,5.16519,2.18000,0.04474,0.02374,-0.00320,0.004054,-0.003746,0.085703,0.996305
881.434000,0.42667,5.16519,2.18000,0.04474,0.02374,-0.00320,0.004054,-0.003746,0.085703,0.996305
881.467000,0.42667,5.16519,2.18000,0.04474,0.02374,-0.00320,0.004054,-0.003746,0.085703,0.996305
881.500000,0.42667,5.16519,2.18000,0.04474,0.02374,-0.00320,0.004054,-0.003746,0.085703,0.996305
881.535000,0.43575,5.16519,2.18000,0.02536,0.01477,-0.00299,-0.001180,-0.004188,0.084846,0.996385
881.567000,0.43575,5.16519,2.18000,0.02536,0.01477,-0.00299,-0.001180,-0.004188,0.084846,0.996385
881.600000,0.43575,5.16519,2.18000,0.02536,0.01477,-0.00299,-0.001180,-0.004188,0.084846,0.996385
881.634000,0.43575,5.16519,2.18000,0.02536,0.01477,-0.00299,-0.001180,-0.004188,0.084846,0.996385
881.667000,0.43575,5.16519,2.18000,0.02536,0.01477,-0.00299,-0.001180,-0.004188,0.084846,0.996385
881.700000,0.43575,5.16519,2.18000,0.02536,0.01477,-0.00299,-0.001180,-0.004188,0.084846,0.996385
881.734000,0.43575,5.16519,2.18000,0.02536,0.01477,-0.00299,-0.001180,-0.004188,0.084846,0.996385
881.768000,0.43575,5.16519,2.18000,0.00801,0.00776,-0.00329,0.003982,-0.002823,0.084503,0.996411
881.800000,0.43575,5.16519,2.18000,0.00801,0.00776,-0.00329,0.003982,-0.002823,0.084503,0.996411
881.834000,0.43575,5.16519,2.18000,0.00801,0.00776,-0.00329,0.003982,-0.002823,0.084503,0.996411
881.867000,0.43575,5.16519,2.18000,0.00801,0.00776,-0.00329,0.003982,-0.002823,0.084503,0.996411
881.900000,0.43575,5.16519,2.18000,0.00801,0.00776,-0.00329,0.003982,-0.002823,0.084503,0.996411
881.934000,0.43575,5.16519,2.18000,0.00801,0.00776,-0.00329,0.003982,-0.002823,0.084503,0.996411
881.967000,0.43575,5.16519,2.18000,0.00801,0.00776,-0.00329,0.003982,-0.002823,0.084503,0.996411
882.000000,0.43575,5.16519,2.18000,0.00801,0.00776,-0.00329,0.003982,-0.002823,0.084503,0.996411
882.035000,0.43575,5.16519,2.18000,-0.00304,0.00097,0.00028,-0.001663,-0.001989,0.083910,0.996470
882.067000,0.43575,5.16519,2.18000,-0.00304,0.00097,0.00028,-0.001663,-0.001989,0.083910,0.996470
882.100000,0.43575,5.16519,2.18000,-0.00304,0.00097,0.00028,-0.001663,-0.001989,0.083910,0.996470
882.134000,0.43575,5.16519,2.18000,-0.00304,0.00097,0.00028,-0.001663,-0.001989,0.083910,0.996470
882.167000,0.43575,5.16519,2.18000,-0.00304,0.00097,0.00028,-0.001663,-0.001989,0.083910,0.996470
882.200000,0.43575,5.16519,2.18000,-0.00304,0.00097,0.00028,-0.001663,-0.001989,0.083910,0.996470
882.234000,0.43575,5.16519,2.18000,-0.00304,0.00097,0.00028,-0.001663,-0.001989,0.083910,0.996470
882.268000,0.43575,5.16519,2.18000,-0.00996,-0.00007,-0.00013,0.001856,-0.000970,0.083373,0.996516
882.301000,0.43575,5.16519,2.18000,-0.00996,-0.00007,-0.00013,0.001856,-0.000970,0.083373,0.996516
882.334000,0.43575,5.16519,2.18000,-0.00996,-0.00007,-0.00013,0.001856,-0.000970,0.083373,0.996516
882.367000,0.43575,5.16519,2.18000,-0.00996,-0.00007,-0.00013,0.001856,-0.000970,0.083373,0.996516
882.400000,0.43575,5.16519,2.18000,-0.00996,-0.00007,-0.00013,0.001856,-0.000970,0.083373,0.996516
882.434000,0.43575,5.16519,2.18000,-0.00996,-0.00007,-0.00013,0.001856,-0.000970,0.083373,0.996516
882.467000,0.43575,5.16519,2.18000,-0.00996,-0.00007,-0.00013,0.001856,-0.000970,0.083373,0.996516
882.500000,0.43575,5.16519,2.18000,-0.00996,-0.00007,-0.00013,0.001856,-0.000970,0.083373,0.996516
882.535000,0.43575,5.16519,2.18000,-0.01345,-0.00500,0.00455,-0.000934,-0.000738,0.083016,0.996548
882.567000,0.43575,5.16519,2.18000,-0.01345,-0.00500,0.00455,-0.000934,-0.000738,0.083016,0.996548
882.600000,0.43575,5.16519,2.18000,-0.01345,-0.00500,0.00455,-0.000934,-0.000738,0.083016,0.996548
882.634000,0.43575,5.16519,2.18000,-0.01345,-0.00500,0.00455,-0.000934,-0.000738,0.083016,0.996548
882.667000,0.43575,5.16519,2.18000,-0.01345,-0.00500,0.00455,-0.000934,-0.000738,0.083016,0.996548
882.700000,0.43575,5.16519,2.18000,-0.01345,-0.00500,0.00455,-0.000934,-0.000738,0.083016,0.996548
882.734000,0.43575,5.16519,2.18000,-0.01345,-0.00500,0.00455,-0.000934,-0.000738,0.083016,0.996548
882.768000,0.43575,5.16519,2.18000,-0.01649,-0.00275,0.00045,-0.000307,-0.000482,0.082452,0.996595
882.800000,0.43575,5.16519,2.18000,-0.01649,-0.00275,0.00045,-0.000307,-0.000482,0.082452,0.996595
882.834000,0.43575,5.16519,2.18000,-0.01649,-0.00275,0.00045,-0.000307,-0.000482,0.082452,0.996595
882.867000,0.43575,5.16519,2.18000,-0.01649,-0.00275,0.00045,-0.000307,-0.000482,0.082452,0.996595
882.900000,0.43575,5.16519,2.18000,-0.01649,-0.00275,0.00045,-0.000307,-0.000482,0.082452,0.996595
882.935000,0.43575,5.16519,2.18000,-0.01649,-0.00275,0.00045,-0.000307,-0.000482,0.082452,0.996595
882.967000,0.43575,5.16519,2.18000,-0.01649,-0.00275,0.00045,-0.000307,-0.000482,0.082452,0.996595
883.000000,0.43575,5.16519,2.18000,-0.01649,-0.00275,0.00045,-0.000307,-0.000482,0.082452,0.996595
883.035000,0.43575,5.16519,2.18000,-0.01741,-0.00686,0.00112,0.000809,-0.000109,0.082201,0.996615
883.067000,0.43575,5.16519,2.18000,-0.01741,-0.00686,0.00112,0.000809,-0.000109,0.082201,0.996615
883.101000,0.43575,5.16519,2.18000,-0.01741,-0.00686,0.00112,0.000809,-0.000109,0.082201,0.996615
883.134000,0.43575,5.16519,2.18000,-0.01741,-0.00686,0.00112,0.000809,-0.000109,0.082201,0.996615
883.167000,0.43575,5.16519,2.18000,-0.01741,-0.00686,0.00112,0.000809,-0.000109,0.082201,0.996615
883.200000,0.43575,5.16519,2.18000,-0.01741,-0.00686,0.00112,0.000809,-0.000109,0.082201,0.996615
883.234000,0.43575,5.16519,2.18000,-0.01741,-0.00686,0.00112,0.000809,-0.000109,0.082201,0.996615
883.268000,0.42667,5.16519,2.18000,-0.01831,-0.00468,-0.00095,-0.001547,-0.000246,0.081673,0.996658
883.300000,0.42667,5.16519,2.18000,-0.01831,-0.00468,-0.00095,-0.001547,-0.000246,0.081673,0.996658
883.334000,0.42667,5.16519,2.18000,-0.01831,-0.00468,-0.00095,-0.001547,-0.000246,0.081673,0.996658
883.367000,0.42667,5.16519,2.18000,-0.01831,-0.00468,-0.00095,-0.001547,-0.000246,0.081673,0.996658
883.400000,0.42667,5.16519,2.18000,-0.01831,-0.00468,-0.00095,-0.001547,-0.000246,0.081673,0.996658
883.434000,0.42667,5.16519,2.18000,-0.01831,-0.00468,-0.00095,-0.001547,-0.000246,0.081673,0.996658
883.467000,0.42667,5.16519,2.18000,-0.01831,-0.00468,-0.00095,-0.001547,-0.000246,0.081673,0.996658
883.500000,0.42667,5.16519,2.18000,-0.01831,-0.00468,-0.00095,-0.001547,-0.000246,0.081673,0.996658
883.535000,0.42667,5.16519,2.17000,-0.01558,-0.00764,-0.00277,0.002127,0.001057,0.081552,0.996666
883.567000,0.42667,5.16519,2.17000,-0.01558,-0.00764,-0.00277,0.002127,0.001057,0.081552,0.996666
883.600000,0.42667,5.16519,2.17000,-0.01558,-0.00764,-0.00277,0.002127,0.001057,0.081552,0.996666
883.634000,0.42667,5.16519,2.17000,-0.01558,-0.00764,-0.00277,0.002127,0.001057,0.081552,0.996666
883.667000,0.42667,5.16519,2.17000,-0.01558,-0.00764,-0.00277,0.002127,0.001057,0.081552,0.996666
883.700000,0.42667,5.16519,2.17000,-0.01558,-0.00764,-0.00277,0.002127,0.001057,0.081552,0.996666
883.734000,0.42667,5.16519,2.17000,-0.01558,-0.00764,-0.00277,0.002127,0.001057,0.081552,0.996666
883.768000,0.42667,5.16519,2.17000,-0.01148,-0.00561,-0.00056,-0.003017,0.000470,0.081071,0.996704
883.801000,0.42667,5.16519,2.17000,-0.01148,-0.00561,-0.00056,-0.003017,0.000470,0.081071,0.996704
883.834000,0.42667,5.16519,2.17000,-0.01148,-0.00561,-0.00056,-0.003017,0.000470,0.081071,0.996704
883.867000,0.42667,5.16519,2.17000,-0.01148,-0.00561,-0.00056,-0.003017,0.000470,0.081071,0.996704
883.900000,0.42667,5.16519,2.17000,-0.01148,-0.00561,-0.00056,-0.003017,0.000470,0.081071,0.996704
883.934000,0.42667,5.16519,2.17000,-0.01148,-0.00561,-0.00056,-0.003017,0.000470,0.081071,0.996704
883.967000,0.42667,5.16519,2.17000,-0.01148,-0.00561,-0.00056,-0.003017,0.000470,0.081071,0.996704
884.000000,0.42667,5.16519,2.17000,-0.01148,-0.00561,-0.00056,-0.003017,0.000470,0.081071,0.996704
884.035000,0.41759,5.16519,2.18000,-0.00847,-0.00502,-0.00078,0.002833,0.001184,0.080977,0.996711
884.067000,0.41759,5.16519,2.18000,-0.00847,-0.00502,-0.00078,0.002833,0.001184,0.080977,0.996711
884.100000,0.41759,5.16519,2.18000,-0.00847,-0.00502,-0.00078,0.002833,0.001184,0.080977,0.996711
884.134000,0.41759,5.16519,2.18000,-0.00847,-0.00502,-0.00078,0.002833,0.001184,0.080977,0.996711
884.167000,0.41759,5.16519,2.18000,-0.00847,-0.00502,-0.00078,0.002833,0.001184,0.080977,0.996711
884.200000,0.41759,5.16519,2.18000,-0.00847,-0.00502,-0.00078,0.002833,0.001184,0.080977,0.996711
884.234000,0.41759,5.16519,2.18000,-0.00847,-0.00502,-0.00078,0.002833,0.001184,0.080977,0.996711
884.268000,0.41759,5.16519,2.18000,-0.00847,-0.00502,-0.00078,-0.002750,0.000843,0.080517,0.996749
884.301000,0.41759,5.16519,2.18000,-0.00282,-0.00532,0.00039,-0.002750,0.000843,0.080517,0.996749
884.334000,0.41759,5.16519,2.18000,-0.00282,-0.00532,0.00039,-0.002750,0.000843,0.080517,0.996749
884.367000,0.41759,5.16519,2.18000,-0.00282,-0.00532,0.00039,-0.002750,0.000843,0.080517,0.996749
884.400000,0.41759,5.16519,2.18000,-0.00282,-0.00532,0.00039,-0.002750,0.000843,0.080517,0.996749
884.434000,0.41759,5.16519,2.18000,-0.00282,-0.00532,0.00039,-0.002750,0.000843,0.080517,0.996749
884.467000,0.41759,5.16519,2.18000,-0.00282,-0.00532,0.00039,-0.002750,0.000843,0.080517,0.996749
884.500000,0.41759,5.16519,2.18000,-0.00282,-0.00532,0.00039,-0.002750,0.000843,0.080517,0.996749
884.535000,0.41759,5.16519,2.18000,0.00100,-0.00382,-0.00048,0.002298,0.000767,0.080232,0.996773
884.567000,0.41759,5.16519,2.18000,0.00100,-0.00382,-0.00048,0.002298,0.000767,0.080232,0.996773
884.600000,0.41759,5.16519,2.18000,0.00100,-0.00382,-0.00048,0.002298,0.000767,0.080232,0.996773
884.634000,0.41759,5.16519,2.18000,0.00100,-0.00382,-0.00048,0.002298,0.000767,0.080232,0.996773
884.667000,0.41759,5.16519,2.18000,0.00100,-0.00382,-0.00048,0.002298,0.000767,0.080232,0.996773
884.700000,0.41759,5.16519,2.18000,0.00100,-0.00382,-0.00048,0.002298,0.000767,0.080232,0.996773
884.734000,0.41759,5.16519,2.18000,0.00100,-0.00382,-0.00048,0.002298,0.000767,0.080232,0.996773
884.768000,0.41759,5.16519,2.18000,0.00100,-0.00382,-0.00048,0.006287,0.000742,0.080130,0.996764
884.801000,0.41759,5.16519,2.18000,0.00397,-0.01068,0.00050,0.006287,0.000742,0.080130,0.996764
884.834000,0.41759,5.16519,2.18000,0.00397,-0.01068,0.00050,0.006287,0.000742,0.080130,0.996764
884.867000,0.41759,5.16519,2.18000,0.00397,-0.01068,0.00050,0.006287,0.000742,0.080130,0.996764
884.900000,0.41759,5.16519,2.18000,0.00397,-0.01068,0.00050,0.006287,0.000742,0.080130,0.996764
884.934000,0.41759,5.16519,2.18000,0.00397,-0.01068,0.00050,0.006287,0.000742,0.080130,0.996764
884.967000,0.41759,5.16519,2.18000,0.00397,-0.01068,0.00050,0.006287,0.000742,0.080130,0.996764
885.000000,0.41759,5.16519,2.18000,0.00397,-0.01068,0.00050,0.006287,0.000742,0.080130,0.996764
885.035000,0.41759,5.15406,2.18000,0.03143,-0.17551,-0.00108,0.070381,0.005815,0.079591,0.994323
885.067000,0.41759,5.15406,2.18000,0.03143,-0.17551,-0.00108,0.070381,0.005815,0.079591,0.994323
885.100000,0.41759,5.15406,2.18000,0.03143,-0.17551,-0.00108,0.070381,0.005815,0.079591,0.994323
885.134000,0.41759,5.15406,2.18000,0.03143,-0.17551,-0.00108,0.070381,0.005815,0.079591,0.994323
885.167000,0.41759,5.15406,2.18000,0.03143,-0.17551,-0.00108,0.070381,0.005815,0.079591,0.994323
885.200000,0.41759,5.15406,2.18000,0.03143,-0.17551,-0.00108,0.070381,0.005815,0.079591,0.994323
885.234000,0.41759,5.15406,2.18000,0.03143,-0.17551,-0.00108,0.070381,0.005815,0.079591,0.994323
885.268000,0.41759,5.15406,2.18000,0.03143,-0.17551,-0.00108,0.117030,0.012896,0.051274,0.991720
885.300000,0.42667,5.06501,2.18000,0.11400,-0.67636,0.00032,0.117030,0.012896,0.051274,0.991720
885.334000,0.42667,5.06501,2.18000,0.11400,-0.67636,0.00032,0.117030,0.012896,0.051274,0.991720
885.367000,0.42667,5.06501,2.18000,0.11400,-0.67636,0.00032,0.117030,0.012896,0.051274,0.991720
885.400000,0.42667,5.06501,2.18000,0.11400,-0.67636,0.00032,0.117030,0.012896,0.051274,0.991720
885.434000,0.42667,5.06501,2.18000,0.11400,-0.67636,0.00032,0.117030,0.012896,0.051274,0.991720
885.467000,0.42667,5.06501,2.18000,0.11400,-0.67636,0.00032,0.117030,0.012896,0.051274,0.991720
885.500000,0.42667,5.06501,2.18000,0.11400,-0.67636,0.00032,0.117030,0.012896,0.051274,0.991720
885.535000,0.47206,4.80897,2.18000,0.17335,-1.18552,0.00949,0.082079,0.004596,-0.061260,0.994731
885.567000,0.47206,4.80897,2.18000,0.17335,-1.18552,0.00949,0.082079,0.004596,-0.061260,0.994731
885.600000,0.47206,4.80897,2.18000,0.17335,-1.18552,0.00949,0.082079,0.004596,-0.061260,0.994731
885.634000,0.47206,4.80897,2.18000,0.17335,-1.18552,0.00949,0.082079,0.004596,-0.061260,0.994731
885.667000,0.47206,4.80897,2.18000,0.17335,-1.18552,0.00949,0.082079,0.004596,-0.061260,0.994731
885.700000,0.47206,4.80897,2.18000,0.17335,-1.18552,0.00949,0.082079,0.004596,-0.061260,0.994731
885.734000,0.47206,4.80897,2.18000,0.17335,-1.18552,0.00949,0.082079,0.004596,-0.061260,0.994731
885.768000,0.50837,4.47502,2.18000,0.08089,-1.47103,0.00508,0.036210,-0.027680,-0.188755,0.980966
885.800000,0.50837,4.47502,2.18000,0.08089,-1.47103,0.00508,0.036210,-0.027680,-0.188755,0.980966
885.834000,0.50837,4.47502,2.18000,0.08089,-1.47103,0.00508,0.036210,-0.027680,-0.188755,0.980966
885.867000,0.50837,4.47502,2.18000,0.08089,-1.47103,0.00508,0.036210,-0.027680,-0.188755,0.980966
885.900000,0.50837,4.47502,2.18000,0.08089,-1.47103,0.00508,0.036210,-0.027680,-0.188755,0.980966
885.934000,0.50837,4.47502,2.18000,0.08089,-1.47103,0.00508,0.036210,-0.027680,-0.188755,0.980966
885.967000,0.50837,4.47502,2.18000,0.08089,-1.47103,0.00508,0.036210,-0.027680,-0.188755,0.980966
886.000000,0.50837,4.47502,2.18000,0.08089,-1.47103,0.00508,0.036210,-0.027680,-0.188755,0.980966
886.035000,0.49021,4.11880,2.18000,-0.09082,-1.43299,0.00787,-0.035020,-0.043234,-0.318279,0.946363
886.067000,0.49021,4.11880,2.18000,-0.09082,-1.43299,0.00787,-0.035020,-0.043234,-0.318279,0.946363
886.100000,0.49021,4.11880,2.18000,-0.09082,-1.43299,0.00787,-0.035020,-0.043234,-0.318279,0.946363
886.134000,0.49021,4.11880,2.18000,-0.09082,-1.43299,0.00787,-0.035020,-0.043234,-0.318279,0.946363
886.167000,0.49021,4.11880,2.18000,-0.09082,-1.43299,0.00787,-0.035020,-0.043234,-0.318279,0.946363
886.200000,0.49021,4.11880,2.18000,-0.09082,-1.43299,0.00787,-0.035020,-0.043234,-0.318279,0.946363
886.235000,0.49021,4.11880,2.18000,-0.09082,-1.43299,0.00787,-0.035020,-0.043234,-0.318279,0.946363
886.268000,0.49021,4.11880,2.18000,-0.09082,-1.43299,0.00787,-0.101597,-0.051194,-0.441931,0.889806
886.301000,0.47206,3.79597,2.18000,-0.16760,-1.01089,0.01008,-0.101597,-0.051194,-0.441931,0.889806
886.334000,0.47206,3.79597,2.18000,-0.16760,-1.01089,0.01008,-0.101597,-0.051194,-0.441931,0.889806
886.367000,0.47206,3.79597,2.18000,-0.16760,-1.01089,0.01008,-0.101597,-0.051194,-0.441931,0.889806
886.400000,0.47206,3.79597,2.18000,-0.16760,-1.01089,0.01008,-0.101597,-0.051194,-0.441931,0.889806
886.434000,0.47206,3.79597,2.18000,-0.16760,-1.01089,0.01008,-0.101597,-0.051194,-0.441931,0.889806
886.467000,0.47206,3.79597,2.18000,-0.16760,-1.01089,0.01008,-0.101597,-0.051194,-0.441931,0.889806
886.500000,0.47206,3.79597,2.18000,-0.16760,-1.01089,0.01008,-0.101597,-0.051194,-0.441931,0.889806
886.535000,0.43575,3.62899,2.18000,-0.12498,-0.43843,0.00577,-0.092423,-0.045149,-0.552414,0.827199
886.567000,0.43575,3.62899,2.18000,-0.12498,-0.43843,0.00577,-0.092423,-0.045149,-0.552414,0.827199
886.600000,0.43575,3.62899,2.18000,-0.12498,-0.43843,0.00577,-0.092423,-0.045149,-0.552414,0.827199
886.634000,0.43575,3.62899,2.18000,-0.12498,-0.43843,0.00577,-0.092423,-0.045149,-0.552414,0.827199
886.667000,0.43575,3.62899,2.18000,-0.12498,-0.43843,0.00577,-0.092423,-0.045149,-0.552414,0.827199
886.700000,0.43575,3.62899,2.18000,-0.12498,-0.43843,0.00577,-0.092423,-0.045149,-0.552414,0.827199
886.734000,0.43575,3.62899,2.18000,-0.12498,-0.43843,0.00577,-0.092423,-0.045149,-0.552414,0.827199
886.768000,0.41759,3.56220,2.18000,-0.07745,-0.05560,-0.00466,-0.046280,-0.027119,-0.585450,0.808932
886.800000,0.41759,3.56220,2.18000,-0.07745,-0.05560,-0.00466,-0.046280,-0.027119,-0.585450,0.808932
886.834000,0.41759,3.56220,2.18000,-0.07745,-0.05560,-0.00466,-0.046280,-0.027119,-0.585450,0.808932
886.867000,0.41759,3.56220,2.18000,-0.07745,-0.05560,-0.00466,-0.046280,-0.027119,-0.585450,0.808932
886.900000,0.41759,3.56220,2.18000,-0.07745,-0.05560,-0.00466,-0.046280,-0.027119,-0.585450,0.808932
886.934000,0.41759,3.56220,2.18000,-0.07745,-0.05560,-0.00466,-0.046280,-0.027119,-0.585450,0.808932
886.967000,0.41759,3.56220,2.18000,-0.07745,-0.05560,-0.00466,-0.046280,-0.027119,-0.585450,0.808932
887.000000,0.41759,3.56220,2.18000,-0.07745,-0.05560,-0.00466,-0.046280,-0.027119,-0.585450,0.808932
887.035000,0.39943,3.57333,2.18000,-0.04508,0.11659,-0.01266,-0.020809,-0.005284,-0.593108,0.804837
887.067000,0.39943,3.57333,2.18000,-0.04508,0.11659,-0.01266,-0.020809,-0.005284,-0.593108,0.804837
887.100000,0.39943,3.57333,2.18000,-0.04508,0.11659,-0.01266,-0.020809,-0.005284,-0.593108,0.804837
887.134000,0.39943,3.57333,2.18000,-0.04508,0.11659,-0.01266,-0.020809,-0.005284,-0.593108,0.804837
887.167000,0.39943,3.57333,2.18000,-0.04508,0.11659,-0.01266,-0.020809,-0.005284,-0.593108,0.804837
887.200000,0.39943,3.57333,2.18000,-0.04508,0.11659,-0.01266,-0.020809,-0.005284,-0.593108,0.804837
887.234000,0.39943,3.57333,2.18000,-0.04508,0.11659,-0.01266,-0.020809,-0.005284,-0.593108,0.804837
887.268000,0.39943,3.57333,2.18000,-0.04508,0.11659,-0.01266,-0.000620,-0.000200,-0.596052,0.802946
887.300000,0.39036,3.59560,2.18000,-0.02574,0.16039,-0.00772,-0.000620,-0.000200,-0.596052,0.802946
887.334000,0.39036,3.59560,2.18000,-0.02574,0.16039,-0.00772,-0.000620,-0.000200,-0.596052,0.802946
887.367000,0.39036,3.59560,2.18000,-0.02574,0.16039,-0.00772,-0.000620,-0.000200,-0.596052,0.802946
887.400000,0.39036,3.59560,2.18000,-0.02574,0.16039,-0.00772,-0.000620,-0.000200,-0.596052,0.802946
887.434000,0.39036,3.59560,2.18000,-0.02574,0.16039,-0.00772,-0.000620,-0.000200,-0.596052,0.802946
887.467000,0.39036,3.59560,2.18000,-0.02574,0.16039,-0.00772,-0.000620,-0.000200,-0.596052,0.802946
887.500000,0.39036,3.59560,2.18000,-0.02574,0.16039,-0.00772,-0.000620,-0.000200,-0.596052,0.802946
887.535000,0.38128,3.64013,2.18000,-0.01853,0.14138,-0.00747,0.004293,0.007263,-0.596792,0.802351
887.567000,0.38128,3.64013,2.18000,-0.01853,0.14138,-0.00747,0.004293,0.007263,-0.596792,0.802351
887.600000,0.38128,3.64013,2.18000,-0.01853,0.14138,-0.00747,0.004293,0.007263,-0.596792,0.802351
887.634000,0.38128,3.64013,2.18000,-0.01853,0.14138,-0.00747,0.004293,0.007263,-0.596792,0.802351
887.667000,0.38128,3.64013,2.18000,-0.01853,0.14138,-0.00747,0.004293,0.007263,-0.596792,0.802351
887.700000,0.38128,3.64013,2.18000,-0.01853,0.14138,-0.00747,0.004293,0.007263,-0.596792,0.802351
887.734000,0.38128,3.64013,2.18000,-0.01853,0.14138,-0.00747,0.004293,0.007263,-0.596792,0.802351
887.768000,0.38128,3.66239,2.18000,-0.00811,0.08922,0.00098,0.009233,0.007642,-0.596918,0.802213
887.800000,0.38128,3.66239,2.18000,-0.00811,0.08922,0.00098,0.009233,0.007642,-0.596918,0.802213
887.834000,0.38128,3.66239,2.18000,-0.00811,0.08922,0.00098,0.009233,0.007642,-0.596918,0.802213
887.867000,0.38128,3.66239,2.18000,-0.00811,0.08922,0.00098,0.009233,0.007642,-0.596918,0.802213
887.900000,0.38128,3.66239,2.18000,-0.00811,0.08922,0.00098,0.009233,0.007642,-0.596918,0.802213
887.934000,0.38128,3.66239,2.18000,-0.00811,0.08922,0.00098,0.009233,0.007642,-0.596918,0.802213
887.967000,0.38128,3.66239,2.18000,-0.00811,0.08922,0.00098,0.009233,0.007642,-0.596918,0.802213
888.000000,0.38128,3.66239,2.18000,-0.00811,0.08922,0.00098,0.009233,0.007642,-0.596918,0.802213
888.035000,0.38128,3.67352,2.18000,-0.00557,0.03143,0.00681,0.008352,0.007249,-0.596340,0.802656
888.067000,0.38128,3.67352,2.18000,-0.00557,0.03143,0.00681,0.008352,0.007249,-0.596340,0.802656
888.100000,0.38128,3.67352,2.18000,-0.00557,0.03143,0.00681,0.008352,0.007249,-0.596340,0.802656
888.134000,0.38128,3.67352,2.18000,-0.00557,0.03143,0.00681,0.008352,0.007249,-0.596340,0.802656
888.167000,0.38128,3.67352,2.18000,-0.00557,0.03143,0.00681,0.008352,0.007249,-0.596340,0.802656
888.200000,0.38128,3.67352,2.18000,-0.00557,0.03143,0.00681,0.008352,0.007249,-0.596340,0.802656
888.234000,0.38128,3.67352,2.18000,-0.00557,0.03143,0.00681,0.008352,0.007249,-0.596340,0.802656
888.268000,0.38128,3.67352,2.18000,-0.00557,0.03143,0.00681,0.005898,0.005412,-0.595982,0.802958
888.300000,0.38128,3.67352,2.18000,-0.00035,-0.01517,0.00476,0.005898,0.005412,-0.595982,0.802958
888.334000,0.38128,3.67352,2.18000,-0.00035,-0.01517,0.00476,0.005898,0.005412,-0.595982,0.802958
888.367000,0.38128,3.67352,2.18000,-0.00035,-0.01517,0.00476,0.005898,0.005412,-0.595982,0.802958
888.400000,0.38128,3.67352,2.18000,-0.00035,-0.01517,0.00476,0.005898,0.005412,-0.595982,0.802958
888.434000,0.38128,3.67352,2.18000,-0.00035,-0.01517,0.00476,0.005898,0.005412,-0.595982,0.802958
888.467000,0.38128,3.67352,2.18000,-0.00035,-0.01517,0.00476,0.005898,0.005412,-0.595982,0.802958
888.500000,0.38128,3.67352,2.18000,-0.00035,-0.01517,0.00476,0.005898,0.005412,-0.595982,0.802958
888.535000,0.38128,3.67352,2.18000,-0.00033,-0.04790,0.00114,0.004886,0.002763,-0.595204,0.803555
888.567000,0.38128,3.67352,2.18000,-0.00033,-0.04790,0.00114,0.004886,0.002763,-0.595204,0.803555
888.600000,0.38128,3.67352,2.18000,-0.00033,-0.04790,0.00114,0.004886,0.002763,-0.595204,0.803555
888.634000,0.38128,3.67352,2.18000,-0.00033,-0.04790,0.00114,0.004886,0.002763,-0.595204,0.803555
888.667000,0.38128,3.67352,2.18000,-0.00033,-0.04790,0.00114,0.004886,0.002763,-0.595204,0.803555
888.700000,0.38128,3.67352,2.18000,-0.00033,-0.04790,0.00114,0.004886,0.002763,-0.595204,0.803555
888.734000,0.38128,3.67352,2.18000,-0.00033,-0.04790,0.00114,0.004886,0.002763,-0.595204,0.803555
888.768000,0.38128,3.66239,2.18000,0.00476,-0.06542,-0.00586,-0.000455,0.003214,-0.594690,0.803949
888.800000,0.38128,3.66239,2.18000,0.00476,-0.06542,-0.00586,-0.000455,0.003214,-0.594690,0.803949
888.834000,0.38128,3.66239,2.18000,0.00476,-0.06542,-0.00586,-0.000455,0.003214,-0.594690,0.803949
888.867000,0.38128,3.66239,2.18000,0.00476,-0.06542,-0.00586,-0.000455,0.003214,-0.594690,0.803949
888.900000,0.38128,3.66239,2.18000,0.00476,-0.06542,-0.00586,-0.000455,0.003214,-0.594690,0.803949
888.934000,0.38128,3.66239,2.18000,0.00476,-0.06542,-0.00586,-0.000455,0.003214,-0.594690,0.803949
888.967000,0.38128,3.66239,2.18000,0.00476,-0.06542,-0.00586,-0.000455,0.003214,-0.594690,0.803949
889.000000,0.38128,3.66239,2.18000,0.00476,-0.06542,-0.00586,-0.000455,0.003214,-0.594690,0.803949
889.035000,0.38128,3.65126,2.18000,0.00541,-0.07307,-0.00263,0.002545,-0.001046,-0.594013,0.804451
889.067000,0.38128,3.65126,2.18000,0.00541,-0.07307,-0.00263,0.002545,-0.001046,-0.594013,0.804451
889.100000,0.38128,3.65126,2.18000,0.00541,-0.07307,-0.00263,0.002545,-0.001046,-0.594013,0.804451
889.134000,0.38128,3.65126,2.18000,0.00541,-0.07307,-0.00263,0.002545,-0.001046,-0.594013,0.804451
889.167000,0.38128,3.65126,2.18000,0.00541,-0.07307,-0.00263,0.002545,-0.001046,-0.594013,0.804451
889.200000,0.38128,3.65126,2.18000,0.00541,-0.07307,-0.00263,0.002545,-0.001046,-0.594013,0.804451
889.234000,0.38128,3.65126,2.18000,0.00541,-0.07307,-0.00263,0.002545,-0.001046,-0.594013,0.804451
889.268000,0.38128,3.64013,2.18000,0.00635,-0.07065,-0.00087,-0.003549,0.000998,-0.593524,0.804808
889.300000,0.38128,3.64013,2.18000,0.00635,-0.07065,-0.00087,-0.003549,0.000998,-0.593524,0.804808
889.334000,0.38128,3.64013,2.18000,0.00635,-0.07065,-0.00087,-0.003549,0.000998,-0.593524,0.804808
889.367000,0.38128,3.64013,2.18000,0.00635,-0.07065,-0.00087,-0.003549,0.000998,-0.593524,0.804808
889.400000,0.38128,3.64013,2.18000,0.00635,-0.07065,-0.00087,-0.003549,0.000998,-0.593524,0.804808
889.434000,0.38128,3.64013,2.18000,0.00635,-0.07065,-0.00087,-0.003549,0.000998,-0.593524,0.804808
889.467000,0.38128,3.64013,2.18000,0.00635,-0.07065,-0.00087,-0.003549,0.000998,-0.593524,0.804808
889.500000,0.38128,3.64013,2.18000,0.00635,-0.07065,-0.00087,-0.003549,0.000998,-0.593524,0.804808
889.535000,0.38128,3.62899,2.18000,0.00731,-0.06278,-0.00011,0.000589,-0.002622,-0.592939,0.805243
889.567000,0.38128,3.62899,2.18000,0.00731,-0.06278,-0.00011,0.000589,-0.002622,-0.592939,0.805243
889.600000,0.38128,3.62899,2.18000,0.00731,-0.06278,-0.00011,0.000589,-0.002622,-0.592939,0.805243
889.634000,0.38128,3.62899,2.18000,0.00731,-0.06278,-0.00011,0.000589,-0.002622,-0.592939,0.805243
889.667000,0.38128,3.62899,2.18000,0.00731,-0.06278,-0.00011,0.000589,-0.002622,-0.592939,0.805243
889.700000,0.38128,3.62899,2.18000,0.00731,-0.06278,-0.00011,0.000589,-0.002622,-0.592939,0.805243
889.734000,0.38128,3.62899,2.18000,0.00731,-0.06278,-0.00011,0.000589,-0.002622,-0.592939,0.805243
889.768000,0.38128,3.59560,2.18000,0.00616,-0.04884,-0.00054,-0.005262,-0.000900,-0.592486,0.805563
889.800000,0.38128,3.59560,2.18000,0.00616,-0.04884,-0.00054,-0.005262,-0.000900,-0.592486,0.805563
889.834000,0.38128,3.59560,2.18000,0.00616,-0.04884,-0.00054,-0.005262,-0.000900,-0.592486,0.805563
889.867000,0.38128,3.59560,2.18000,0.00616,-0.04884,-0.00054,-0.005262,-0.000900,-0.592486,0.805563
889.900000,0.38128,3.59560,2.18000,0.00616,-0.04884,-0.00054,-0.005262,-0.000900,-0.592486,0.805563
889.934000,0.38128,3.59560,2.18000,0.00616,-0.04884,-0.00054,-0.005262,-0.000900,-0.592486,0.805563
889.967000,0.38128,3.59560,2.18000,0.00616,-0.04884,-0.00054,-0.005262,-0.000900,-0.592486,0.805563
890.000000,0.38128,3.59560,2.18000,0.00616,-0.04884,-0.00054,-0.005262,-0.000900,-0.592486,0.805563
890.035000,0.38128,3.58447,2.18000,0.00884,-0.02653,-0.00146,-0.002320,-0.003210,-0.592094,0.805859
890.067000,0.38128,3.58447,2.18000,0.00884,-0.02653,-0.00146,-0.002320,-0.003210,-0.592094,0.805859
890.100000,0.38128,3.58447,2.18000,0.00884,-0.02653,-0.00146,-0.002320,-0.003210,-0.592094,0.805859
890.134000,0.38128,3.58447,2.18000,0.00884,-0.02653,-0.00146,-0.002320,-0.003210,-0.592094,0.805859
890.167000,0.38128,3.58447,2.18000,0.00884,-0.02653,-0.00146,-0.002320,-0.003210,-0.592094,0.805859
890.200000,0.38128,3.58447,2.18000,0.00884,-0.02653,-0.00146,-0.002320,-0.003210,-0.592094,0.805859
890.234000,0.38128,3.58447,2.18000,0.00884,-0.02653,-0.00146,-0.002320,-0.003210,-0.592094,0.805859
890.268000,0.38128,3.58447,2.18000,0.00884,-0.02653,-0.00146,-0.003709,-0.001463,-0.591565,0.806248
890.300000,0.38128,3.58447,2.18000,0.00668,-0.00849,0.00406,-0.003709,-0.001463,-0.591565,0.806248
890.334000,0.38128,3.58447,2.18000,0.00668,-0.00849,0.00406,-0.003709,-0.001463,-0.591565,0.806248
890.367000,0.38128,3.58447,2.18000,0.00668,-0.00849,0.00406,-0.003709,-0.001463,-0.591565,0.806248
890.400000,0.38128,3.58447,2.18000,0.00668,-0.00849,0.00406,-0.003709,-0.001463,-0.591565,0.806248
890.434000,0.38128,3.58447,2.18000,0.00668,-0.00849,0.00406,-0.003709,-0.001463,-0.591565,0.806248
890.467000,0.38128,3.58447,2.18000,0.00668,-0.00849,0.00406,-0.003709,-0.001463,-0.591565,0.806248
890.500000,0.38128,3.58447,2.18000,0.00668,-0.00849,0.00406,-0.003709,-0.001463,-0.591565,0.806248
890.535000,0.38128,3.58447,2.18000,0.00934,0.00631,0.00375,-0.001785,-0.001291,-0.591229,0.806501
890.567000,0.38128,3.58447,2.18000,0.00934,0.00631,0.00375,-0.001785,-0.001291,-0.591229,0.806501
890.600000,0.38128,3.58447,2.18000,0.00934,0.00631,0.00375,-0.001785,-0.001291,-0.591229,0.806501
890.634000,0.38128,3.58447,2.18000,0.00934,0.00631,0.00375,-0.001785,-0.001291,-0.591229,0.806501
890.667000,0.38128,3.58447,2.18000,0.00934,0.00631,0.00375,-0.001785,-0.001291,-0.591229,0.806501
890.700000,0.38128,3.58447,2.18000,0.00934,0.00631,0.00375,-0.001785,-0.001291,-0.591229,0.806501
890.734000,0.38128,3.58447,2.18000,0.00934,0.00631,0.00375,-0.001785,-0.001291,-0.591229,0.806501
890.768000,0.38128,3.58447,2.18000,0.00555,0.01349,-0.00042,-0.000290,-0.001393,-0.590730,0.806868
890.800000,0.38128,3.58447,2.18000,0.00555,0.01349,-0.00042,-0.000290,-0.001393,-0.590730,0.806868
890.834000,0.38128,3.58447,2.18000,0.00555,0.01349,-0.00042,-0.000290,-0.001393,-0.590730,0.806868
890.867000,0.38128,3.58447,2.18000,0.00555,0.01349,-0.00042,-0.000290,-0.001393,-0.590730,0.806868
890.900000,0.38128,3.58447,2.18000,0.00555,0.01349,-0.00042,-0.000290,-0.001393,-0.590730,0.806868
890.934000,0.38128,3.58447,2.18000,0.00555,0.01349,-0.00042,-0.000290,-0.001393,-0.590730,0.806868
890.967000,0.38128,3.58447,2.18000,0.00555,0.01349,-0.00042,-0.000290,-0.001393,-0.590730,0.806868
891.000000,0.38128,3.58447,2.18000,0.00555,0.01349,-0.00042,-0.000290,-0.001393,-0.590730,0.806868
891.035000,0.39036,3.58447,2.18000,0.00743,0.01923,-0.00133,-0.002083,0.000561,-0.590639,0.806933
891.067000,0.39036,3.58447,2.18000,0.00743,0.01923,-0.00133,-0.002083,0.000561,-0.590639,0.806933
891.100000,0.39036,3.58447,2.18000,0.00743,0.01923,-0.00133,-0.002083,0.000561,-0.590639,0.806933
891.134000,0.39036,3.58447,2.18000,0.00743,0.01923,-0.00133,-0.002083,0.000561,-0.590639,0.806933
891.167000,0.39036,3.58447,2.18000,0.00743,0.01923,-0.00133,-0.002083,0.000561,-0.590639,0.806933
891.200000,0.39036,3.58447,2.18000,0.00743,0.01923,-0.00133,-0.002083,0.000561,-0.590639,0.806933
891.234000,0.39036,3.58447,2.18000,0.00743,0.01923,-0.00133,-0.002083,0.000561,-0.590639,0.806933
891.268000,0.39036,3.58447,2.18000,0.00743,0.01923,-0.00133,0.001882,-0.002286,-0.590182,0.807264
891.300000,0.39036,3.58447,2.18000,0.00290,0.02128,-0.00354,0.001882,-0.002286,-0.590182,0.807264
891.334000,0.39036,3.58447,2.18000,0.00290,0.02128,-0.00354,0.001882,-0.002286,-0.590182,0.807264
891.367000,0.39036,3.58447,2.18000,0.00290,0.02128,-0.00354,0.001882,-0.002286,-0.590182,0.807264
891.400000,0.39036,3.58447,2.18000,0.00290,0.02128,-0.00354,0.001882,-0.002286,-0.590182,0.807264
891.434000,0.39036,3.58447,2.18000,0.00290,0.02128,-0.00354,0.001882,-0.002286,-0.590182,0.807264
891.467000,0.39036,3.58447,2.18000,0.00290,0.02128,-0.00354,0.001882,-0.002286,-0.590182,0.807264
891.500000,0.39036,3.58447,2.18000,0.00290,0.02128,-0.00354,0.001882,-0.002286,-0.590182,0.807264
891.535000,0.39036,3.59560,2.18000,0.00039,0.02359,-0.00514,-0.002086,0.001162,-0.590024,0.807382
891.567000,0.39036,3.59560,2.18000,0.00039,0.02359,-0.00514,-0.002086,0.001162,-0.590024,0.807382
891.600000,0.39036,3.59560,2.18000,0.00039,0.02359,-0.00514,-0.002086,0.001162,-0.590024,0.807382
891.634000,0.39036,3.59560,2.18000,0.00039,0.02359,-0.00514,-0.002086,0.001162,-0.590024,0.807382
891.667000,0.39036,3.59560,2.18000,0.00039,0.02359,-0.00514,-0.002086,0.001162,-0.590024,0.807382
891.700000,0.39036,3.59560,2.18000,0.00039,0.02359,-0.00514,-0.002086,0.001162,-0.590024,0.807382
891.734000,0.39036,3.59560,2.18000,0.00039,0.02359,-0.00514,-0.002086,0.001162,-0.590024,0.807382
891.768000,0.39036,3.59560,2.17000,-0.00195,0.02027,-0.00063,0.003478,-0.001418,-0.589603,0.807684
891.800000,0.39036,3.59560,2.17000,-0.00195,0.02027,-0.00063,0.003478,-0.001418,-0.589603,0.807684
891.834000,0.39036,3.59560,2.17000,-0.00195,0.02027,-0.00063,0.003478,-0.001418,-0.589603,0.807684
891.867000,0.39036,3.59560,2.17000,-0.00195,0.02027,-0.00063,0.003478,-0.001418,-0.589603,0.807684
891.900000,0.39036,3.59560,2.17000,-0.00195,0.02027,-0.00063,0.003478,-0.001418,-0.589603,0.807684
891.934000,0.39036,3.59560,2.17000,-0.00195,0.02027,-0.00063,0.003478,-0.001418,-0.589603,0.807684
891.967000,0.39036,3.59560,2.17000,-0.00195,0.02027,-0.00063,0.003478,-0.001418,-0.589603,0.807684
892.000000,0.39036,3.59560,2.17000,-0.00195,0.02027,-0.00063,0.003478,-0.001418,-0.589603,0.807684
892.035000,0.39036,3.60673,2.18000,-0.00266,0.01614,0.00064,-0.001783,0.001964,-0.589270,0.807932
892.067000,0.39036,3.60673,2.18000,-0.00266,0.01614,0.00064,-0.001783,0.001964,-0.589270,0.807932
892.100000,0.39036,3.60673,2.18000,-0.00266,0.01614,0.00064,-0.001783,0.001964,-0.589270,0.807932
892.134000,0.39036,3.60673,2.18000,-0.00266,0.01614,0.00064,-0.001783,0.001964,-0.589270,0.807932
892.167000,0.39036,3.60673,2.18000,-0.00266,0.01614,0.00064,-0.001783,0.001964,-0.589270,0.807932
892.200000,0.39036,3.60673,2.18000,-0.00266,0.01614,0.00064,-0.001783,0.001964,-0.589270,0.807932
892.234000,0.39036,3.60673,2.18000,-0.00266,0.01614,0.00064,-0.001783,0.001964,-0.589270,0.807932
892.268000,0.39036,3.60673,2.18000,-0.00208,0.01096,0.00006,0.003317,-0.000653,-0.589155,0.808013
892.300000,0.39036,3.60673,2.18000,-0.00208,0.01096,0.00006,0.003317,-0.000653,-0.589155,0.808013
892.334000,0.39036,3.60673,2.18000,-0.00208,0.01096,0.00006,0.003317,-0.000653,-0.589155,0.808013
892.367000,0.39036,3.60673,2.18000,-0.00208,0.01096,0.00006,0.003317,-0.000653,-0.589155,0.808013
892.401000,0.39036,3.60673,2.18000,-0.00208,0.01096,0.00006,0.003317,-0.000653,-0.589155,0.808013
892.434000,0.39036,3.60673,2.18000,-0.00208,0.01096,0.00006,0.003317,-0.000653,-0.589155,0.808013
892.467000,0.39036,3.60673,2.18000,-0.00208,0.01096,0.00006,0.003317,-0.000653,-0.589155,0.808013
892.501000,0.39036,3.60673,2.18000,-0.00208,0.01096,0.00006,0.003317,-0.000653,-0.589155,0.808013
892.535000,0.39036,3.60673,2.18000,-0.00454,0.00423,-0.00015,-0.000961,0.001750,-0.588830,0.808255
892.567000,0.39036,3.60673,2.18000,-0.00454,0.00423,-0.00015,-0.000961,0.001750,-0.588830,0.808255
892.600000,0.39036,3.60673,2.18000,-0.00454,0.00423,-0.00015,-0.000961,0.001750,-0.588830,0.808255
892.634000,0.39036,3.60673,2.18000,-0.00454,0.00423,-0.00015,-0.000961,0.001750,-0.588830,0.808255
892.667000,0.39036,3.60673,2.18000,-0.00454,0.00423,-0.00015,-0.000961,0.001750,-0.588830,0.808255
892.700000,0.39036,3.60673,2.18000,-0.00454,0.00423,-0.00015,-0.000961,0.001750,-0.588830,0.808255
892.734000,0.39036,3.60673,2.18000,-0.00454,0.00423,-0.00015,-0.000961,0.001750,-0.588830,0.808255
892.768000,0.39036,3.60673,2.18000,-0.00233,0.00152,0.00111,0.001486,-0.000497,-0.588667,0.808374
892.800000,0.39036,3.60673,2.18000,-0.00233,0.00152,0.00111,0.001486,-0.000497,-0.588667,0.808374
892.834000,0.39036,3.60673,2.18000,-0.00233,0.00152,0.00111,0.001486,-0.000497,-0.588667,0.808374
892.867000,0.39036,3.60673,2.18000,-0.00233,0.00152,0.00111,0.001486,-0.000497,-0.588667,0.808374
892.900000,0.39036,3.60673,2.18000,-0.00233,0.00152,0.00111,0.001486,-0.000497,-0.588667,0.808374
892.934000,0.39036,3.60673,2.18000,-0.00233,0.00152,0.00111,0.001486,-0.000497,-0.588667,0.808374
892.967000,0.39036,3.60673,2.18000,-0.00233,0.00152,0.00111,0.001486,-0.000497,-0.588667,0.808374
893.000000,0.39036,3.60673,2.18000,-0.00233,0.00152,0.00111,0.001486,-0.000497,-0.588667,0.808374
893.035000,0.39036,3.60673,2.18000,-0.00539,-0.00127,0.00322,0.000189,0.000480,-0.588543,0.808466
893.067000,0.39036,3.60673,2.18000,-0.00539,-0.00127,0.00322,0.000189,0.000480,-0.588543,0.808466
893.101000,0.39036,3.60673,2.18000,-0.00539,-0.00127,0.00322,0.000189,0.000480,-0.588543,0.808466
893.134000,0.39036,3.60673,2.18000,-0.00539,-0.00127,0.00322,0.000189,0.000480,-0.588543,0.808466
893.167000,0.39036,3.60673,2.18000,-0.00539,-0.00127,0.00322,0.000189,0.000480,-0.588543,0.808466
893.200000,0.39036,3.60673,2.18000,-0.00539,-0.00127,0.00322,0.000189,0.000480,-0.588543,0.808466
893.234000,0.39036,3.60673,2.18000,-0.00539,-0.00127,0.00322,0.000189,0.000480,-0.588543,0.808466
893.267000,0.39036,3.60673,2.18000,-0.00539,-0.00127,0.00322,0.022310,0.031235,-0.587762,0.808123
893.300000,0.39036,3.60673,2.18000,0.01755,-0.06291,0.00193,0.022310,0.031235,-0.587762,0.808123
893.334000,0.39036,3.60673,2.18000,0.01755,-0.06291,0.00193,0.022310,0.031235,-0.587762,0.808123
893.367000,0.39036,3.60673,2.18000,0.01755,-0.06291,0.00193,0.022310,0.031235,-0.587762,0.808123
893.400000,0.39036,3.60673,2.18000,0.01755,-0.06291,0.00193,0.022310,0.031235,-0.587762,0.808123
893.434000,0.39036,3.60673,2.18000,0.01755,-0.06291,0.00193,0.022310,0.031235,-0.587762,0.808123
893.467000,0.39036,3.60673,2.18000,0.01755,-0.06291,0.00193,0.022310,0.031235,-0.587762,0.808123
893.500000,0.39036,3.60673,2.18000,0.01755,-0.06291,0.00193,0.022310,0.031235,-0.587762,0.808123
893.535000,0.39943,3.57333,2.18000,0.13302,-0.42873,-0.00162,0.067588,0.091547,-0.585659,0.802530
893.567000,0.39943,3.57333,2.18000,0.13302,-0.42873,-0.00162,0.067588,0.091547,-0.585659,0.802530
893.601000,0.39943,3.57333,2.18000,0.13302,-0.42873,-0.00162,0.067588,0.091547,-0.585659,0.802530
893.634000,0.39943,3.57333,2.18000,0.13302,-0.42873,-0.00162,0.067588,0.091547,-0.585659,0.802530
893.667000,0.39943,3.57333,2.18000,0.13302,-0.42873,-0.00162,0.067588,0.091547,-0.585659,0.802530
893.700000,0.39943,3.57333,2.18000,0.13302,-0.42873,-0.00162,0.067588,0.091547,-0.585659,0.802530
893.734000,0.39943,3.57333,2.18000,0.13302,-0.42873,-0.00162,0.067588,0.091547,-0.585659,0.802530
893.768000,0.44482,3.38409,2.18000,0.31886,-0.99250,-0.00033,0.060950,0.087254,-0.587417,0.802255
893.801000,0.44482,3.38409,2.18000,0.31886,-0.99250,-0.00033,0.060950,0.087254,-0.587417,0.802255
893.834000,0.44482,3.38409,2.18000,0.31886,-0.99250,-0.00033,0.060950,0.087254,-0.587417,0.802255
893.867000,0.44482,3.38409,2.18000,0.31886,-0.99250,-0.00033,0.060950,0.087254,-0.587417,0.802255
893.900000,0.44482,3.38409,2.18000,0.31886,-0.99250,-0.00033,0.060950,0.087254,-0.587417,0.802255
893.934000,0.44482,3.38409,2.18000,0.31886,-0.99250,-0.00033,0.060950,0.087254,-0.587417,0.802255
893.967000,0.44482,3.38409,2.18000,0.31886,-0.99250,-0.00033,0.060950,0.087254,-0.587417,0.802255
894.001000,0.44482,3.38409,2.18000,0.31886,-0.99250,-0.00033,0.060950,0.087254,-0.587417,0.802255
894.035000,0.55376,3.09466,2.18000,0.43632,-1.36640,0.00025,0.032177,0.041163,-0.590570,0.805293
894.067000,0.55376,3.09466,2.18000,0.43632,-1.36640,0.00025,0.032177,0.041163,-0.590570,0.805293
894.100000,0.55376,3.09466,2.18000,0.43632,-1.36640,0.00025,0.032177,0.041163,-0.590570,0.805293
894.134000,0.55376,3.09466,2.18000,0.43632,-1.36640,0.00025,0.032177,0.041163,-0.590570,0.805293
894.167000,0.55376,3.09466,2.18000,0.43632,-1.36640,0.00025,0.032177,0.041163,-0.590570,0.805293
894.201000,0.55376,3.09466,2.18000,0.43632,-1.36640,0.00025,0.032177,0.041163,-0.590570,0.805293
894.234000,0.55376,3.09466,2.18000,0.43632,-1.36640,0.00025,0.032177,0.041163,-0.590570,0.805293
894.268000,0.55376,3.09466,2.18000,0.43632,-1.36640,0.00025,-0.010263,-0.011651,-0.592278,0.805584
894.301000,0.66270,2.71618,2.18000,0.46854,-1.46392,0.00511,-0.010263,-0.011651,-0.592278,0.805584
894.334000,0.66270,2.71618,2.18000,0.46854,-1.46392,0.00511,-0.010263,-0.011651,-0.592278,0.805584
894.367000,0.66270,2.71618,2.18000,0.46854,-1.46392,0.00511,-0.010263,-0.011651,-0.592278,0.805584
894.400000,0.66270,2.71618,2.18000,0.46854,-1.46392,0.00511,-0.010263,-0.011651,-0.592278,0.805584
894.434000,0.66270,2.71618,2.18000,0.46854,-1.46392,0.00511,-0.010263,-0.011651,-0.592278,0.805584
894.467000,0.66270,2.71618,2.18000,0.46854,-1.46392,0.00511,-0.010263,-0.011651,-0.592278,0.805584
894.500000,0.66270,2.71618,2.18000,0.46854,-1.46392,0.00511,-0.010263,-0.011651,-0.592278,0.805584
894.535000,0.78071,2.38222,2.18000,0.37725,-1.18786,0.00441,-0.057406,-0.083759,-0.589192,0.801587
894.568000,0.78071,2.38222,2.18000,0.37725,-1.18786,0.00441,-0.057406,-0.083759,-0.589192,0.801587
894.600000,0.78071,2.38222,2.18000,0.37725,-1.18786,0.00441,-0.057406,-0.083759,-0.589192,0.801587
894.634000,0.78071,2.38222,2.18000,0.37725,-1.18786,0.00441,-0.057406,-0.083759,-0.589192,0.801587
894.667000,0.78071,2.38222,2.18000,0.37725,-1.18786,0.00441,-0.057406,-0.083759,-0.589192,0.801587
894.700000,0.78071,2.38222,2.18000,0.37725,-1.18786,0.00441,-0.057406,-0.083759,-0.589192,0.801587
894.734000,0.78071,2.38222,2.18000,0.37725,-1.18786,0.00441,-0.057406,-0.083759,-0.589192,0.801587
894.768000,0.83518,2.15959,2.18000,0.19415,-0.60737,0.00563,-0.074321,-0.096878,-0.588243,0.799413
894.801000,0.83518,2.15959,2.18000,0.19415,-0.60737,0.00563,-0.074321,-0.096878,-0.588243,0.799413
894.834000,0.83518,2.15959,2.18000,0.19415,-0.60737,0.00563,-0.074321,-0.096878,-0.588243,0.799413
894.867000,0.83518,2.15959,2.18000,0.19415,-0.60737,0.00563,-0.074321,-0.096878,-0.588243,0.799413
894.900000,0.83518,2.15959,2.18000,0.19415,-0.60737,0.00563,-0.074321,-0.096878,-0.588243,0.799413
894.934000,0.83518,2.15959,2.18000,0.19415,-0.60737,0.00563,-0.074321,-0.096878,-0.588243,0.799413
894.967000,0.83518,2.15959,2.18000,0.19415,-0.60737,0.00563,-0.074321,-0.096878,-0.588243,0.799413
895.001000,0.83518,2.15959,2.18000,0.19415,-0.60737,0.00563,-0.074321,-0.096878,-0.588243,0.799413
895.035000,0.87149,2.08166,2.18000,0.04474,-0.13408,-0.00009,-0.041066,-0.061361,-0.590775,0.803451
895.067000,0.87149,2.08166,2.18000,0.04474,-0.13408,-0.00009,-0.041066,-0.061361,-0.590775,0.803451
895.100000,0.87149,2.08166,2.18000,0.04474,-0.13408,-0.00009,-0.041066,-0.061361,-0.590775,0.803451
895.134000,0.87149,2.08166,2.18000,0.04474,-0.13408,-0.00009,-0.041066,-0.061361,-0.590775,0.803451
895.168000,0.87149,2.08166,2.18000,0.04474,-0.13408,-0.00009,-0.041066,-0.061361,-0.590775,0.803451
895.200000,0.87149,2.08166,2.18000,0.04474,-0.13408,-0.00009,-0.041066,-0.061361,-0.590775,0.803451
895.234000,0.87149,2.08166,2.18000,0.04474,-0.13408,-0.00009,-0.041066,-0.061361,-0.590775,0.803451
895.267000,0.87149,2.08166,2.18000,0.04474,-0.13408,-0.00009,-0.019234,-0.021687,-0.592447,0.805088
895.301000,0.87149,2.08166,2.18000,-0.03085,0.09769,-0.00439,-0.019234,-0.021687,-0.592447,0.805088
895.334000,0.87149,2.08166,2.18000,-0.03085,0.09769,-0.00439,-0.019234,-0.021687,-0.592447,0.805088
895.367000,0.87149,2.08166,2.18000,-0.03085,0.09769,-0.00439,-0.019234,-0.021687,-0.592447,0.805088
895.400000,0.87149,2.08166,2.18000,-0.03085,0.09769,-0.00439,-0.019234,-0.021687,-0.592447,0.805088
895.434000,0.87149,2.08166,2.18000,-0.03085,0.09769,-0.00439,-0.019234,-0.021687,-0.592447,0.805088
895.467000,0.87149,2.08166,2.18000,-0.03085,0.09769,-0.00439,-0.019234,-0.021687,-0.592447,0.805088
895.500000,0.87149,2.08166,2.18000,-0.03085,0.09769,-0.00439,-0.019234,-0.021687,-0.592447,0.805088
895.535000,0.86241,2.10393,2.18000,-0.05069,0.16855,-0.00452,-0.001198,-0.004650,-0.592742,0.805378
895.567000,0.86241,2.10393,2.18000,-0.05069,0.16855,-0.00452,-0.001198,-0.004650,-0.592742,0.805378
895.600000,0.86241,2.10393,2.18000,-0.05069,0.16855,-0.00452,-0.001198,-0.004650,-0.592742,0.805378
895.634000,0.86241,2.10393,2.18000,-0.05069,0.16855,-0.00452,-0.001198,-0.004650,-0.592742,0.805378
895.667000,0.86241,2.10393,2.18000,-0.05069,0.16855,-0.00452,-0.001198,-0.004650,-0.592742,0.805378
895.700000,0.86241,2.10393,2.18000,-0.05069,0.16855,-0.00452,-0.001198,-0.004650,-0.592742,0.805378
895.734000,0.86241,2.10393,2.18000,-0.05069,0.16855,-0.00452,-0.001198,-0.004650,-0.592742,0.805378
895.768000,0.85334,2.14845,2.18000,-0.05144,0.15598,-0.00335,0.004496,0.006714,-0.592484,0.805542
895.800000,0.85334,2.14845,2.18000,-0.05144,0.15598,-0.00335,0.004496,0.006714,-0.592484,0.805542
895.834000,0.85334,2.14845,2.18000,-0.05144,0.15598,-0.00335,0.004496,0.006714,-0.592484,0.805542
895.867000,0.85334,2.14845,2.18000,-0.05144,0.15598,-0.00335,0.004496,0.006714,-0.592484,0.805542
895.900000,0.85334,2.14845,2.18000,-0.05144,0.15598,-0.00335,0.004496,0.006714,-0.592484,0.805542
895.934000,0.85334,2.14845,2.18000,-0.05144,0.15598,-0.00335,0.004496,0.006714,-0.592484,0.805542
895.967000,0.85334,2.14845,2.18000,-0.05144,0.15598,-0.00335,0.004496,0.006714,-0.592484,0.805542
896.000000,0.85334,2.14845,2.18000,-0.05144,0.15598,-0.00335,0.004496,0.006714,-0.592484,0.805542
896.035000,0.85334,2.17072,2.18000,-0.03424,0.10468,-0.00131,0.007205,0.009671,-0.592618,0.805393
896.067000,0.85334,2.17072,2.18000,-0.03424,0.10468,-0.00131,0.007205,0.009671,-0.592618,0.805393
896.100000,0.85334,2.17072,2.18000,-0.03424,0.10468,-0.00131,0.007205,0.009671,-0.592618,0.805393
896.134000,0.85334,2.17072,2.18000,-0.03424,0.10468,-0.00131,0.007205,0.009671,-0.592618,0.805393
896.167000,0.85334,2.17072,2.18000,-0.03424,0.10468,-0.00131,0.007205,0.009671,-0.592618,0.805393
896.200000,0.85334,2.17072,2.18000,-0.03424,0.10468,-0.00131,0.007205,0.009671,-0.592618,0.805393
896.234000,0.85334,2.17072,2.18000,-0.03424,0.10468,-0.00131,0.007205,0.009671,-0.592618,0.805393
896.268000,0.85334,2.17072,2.18000,-0.03424,0.10468,-0.00131,0.007430,0.009941,-0.592211,0.805687
896.300000,0.83518,2.18185,2.18000,-0.02087,0.04575,-0.00109,0.007430,0.009941,-0.592211,0.805687
896.334000,0.83518,2.18185,2.18000,-0.02087,0.04575,-0.00109,0.007430,0.009941,-0.592211,0.805687
896.367000,0.83518,2.18185,2.18000,-0.02087,0.04575,-0.00109,0.007430,0.009941,-0.592211,0.805687
896.400000,0.83518,2.18185,2.18000,-0.02087,0.04575,-0.00109,0.007430,0.009941,-0.592211,0.805687
896.434000,0.83518,2.18185,2.18000,-0.02087,0.04575,-0.00109,0.007430,0.009941,-0.592211,0.805687
896.467000,0.83518,2.18185,2.18000,-0.02087,0.04575,-0.00109,0.007430,0.009941,-0.592211,0.805687
896.500000,0.83518,2.18185,2.18000,-0.02087,0.04575,-0.00109,0.007430,0.009941,-0.592211,0.805687
896.535000,0.83518,2.19298,2.18000,0.00215,-0.00635,-0.00053,0.004363,0.009671,-0.592326,0.805629
896.567000,0.83518,2.19298,2.18000,0.00215,-0.00635,-0.00053,0.004363,0.009671,-0.592326,0.805629
896.600000,0.83518,2.19298,2.18000,0.00215,-0.00635,-0.00053,0.004363,0.009671,-0.592326,0.805629
896.634000,0.83518,2.19298,2.18000,0.00215,-0.00635,-0.00053,0.004363,0.009671,-0.592326,0.805629
896.667000,0.83518,2.19298,2.18000,0.00215,-0.00635,-0.00053,0.004363,0.009671,-0.592326,0.805629
896.700000,0.83518,2.19298,2.18000,0.00215,-0.00635,-0.00053,0.004363,0.009671,-0.592326,0.805629
896.734000,0.83518,2.19298,2.18000,0.00215,-0.00635,-0.00053,0.004363,0.009671,-0.592326,0.805629
896.768000,0.83518,2.18185,2.18000,0.01230,-0.04789,0.00243,0.005500,0.004362,-0.592076,0.805852
896.800000,0.83518,2.18185,2.18000,0.01230,-0.04789,0.00243,0.005500,0.004362,-0.592076,0.805852
896.834000,0.83518,2.18185,2.18000,0.01230,-0.04789,0.00243,0.005500,0.004362,-0.592076,0.805852
896.867000,0.83518,2.18185,2.18000,0.01230,-0.04789,0.00243,0.005500,0.004362,-0.592076,0.805852
896.900000,0.83518,2.18185,2.18000,0.01230,-0.04789,0.00243,0.005500,0.004362,-0.592076,0.805852
896.934000,0.83518,2.18185,2.18000,0.01230,-0.04789,0.00243,0.005500,0.004362,-0.592076,0.805852
896.967000,0.83518,2.18185,2.18000,0.01230,-0.04789,0.00243,0.005500,0.004362,-0.592076,0.805852
897.000000,0.83518,2.18185,2.18000,0.01230,-0.04789,0.00243,0.005500,0.004362,-0.592076,0.805852
897.035000,0.83518,2.18185,2.18000,0.02314,-0.06924,-0.00509,-0.000445,0.004657,-0.592241,0.805747
897.067000,0.83518,2.18185,2.18000,0.02314,-0.06924,-0.00509,-0.000445,0.004657,-0.592241,0.805747
897.100000,0.83518,2.18185,2.18000,0.02314,-0.06924,-0.00509,-0.000445,0.004657,-0.592241,0.805747
897.134000,0.83518,2.18185,2.18000,0.02314,-0.06924,-0.00509,-0.000445,0.004657,-0.592241,0.805747
897.167000,0.83518,2.18185,2.18000,0.02314,-0.06924,-0.00509,-0.000445,0.004657,-0.592241,0.805747
897.200000,0.83518,2.18185,2.18000,0.02314,-0.06924,-0.00509,-0.000445,0.004657,-0.592241,0.805747
897.234000,0.83518,2.18185,2.18000,0.02314,-0.06924,-0.00509,-0.000445,0.004657,-0.592241,0.805747
897.268000,0.83518,2.15959,2.18000,0.02856,-0.08037,-0.00518,0.002706,-0.000385,-0.591948,0.805972
897.300000,0.83518,2.15959,2.18000,0.02856,-0.08037,-0.00518,0.002706,-0.000385,-0.591948,0.805972
897.334000,0.83518,2.15959,2.18000,0.02856,-0.08037,-0.00518,0.002706,-0.000385,-0.591948,0.805972
897.367000,0.83518,2.15959,2.18000,0.02856,-0.08037,-0.00518,0.002706,-0.000385,-0.591948,0.805972
897.400000,0.83518,2.15959,2.18000,0.02856,-0.08037,-0.00518,0.002706,-0.000385,-0.591948,0.805972
897.434000,0.83518,2.15959,2.18000,0.02856,-0.08037,-0.00518,0.002706,-0.000385,-0.591948,0.805972
897.467000,0.83518,2.15959,2.18000,0.02856,-0.08037,-0.00518,0.002706,-0.000385,-0.591948,0.805972
897.500000,0.83518,2.15959,2.18000,0.02856,-0.08037,-0.00518,0.002706,-0.000385,-0.591948,0.805972
897.535000,0.85334,2.14845,2.18000,0.03046,-0.07861,-0.00474,-0.003286,0.000238,-0.591992,0.805937
897.567000,0.85334,2.14845,2.18000,0.03046,-0.07861,-0.00474,-0.003286,0.000238,-0.591992,0.805937
897.600000,0.85334,2.14845,2.18000,0.03046,-0.07861,-0.00474,-0.003286,0.000238,-0.591992,0.805937
897.634000,0.85334,2.14845,2.18000,0.03046,-0.07861,-0.00474,-0.003286,0.000238,-0.591992,0.805937
897.667000,0.85334,2.14845,2.18000,0.03046,-0.07861,-0.00474,-0.003286,0.000238,-0.591992,0.805937
897.700000,0.85334,2.14845,2.18000,0.03046,-0.07861,-0.00474,-0.003286,0.000238,-0.591992,0.805937
897.734000,0.85334,2.14845,2.18000,0.03046,-0.07861,-0.00474,-0.003286,0.000238,-0.591992,0.805937
897.768000,0.86241,2.12619,2.17000,0.02537,-0.06773,-0.00235,0.000474,-0.004423,-0.591887,0.806008
897.800000,0.86241,2.12619,2.17000,0.02537,-0.06773,-0.00235,0.000474,-0.004423,-0.591887,0.806008
897.834000,0.86241,2.12619,2.17000,0.02537,-0.06773,-0.00235,0.000474,-0.004423,-0.591887,0.806008
897.867000,0.86241,2.12619,2.17000,0.02537,-0.06773,-0.00235,0.000474,-0.004423,-0.591887,0.806008
897.900000,0.86241,2.12619,2.17000,0.02537,-0.06773,-0.00235,0.000474,-0.004423,-0.591887,0.806008
897.934000,0.86241,2.12619,2.17000,0.02537,-0.06773,-0.00235,0.000474,-0.004423,-0.591887,0.806008
897.967000,0.86241,2.12619,2.17000,0.02537,-0.06773,-0.00235,0.000474,-0.004423,-0.591887,0.806008
898.000000,0.86241,2.12619,2.17000,0.02537,-0.06773,-0.00235,0.000474,-0.004423,-0.591887,0.806008
898.035000,0.86241,2.10393,2.18000,0.01527,-0.04963,0.01033,-0.004520,-0.002182,-0.591863,0.806023
898.067000,0.86241,2.10393,2.18000,0.01527,-0.04963,0.01033,-0.004520,-0.002182,-0.591863,0.806023
898.100000,0.86241,2.10393,2.18000,0.01527,-0.04963,0.01033,-0.004520,-0.002182,-0.591863,0.806023
898.134000,0.86241,2.10393,2.18000,0.01527,-0.04963,0.01033,-0.004520,-0.002182,-0.591863,0.806023
898.167000,0.86241,2.10393,2.18000,0.01527,-0.04963,0.01033,-0.004520,-0.002182,-0.591863,0.806023
898.200000,0.86241,2.10393,2.18000,0.01527,-0.04963,0.01033,-0.004520,-0.002182,-0.591863,0.806023
898.234000,0.86241,2.10393,2.18000,0.01527,-0.04963,0.01033,-0.004520,-0.002182,-0.591863,0.806023
898.268000,0.86241,2.10393,2.18000,0.01527,-0.04963,0.01033,-0.000164,-0.005030,-0.591835,0.806043
898.301000,0.87149,2.09279,2.18000,0.01092,-0.02829,0.00295,-0.000164,-0.005030,-0.591835,0.806043
898.334000,0.87149,2.09279,2.18000,0.01092,-0.02829,0.00295,-0.000164,-0.005030,-0.591835,0.806043
898.367000,0.87149,2.09279,2.18000,0.01092,-0.02829,0.00295,-0.000164,-0.005030,-0.591835,0.806043
898.400000,0.87149,2.09279,2.18000,0.01092,-0.02829,0.00295,-0.000164,-0.005030,-0.591835,0.806043
898.434000,0.87149,2.09279,2.18000,0.01092,-0.02829,0.00295,-0.000164,-0.005030,-0.591835,0.806043
898.467000,0.87149,2.09279,2.18000,0.01092,-0.02829,0.00295,-0.000164,-0.005030,-0.591835,0.806043
898.500000,0.87149,2.09279,2.18000,0.01092,-0.02829,0.00295,-0.000164,-0.005030,-0.591835,0.806043
898.535000,0.87149,2.09279,2.18000,-0.00064,-0.01196,-0.00056,-0.002583,-0.002529,-0.591803,0.806075
898.567000,0.87149,2.09279,2.18000,-0.00064,-0.01196,-0.00056,-0.002583,-0.002529,-0.591803,0.806075
898.600000,0.87149,2.09279,2.18000,-0.00064,-0.01196,-0.00056,-0.002583,-0.002529,-0.591803,0.806075
898.634000,0.87149,2.09279,2.18000,-0.00064,-0.01196,-0.00056,-0.002583,-0.002529,-0.591803,0.806075
898.667000,0.87149,2.09279,2.18000,-0.00064,-0.01196,-0.00056,-0.002583,-0.002529,-0.591803,0.806075
898.700000,0.87149,2.09279,2.18000,-0.00064,-0.01196,-0.00056,-0.002583,-0.002529,-0.591803,0.806075
898.734000,0.87149,2.09279,2.18000,-0.00064,-0.01196,-0.00056,-0.002583,-0.002529,-0.591803,0.806075
898.768000,0.87149,2.09279,2.18000,-0.00064,-0.01196,-0.00056,-0.001440,-0.001872,-0.591896,0.806011
898.800000,0.87149,2.09279,2.18000,-0.00384,0.00222,0.00117,-0.001440,-0.001872,-0.591896,0.806011
898.834000,0.87149,2.09279,2.18000,-0.00384,0.00222,0.00117,-0.001440,-0.001872,-0.591896,0.806011
898.867000,0.87149,2.09279,2.18000,-0.00384,0.00222,0.00117,-0.001440,-0.001872,-0.591896,0.806011
898.900000,0.87149,2.09279,2.18000,-0.00384,0.00222,0.00117,-0.001440,-0.001872,-0.591896,0.806011
898.934000,0.87149,2.09279,2.18000,-0.00384,0.00222,0.00117,-0.001440,-0.001872,-0.591896,0.806011
898.967000,0.87149,2.09279,2.18000,-0.00384,0.00222,0.00117,-0.001440,-0.001872,-0.591896,0.806011
899.000000,0.87149,2.09279,2.18000,-0.00384,0.00222,0.00117,-0.001440,-0.001872,-0.591896,0.806011
899.035000,0.87149,2.09279,2.18000,-0.00992,0.00972,0.00252,0.000084,-0.001744,-0.591727,0.806136
899.067000,0.87149,2.09279,2.18000,-0.00992,0.00972,0.00252,0.000084,-0.001744,-0.591727,0.806136
899.100000,0.87149,2.09279,2.18000,-0.00992,0.00972,0.00252,0.000084,-0.001744,-0.591727,0.806136
899.134000,0.87149,2.09279,2.18000,-0.00992,0.00972,0.00252,0.000084,-0.001744,-0.591727,0.806136
899.167000,0.87149,2.09279,2.18000,-0.00992,0.00972,0.00252,0.000084,-0.001744,-0.591727,0.806136
899.200000,0.87149,2.09279,2.18000,-0.00992,0.00972,0.00252,0.000084,-0.001744,-0.591727,0.806136
899.234000,0.87149,2.09279,2.18000,-0.00992,0.00972,0.00252,0.000084,-0.001744,-0.591727,0.806136
899.268000,0.87149,2.09279,2.18000,-0.00992,0.00972,0.00252,-0.001736,0.000230,-0.591806,0.806079
899.300000,0.87149,2.09279,2.18000,-0.00984,0.01515,0.00419,-0.001736,0.000230,-0.591806,0.806079
899.334000,0.87149,2.09279,2.18000,-0.00984,0.01515,0.00419,-0.001736,0.000230,-0.591806,0.806079
899.367000,0.87149,2.09279,2.18000,-0.00984,0.01515,0.00419,-0.001736,0.000230,-0.591806,0.806079
899.400000,0.87149,2.09279,2.18000,-0.00984,0.01515,0.00419,-0.001736,0.000230,-0.591806,0.806079
899.434000,0.87149,2.09279,2.18000,-0.00984,0.01515,0.00419,-0.001736,0.000230,-0.591806,0.806079
899.467000,0.87149,2.09279,2.18000,-0.00984,0.01515,0.00419,-0.001736,0.000230,-0.591806,0.806079
899.500000,0.87149,2.09279,2.18000,-0.00984,0.01515,0.00419,-0.001736,0.000230,-0.591806,0.806079
899.535000,0.87149,2.09279,2.18000,-0.01222,0.01739,-0.00171,0.001326,-0.001486,-0.591561,0.806258
899.567000,0.87149,2.09279,2.18000,-0.01222,0.01739,-0.00171,0.001326,-0.001486,-0.591561,0.806258
899.600000,0.87149,2.09279,2.18000,-0.01222,0.01739,-0.00171,0.001326,-0.001486,-0.591561,0.806258
899.634000,0.87149,2.09279,2.18000,-0.01222,0.01739,-0.00171,0.001326,-0.001486,-0.591561,0.806258
899.667000,0.87149,2.09279,2.18000,-0.01222,0.01739,-0.00171,0.001326,-0.001486,-0.591561,0.806258
899.700000,0.87149,2.09279,2.18000,-0.01222,0.01739,-0.00171,0.001326,-0.001486,-0.591561,0.806258
899.734000,0.87149,2.09279,2.18000,-0.01222,0.01739,-0.00171,0.001326,-0.001486,-0.591561,0.806258
899.768000,0.87149,2.09279,2.18000,-0.01007,0.01948,-0.00405,-0.002256,0.001416,-0.591691,0.806161
899.800000,0.87149,2.09279,2.18000,-0.01007,0.01948,-0.00405,-0.002256,0.001416,-0.591691,0.806161
899.834000,0.87149,2.09279,2.18000,-0.01007,0.01948,-0.00405,-0.002256,0.001416,-0.591691,0.806161
899.867000,0.87149,2.09279,2.18000,-0.01007,0.01948,-0.00405,-0.002256,0.001416,-0.591691,0.806161
899.900000,0.87149,2.09279,2.18000,-0.01007,0.01948,-0.00405,-0.002256,0.001416,-0.591691,0.806161
899.934000,0.87149,2.09279,2.18000,-0.01007,0.01948,-0.00405,-0.002256,0.001416,-0.591691,0.806161
899.967000,0.87149,2.09279,2.18000,-0.01007,0.01948,-0.00405,-0.002256,0.001416,-0.591691,0.806161
900.000000,0.87149,2.09279,2.18000,-0.01007,0.01948,-0.00405,-0.002256,0.001416,-0.591691,0.806161
900.035000,0.86241,2.10393,2.18000,-0.01110,0.02011,-0.00355,0.002102,-0.001650,-0.591675,0.806172
900.067000,0.86241,2.10393,2.18000,-0.01110,0.02011,-0.00355,0.002102,-0.001650,-0.591675,0.806172
900.100000,0.86241,2.10393,2.18000,-0.01110,0.02011,-0.00355,0.002102,-0.001650,-0.591675,0.806172
900.134000,0.86241,2.10393,2.18000,-0.01110,0.02011,-0.00355,0.002102,-0.001650,-0.591675,0.806172
900.167000,0.86241,2.10393,2.18000,-0.01110,0.02011,-0.00355,0.002102,-0.001650,-0.591675,0.806172
900.200000,0.86241,2.10393,2.18000,-0.01110,0.02011,-0.00355,0.002102,-0.001650,-0.591675,0.806172
900.234000,0.86241,2.10393,2.18000,-0.01110,0.02011,-0.00355,0.002102,-0.001650,-0.591675,0.806172
900.268000,0.86241,2.10393,2.18000,-0.01110,0.02011,-0.00355,-0.002201,0.003193,-0.591612,0.806214
900.300000,0.86241,2.10393,2.18000,-0.00757,0.01737,-0.00090,-0.002201,0.003193,-0.591612,0.806214
900.334000,0.86241,2.10393,2.18000,-0.00757,0.01737,-0.00090,-0.002201,0.003193,-0.591612,0.806214
900.367000,0.86241,2.10393,2.18000,-0.00757,0.01737,-0.00090,-0.002201,0.003193,-0.591612,0.806214
900.400000,0.86241,2.10393,2.18000,-0.00757,0.01737,-0.00090,-0.002201,0.003193,-0.591612,0.806214
900.434000,0.86241,2.10393,2.18000,-0.00757,0.01737,-0.00090,-0.002201,0.003193,-0.591612,0.806214
900.467000,0.86241,2.10393,2.18000,-0.00757,0.01737,-0.00090,-0.002201,0.003193,-0.591612,0.806214
900.500000,0.86241,2.10393,2.18000,-0.00757,0.01737,-0.00090,-0.002201,0.003193,-0.591612,0.806214
900.535000,0.86241,2.10393,2.18000,-0.00257,0.01336,-0.00050,0.002279,-0.000646,-0.591609,0.806221
900.567000,0.86241,2.10393,2.18000,-0.00257,0.01336,-0.00050,0.002279,-0.000646,-0.591609,0.806221
900.600000,0.86241,2.10393,2.18000,-0.00257,0.01336,-0.00050,0.002279,-0.000646,-0.591609,0.806221
900.634000,0.86241,2.10393,2.18000,-0.00257,0.01336,-0.00050,0.002279,-0.000646,-0.591609,0.806221
900.667000,0.86241,2.10393,2.18000,-0.00257,0.01336,-0.00050,0.002279,-0.000646,-0.591609,0.806221
900.700000,0.86241,2.10393,2.18000,-0.00257,0.01336,-0.00050,0.002279,-0.000646,-0.591609,0.806221
900.734000,0.86241,2.10393,2.18000,-0.00257,0.01336,-0.00050,0.002279,-0.000646,-0.591609,0.806221
900.768000,0.86241,2.11506,2.18000,-0.00126,0.01031,0.00154,-0.001541,0.002217,-0.591477,0.806317
900.800000,0.86241,2.11506,2.18000,-0.00126,0.01031,0.00154,-0.001541,0.002217,-0.591477,0.806317
900.834000,0.86241,2.11506,2.18000,-0.00126,0.01031,0.00154,-0.001541,0.002217,-0.591477,0.806317
900.867000,0.86241,2.11506,2.18000,-0.00126,0.01031,0.00154,-0.001541,0.002217,-0.591477,0.806317
900.900000,0.86241,2.11506,2.18000,-0.00126,0.01031,0.00154,-0.001541,0.002217,-0.591477,0.806317
900.934000,0.86241,2.11506,2.18000,-0.00126,0.01031,0.00154,-0.001541,0.002217,-0.591477,0.806317
900.967000,0.86241,2.11506,2.18000,-0.00126,0.01031,0.00154,-0.001541,0.002217,-0.591477,0.806317
901.000000,0.86241,2.11506,2.18000,-0.00126,0.01031,0.00154,-0.001541,0.002217,-0.591477,0.806317
901.035000,0.86241,2.11506,2.18000,0.00119,0.00465,0.00032,0.002630,-0.000266,-0.591631,0.806205
901.067000,0.86241,2.11506,2.18000,0.00119,0.00465,0.00032,0.002630,-0.000266,-0.591631,0.806205
901.100000,0.86241,2.11506,2.18000,0.00119,0.00465,0.00032,0.002630,-0.000266,-0.591631,0.806205
901.134000,0.86241,2.11506,2.18000,0.00119,0.00465,0.00032,0.002630,-0.000266,-0.591631,0.806205
901.167000,0.86241,2.11506,2.18000,0.00119,0.00465,0.00032,0.002630,-0.000266,-0.591631,0.806205
901.200000,0.86241,2.11506,2.18000,0.00119,0.00465,0.00032,0.002630,-0.000266,-0.591631,0.806205
901.234000,0.86241,2.11506,2.18000,0.00119,0.00465,0.00032,0.002630,-0.000266,-0.591631,0.806205
901.267000,0.86241,2.11506,2.18000,0.00119,0.00465,0.00032,-0.000404,0.001175,-0.591451,0.806340
901.301000,0.86241,2.11506,2.18000,-0.00136,-0.00130,0.00269,-0.000404,0.001175,-0.591451,0.806340
901.334000,0.86241,2.11506,2.18000,-0.00136,-0.00130,0.00269,-0.000404,0.001175,-0.591451,0.806340
901.367000,0.86241,2.11506,2.18000,-0.00136,-0.00130,0.00269,-0.000404,0.001175,-0.591451,0.806340
901.400000,0.86241,2.11506,2.18000,-0.00136,-0.00130,0.00269,-0.000404,0.001175,-0.591451,0.806340
901.434000,0.86241,2.11506,2.18000,-0.00136,-0.00130,0.00269,-0.000404,0.001175,-0.591451,0.806340
901.467000,0.86241,2.11506,2.18000,-0.00136,-0.00130,0.00269,-0.000404,0.001175,-0.591451,0.806340
901.500000,0.86241,2.11506,2.18000,-0.00136,-0.00130,0.00269,-0.000404,0.001175,-0.591451,0.806340
901.535000,0.86241,2.11506,2.18000,0.00010,0.00163,0.00643,-0.003073,-0.005818,-0.591726,0.806112
901.567000,0.86241,2.11506,2.18000,0.00010,0.00163,0.00643,-0.003073,-0.005818,-0.591726,0.806112
901.601000,0.86241,2.11506,2.18000,0.00010,0.00163,0.00643,-0.003073,-0.005818,-0.591726,0.806112
901.634000,0.86241,2.11506,2.18000,0.00010,0.00163,0.00643,-0.003073,-0.005818,-0.591726,0.806112
901.667000,0.86241,2.11506,2.18000,0.00010,0.00163,0.00643,-0.003073,-0.005818,-0.591726,0.806112
901.701000,0.86241,2.11506,2.18000,0.00010,0.00163,0.00643,-0.003073,-0.005818,-0.591726,0.806112
901.734000,0.86241,2.11506,2.18000,0.00010,0.00163,0.00643,-0.003073,-0.005818,-0.591726,0.806112
901.768000,0.86241,2.12619,2.18000,-0.05101,0.15592,0.00165,-0.040937,-0.055630,-0.589907,0.804511
901.800000,0.86241,2.12619,2.18000,-0.05101,0.15592,0.00165,-0.040937,-0.055630,-0.589907,0.804511
901.834000,0.86241,2.12619,2.18000,-0.05101,0.15592,0.00165,-0.040937,-0.055630,-0.589907,0.804511
901.867000,0.86241,2.12619,2.18000,-0.05101,0.15592,0.00165,-0.040937,-0.055630,-0.589907,0.804511
901.900000,0.86241,2.12619,2.18000,-0.05101,0.15592,0.00165,-0.040937,-0.055630,-0.589907,0.804511
901.934000,0.86241,2.12619,2.18000,-0.05101,0.15592,0.00165,-0.040937,-0.055630,-0.589907,0.804511
901.967000,0.86241,2.12619,2.18000,-0.05101,0.15592,0.00165,-0.040937,-0.055630,-0.589907,0.804511
902.000000,0.86241,2.12619,2.18000,-0.05101,0.15592,0.00165,-0.040937,-0.055630,-0.589907,0.804511
902.035000,0.82610,2.22638,2.18000,-0.19978,0.64742,-0.00095,-0.071161,-0.098769,-0.609126,0.783675
902.067000,0.82610,2.22638,2.18000,-0.19978,0.64742,-0.00095,-0.071161,-0.098769,-0.609126,0.783675
902.100000,0.82610,2.22638,2.18000,-0.19978,0.64742,-0.00095,-0.071161,-0.098769,-0.609126,0.783675
902.134000,0.82610,2.22638,2.18000,-0.19978,0.64742,-0.00095,-0.071161,-0.098769,-0.609126,0.783675
902.167000,0.82610,2.22638,2.18000,-0.19978,0.64742,-0.00095,-0.071161,-0.098769,-0.609126,0.783675
902.200000,0.82610,2.22638,2.18000,-0.19978,0.64742,-0.00095,-0.071161,-0.098769,-0.609126,0.783675
902.234000,0.82610,2.22638,2.18000,-0.19978,0.64742,-0.00095,-0.071161,-0.098769,-0.609126,0.783675
902.267000,0.82610,2.22638,2.18000,-0.19978,0.64742,-0.00095,-0.053948,-0.063410,-0.696431,0.712778
902.301000,0.75348,2.44901,2.18000,-0.32289,1.16672,0.00697,-0.053948,-0.063410,-0.696431,0.712778
902.334000,0.75348,2.44901,2.18000,-0.32289,1.16672,0.00697,-0.053948,-0.063410,-0.696431,0.712778
902.367000,0.75348,2.44901,2.18000,-0.32289,1.16672,0.00697,-0.053948,-0.063410,-0.696431,0.712778
902.401000,0.75348,2.44901,2.18000,-0.32289,1.16672,0.00697,-0.053948,-0.063410,-0.696431,0.712778
902.434000,0.75348,2.44901,2.18000,-0.32289,1.16672,0.00697,-0.053948,-0.063410,-0.696431,0.712778
902.467000,0.75348,2.44901,2.18000,-0.32289,1.16672,0.00697,-0.053948,-0.063410,-0.696431,0.712778
902.500000,0.75348,2.44901,2.18000,-0.32289,1.16672,0.00697,-0.053948,-0.063410,-0.696431,0.712778
902.535000,0.68085,2.78297,2.18000,-0.25569,1.44961,0.00527,0.043608,0.005933,0.783501,-0.619830
902.567000,0.68085,2.78297,2.18000,-0.25569,1.44961,0.00527,0.043608,0.005933,0.783501,-0.619830
902.600000,0.68085,2.78297,2.18000,-0.25569,1.44961,0.00527,0.043608,0.005933,0.783501,-0.619830
902.634000,0.68085,2.78297,2.18000,-0.25569,1.44961,0.00527,0.043608,0.005933,0.783501,-0.619830
902.667000,0.68085,2.78297,2.18000,-0.25569,1.44961,0.00527,0.043608,0.005933,0.783501,-0.619830
902.700000,0.68085,2.78297,2.18000,-0.25569,1.44961,0.00527,0.043608,0.005933,0.783501,-0.619830
902.734000,0.68085,2.78297,2.18000,-0.25569,1.44961,0.00527,0.043608,0.005933,0.783501,-0.619830
902.768000,0.64454,3.16146,2.18000,-0.08521,1.42737,0.01029,0.005933,-0.054860,0.858160,-0.510408
902.800000,0.64454,3.16146,2.18000,-0.08521,1.42737,0.01029,0.005933,-0.054860,0.858160,-0.510408
902.834000,0.64454,3.16146,2.18000,-0.08521,1.42737,0.01029,0.005933,-0.054860,0.858160,-0.510408
902.868000,0.64454,3.16146,2.18000,-0.08521,1.42737,0.01029,0.005933,-0.054860,0.858160,-0.510408
902.901000,0.64454,3.16146,2.18000,-0.08521,1.42737,0.01029,0.005933,-0.054860,0.858160,-0.510408
902.934000,0.64454,3.16146,2.18000,-0.08521,1.42737,0.01029,0.005933,-0.054860,0.858160,-0.510408
902.967000,0.64454,3.16146,2.18000,-0.08521,1.42737,0.01029,0.005933,-0.054860,0.858160,-0.510408
903.000000,0.64454,3.16146,2.18000,-0.08521,1.42737,0.01029,0.005933,-0.054860,0.858160,-0.510408
903.035000,0.63546,3.46202,2.18000,0.03343,1.00322,0.00520,-0.035114,-0.113434,0.914305,-0.387228
903.067000,0.63546,3.46202,2.18000,0.03343,1.00322,0.00520,-0.035114,-0.113434,0.914305,-0.387228
903.101000,0.63546,3.46202,2.18000,0.03343,1.00322,0.00520,-0.035114,-0.113434,0.914305,-0.387228
903.134000,0.63546,3.46202,2.18000,0.03343,1.00322,0.00520,-0.035114,-0.113434,0.914305,-0.387228
903.167000,0.63546,3.46202,2.18000,0.03343,1.00322,0.00520,-0.035114,-0.113434,0.914305,-0.387228
903.200000,0.63546,3.46202,2.18000,0.03343,1.00322,0.00520,-0.035114,-0.113434,0.914305,-0.387228
903.234000,0.63546,3.46202,2.18000,0.03343,1.00322,0.00520,-0.035114,-0.113434,0.914305,-0.387228
903.268000,0.63546,3.46202,2.18000,0.03343,1.00322,0.00520,-0.030476,-0.095503,0.957994,-0.268697
903.300000,0.64454,3.64013,2.18000,0.04105,0.42183,0.00599,-0.030476,-0.095503,0.957994,-0.268697
903.334000,0.64454,3.64013,2.18000,0.04105,0.42183,0.00599,-0.030476,-0.095503,0.957994,-0.268697
903.367000,0.64454,3.64013,2.18000,0.04105,0.42183,0.00599,-0.030476,-0.095503,0.957994,-0.268697
903.400000,0.64454,3.64013,2.18000,0.04105,0.42183,0.00599,-0.030476,-0.095503,0.957994,-0.268697
903.434000,0.64454,3.64013,2.18000,0.04105,0.42183,0.00599,-0.030476,-0.095503,0.957994,-0.268697
903.467000,0.64454,3.64013,2.18000,0.04105,0.42183,0.00599,-0.030476,-0.095503,0.957994,-0.268697
903.501000,0.64454,3.64013,2.18000,0.04105,0.42183,0.00599,-0.030476,-0.095503,0.957994,-0.268697
903.535000,0.64454,3.70692,2.18000,0.03473,0.03648,-0.00377,-0.011627,-0.055384,0.972289,-0.226828
903.567000,0.64454,3.70692,2.18000,0.03473,0.03648,-0.00377,-0.011627,-0.055384,0.972289,-0.226828
903.600000,0.64454,3.70692,2.18000,0.03473,0.03648,-0.00377,-0.011627,-0.055384,0.972289,-0.226828
903.634000,0.64454,3.70692,2.18000,0.03473,0.03648,-0.00377,-0.011627,-0.055384,0.972289,-0.226828
903.667000,0.64454,3.70692,2.18000,0.03473,0.03648,-0.00377,-0.011627,-0.055384,0.972289,-0.226828
903.700000,0.64454,3.70692,2.18000,0.03473,0.03648,-0.00377,-0.011627,-0.055384,0.972289,-0.226828
903.734000,0.64454,3.70692,2.18000,0.03473,0.03648,-0.00377,-0.011627,-0.055384,0.972289,-0.226828
903.768000,0.65362,3.69579,2.18000,0.03503,-0.13547,-0.00876,-0.004893,-0.015944,0.976815,-0.213432
903.800000,0.65362,3.69579,2.18000,0.03503,-0.13547,-0.00876,-0.004893,-0.015944,0.976815,-0.213432
903.834000,0.65362,3.69579,2.18000,0.03503,-0.13547,-0.00876,-0.004893,-0.015944,0.976815,-0.213432
903.867000,0.65362,3.69579,2.18000,0.03503,-0.13547,-0.00876,-0.004893,-0.015944,0.976815,-0.213432
903.900000,0.65362,3.69579,2.18000,0.03503,-0.13547,-0.00876,-0.004893,-0.015944,0.976815,-0.213432
903.934000,0.65362,3.69579,2.18000,0.03503,-0.13547,-0.00876,-0.004893,-0.015944,0.976815,-0.213432
903.967000,0.65362,3.69579,2.18000,0.03503,-0.13547,-0.00876,-0.004893,-0.015944,0.976815,-0.213432
904.000000,0.65362,3.69579,2.18000,0.03503,-0.13547,-0.00876,-0.004893,-0.015944,0.976815,-0.213432
904.035000,0.66270,3.64013,2.18000,0.03139,-0.17443,-0.01040,-0.000386,-0.001336,0.978056,-0.208339
904.067000,0.66270,3.64013,2.18000,0.03139,-0.17443,-0.01040,-0.000386,-0.001336,0.978056,-0.208339
904.100000,0.66270,3.64013,2.18000,0.03139,-0.17443,-0.01040,-0.000386,-0.001336,0.978056,-0.208339
904.134000,0.66270,3.64013,2.18000,0.03139,-0.17443,-0.01040,-0.000386,-0.001336,0.978056,-0.208339
904.167000,0.66270,3.64013,2.18000,0.03139,-0.17443,-0.01040,-0.000386,-0.001336,0.978056,-0.208339
904.200000,0.66270,3.64013,2.18000,0.03139,-0.17443,-0.01040,-0.000386,-0.001336,0.978056,-0.208339
904.234000,0.66270,3.64013,2.18000,0.03139,-0.17443,-0.01040,-0.000386,-0.001336,0.978056,-0.208339
904.268000,0.66270,3.64013,2.18000,0.03139,-0.17443,-0.01040,0.000300,0.012881,0.978354,-0.206538
904.300000,0.66270,3.60673,2.18000,0.02486,-0.14221,-0.00583,0.000300,0.012881,0.978354,-0.206538
904.334000,0.66270,3.60673,2.18000,0.02486,-0.14221,-0.00583,0.000300,0.012881,0.978354,-0.206538
904.367000,0.66270,3.60673,2.18000,0.02486,-0.14221,-0.00583,0.000300,0.012881,0.978354,-0.206538
904.400000,0.66270,3.60673,2.18000,0.02486,-0.14221,-0.00583,0.000300,0.012881,0.978354,-0.206538
904.434000,0.66270,3.60673,2.18000,0.02486,-0.14221,-0.00583,0.000300,0.012881,0.978354,-0.206538
904.467000,0.66270,3.60673,2.18000,0.02486,-0.14221,-0.00583,0.000300,0.012881,0.978354,-0.206538
904.500000,0.66270,3.60673,2.18000,0.02486,-0.14221,-0.00583,0.000300,0.012881,0.978354,-0.206538
904.535000,0.68085,3.57333,2.18000,0.01895,-0.07805,-0.00233,0.002511,0.011941,0.978432,-0.206211
904.567000,0.68085,3.57333,2.18000,0.01895,-0.07805,-0.00233,0.002511,0.011941,0.978432,-0.206211
904.600000,0.68085,3.57333,2.18000,0.01895,-0.07805,-0.00233,0.002511,0.011941,0.978432,-0.206211
904.634000,0.68085,3.57333,2.18000,0.01895,-0.07805,-0.00233,0.002511,0.011941,0.978432,-0.206211
904.667000,0.68085,3.57333,2.18000,0.01895,-0.07805,-0.00233,0.002511,0.011941,0.978432,-0.206211
904.700000,0.68085,3.57333,2.18000,0.01895,-0.07805,-0.00233,0.002511,0.011941,0.978432,-0.206211
904.734000,0.68085,3.57333,2.18000,0.01895,-0.07805,-0.00233,0.002511,0.011941,0.978432,-0.206211
904.768000,0.68085,3.57333,2.18000,0.01895,-0.07805,-0.00233,-0.000018,0.013480,0.978435,-0.206117
904.801000,0.68085,3.57333,2.18000,0.01145,-0.01394,0.00100,-0.000018,0.013480,0.978435,-0.206117
904.834000,0.68085,3.57333,2.18000,0.01145,-0.01394,0.00100,-0.000018,0.013480,0.978435,-0.206117
904.867000,0.68085,3.57333,2.18000,0.01145,-0.01394,0.00100,-0.000018,0.013480,0.978435,-0.206117
904.900000,0.68085,3.57333,2.18000,0.01145,-0.01394,0.00100,-0.000018,0.013480,0.978435,-0.206117
904.934000,0.68085,3.57333,2.18000,0.01145,-0.01394,0.00100,-0.000018,0.013480,0.978435,-0.206117
904.967000,0.68085,3.57333,2.18000,0.01145,-0.01394,0.00100,-0.000018,0.013480,0.978435,-0.206117
905.000000,0.68085,3.57333,2.18000,0.01145,-0.01394,0.00100,-0.000018,0.013480,0.978435,-0.206117
905.035000,0.68085,3.57333,2.18000,0.00076,0.03780,-0.00214,0.000381,0.007660,0.978379,-0.206677
905.067000,0.68085,3.57333,2.18000,0.00076,0.03780,-0.00214,0.000381,0.007660,0.978379,-0.206677
905.101000,0.68085,3.57333,2.18000,0.00076,0.03780,-0.00214,0.000381,0.007660,0.978379,-0.206677
905.134000,0.68085,3.57333,2.18000,0.00076,0.03780,-0.00214,0.000381,0.007660,0.978379,-0.206677
905.167000,0.68085,3.57333,2.18000,0.00076,0.03780,-0.00214,0.000381,0.007660,0.978379,-0.206677
905.201000,0.68085,3.57333,2.18000,0.00076,0.03780,-0.00214,0.000381,0.007660,0.978379,-0.206677
905.234000,0.68085,3.57333,2.18000,0.00076,0.03780,-0.00214,0.000381,0.007660,0.978379,-0.206677
905.268000,0.68085,3.57333,2.18000,0.00076,0.03780,-0.00214,0.000484,0.004703,0.978354,-0.206884
905.300000,0.68085,3.57333,2.18000,-0.00294,0.06627,0.00061,0.000484,0.004703,0.978354,-0.206884
905.334000,0.68085,3.57333,2.18000,-0.00294,0.06627,0.00061,0.000484,0.004703,0.978354,-0.206884
905.367000,0.68085,3.57333,2.18000,-0.00294,0.06627,0.00061,0.000484,0.004703,0.978354,-0.206884
905.400000,0.68085,3.57333,2.18000,-0.00294,0.06627,0.00061,0.000484,0.004703,0.978354,-0.206884
905.434000,0.68085,3.57333,2.18000,-0.00294,0.06627,0.00061,0.000484,0.004703,0.978354,-0.206884
905.467000,0.68085,3.57333,2.18000,-0.00294,0.06627,0.00061,0.000484,0.004703,0.978354,-0.206884
905.500000,0.68085,3.57333,2.18000,-0.00294,0.06627,0.00061,0.000484,0.004703,0.978354,-0.206884
905.535000,0.68085,3.59560,2.18000,-0.00624,0.08820,0.00036,0.000058,0.003445,0.978180,-0.207731
905.567000,0.68085,3.59560,2.18000,-0.00624,0.08820,0.00036,0.000058,0.003445,0.978180,-0.207731
905.601000,0.68085,3.59560,2.18000,-0.00624,0.08820,0.00036,0.000058,0.003445,0.978180,-0.207731
905.634000,0.68085,3.59560,2.18000,-0.00624,0.08820,0.00036,0.000058,0.003445,0.978180,-0.207731
905.667000,0.68085,3.59560,2.18000,-0.00624,0.08820,0.00036,0.000058,0.003445,0.978180,-0.207731
905.700000,0.68085,3.59560,2.18000,-0.00624,0.08820,0.00036,0.000058,0.003445,0.978180,-0.207731
905.734000,0.68085,3.59560,2.18000,-0.00624,0.08820,0.00036,0.000058,0.003445,0.978180,-0.207731
905.768000,0.68085,3.62899,2.18000,-0.00612,0.08923,0.00135,0.000095,-0.002716,0.978120,-0.208022
905.800000,0.68085,3.62899,2.18000,-0.00612,0.08923,0.00135,0.000095,-0.002716,0.978120,-0.208022
905.834000,0.68085,3.62899,2.18000,-0.00612,0.08923,0.00135,0.000095,-0.002716,0.978120,-0.208022
905.867000,0.68085,3.62899,2.18000,-0.00612,0.08923,0.00135,0.000095,-0.002716,0.978120,-0.208022
905.900000,0.68085,3.62899,2.18000,-0.00612,0.08923,0.00135,0.000095,-0.002716,0.978120,-0.208022
905.934000,0.68085,3.62899,2.18000,-0.00612,0.08923,0.00135,0.000095,-0.002716,0.978120,-0.208022
905.967000,0.68085,3.62899,2.18000,-0.00612,0.08923,0.00135,0.000095,-0.002716,0.978120,-0.208022
906.000000,0.68085,3.62899,2.18000,-0.00612,0.08923,0.00135,0.000095,-0.002716,0.978120,-0.208022
906.035000,0.68085,3.64013,2.18000,-0.00673,0.07688,-0.00175,-0.001233,-0.002330,0.977915,-0.208988
906.067000,0.68085,3.64013,2.18000,-0.00673,0.07688,-0.00175,-0.001233,-0.002330,0.977915,-0.208988
906.100000,0.68085,3.64013,2.18000,-0.00673,0.07688,-0.00175,-0.001233,-0.002330,0.977915,-0.208988
906.134000,0.68085,3.64013,2.18000,-0.00673,0.07688,-0.00175,-0.001233,-0.002330,0.977915,-0.208988
906.167000,0.68085,3.64013,2.18000,-0.00673,0.07688,-0.00175,-0.001233,-0.002330,0.977915,-0.208988
906.200000,0.68085,3.64013,2.18000,-0.00673,0.07688,-0.00175,-0.001233,-0.002330,0.977915,-0.208988
906.234000,0.68085,3.64013,2.18000,-0.00673,0.07688,-0.00175,-0.001233,-0.002330,0.977915,-0.208988
906.268000,0.68085,3.65126,2.18000,-0.00590,0.05488,-0.00725,-0.000106,-0.006521,0.977815,-0.209368
906.300000,0.68085,3.65126,2.18000,-0.00590,0.05488,-0.00725,-0.000106,-0.006521,0.977815,-0.209368
906.334000,0.68085,3.65126,2.18000,-0.00590,0.05488,-0.00725,-0.000106,-0.006521,0.977815,-0.209368
906.367000,0.68085,3.65126,2.18000,-0.00590,0.05488,-0.00725,-0.000106,-0.006521,0.977815,-0.209368
906.400000,0.68085,3.65126,2.18000,-0.00590,0.05488,-0.00725,-0.000106,-0.006521,0.977815,-0.209368
906.434000,0.68085,3.65126,2.18000,-0.00590,0.05488,-0.00725,-0.000106,-0.006521,0.977815,-0.209368
906.467000,0.68085,3.65126,2.18000,-0.00590,0.05488,-0.00725,-0.000106,-0.006521,0.977815,-0.209368
906.500000,0.68085,3.65126,2.18000,-0.00590,0.05488,-0.00725,-0.000106,-0.006521,0.977815,-0.209368
906.535000,0.68085,3.66239,2.17000,-0.00545,0.03629,-0.00380,-0.001353,-0.001052,0.977699,-0.210003
906.567000,0.68085,3.66239,2.17000,-0.00545,0.03629,-0.00380,-0.001353,-0.001052,0.977699,-0.210003
906.600000,0.68085,3.66239,2.17000,-0.00545,0.03629,-0.00380,-0.001353,-0.001052,0.977699,-0.210003
906.634000,0.68085,3.66239,2.17000,-0.00545,0.03629,-0.00380,-0.001353,-0.001052,0.977699,-0.210003
906.667000,0.68085,3.66239,2.17000,-0.00545,0.03629,-0.00380,-0.001353,-0.001052,0.977699,-0.210003
906.700000,0.68085,3.66239,2.17000,-0.00545,0.03629,-0.00380,-0.001353,-0.001052,0.977699,-0.210003
906.734000,0.68085,3.66239,2.17000,-0.00545,0.03629,-0.00380,-0.001353,-0.001052,0.977699,-0.210003
906.768000,0.68085,3.67352,2.18000,-0.00565,0.01885,0.00190,0.000068,-0.006093,0.977588,-0.210437
906.800000,0.68085,3.67352,2.18000,-0.00565,0.01885,0.00190,0.000068,-0.006093,0.977588,-0.210437
906.834000,0.68085,3.67352,2.18000,-0.00565,0.01885,0.00190,0.000068,-0.006093,0.977588,-0.210437
906.867000,0.68085,3.67352,2.18000,-0.00565,0.01885,0.00190,0.000068,-0.006093,0.977588,-0.210437
906.900000,0.68085,3.67352,2.18000,-0.00565,0.01885,0.00190,0.000068,-0.006093,0.977588,-0.210437
906.934000,0.68085,3.67352,2.18000,-0.00565,0.01885,0.00190,0.000068,-0.006093,0.977588,-0.210437
906.967000,0.68085,3.67352,2.18000,-0.00565,0.01885,0.00190,0.000068,-0.006093,0.977588,-0.210437
907.000000,0.68085,3.67352,2.18000,-0.00565,0.01885,0.00190,0.000068,-0.006093,0.977588,-0.210437
907.035000,0.68085,3.67352,2.18000,-0.00454,0.00166,0.00004,-0.001125,-0.000517,0.977502,-0.210922
907.067000,0.68085,3.67352,2.18000,-0.00454,0.00166,0.00004,-0.001125,-0.000517,0.977502,-0.210922
907.100000,0.68085,3.67352,2.18000,-0.00454,0.00166,0.00004,-0.001125,-0.000517,0.977502,-0.210922
907.134000,0.68085,3.67352,2.18000,-0.00454,0.00166,0.00004,-0.001125,-0.000517,0.977502,-0.210922
907.167000,0.68085,3.67352,2.18000,-0.00454,0.00166,0.00004,-0.001125,-0.000517,0.977502,-0.210922
907.200000,0.68085,3.67352,2.18000,-0.00454,0.00166,0.00004,-0.001125,-0.000517,0.977502,-0.210922
907.234000,0.68085,3.67352,2.18000,-0.00454,0.00166,0.00004,-0.001125,-0.000517,0.977502,-0.210922
907.268000,0.68085,3.67352,2.18000,-0.00454,0.00166,0.00004,0.000213,-0.004105,0.977369,-0.211501
907.300000,0.68085,3.67352,2.18000,-0.00501,-0.00833,0.00062,0.000213,-0.004105,0.977369,-0.211501
907.334000,0.68085,3.67352,2.18000,-0.00501,-0.00833,0.00062,0.000213,-0.004105,0.977369,-0.211501
907.367000,0.68085,3.67352,2.18000,-0.00501,-0.00833,0.00062,0.000213,-0.004105,0.977369,-0.211501
907.400000,0.68085,3.67352,2.18000,-0.00501,-0.00833,0.00062,0.000213,-0.004105,0.977369,-0.211501
907.434000,0.68085,3.67352,2.18000,-0.00501,-0.00833,0.00062,0.000213,-0.004105,0.977369,-0.211501
907.467000,0.68085,3.67352,2.18000,-0.00501,-0.00833,0.00062,0.000213,-0.004105,0.977369,-0.211501
907.500000,0.68085,3.67352,2.18000,-0.00501,-0.00833,0.00062,0.000213,-0.004105,0.977369,-0.211501
907.535000,0.68085,3.67352,2.18000,-0.00379,-0.01729,-0.00104,-0.000535,0.000325,0.977330,-0.211722
907.567000,0.68085,3.67352,2.18000,-0.00379,-0.01729,-0.00104,-0.000535,0.000325,0.977330,-0.211722
907.600000,0.68085,3.67352,2.18000,-0.00379,-0.01729,-0.00104,-0.000535,0.000325,0.977330,-0.211722
907.634000,0.68085,3.67352,2.18000,-0.00379,-0.01729,-0.00104,-0.000535,0.000325,0.977330,-0.211722
907.667000,0.68085,3.67352,2.18000,-0.00379,-0.01729,-0.00104,-0.000535,0.000325,0.977330,-0.211722
907.700000,0.68085,3.67352,2.18000,-0.00379,-0.01729,-0.00104,-0.000535,0.000325,0.977330,-0.211722
907.734000,0.68085,3.67352,2.18000,-0.00379,-0.01729,-0.00104,-0.000535,0.000325,0.977330,-0.211722
907.768000,0.68085,3.67352,2.18000,-0.00474,-0.01912,0.00179,0.000103,-0.001637,0.977207,-0.212284
907.800000,0.68085,3.67352,2.18000,-0.00474,-0.01912,0.00179,0.000103,-0.001637,0.977207,-0.212284
907.834000,0.68085,3.67352,2.18000,-0.00474,-0.01912,0.00179,0.000103,-0.001637,0.977207,-0.212284
907.867000,0.68085,3.67352,2.18000,-0.00474,-0.01912,0.00179,0.000103,-0.001637,0.977207,-0.212284
907.900000,0.68085,3.67352,2.18000,-0.00474,-0.01912,0.00179,0.000103,-0.001637,0.977207,-0.212284
907.934000,0.68085,3.67352,2.18000,-0.00474,-0.01912,0.00179,0.000103,-0.001637,0.977207,-0.212284
907.967000,0.68085,3.67352,2.18000,-0.00474,-0.01912,0.00179,0.000103,-0.001637,0.977207,-0.212284
908.000000,0.68085,3.67352,2.18000,-0.00474,-0.01912,0.00179,0.000103,-0.001637,0.977207,-0.212284
908.035000,0.68085,3.67352,2.18000,-0.00372,-0.02419,0.00242,-0.000064,-0.000576,0.977173,-0.212444
908.067000,0.68085,3.67352,2.18000,-0.00372,-0.02419,0.00242,-0.000064,-0.000576,0.977173,-0.212444
908.100000,0.68085,3.67352,2.18000,-0.00372,-0.02419,0.00242,-0.000064,-0.000576,0.977173,-0.212444
908.134000,0.68085,3.67352,2.18000,-0.00372,-0.02419,0.00242,-0.000064,-0.000576,0.977173,-0.212444
908.167000,0.68085,3.67352,2.18000,-0.00372,-0.02419,0.00242,-0.000064,-0.000576,0.977173,-0.212444
908.200000,0.68085,3.67352,2.18000,-0.00372,-0.02419,0.00242,-0.000064,-0.000576,0.977173,-0.212444
908.234000,0.68085,3.67352,2.18000,-0.00372,-0.02419,0.00242,-0.000064,-0.000576,0.977173,-0.212444
908.268000,0.68085,3.67352,2.18000,-0.00372,-0.02419,0.00242,0.001669,0.001778,0.977041,-0.213036
908.300000,0.66270,3.66239,2.18000,-0.00227,-0.01954,0.00223,0.001669,0.001778,0.977041,-0.213036
908.334000,0.66270,3.66239,2.18000,-0.00227,-0.01954,0.00223,0.001669,0.001778,0.977041,-0.213036
908.367000,0.66270,3.66239,2.18000,-0.00227,-0.01954,0.00223,0.001669,0.001778,0.977041,-0.213036
908.400000,0.66270,3.66239,2.18000,-0.00227,-0.01954,0.00223,0.001669,0.001778,0.977041,-0.213036
908.434000,0.66270,3.66239,2.18000,-0.00227,-0.01954,0.00223,0.001669,0.001778,0.977041,-0.213036
908.467000,0.66270,3.66239,2.18000,-0.00227,-0.01954,0.00223,0.001669,0.001778,0.977041,-0.213036
908.500000,0.66270,3.66239,2.18000,-0.00227,-0.01954,0.00223,0.001669,0.001778,0.977041,-0.213036
908.535000,0.66270,3.66239,2.18000,0.00768,-0.01654,-0.00175,0.002076,-0.001374,0.977027,-0.213102
908.567000,0.66270,3.66239,2.18000,0.00768,-0.01654,-0.00175,0.002076,-0.001374,0.977027,-0.213102
908.600000,0.66270,3.66239,2.18000,0.00768,-0.01654,-0.00175,0.002076,-0.001374,0.977027,-0.213102
908.634000,0.66270,3.66239,2.18000,0.00768,-0.01654,-0.00175,0.002076,-0.001374,0.977027,-0.213102
908.667000,0.66270,3.66239,2.18000,0.00768,-0.01654,-0.00175,0.002076,-0.001374,0.977027,-0.213102
908.700000,0.66270,3.66239,2.18000,0.00768,-0.01654,-0.00175,0.002076,-0.001374,0.977027,-0.213102
908.734000,0.66270,3.66239,2.18000,0.00768,-0.01654,-0.00175,0.002076,-0.001374,0.977027,-0.213102
908.768000,0.68085,3.65126,2.18000,0.00818,-0.01065,-0.00635,-0.001429,0.004198,0.976891,-0.213691
908.800000,0.68085,3.65126,2.18000,0.00818,-0.01065,-0.00635,-0.001429,0.004198,0.976891,-0.213691
908.834000,0.68085,3.65126,2.18000,0.00818,-0.01065,-0.00635,-0.001429,0.004198,0.976891,-0.213691
908.867000,0.68085,3.65126,2.18000,0.00818,-0.01065,-0.00635,-0.001429,0.004198,0.976891,-0.213691
908.900000,0.68085,3.65126,2.18000,0.00818,-0.01065,-0.00635,-0.001429,0.004198,0.976891,-0.213691
908.934000,0.68085,3.65126,2.18000,0.00818,-0.01065,-0.00635,-0.001429,0.004198,0.976891,-0.213691
908.967000,0.68085,3.65126,2.18000,0.00818,-0.01065,-0.00635,-0.001429,0.004198,0.976891,-0.213691
909.000000,0.68085,3.65126,2.18000,0.00818,-0.01065,-0.00635,-0.001429,0.004198,0.976891,-0.213691
909.035000,0.68085,3.65126,2.17000,0.00216,-0.00417,-0.00156,-0.000116,-0.001462,0.976866,-0.213846
909.067000,0.68085,3.65126,2.17000,0.00216,-0.00417,-0.00156,-0.000116,-0.001462,0.976866,-0.213846
909.100000,0.68085,3.65126,2.17000,0.00216,-0.00417,-0.00156,-0.000116,-0.001462,0.976866,-0.213846
909.134000,0.68085,3.65126,2.17000,0.00216,-0.00417,-0.00156,-0.000116,-0.001462,0.976866,-0.213846
909.167000,0.68085,3.65126,2.17000,0.00216,-0.00417,-0.00156,-0.000116,-0.001462,0.976866,-0.213846
909.200000,0.68085,3.65126,2.17000,0.00216,-0.00417,-0.00156,-0.000116,-0.001462,0.976866,-0.213846
909.234000,0.68085,3.65126,2.17000,0.00216,-0.00417,-0.00156,-0.000116,-0.001462,0.976866,-0.213846
909.268000,0.68085,3.65126,2.17000,0.00216,-0.00417,-0.00156,-0.000812,0.003382,0.976786,-0.214189
909.300000,0.68085,3.65126,2.18000,-0.00097,0.00012,0.00358,-0.000812,0.003382,0.976786,-0.214189
909.334000,0.68085,3.65126,2.18000,-0.00097,0.00012,0.00358,-0.000812,0.003382,0.976786,-0.214189
909.367000,0.68085,3.65126,2.18000,-0.00097,0.00012,0.00358,-0.000812,0.003382,0.976786,-0.214189
909.400000,0.68085,3.65126,2.18000,-0.00097,0.00012,0.00358,-0.000812,0.003382,0.976786,-0.214189
909.434000,0.68085,3.65126,2.18000,-0.00097,0.00012,0.00358,-0.000812,0.003382,0.976786,-0.214189
909.467000,0.68085,3.65126,2.18000,-0.00097,0.00012,0.00358,-0.000812,0.003382,0.976786,-0.214189
909.500000,0.68085,3.65126,2.18000,-0.00097,0.00012,0.00358,-0.000812,0.003382,0.976786,-0.214189
909.535000,0.68085,3.65126,2.18000,-0.00333,0.00437,0.00203,0.000433,-0.002166,0.976712,-0.214543
909.567000,0.68085,3.65126,2.18000,-0.00333,0.00437,0.00203,0.000433,-0.002166,0.976712,-0.214543
909.600000,0.68085,3.65126,2.18000,-0.00333,0.00437,0.00203,0.000433,-0.002166,0.976712,-0.214543
909.634000,0.68085,3.65126,2.18000,-0.00333,0.00437,0.00203,0.000433,-0.002166,0.976712,-0.214543
909.667000,0.68085,3.65126,2.18000,-0.00333,0.00437,0.00203,0.000433,-0.002166,0.976712,-0.214543
909.701000,0.68085,3.65126,2.18000,-0.00333,0.00437,0.00203,0.000433,-0.002166,0.976712,-0.214543
909.734000,0.68085,3.65126,2.18000,-0.00333,0.00437,0.00203,0.000433,-0.002166,0.976712,-0.214543
909.768000,0.68085,3.65126,2.18000,-0.00333,0.00437,0.00203,-0.000356,0.001151,0.976688,-0.214658
909.800000,0.68085,3.65126,2.18000,-0.00286,0.00258,0.00495,-0.000356,0.001151,0.976688,-0.214658
909.834000,0.68085,3.65126,2.18000,-0.00286,0.00258,0.00495,-0.000356,0.001151,0.976688,-0.214658
909.867000,0.68085,3.65126,2.18000,-0.00286,0.00258,0.00495,-0.000356,0.001151,0.976688,-0.214658
909.900000,0.68085,3.65126,2.18000,-0.00286,0.00258,0.00495,-0.000356,0.001151,0.976688,-0.214658
909.934000,0.68085,3.65126,2.18000,-0.00286,0.00258,0.00495,-0.000356,0.001151,0.976688,-0.214658
909.967000,0.68085,3.65126,2.18000,-0.00286,0.00258,0.00495,-0.000356,0.001151,0.976688,-0.214658
910.000000,0.68085,3.65126,2.18000,-0.00286,0.00258,0.00495,-0.000356,0.001151,0.976688,-0.214658
910.035000,0.68085,3.65126,2.18000,0.02466,-0.05738,-0.00068,0.008536,-0.038808,0.975834,-0.214871
910.067000,0.68085,3.65126,2.18000,0.02466,-0.05738,-0.00068,0.008536,-0.038808,0.975834,-0.214871
910.100000,0.68085,3.65126,2.18000,0.02466,-0.05738,-0.00068,0.008536,-0.038808,0.975834,-0.214871
910.134000,0.68085,3.65126,2.18000,0.02466,-0.05738,-0.00068,0.008536,-0.038808,0.975834,-0.214871
910.167000,0.68085,3.65126,2.18000,0.02466,-0.05738,-0.00068,0.008536,-0.038808,0.975834,-0.214871
910.200000,0.68085,3.65126,2.18000,0.02466,-0.05738,-0.00068,0.008536,-0.038808,0.975834,-0.214871
910.234000,0.68085,3.65126,2.18000,0.02466,-0.05738,-0.00068,0.008536,-0.038808,0.975834,-0.214871
910.268000,0.68085,3.65126,2.18000,0.02466,-0.05738,-0.00068,0.023599,-0.108392,0.969625,-0.217993
910.301000,0.68993,3.59560,2.18000,0.18541,-0.40451,0.00029,0.023599,-0.108392,0.969625,-0.217993
910.334000,0.68993,3.59560,2.18000,0.18541,-0.40451,0.00029,0.023599,-0.108392,0.969625,-0.217993
910.367000,0.68993,3.59560,2.18000,0.18541,-0.40451,0.00029,0.023599,-0.108392,0.969625,-0.217993
910.400000,0.68993,3.59560,2.18000,0.18541,-0.40451,0.00029,0.023599,-0.108392,0.969625,-0.217993
910.434000,0.68993,3.59560,2.18000,0.18541,-0.40451,0.00029,0.023599,-0.108392,0.969625,-0.217993
910.467000,0.68993,3.59560,2.18000,0.18541,-0.40451,0.00029,0.023599,-0.108392,0.969625,-0.217993
910.500000,0.68993,3.59560,2.18000,0.18541,-0.40451,0.00029,0.023599,-0.108392,0.969625,-0.217993
910.535000,0.77163,3.43975,2.18000,0.43312,-0.91280,0.01206,0.019642,-0.100181,0.947822,-0.302013
910.567000,0.77163,3.43975,2.18000,0.43312,-0.91280,0.01206,0.019642,-0.100181,0.947822,-0.302013
910.600000,0.77163,3.43975,2.18000,0.43312,-0.91280,0.01206,0.019642,-0.100181,0.947822,-0.302013
910.634000,0.77163,3.43975,2.18000,0.43312,-0.91280,0.01206,0.019642,-0.100181,0.947822,-0.302013
910.667000,0.77163,3.43975,2.18000,0.43312,-0.91280,0.01206,0.019642,-0.100181,0.947822,-0.302013
910.700000,0.77163,3.43975,2.18000,0.43312,-0.91280,0.01206,0.019642,-0.100181,0.947822,-0.302013
910.734000,0.77163,3.43975,2.18000,0.43312,-0.91280,0.01206,0.019642,-0.100181,0.947822,-0.302013
910.768000,0.90780,3.17259,2.18000,0.67430,-1.21895,0.00659,0.031917,-0.049437,0.906284,-0.418552
910.801000,0.90780,3.17259,2.18000,0.67430,-1.21895,0.00659,0.031917,-0.049437,0.906284,-0.418552
910.834000,0.90780,3.17259,2.18000,0.67430,-1.21895,0.00659,0.031917,-0.049437,0.906284,-0.418552
910.867000,0.90780,3.17259,2.18000,0.67430,-1.21895,0.00659,0.031917,-0.049437,0.906284,-0.418552
910.900000,0.90780,3.17259,2.18000,0.67430,-1.21895,0.00659,0.031917,-0.049437,0.906284,-0.418552
910.934000,0.90780,3.17259,2.18000,0.67430,-1.21895,0.00659,0.031917,-0.049437,0.906284,-0.418552
910.967000,0.90780,3.17259,2.18000,0.67430,-1.21895,0.00659,0.031917,-0.049437,0.906284,-0.418552
911.000000,0.90780,3.17259,2.18000,0.67430,-1.21895,0.00659,0.031917,-0.049437,0.906284,-0.418552
911.035000,1.09844,2.84976,2.18000,0.87132,-1.21357,0.00470,0.036019,0.015214,0.843738,-0.535329
911.067000,1.09844,2.84976,2.18000,0.87132,-1.21357,0.00470,0.036019,0.015214,0.843738,-0.535329
911.100000,1.09844,2.84976,2.18000,0.87132,-1.21357,0.00470,0.036019,0.015214,0.843738,-0.535329
911.134000,1.09844,2.84976,2.18000,0.87132,-1.21357,0.00470,0.036019,0.015214,0.843738,-0.535329
911.167000,1.09844,2.84976,2.18000,0.87132,-1.21357,0.00470,0.036019,0.015214,0.843738,-0.535329
911.200000,1.09844,2.84976,2.18000,0.87132,-1.21357,0.00470,0.036019,0.015214,0.843738,-0.535329
911.234000,1.09844,2.84976,2.18000,0.87132,-1.21357,0.00470,0.036019,0.015214,0.843738,-0.535329
911.267000,1.09844,2.84976,2.18000,0.87132,-1.21357,0.00470,0.022703,0.091525,0.760529,-0.642420
911.301000,1.31632,2.58260,2.18000,0.82908,-0.91725,0.00828,0.022703,0.091525,0.760529,-0.642420
911.334000,1.31632,2.58260,2.18000,0.82908,-0.91725,0.00828,0.022703,0.091525,0.760529,-0.642420
911.367000,1.31632,2.58260,2.18000,0.82908,-0.91725,0.00828,0.022703,0.091525,0.760529,-0.642420
911.400000,1.31632,2.58260,2.18000,0.82908,-0.91725,0.00828,0.022703,0.091525,0.760529,-0.642420
911.434000,1.31632,2.58260,2.18000,0.82908,-0.91725,0.00828,0.022703,0.091525,0.760529,-0.642420
911.467000,1.31632,2.58260,2.18000,0.82908,-0.91725,0.00828,0.022703,0.091525,0.760529,-0.642420
911.500000,1.31632,2.58260,2.18000,0.82908,-0.91725,0.00828,0.022703,0.091525,0.760529,-0.642420
911.535000,1.48880,2.41562,2.18000,0.49907,-0.45332,0.00898,-0.014651,-0.116507,-0.664652,0.737869
911.567000,1.48880,2.41562,2.18000,0.49907,-0.45332,0.00898,-0.014651,-0.116507,-0.664652,0.737869
911.600000,1.48880,2.41562,2.18000,0.49907,-0.45332,0.00898,-0.014651,-0.116507,-0.664652,0.737869
911.634000,1.48880,2.41562,2.18000,0.49907,-0.45332,0.00898,-0.014651,-0.116507,-0.664652,0.737869
911.667000,1.48880,2.41562,2.18000,0.49907,-0.45332,0.00898,-0.014651,-0.116507,-0.664652,0.737869
911.700000,1.48880,2.41562,2.18000,0.49907,-0.45332,0.00898,-0.014651,-0.116507,-0.664652,0.737869
911.734000,1.48880,2.41562,2.18000,0.49907,-0.45332,0.00898,-0.014651,-0.116507,-0.664652,0.737869
911.768000,1.57050,2.35996,2.18000,0.18231,-0.09283,-0.00246,-0.014745,-0.071028,-0.606791,0.791545
911.800000,1.57050,2.35996,2.18000,0.18231,-0.09283,-0.00246,-0.014745,-0.071028,-0.606791,0.791545
911.834000,1.57050,2.35996,2.18000,0.18231,-0.09283,-0.00246,-0.014745,-0.071028,-0.606791,0.791545
911.867000,1.57050,2.35996,2.18000,0.18231,-0.09283,-0.00246,-0.014745,-0.071028,-0.606791,0.791545
911.900000,1.57050,2.35996,2.18000,0.18231,-0.09283,-0.00246,-0.014745,-0.071028,-0.606791,0.791545
911.934000,1.57050,2.35996,2.18000,0.18231,-0.09283,-0.00246,-0.014745,-0.071028,-0.606791,0.791545
911.967000,1.57050,2.35996,2.18000,0.18231,-0.09283,-0.00246,-0.014745,-0.071028,-0.606791,0.791545
912.001000,1.57050,2.35996,2.18000,0.18231,-0.09283,-0.00246,-0.014745,-0.071028,-0.606791,0.791545
912.035000,1.59774,2.35996,2.18000,0.00642,0.08761,-0.01090,-0.000805,-0.033472,-0.599662,0.799553
912.067000,1.59774,2.35996,2.18000,0.00642,0.08761,-0.01090,-0.000805,-0.033472,-0.599662,0.799553
912.100000,1.59774,2.35996,2.18000,0.00642,0.08761,-0.01090,-0.000805,-0.033472,-0.599662,0.799553
912.134000,1.59774,2.35996,2.18000,0.00642,0.08761,-0.01090,-0.000805,-0.033472,-0.599662,0.799553
912.167000,1.59774,2.35996,2.18000,0.00642,0.08761,-0.01090,-0.000805,-0.033472,-0.599662,0.799553
912.200000,1.59774,2.35996,2.18000,0.00642,0.08761,-0.01090,-0.000805,-0.033472,-0.599662,0.799553
912.234000,1.59774,2.35996,2.18000,0.00642,0.08761,-0.01090,-0.000805,-0.033472,-0.599662,0.799553
912.268000,1.59774,2.35996,2.18000,0.00642,0.08761,-0.01090,-0.000680,-0.006117,-0.596276,0.802756
912.300000,1.57958,2.37109,2.18000,-0.06661,0.14204,-0.00917,-0.000680,-0.006117,-0.596276,0.802756
912.334000,1.57958,2.37109,2.18000,-0.06661,0.14204,-0.00917,-0.000680,-0.006117,-0.596276,0.802756
912.367000,1.57958,2.37109,2.18000,-0.06661,0.14204,-0.00917,-0.000680,-0.006117,-0.596276,0.802756
912.400000,1.57958,2.37109,2.18000,-0.06661,0.14204,-0.00917,-0.000680,-0.006117,-0.596276,0.802756
912.434000,1.57958,2.37109,2.18000,-0.06661,0.14204,-0.00917,-0.000680,-0.006117,-0.596276,0.802756
912.467000,1.57958,2.37109,2.18000,-0.06661,0.14204,-0.00917,-0.000680,-0.006117,-0.596276,0.802756
912.500000,1.57958,2.37109,2.18000,-0.06661,0.14204,-0.00917,-0.000680,-0.006117,-0.596276,0.802756
912.535000,1.57050,2.41562,2.18000,-0.07207,0.13732,-0.00567,0.004613,0.003393,-0.594769,0.803876
912.567000,1.57050,2.41562,2.18000,-0.07207,0.13732,-0.00567,0.004613,0.003393,-0.594769,0.803876
912.600000,1.57050,2.41562,2.18000,-0.07207,0.13732,-0.00567,0.004613,0.003393,-0.594769,0.803876
912.634000,1.57050,2.41562,2.18000,-0.07207,0.13732,-0.00567,0.004613,0.003393,-0.594769,0.803876
912.667000,1.57050,2.41562,2.18000,-0.07207,0.13732,-0.00567,0.004613,0.003393,-0.594769,0.803876
912.700000,1.57050,2.41562,2.18000,-0.07207,0.13732,-0.00567,0.004613,0.003393,-0.594769,0.803876
912.734000,1.57050,2.41562,2.18000,-0.07207,0.13732,-0.00567,0.004613,0.003393,-0.594769,0.803876
912.768000,1.56142,2.42675,2.18000,-0.05716,0.09542,0.00113,0.004791,0.010534,-0.594205,0.804230
912.801000,1.56142,2.42675,2.18000,-0.05716,0.09542,0.00113,0.004791,0.010534,-0.594205,0.804230
912.834000,1.56142,2.42675,2.18000,-0.05716,0.09542,0.00113,0.004791,0.010534,-0.594205,0.804230
912.867000,1.56142,2.42675,2.18000,-0.05716,0.09542,0.00113,0.004791,0.010534,-0.594205,0.804230
912.900000,1.56142,2.42675,2.18000,-0.05716,0.09542,0.00113,0.004791,0.010534,-0.594205,0.804230
912.934000,1.56142,2.42675,2.18000,-0.05716,0.09542,0.00113,0.004791,0.010534,-0.594205,0.804230
912.967000,1.56142,2.42675,2.18000,-0.05716,0.09542,0.00113,0.004791,0.010534,-0.594205,0.804230
913.000000,1.56142,2.42675,2.18000,-0.05716,0.09542,0.00113,0.004791,0.010534,-0.594205,0.804230
913.035000,1.55235,2.44901,2.18000,-0.03046,0.04525,0.00215,0.005984,0.009371,-0.594678,0.803887
913.067000,1.55235,2.44901,2.18000,-0.03046,0.04525,0.00215,0.005984,0.009371,-0.594678,0.803887
913.100000,1.55235,2.44901,2.18000,-0.03046,0.04525,0.00215,0.005984,0.009371,-0.594678,0.803887
913.134000,1.55235,2.44901,2.18000,-0.03046,0.04525,0.00215,0.005984,0.009371,-0.594678,0.803887
913.167000,1.55235,2.44901,2.18000,-0.03046,0.04525,0.00215,0.005984,0.009371,-0.594678,0.803887
913.200000,1.55235,2.44901,2.18000,-0.03046,0.04525,0.00215,0.005984,0.009371,-0.594678,0.803887
913.234000,1.55235,2.44901,2.18000,-0.03046,0.04525,0.00215,0.005984,0.009371,-0.594678,0.803887
913.268000,1.55235,2.44901,2.18000,-0.03046,0.04525,0.00215,0.003231,0.009083,-0.595049,0.803631
913.300000,1.53419,2.44901,2.18000,-0.00929,-0.00080,-0.00121,0.003231,0.009083,-0.595049,0.803631
913.334000,1.53419,2.44901,2.18000,-0.00929,-0.00080,-0.00121,0.003231,0.009083,-0.595049,0.803631
913.367000,1.53419,2.44901,2.18000,-0.00929,-0.00080,-0.00121,0.003231,0.009083,-0.595049,0.803631
913.400000,1.53419,2.44901,2.18000,-0.00929,-0.00080,-0.00121,0.003231,0.009083,-0.595049,0.803631
913.434000,1.53419,2.44901,2.18000,-0.00929,-0.00080,-0.00121,0.003231,0.009083,-0.595049,0.803631
913.467000,1.53419,2.44901,2.18000,-0.00929,-0.00080,-0.00121,0.003231,0.009083,-0.595049,0.803631
913.500000,1.53419,2.44901,2.18000,-0.00929,-0.00080,-0.00121,0.003231,0.009083,-0.595049,0.803631
913.535000,1.53419,2.44901,2.18000,0.01869,-0.03257,0.00019,0.001336,0.007056,-0.595953,0.802987
913.567000,1.53419,2.44901,2.18000,0.01869,-0.03257,0.00019,0.001336,0.007056,-0.595953,0.802987
913.600000,1.53419,2.44901,2.18000,0.01869,-0.03257,0.00019,0.001336,0.007056,-0.595953,0.802987
913.634000,1.53419,2.44901,2.18000,0.01869,-0.03257,0.00019,0.001336,0.007056,-0.595953,0.802987
913.667000,1.53419,2.44901,2.18000,0.01869,-0.03257,0.00019,0.001336,0.007056,-0.595953,0.802987
913.700000,1.53419,2.44901,2.18000,0.01869,-0.03257,0.00019,0.001336,0.007056,-0.595953,0.802987
913.734000,1.53419,2.44901,2.18000,0.01869,-0.03257,0.00019,0.001336,0.007056,-0.595953,0.802987
913.768000,1.55235,2.43788,2.18000,0.02987,-0.05486,-0.00125,0.002997,0.001895,-0.596288,0.802763
913.800000,1.55235,2.43788,2.18000,0.02987,-0.05486,-0.00125,0.002997,0.001895,-0.596288,0.802763
913.834000,1.55235,2.43788,2.18000,0.02987,-0.05486,-0.00125,0.002997,0.001895,-0.596288,0.802763
913.867000,1.55235,2.43788,2.18000,0.02987,-0.05486,-0.00125,0.002997,0.001895,-0.596288,0.802763
913.900000,1.55235,2.43788,2.18000,0.02987,-0.05486,-0.00125,0.002997,0.001895,-0.596288,0.802763
913.934000,1.55235,2.43788,2.18000,0.02987,-0.05486,-0.00125,0.002997,0.001895,-0.596288,0.802763
913.967000,1.55235,2.43788,2.18000,0.02987,-0.05486,-0.00125,0.002997,0.001895,-0.596288,0.802763
914.000000,1.55235,2.43788,2.18000,0.02987,-0.05486,-0.00125,0.002997,0.001895,-0.596288,0.802763
914.035000,1.55235,2.43788,2.18000,0.03427,-0.06299,-0.00271,-0.000696,0.001905,-0.597065,0.802190
914.067000,1.55235,2.43788,2.18000,0.03427,-0.06299,-0.00271,-0.000696,0.001905,-0.597065,0.802190
914.100000,1.55235,2.43788,2.18000,0.03427,-0.06299,-0.00271,-0.000696,0.001905,-0.597065,0.802190
914.134000,1.55235,2.43788,2.18000,0.03427,-0.06299,-0.00271,-0.000696,0.001905,-0.597065,0.802190
914.167000,1.55235,2.43788,2.18000,0.03427,-0.06299,-0.00271,-0.000696,0.001905,-0.597065,0.802190
914.200000,1.55235,2.43788,2.18000,0.03427,-0.06299,-0.00271,-0.000696,0.001905,-0.597065,0.802190
914.234000,1.55235,2.43788,2.18000,0.03427,-0.06299,-0.00271,-0.000696,0.001905,-0.597065,0.802190
914.268000,1.55235,2.43788,2.18000,0.03427,-0.06299,-0.00271,0.002295,-0.002198,-0.597412,0.801928
914.300000,1.56142,2.42675,2.18000,0.03257,-0.06615,-0.00290,0.002295,-0.002198,-0.597412,0.801928
914.334000,1.56142,2.42675,2.18000,0.03257,-0.06615,-0.00290,0.002295,-0.002198,-0.597412,0.801928
914.367000,1.56142,2.42675,2.18000,0.03257,-0.06615,-0.00290,0.002295,-0.002198,-0.597412,0.801928
914.400000,1.56142,2.42675,2.18000,0.03257,-0.06615,-0.00290,0.002295,-0.002198,-0.597412,0.801928
914.434000,1.56142,2.42675,2.18000,0.03257,-0.06615,-0.00290,0.002295,-0.002198,-0.597412,0.801928
914.467000,1.56142,2.42675,2.18000,0.03257,-0.06615,-0.00290,0.002295,-0.002198,-0.597412,0.801928
914.500000,1.56142,2.42675,2.18000,0.03257,-0.06615,-0.00290,0.002295,-0.002198,-0.597412,0.801928
914.535000,1.57050,2.41562,2.18000,0.02841,-0.06301,-0.00721,-0.002473,0.000113,-0.598036,0.801465
914.567000,1.57050,2.41562,2.18000,0.02841,-0.06301,-0.00721,-0.002473,0.000113,-0.598036,0.801465
914.600000,1.57050,2.41562,2.18000,0.02841,-0.06301,-0.00721,-0.002473,0.000113,-0.598036,0.801465
914.634000,1.57050,2.41562,2.18000,0.02841,-0.06301,-0.00721,-0.002473,0.000113,-0.598036,0.801465
914.667000,1.57050,2.41562,2.18000,0.02841,-0.06301,-0.00721,-0.002473,0.000113,-0.598036,0.801465
914.701000,1.57050,2.41562,2.18000,0.02841,-0.06301,-0.00721,-0.002473,0.000113,-0.598036,0.801465
914.734000,1.57050,2.41562,2.18000,0.02841,-0.06301,-0.00721,-0.002473,0.000113,-0.598036,0.801465
914.768000,1.57050,2.38222,2.17000,0.02080,-0.05255,0.00025,0.000547,-0.005063,-0.598485,0.801118
914.800000,1.57050,2.38222,2.17000,0.02080,-0.05255,0.00025,0.000547,-0.005063,-0.598485,0.801118
914.834000,1.57050,2.38222,2.17000,0.02080,-0.05255,0.00025,0.000547,-0.005063,-0.598485,0.801118
914.867000,1.57050,2.38222,2.17000,0.02080,-0.05255,0.00025,0.000547,-0.005063,-0.598485,0.801118
914.900000,1.57050,2.38222,2.17000,0.02080,-0.05255,0.00025,0.000547,-0.005063,-0.598485,0.801118
914.934000,1.57050,2.38222,2.17000,0.02080,-0.05255,0.00025,0.000547,-0.005063,-0.598485,0.801118
914.967000,1.57050,2.38222,2.17000,0.02080,-0.05255,0.00025,0.000547,-0.005063,-0.598485,0.801118
915.000000,1.57050,2.38222,2.17000,0.02080,-0.05255,0.00025,0.000547,-0.005063,-0.598485,0.801118
915.035000,1.57050,2.37109,2.18000,0.01197,-0.03425,0.00303,-0.004255,-0.001781,-0.598982,0.800749
915.067000,1.57050,2.37109,2.18000,0.01197,-0.03425,0.00303,-0.004255,-0.001781,-0.598982,0.800749
915.100000,1.57050,2.37109,2.18000,0.01197,-0.03425,0.00303,-0.004255,-0.001781,-0.598982,0.800749
915.134000,1.57050,2.37109,2.18000,0.01197,-0.03425,0.00303,-0.004255,-0.001781,-0.598982,0.800749
915.167000,1.57050,2.37109,2.18000,0.01197,-0.03425,0.00303,-0.004255,-0.001781,-0.598982,0.800749
915.200000,1.57050,2.37109,2.18000,0.01197,-0.03425,0.00303,-0.004255,-0.001781,-0.598982,0.800749
915.234000,1.57050,2.37109,2.18000,0.01197,-0.03425,0.00303,-0.004255,-0.001781,-0.598982,0.800749
915.268000,1.57050,2.37109,2.18000,0.01197,-0.03425,0.00303,-0.001307,-0.003362,-0.599496,0.800370
915.301000,1.57050,2.37109,2.18000,0.01070,-0.01542,0.00704,-0.001307,-0.003362,-0.599496,0.800370
915.334000,1.57050,2.37109,2.18000,0.01070,-0.01542,0.00704,-0.001307,-0.003362,-0.599496,0.800370
915.367000,1.57050,2.37109,2.18000,0.01070,-0.01542,0.00704,-0.001307,-0.003362,-0.599496,0.800370
915.400000,1.57050,2.37109,2.18000,0.01070,-0.01542,0.00704,-0.001307,-0.003362,-0.599496,0.800370
915.434000,1.57050,2.37109,2.18000,0.01070,-0.01542,0.00704,-0.001307,-0.003362,-0.599496,0.800370
915.467000,1.57050,2.37109,2.18000,0.01070,-0.01542,0.00704,-0.001307,-0.003362,-0.599496,0.800370
915.500000,1.57050,2.37109,2.18000,0.01070,-0.01542,0.00704,-0.001307,-0.003362,-0.599496,0.800370
915.535000,1.57050,2.37109,2.18000,0.00554,-0.00230,0.00174,-0.002126,-0.001211,-0.599737,0.800193
915.568000,1.57050,2.37109,2.18000,0.00554,-0.00230,0.00174,-0.002126,-0.001211,-0.599737,0.800193
915.600000,1.57050,2.37109,2.18000,0.00554,-0.00230,0.00174,-0.002126,-0.001211,-0.599737,0.800193
915.634000,1.57050,2.37109,2.18000,0.00554,-0.00230,0.00174,-0.002126,-0.001211,-0.599737,0.800193
915.667000,1.57050,2.37109,2.18000,0.00554,-0.00230,0.00174,-0.002126,-0.001211,-0.599737,0.800193
915.700000,1.57050,2.37109,2.18000,0.00554,-0.00230,0.00174,-0.002126,-0.001211,-0.599737,0.800193
915.734000,1.57050,2.37109,2.18000,0.00554,-0.00230,0.00174,-0.002126,-0.001211,-0.599737,0.800193
915.768000,1.57958,2.37109,2.18000,0.00683,0.00705,0.00268,-0.000853,-0.001143,-0.600279,0.799790
915.800000,1.57958,2.37109,2.18000,0.00683,0.00705,0.00268,-0.000853,-0.001143,-0.600279,0.799790
915.834000,1.57958,2.37109,2.18000,0.00683,0.00705,0.00268,-0.000853,-0.001143,-0.600279,0.799790
915.867000,1.57958,2.37109,2.18000,0.00683,0.00705,0.00268,-0.000853,-0.001143,-0.600279,0.799790
915.900000,1.57958,2.37109,2.18000,0.00683,0.00705,0.00268,-0.000853,-0.001143,-0.600279,0.799790
915.934000,1.57958,2.37109,2.18000,0.00683,0.00705,0.00268,-0.000853,-0.001143,-0.600279,0.799790
915.967000,1.57958,2.37109,2.18000,0.00683,0.00705,0.00268,-0.000853,-0.001143,-0.600279,0.799790
916.000000,1.57958,2.37109,2.18000,0.00683,0.00705,0.00268,-0.000853,-0.001143,-0.600279,0.799790
916.035000,1.57958,2.37109,2.18000,-0.00137,0.01103,-0.00028,0.000762,-0.001865,-0.600540,0.799592
916.067000,1.57958,2.37109,2.18000,-0.00137,0.01103,-0.00028,0.000762,-0.001865,-0.600540,0.799592
916.100000,1.57958,2.37109,2.18000,-0.00137,0.01103,-0.00028,0.000762,-0.001865,-0.600540,0.799592
916.134000,1.57958,2.37109,2.18000,-0.00137,0.01103,-0.00028,0.000762,-0.001865,-0.600540,0.799592
916.167000,1.57958,2.37109,2.18000,-0.00137,0.01103,-0.00028,0.000762,-0.001865,-0.600540,0.799592
916.200000,1.57958,2.37109,2.18000,-0.00137,0.01103,-0.00028,0.000762,-0.001865,-0.600540,0.799592
916.234000,1.57958,2.37109,2.18000,-0.00137,0.01103,-0.00028,0.000762,-0.001865,-0.600540,0.799592
916.268000,1.57958,2.37109,2.18000,-0.00291,0.01456,-0.00255,-0.001667,0.000587,-0.601084,0.799184
916.300000,1.57958,2.37109,2.18000,-0.00291,0.01456,-0.00255,-0.001667,0.000587,-0.601084,0.799184
916.335000,1.57958,2.37109,2.18000,-0.00291,0.01456,-0.00255,-0.001667,0.000587,-0.601084,0.799184
916.367000,1.57958,2.37109,2.18000,-0.00291,0.01456,-0.00255,-0.001667,0.000587,-0.601084,0.799184
916.400000,1.57958,2.37109,2.18000,-0.00291,0.01456,-0.00255,-0.001667,0.000587,-0.601084,0.799184
916.434000,1.57958,2.37109,2.18000,-0.00291,0.01456,-0.00255,-0.001667,0.000587,-0.601084,0.799184
916.467000,1.57958,2.37109,2.18000,-0.00291,0.01456,-0.00255,-0.001667,0.000587,-0.601084,0.799184
916.500000,1.57958,2.37109,2.18000,-0.00291,0.01456,-0.00255,-0.001667,0.000587,-0.601084,0.799184
916.535000,1.57958,2.37109,2.18000,-0.00688,0.01550,-0.00413,0.002357,-0.002181,-0.601161,0.799121
916.567000,1.57958,2.37109,2.18000,-0.00688,0.01550,-0.00413,0.002357,-0.002181,-0.601161,0.799121
916.600000,1.57958,2.37109,2.18000,-0.00688,0.01550,-0.00413,0.002357,-0.002181,-0.601161,0.799121
916.634000,1.57958,2.37109,2.18000,-0.00688,0.01550,-0.00413,0.002357,-0.002181,-0.601161,0.799121
916.667000,1.57958,2.37109,2.18000,-0.00688,0.01550,-0.00413,0.002357,-0.002181,-0.601161,0.799121
916.700000,1.57958,2.37109,2.18000,-0.00688,0.01550,-0.00413,0.002357,-0.002181,-0.601161,0.799121
916.734000,1.57958,2.37109,2.18000,-0.00688,0.01550,-0.00413,0.002357,-0.002181,-0.601161,0.799121
916.768000,1.57958,2.37109,2.18000,-0.00841,0.01638,-0.00211,-0.001983,0.001146,-0.601513,0.798860
916.800000,1.57958,2.37109,2.18000,-0.00841,0.01638,-0.00211,-0.001983,0.001146,-0.601513,0.798860
916.834000,1.57958,2.37109,2.18000,-0.00841,0.01638,-0.00211,-0.001983,0.001146,-0.601513,0.798860
916.867000,1.57958,2.37109,2.18000,-0.00841,0.01638,-0.00211,-0.001983,0.001146,-0.601513,0.798860
916.900000,1.57958,2.37109,2.18000,-0.00841,0.01638,-0.00211,-0.001983,0.001146,-0.601513,0.798860
916.934000,1.57958,2.37109,2.18000,-0.00841,0.01638,-0.00211,-0.001983,0.001146,-0.601513,0.798860
916.967000,1.57958,2.37109,2.18000,-0.00841,0.01638,-0.00211,-0.001983,0.001146,-0.601513,0.798860
917.000000,1.57958,2.37109,2.18000,-0.00841,0.01638,-0.00211,-0.001983,0.001146,-0.601513,0.798860
917.035000,1.57958,2.37109,2.18000,-0.00968,0.01691,-0.00442,0.002308,-0.001814,-0.601802,0.798640
917.067000,1.57958,2.37109,2.18000,-0.00968,0.01691,-0.00442,0.002308,-0.001814,-0.601802,0.798640
917.100000,1.57958,2.37109,2.18000,-0.00968,0.01691,-0.00442,0.002308,-0.001814,-0.601802,0.798640
917.134000,1.57958,2.37109,2.18000,-0.00968,0.01691,-0.00442,0.002308,-0.001814,-0.601802,0.798640
917.167000,1.57958,2.37109,2.18000,-0.00968,0.01691,-0.00442,0.002308,-0.001814,-0.601802,0.798640
917.200000,1.57958,2.37109,2.18000,-0.00968,0.01691,-0.00442,0.002308,-0.001814,-0.601802,0.798640
917.234000,1.57958,2.37109,2.18000,-0.00968,0.01691,-0.00442,0.002308,-0.001814,-0.601802,0.798640
917.268000,1.57958,2.37109,2.18000,-0.00968,0.01691,-0.00442,-0.001252,0.001883,-0.602057,0.798450
917.300000,1.57958,2.38222,2.18000,-0.01117,0.01572,-0.00067,-0.001252,0.001883,-0.602057,0.798450
917.334000,1.57958,2.38222,2.18000,-0.01117,0.01572,-0.00067,-0.001252,0.001883,-0.602057,0.798450
917.367000,1.57958,2.38222,2.18000,-0.01117,0.01572,-0.00067,-0.001252,0.001883,-0.602057,0.798450
917.400000,1.57958,2.38222,2.18000,-0.01117,0.01572,-0.00067,-0.001252,0.001883,-0.602057,0.798450
917.434000,1.57958,2.38222,2.18000,-0.01117,0.01572,-0.00067,-0.001252,0.001883,-0.602057,0.798450
917.467000,1.57958,2.38222,2.18000,-0.01117,0.01572,-0.00067,-0.001252,0.001883,-0.602057,0.798450
917.500000,1.57958,2.38222,2.18000,-0.01117,0.01572,-0.00067,-0.001252,0.001883,-0.602057,0.798450
917.535000,1.57050,2.38222,2.18000,-0.00920,0.01096,0.00186,0.002107,-0.000273,-0.602388,0.798201
917.567000,1.57050,2.38222,2.18000,-0.00920,0.01096,0.00186,0.002107,-0.000273,-0.602388,0.798201
917.600000,1.57050,2.38222,2.18000,-0.00920,0.01096,0.00186,0.002107,-0.000273,-0.602388,0.798201
917.634000,1.57050,2.38222,2.18000,-0.00920,0.01096,0.00186,0.002107,-0.000273,-0.602388,0.798201
917.667000,1.57050,2.38222,2.18000,-0.00920,0.01096,0.00186,0.002107,-0.000273,-0.602388,0.798201
917.700000,1.57050,2.38222,2.18000,-0.00920,0.01096,0.00186,0.002107,-0.000273,-0.602388,0.798201
917.734000,1.57050,2.38222,2.18000,-0.00920,0.01096,0.00186,0.002107,-0.000273,-0.602388,0.798201
917.768000,1.57050,2.38222,2.18000,-0.00745,0.00647,0.00022,-0.001165,0.001904,-0.602487,0.798126
917.800000,1.57050,2.38222,2.18000,-0.00745,0.00647,0.00022,-0.001165,0.001904,-0.602487,0.798126
917.834000,1.57050,2.38222,2.18000,-0.00745,0.00647,0.00022,-0.001165,0.001904,-0.602487,0.798126
917.867000,1.57050,2.38222,2.18000,-0.00745,0.00647,0.00022,-0.001165,0.001904,-0.602487,0.798126
917.900000,1.57050,2.38222,2.18000,-0.00745,0.00647,0.00022,-0.001165,0.001904,-0.602487,0.798126
917.934000,1.57050,2.38222,2.18000,-0.00745,0.00647,0.00022,-0.001165,0.001904,-0.602487,0.798126
917.967000,1.57050,2.38222,2.18000,-0.00745,0.00647,0.00022,-0.001165,0.001904,-0.602487,0.798126
918.000000,1.57050,2.38222,2.18000,-0.00745,0.00647,0.00022,-0.001165,0.001904,-0.602487,0.798126
918.035000,1.57050,2.38222,2.18000,-0.00178,0.00474,0.00147,0.001080,-0.000168,-0.602817,0.797879
918.067000,1.57050,2.38222,2.18000,-0.00178,0.00474,0.00147,0.001080,-0.000168,-0.602817,0.797879
918.100000,1.57050,2.38222,2.18000,-0.00178,0.00474,0.00147,0.001080,-0.000168,-0.602817,0.797879
918.134000,1.57050,2.38222,2.18000,-0.00178,0.00474,0.00147,0.001080,-0.000168,-0.602817,0.797879
918.167000,1.57050,2.38222,2.18000,-0.00178,0.00474,0.00147,0.001080,-0.000168,-0.602817,0.797879
918.200000,1.57050,2.38222,2.18000,-0.00178,0.00474,0.00147,0.001080,-0.000168,-0.602817,0.797879
918.234000,1.57050,2.38222,2.18000,-0.00178,0.00474,0.00147,0.001080,-0.000168,-0.602817,0.797879
918.268000,1.57050,2.38222,2.18000,-0.00178,0.00474,0.00147,0.005832,-0.004060,-0.602853,0.797821
918.300000,1.57050,2.38222,2.18000,-0.00816,0.00097,0.00191,0.005832,-0.004060,-0.602853,0.797821
918.334000,1.57050,2.38222,2.18000,-0.00816,0.00097,0.00191,0.005832,-0.004060,-0.602853,0.797821
918.367000,1.57050,2.38222,2.18000,-0.00816,0.00097,0.00191,0.005832,-0.004060,-0.602853,0.797821
918.400000,1.57050,2.38222,2.18000,-0.00816,0.00097,0.00191,0.005832,-0.004060,-0.602853,0.797821
918.434000,1.57050,2.38222,2.18000,-0.00816,0.00097,0.00191,0.005832,-0.004060,-0.602853,0.797821
918.467000,1.57050,2.38222,2.18000,-0.00816,0.00097,0.00191,0.005832,-0.004060,-0.602853,0.797821
918.500000,1.57050,2.38222,2.18000,-0.00816,0.00097,0.00191,0.005832,-0.004060,-0.602853,0.797821
918.535000,1.56142,2.38222,2.17000,-0.16716,-0.04525,-0.00362,0.055063,-0.041341,-0.601741,0.795718
918.567000,1.56142,2.38222,2.17000,-0.16716,-0.04525,-0.00362,0.055063,-0.041341,-0.601741,0.795718
918.600000,1.56142,2.38222,2.17000,-0.16716,-0.04525,-0.00362,0.055063,-0.041341,-0.601741,0.795718
918.634000,1.56142,2.38222,2.17000,-0.16716,-0.04525,-0.00362,0.055063,-0.041341,-0.601741,0.795718
918.667000,1.56142,2.38222,2.17000,-0.16716,-0.04525,-0.00362,0.055063,-0.041341,-0.601741,0.795718
918.700000,1.56142,2.38222,2.17000,-0.16716,-0.04525,-0.00362,0.055063,-0.041341,-0.601741,0.795718
918.734000,1.56142,2.38222,2.17000,-0.16716,-0.04525,-0.00362,0.055063,-0.041341,-0.601741,0.795718
918.768000,1.46156,2.37109,2.17000,-0.65513,-0.18616,0.00338,0.097242,-0.068429,-0.620908,0.774812
918.801000,1.46156,2.37109,2.17000,-0.65513,-0.18616,0.00338,0.097242,-0.068429,-0.620908,0.774812
918.834000,1.46156,2.37109,2.17000,-0.65513,-0.18616,0.00338,0.097242,-0.068429,-0.620908,0.774812
918.867000,1.46156,2.37109,2.17000,-0.65513,-0.18616,0.00338,0.097242,-0.068429,-0.620908,0.774812
918.900000,1.46156,2.37109,2.17000,-0.65513,-0.18616,0.00338,0.097242,-0.068429,-0.620908,0.774812
918.934000,1.46156,2.37109,2.17000,-0.65513,-0.18616,0.00338,0.097242,-0.068429,-0.620908,0.774812
918.967000,1.46156,2.37109,2.17000,-0.65513,-0.18616,0.00338,0.097242,-0.068429,-0.620908,0.774812
919.000000,1.46156,2.37109,2.17000,-0.65513,-0.18616,0.00338,0.097242,-0.068429,-0.620908,0.774812
919.035000,1.22554,2.30430,2.18000,-1.15332,-0.31007,0.01204,-0.064053,0.049086,0.706965,-0.702630
919.067000,1.22554,2.30430,2.18000,-1.15332,-0.31007,0.01204,-0.064053,0.049086,0.706965,-0.702630
919.100000,1.22554,2.30430,2.18000,-1.15332,-0.31007,0.01204,-0.064053,0.049086,0.706965,-0.702630
919.134000,1.22554,2.30430,2.18000,-1.15332,-0.31007,0.01204,-0.064053,0.049086,0.706965,-0.702630
919.167000,1.22554,2.30430,2.18000,-1.15332,-0.31007,0.01204,-0.064053,0.049086,0.706965,-0.702630
919.201000,1.22554,2.30430,2.18000,-1.15332,-0.31007,0.01204,-0.064053,0.049086,0.706965,-0.702630
919.234000,1.22554,2.30430,2.18000,-1.15332,-0.31007,0.01204,-0.064053,0.049086,0.706965,-0.702630
919.268000,1.22554,2.30430,2.18000,-1.15332,-0.31007,0.01204,-0.009385,0.046263,0.793089,-0.607274
919.301000,0.90780,2.22638,2.18000,-1.44732,-0.25470,0.00756,-0.009385,0.046263,0.793089,-0.607274
919.334000,0.90780,2.22638,2.18000,-1.44732,-0.25470,0.00756,-0.009385,0.046263,0.793089,-0.607274
919.367000,0.90780,2.22638,2.18000,-1.44732,-0.25470,0.00756,-0.009385,0.046263,0.793089,-0.607274
919.400000,0.90780,2.22638,2.18000,-1.44732,-0.25470,0.00756,-0.009385,0.046263,0.793089,-0.607274
919.434000,0.90780,2.22638,2.18000,-1.44732,-0.25470,0.00756,-0.009385,0.046263,0.793089,-0.607274
919.467000,0.90780,2.22638,2.18000,-1.44732,-0.25470,0.00756,-0.009385,0.046263,0.793089,-0.607274
919.500000,0.90780,2.22638,2.18000,-1.44732,-0.25470,0.00756,-0.009385,0.046263,0.793089,-0.607274
919.535000,0.52653,2.18185,2.18000,-1.43193,-0.07674,0.00605,0.055386,0.007956,0.866979,-0.495193
919.567000,0.52653,2.18185,2.18000,-1.43193,-0.07674,0.00605,0.055386,0.007956,0.866979,-0.495193
919.600000,0.52653,2.18185,2.18000,-1.43193,-0.07674,0.00605,0.055386,0.007956,0.866979,-0.495193
919.634000,0.52653,2.18185,2.18000,-1.43193,-0.07674,0.00605,0.055386,0.007956,0.866979,-0.495193
919.667000,0.52653,2.18185,2.18000,-1.43193,-0.07674,0.00605,0.055386,0.007956,0.866979,-0.495193
919.701000,0.52653,2.18185,2.18000,-1.43193,-0.07674,0.00605,0.055386,0.007956,0.866979,-0.495193
919.734000,0.52653,2.18185,2.18000,-1.43193,-0.07674,0.00605,0.055386,0.007956,0.866979,-0.495193
919.768000,0.52653,2.18185,2.18000,-1.43193,-0.07674,0.00605,0.109362,-0.027565,0.921729,-0.371073
919.800000,0.22695,2.18185,2.18000,-1.02342,0.05055,0.00567,0.109362,-0.027565,0.921729,-0.371073
919.834000,0.22695,2.18185,2.18000,-1.02342,0.05055,0.00567,0.109362,-0.027565,0.921729,-0.371073
919.867000,0.22695,2.18185,2.18000,-1.02342,0.05055,0.00567,0.109362,-0.027565,0.921729,-0.371073
919.900000,0.22695,2.18185,2.18000,-1.02342,0.05055,0.00567,0.109362,-0.027565,0.921729,-0.371073
919.934000,0.22695,2.18185,2.18000,-1.02342,0.05055,0.00567,0.109362,-0.027565,0.921729,-0.371073
919.967000,0.22695,2.18185,2.18000,-1.02342,0.05055,0.00567,0.109362,-0.027565,0.921729,-0.371073
920.001000,0.22695,2.18185,2.18000,-1.02342,0.05055,0.00567,0.109362,-0.027565,0.921729,-0.371073
920.035000,0.04539,2.19298,2.18000,-0.45085,0.07468,0.00344,0.099495,-0.028756,0.962660,-0.250119
920.067000,0.04539,2.19298,2.18000,-0.45085,0.07468,0.00344,0.099495,-0.028756,0.962660,-0.250119
920.100000,0.04539,2.19298,2.18000,-0.45085,0.07468,0.00344,0.099495,-0.028756,0.962660,-0.250119
920.134000,0.04539,2.19298,2.18000,-0.45085,0.07468,0.00344,0.099495,-0.028756,0.962660,-0.250119
920.167000,0.04539,2.19298,2.18000,-0.45085,0.07468,0.00344,0.099495,-0.028756,0.962660,-0.250119
920.200000,0.04539,2.19298,2.18000,-0.45085,0.07468,0.00344,0.099495,-0.028756,0.962660,-0.250119
920.234000,0.04539,2.19298,2.18000,-0.45085,0.07468,0.00344,0.099495,-0.028756,0.962660,-0.250119
920.268000,-0.01816,2.21525,2.19000,-0.06271,0.06871,-0.00648,0.052457,-0.011232,0.975127,-0.215055
920.300000,-0.01816,2.21525,2.19000,-0.06271,0.06871,-0.00648,0.052457,-0.011232,0.975127,-0.215055
920.334000,-0.01816,2.21525,2.19000,-0.06271,0.06871,-0.00648,0.052457,-0.011232,0.975127,-0.215055
920.367000,-0.01816,2.21525,2.19000,-0.06271,0.06871,-0.00648,0.052457,-0.011232,0.975127,-0.215055
920.400000,-0.01816,2.21525,2.19000,-0.06271,0.06871,-0.00648,0.052457,-0.011232,0.975127,-0.215055
920.434000,-0.01816,2.21525,2.19000,-0.06271,0.06871,-0.00648,0.052457,-0.011232,0.975127,-0.215055
920.467000,-0.01816,2.21525,2.19000,-0.06271,0.06871,-0.00648,0.052457,-0.011232,0.975127,-0.215055
920.500000,-0.01816,2.21525,2.19000,-0.06271,0.06871,-0.00648,0.052457,-0.011232,0.975127,-0.215055
920.535000,-0.00908,2.22638,2.18000,0.11206,0.05535,-0.01371,0.019151,-0.009459,0.978091,-0.207081
920.567000,-0.00908,2.22638,2.18000,0.11206,0.05535,-0.01371,0.019151,-0.009459,0.978091,-0.207081
920.600000,-0.00908,2.22638,2.18000,0.11206,0.05535,-0.01371,0.019151,-0.009459,0.978091,-0.207081
920.634000,-0.00908,2.22638,2.18000,0.11206,0.05535,-0.01371,0.019151,-0.009459,0.978091,-0.207081
920.667000,-0.00908,2.22638,2.18000,0.11206,0.05535,-0.01371,0.019151,-0.009459,0.978091,-0.207081
920.700000,-0.00908,2.22638,2.18000,0.11206,0.05535,-0.01371,0.019151,-0.009459,0.978091,-0.207081
920.734000,-0.00908,2.22638,2.18000,0.11206,0.05535,-0.01371,0.019151,-0.009459,0.978091,-0.207081
920.768000,0.00908,2.23751,2.18000,0.15648,0.04159,-0.00804,-0.000297,-0.000405,0.979047,-0.203632
920.800000,0.00908,2.23751,2.18000,0.15648,0.04159,-0.00804,-0.000297,-0.000405,0.979047,-0.203632
920.834000,0.00908,2.23751,2.18000,0.15648,0.04159,-0.00804,-0.000297,-0.000405,0.979047,-0.203632
920.867000,0.00908,2.23751,2.18000,0.15648,0.04159,-0.00804,-0.000297,-0.000405,0.979047,-0.203632
920.900000,0.00908,2.23751,2.18000,0.15648,0.04159,-0.00804,-0.000297,-0.000405,0.979047,-0.203632
920.934000,0.00908,2.23751,2.18000,0.15648,0.04159,-0.00804,-0.000297,-0.000405,0.979047,-0.203632
920.967000,0.00908,2.23751,2.18000,0.15648,0.04159,-0.00804,-0.000297,-0.000405,0.979047,-0.203632
921.000000,0.00908,2.23751,2.18000,0.15648,0.04159,-0.00804,-0.000297,-0.000405,0.979047,-0.203632
921.035000,0.04539,2.24864,2.18000,0.13487,0.03333,-0.00262,-0.008165,-0.001564,0.979224,-0.202609
921.067000,0.04539,2.24864,2.18000,0.13487,0.03333,-0.00262,-0.008165,-0.001564,0.979224,-0.202609
921.100000,0.04539,2.24864,2.18000,0.13487,0.03333,-0.00262,-0.008165,-0.001564,0.979224,-0.202609
921.134000,0.04539,2.24864,2.18000,0.13487,0.03333,-0.00262,-0.008165,-0.001564,0.979224,-0.202609
921.167000,0.04539,2.24864,2.18000,0.13487,0.03333,-0.00262,-0.008165,-0.001564,0.979224,-0.202609
921.200000,0.04539,2.24864,2.18000,0.13487,0.03333,-0.00262,-0.008165,-0.001564,0.979224,-0.202609
921.234000,0.04539,2.24864,2.18000,0.13487,0.03333,-0.00262,-0.008165,-0.001564,0.979224,-0.202609
921.268000,0.04539,2.24864,2.18000,0.13487,0.03333,-0.00262,-0.011789,0.000195,0.979229,-0.202417
921.300000,0.08170,2.24864,2.18000,0.08704,0.01836,-0.00227,-0.011789,0.000195,0.979229,-0.202417
921.334000,0.08170,2.24864,2.18000,0.08704,0.01836,-0.00227,-0.011789,0.000195,0.979229,-0.202417
921.367000,0.08170,2.24864,2.18000,0.08704,0.01836,-0.00227,-0.011789,0.000195,0.979229,-0.202417
921.400000,0.08170,2.24864,2.18000,0.08704,0.01836,-0.00227,-0.011789,0.000195,0.979229,-0.202417
921.434000,0.08170,2.24864,2.18000,0.08704,0.01836,-0.00227,-0.011789,0.000195,0.979229,-0.202417
921.467000,0.08170,2.24864,2.18000,0.08704,0.01836,-0.00227,-0.011789,0.000195,0.979229,-0.202417
921.500000,0.08170,2.24864,2.18000,0.08704,0.01836,-0.00227,-0.011789,0.000195,0.979229,-0.202417
921.535000,0.09078,2.25977,2.18000,0.02784,0.01084,0.00061,-0.011496,0.000411,0.979069,-0.203203
921.567000,0.09078,2.25977,2.18000,0.02784,0.01084,0.00061,-0.011496,0.000411,0.979069,-0.203203
921.601000,0.09078,2.25977,2.18000,0.02784,0.01084,0.00061,-0.011496,0.000411,0.979069,-0.203203
921.634000,0.09078,2.25977,2.18000,0.02784,0.01084,0.00061,-0.011496,0.000411,0.979069,-0.203203
921.667000,0.09078,2.25977,2.18000,0.02784,0.01084,0.00061,-0.011496,0.000411,0.979069,-0.203203
921.700000,0.09078,2.25977,2.18000,0.02784,0.01084,0.00061,-0.011496,0.000411,0.979069,-0.203203
921.734000,0.09078,2.25977,2.18000,0.02784,0.01084,0.00061,-0.011496,0.000411,0.979069,-0.203203
921.768000,0.09078,2.25977,2.18000,-0.01793,-0.00274,-0.00258,-0.007794,-0.001680,0.978985,-0.203774
921.800000,0.09078,2.25977,2.18000,-0.01793,-0.00274,-0.00258,-0.007794,-0.001680,0.978985,-0.203774
921.834000,0.09078,2.25977,2.18000,-0.01793,-0.00274,-0.00258,-0.007794,-0.001680,0.978985,-0.203774
921.867000,0.09078,2.25977,2.18000,-0.01793,-0.00274,-0.00258,-0.007794,-0.001680,0.978985,-0.203774
921.900000,0.09078,2.25977,2.18000,-0.01793,-0.00274,-0.00258,-0.007794,-0.001680,0.978985,-0.203774
921.934000,0.09078,2.25977,2.18000,-0.01793,-0.00274,-0.00258,-0.007794,-0.001680,0.978985,-0.203774
921.967000,0.09078,2.25977,2.18000,-0.01793,-0.00274,-0.00258,-0.007794,-0.001680,0.978985,-0.203774
922.000000,0.09078,2.25977,2.18000,-0.01793,-0.00274,-0.00258,-0.007794,-0.001680,0.978985,-0.203774
922.035000,0.09078,2.25977,2.17000,-0.04984,-0.00820,-0.00553,-0.005657,0.002004,0.978787,-0.204794
922.067000,0.09078,2.25977,2.17000,-0.04984,-0.00820,-0.00553,-0.005657,0.002004,0.978787,-0.204794
922.100000,0.09078,2.25977,2.17000,-0.04984,-0.00820,-0.00553,-0.005657,0.002004,0.978787,-0.204794
922.134000,0.09078,2.25977,2.17000,-0.04984,-0.00820,-0.00553,-0.005657,0.002004,0.978787,-0.204794
922.167000,0.09078,2.25977,2.17000,-0.04984,-0.00820,-0.00553,-0.005657,0.002004,0.978787,-0.204794
922.200000,0.09078,2.25977,2.17000,-0.04984,-0.00820,-0.00553,-0.005657,0.002004,0.978787,-0.204794
922.234000,0.09078,2.25977,2.17000,-0.04984,-0.00820,-0.00553,-0.005657,0.002004,0.978787,-0.204794
922.268000,0.09078,2.25977,2.17000,-0.04984,-0.00820,-0.00553,-0.002705,-0.003210,0.978677,-0.205364
922.300000,0.08170,2.25977,2.18000,-0.06921,-0.01504,0.00363,-0.002705,-0.003210,0.978677,-0.205364
922.334000,0.08170,2.25977,2.18000,-0.06921,-0.01504,0.00363,-0.002705,-0.003210,0.978677,-0.205364
922.367000,0.08170,2.25977,2.18000,-0.06921,-0.01504,0.00363,-0.002705,-0.003210,0.978677,-0.205364
922.400000,0.08170,2.25977,2.18000,-0.06921,-0.01504,0.00363,-0.002705,-0.003210,0.978677,-0.205364
922.434000,0.08170,2.25977,2.18000,-0.06921,-0.01504,0.00363,-0.002705,-0.003210,0.978677,-0.205364
922.467000,0.08170,2.25977,2.18000,-0.06921,-0.01504,0.00363,-0.002705,-0.003210,0.978677,-0.205364
922.500000,0.08170,2.25977,2.18000,-0.06921,-0.01504,0.00363,-0.002705,-0.003210,0.978677,-0.205364
922.535000,0.05447,2.25977,2.18000,-0.07859,-0.01822,-0.00280,-0.001183,0.002485,0.978487,-0.206290
922.567000,0.05447,2.25977,2.18000,-0.07859,-0.01822,-0.00280,-0.001183,0.002485,0.978487,-0.206290
922.600000,0.05447,2.25977,2.18000,-0.07859,-0.01822,-0.00280,-0.001183,0.002485,0.978487,-0.206290
922.634000,0.05447,2.25977,2.18000,-0.07859,-0.01822,-0.00280,-0.001183,0.002485,0.978487,-0.206290
922.667000,0.05447,2.25977,2.18000,-0.07859,-0.01822,-0.00280,-0.001183,0.002485,0.978487,-0.206290
922.700000,0.05447,2.25977,2.18000,-0.07859,-0.01822,-0.00280,-0.001183,0.002485,0.978487,-0.206290
922.734000,0.05447,2.25977,2.18000,-0.07859,-0.01822,-0.00280,-0.001183,0.002485,0.978487,-0.206290
922.768000,0.04539,2.25977,2.18000,-0.07205,-0.01950,-0.00078,0.003333,-0.003681,0.978371,-0.206800
922.800000,0.04539,2.25977,2.18000,-0.07205,-0.01950,-0.00078,0.003333,-0.003681,0.978371,-0.206800
922.834000,0.04539,2.25977,2.18000,-0.07205,-0.01950,-0.00078,0.003333,-0.003681,0.978371,-0.206800
922.867000,0.04539,2.25977,2.18000,-0.07205,-0.01950,-0.00078,0.003333,-0.003681,0.978371,-0.206800
922.900000,0.04539,2.25977,2.18000,-0.07205,-0.01950,-0.00078,0.003333,-0.003681,0.978371,-0.206800
922.934000,0.04539,2.25977,2.18000,-0.07205,-0.01950,-0.00078,0.003333,-0.003681,0.978371,-0.206800
922.967000,0.04539,2.25977,2.18000,-0.07205,-0.01950,-0.00078,0.003333,-0.003681,0.978371,-0.206800
923.000000,0.04539,2.25977,2.18000,-0.07205,-0.01950,-0.00078,0.003333,-0.003681,0.978371,-0.206800
923.035000,0.02723,2.24864,2.18000,-0.05631,-0.01988,-0.00225,0.002844,0.002110,0.978246,-0.207420
923.067000,0.02723,2.24864,2.18000,-0.05631,-0.01988,-0.00225,0.002844,0.002110,0.978246,-0.207420
923.100000,0.02723,2.24864,2.18000,-0.05631,-0.01988,-0.00225,0.002844,0.002110,0.978246,-0.207420
923.134000,0.02723,2.24864,2.18000,-0.05631,-0.01988,-0.00225,0.002844,0.002110,0.978246,-0.207420
923.167000,0.02723,2.24864,2.18000,-0.05631,-0.01988,-0.00225,0.002844,0.002110,0.978246,-0.207420
923.200000,0.02723,2.24864,2.18000,-0.05631,-0.01988,-0.00225,0.002844,0.002110,0.978246,-0.207420
923.234000,0.02723,2.24864,2.18000,-0.05631,-0.01988,-0.00225,0.002844,0.002110,0.978246,-0.207420
923.268000,0.02723,2.24864,2.18000,-0.05631,-0.01988,-0.00225,0.004173,-0.001976,0.978111,-0.208032
923.300000,0.00908,2.24864,2.18000,-0.04028,-0.01481,0.00456,0.004173,-0.001976,0.978111,-0.208032
923.334000,0.00908,2.24864,2.18000,-0.04028,-0.01481,0.00456,0.004173,-0.001976,0.978111,-0.208032
923.367000,0.00908,2.24864,2.18000,-0.04028,-0.01481,0.00456,0.004173,-0.001976,0.978111,-0.208032
923.400000,0.00908,2.24864,2.18000,-0.04028,-0.01481,0.00456,0.004173,-0.001976,0.978111,-0.208032
923.434000,0.00908,2.24864,2.18000,-0.04028,-0.01481,0.00456,0.004173,-0.001976,0.978111,-0.208032
923.467000,0.00908,2.24864,2.18000,-0.04028,-0.01481,0.00456,0.004173,-0.001976,0.978111,-0.208032
923.500000,0.00908,2.24864,2.18000,-0.04028,-0.01481,0.00456,0.004173,-0.001976,0.978111,-0.208032
923.535000,0.00908,2.23751,2.18000,-0.01916,-0.01429,0.00018,0.003718,0.000852,0.978043,-0.208368
923.567000,0.00908,2.23751,2.18000,-0.01916,-0.01429,0.00018,0.003718,0.000852,0.978043,-0.208368
923.600000,0.00908,2.23751,2.18000,-0.01916,-0.01429,0.00018,0.003718,0.000852,0.978043,-0.208368
923.634000,0.00908,2.23751,2.18000,-0.01916,-0.01429,0.00018,0.003718,0.000852,0.978043,-0.208368
923.667000,0.00908,2.23751,2.18000,-0.01916,-0.01429,0.00018,0.003718,0.000852,0.978043,-0.208368
923.700000,0.00908,2.23751,2.18000,-0.01916,-0.01429,0.00018,0.003718,0.000852,0.978043,-0.208368
923.734000,0.00908,2.23751,2.18000,-0.01916,-0.01429,0.00018,0.003718,0.000852,0.978043,-0.208368
923.768000,0.00908,2.23751,2.18000,-0.00570,-0.00450,0.00534,0.002472,0.001243,0.977880,-0.209149
923.800000,0.00908,2.23751,2.18000,-0.00570,-0.00450,0.00534,0.002472,0.001243,0.977880,-0.209149
923.834000,0.00908,2.23751,2.18000,-0.00570,-0.00450,0.00534,0.002472,0.001243,0.977880,-0.209149
923.867000,0.00908,2.23751,2.18000,-0.00570,-0.00450,0.00534,0.002472,0.001243,0.977880,-0.209149
923.900000,0.00908,2.23751,2.18000,-0.00570,-0.00450,0.00534,0.002472,0.001243,0.977880,-0.209149
923.934000,0.00908,2.23751,2.18000,-0.00570,-0.00450,0.00534,0.002472,0.001243,0.977880,-0.209149
923.967000,0.00908,2.23751,2.18000,-0.00570,-0.00450,0.00534,0.002472,0.001243,0.977880,-0.209149
924.000000,0.00908,2.23751,2.18000,-0.00570,-0.00450,0.00534,0.002472,0.001243,0.977880,-0.209149
924.035000,0.00908,2.23751,2.18000,0.00416,-0.00205,0.00226,0.001688,-0.000695,0.977849,-0.209302
924.067000,0.00908,2.23751,2.18000,0.00416,-0.00205,0.00226,0.001688,-0.000695,0.977849,-0.209302
924.100000,0.00908,2.23751,2.18000,0.00416,-0.00205,0.00226,0.001688,-0.000695,0.977849,-0.209302
924.134000,0.00908,2.23751,2.18000,0.00416,-0.00205,0.00226,0.001688,-0.000695,0.977849,-0.209302
924.167000,0.00908,2.23751,2.18000,0.00416,-0.00205,0.00226,0.001688,-0.000695,0.977849,-0.209302
924.201000,0.00908,2.23751,2.18000,0.00416,-0.00205,0.00226,0.001688,-0.000695,0.977849,-0.209302
924.234000,0.00908,2.23751,2.18000,0.00416,-0.00205,0.00226,0.001688,-0.000695,0.977849,-0.209302
924.268000,0.00908,2.23751,2.18000,0.00826,0.00336,-0.00021,0.000554,0.002209,0.977705,-0.209970
924.300000,0.00908,2.23751,2.18000,0.00826,0.00336,-0.00021,0.000554,0.002209,0.977705,-0.209970
924.334000,0.00908,2.23751,2.18000,0.00826,0.00336,-0.00021,0.000554,0.002209,0.977705,-0.209970
924.367000,0.00908,2.23751,2.18000,0.00826,0.00336,-0.00021,0.000554,0.002209,0.977705,-0.209970
924.400000,0.00908,2.23751,2.18000,0.00826,0.00336,-0.00021,0.000554,0.002209,0.977705,-0.209970
924.434000,0.00908,2.23751,2.18000,0.00826,0.00336,-0.00021,0.000554,0.002209,0.977705,-0.209970
924.467000,0.00908,2.23751,2.18000,0.00826,0.00336,-0.00021,0.000554,0.002209,0.977705,-0.209970
924.500000,0.00908,2.23751,2.18000,0.00826,0.00336,-0.00021,0.000554,0.002209,0.977705,-0.209970
924.535000,0.00908,2.23751,2.18000,0.01228,0.00361,-0.00120,0.001133,-0.002585,0.977640,-0.210266
924.567000,0.00908,2.23751,2.18000,0.01228,0.00361,-0.00120,0.001133,-0.002585,0.977640,-0.210266
924.600000,0.00908,2.23751,2.18000,0.01228,0.00361,-0.00120,0.001133,-0.002585,0.977640,-0.210266
924.634000,0.00908,2.23751,2.18000,0.01228,0.00361,-0.00120,0.001133,-0.002585,0.977640,-0.210266
924.668000,0.00908,2.23751,2.18000,0.01228,0.00361,-0.00120,0.001133,-0.002585,0.977640,-0.210266
924.700000,0.00908,2.23751,2.18000,0.01228,0.00361,-0.00120,0.001133,-0.002585,0.977640,-0.210266
924.734000,0.00908,2.23751,2.18000,0.01228,0.00361,-0.00120,0.001133,-0.002585,0.977640,-0.210266
924.768000,0.00908,2.23751,2.18000,0.01355,0.00598,-0.00313,-0.000303,0.003011,0.977537,-0.210743
924.800000,0.00908,2.23751,2.18000,0.01355,0.00598,-0.00313,-0.000303,0.003011,0.977537,-0.210743
924.834000,0.00908,2.23751,2.18000,0.01355,0.00598,-0.00313,-0.000303,0.003011,0.977537,-0.210743
924.867000,0.00908,2.23751,2.18000,0.01355,0.00598,-0.00313,-0.000303,0.003011,0.977537,-0.210743
924.900000,0.00908,2.23751,2.18000,0.01355,0.00598,-0.00313,-0.000303,0.003011,0.977537,-0.210743
924.934000,0.00908,2.23751,2.18000,0.01355,0.00598,-0.00313,-0.000303,0.003011,0.977537,-0.210743
924.967000,0.00908,2.23751,2.18000,0.01355,0.00598,-0.00313,-0.000303,0.003011,0.977537,-0.210743
925.001000,0.00908,2.23751,2.18000,0.01355,0.00598,-0.00313,-0.000303,0.003011,0.977537,-0.210743
925.035000,0.00908,2.23751,2.18000,0.01435,0.00711,-0.00184,0.000777,-0.002920,0.977466,-0.211070
925.067000,0.00908,2.23751,2.18000,0.01435,0.00711,-0.00184,0.000777,-0.002920,0.977466,-0.211070
925.100000,0.00908,2.23751,2.18000,0.01435,0.00711,-0.00184,0.000777,-0.002920,0.977466,-0.211070
925.134000,0.00908,2.23751,2.18000,0.01435,0.00711,-0.00184,0.000777,-0.002920,0.977466,-0.211070
925.167000,0.00908,2.23751,2.18000,0.01435,0.00711,-0.00184,0.000777,-0.002920,0.977466,-0.211070
925.200000,0.00908,2.23751,2.18000,0.01435,0.00711,-0.00184,0.000777,-0.002920,0.977466,-0.211070
925.234000,0.00908,2.23751,2.18000,0.01435,0.00711,-0.00184,0.000777,-0.002920,0.977466,-0.211070
925.267000,0.00908,2.23751,2.18000,0.01435,0.00711,-0.00184,-0.000515,0.002618,0.977394,-0.211410
925.301000,0.00908,2.23751,2.18000,0.01500,0.00723,-0.00176,-0.000515,0.002618,0.977394,-0.211410
925.334000,0.00908,2.23751,2.18000,0.01500,0.00723,-0.00176,-0.000515,0.002618,0.977394,-0.211410
925.367000,0.00908,2.23751,2.18000,0.01500,0.00723,-0.00176,-0.000515,0.002618,0.977394,-0.211410
925.400000,0.00908,2.23751,2.18000,0.01500,0.00723,-0.00176,-0.000515,0.002618,0.977394,-0.211410
925.434000,0.00908,2.23751,2.18000,0.01500,0.00723,-0.00176,-0.000515,0.002618,0.977394,-0.211410
925.467000,0.00908,2.23751,2.18000,0.01500,0.00723,-0.00176,-0.000515,0.002618,0.977394,-0.211410
925.500000,0.00908,2.23751,2.18000,0.01500,0.00723,-0.00176,-0.000515,0.002618,0.977394,-0.211410
925.535000,0.00908,2.23751,2.18000,0.01475,0.00813,-0.00144,0.000624,-0.002515,0.977300,-0.211843
925.567000,0.00908,2.23751,2.18000,0.01475,0.00813,-0.00144,0.000624,-0.002515,0.977300,-0.211843
925.600000,0.00908,2.23751,2.18000,0.01475,0.00813,-0.00144,0.000624,-0.002515,0.977300,-0.211843
925.634000,0.00908,2.23751,2.18000,0.01475,0.00813,-0.00144,0.000624,-0.002515,0.977300,-0.211843
925.667000,0.00908,2.23751,2.18000,0.01475,0.00813,-0.00144,0.000624,-0.002515,0.977300,-0.211843
925.700000,0.00908,2.23751,2.18000,0.01475,0.00813,-0.00144,0.000624,-0.002515,0.977300,-0.211843
925.734000,0.00908,2.23751,2.18000,0.01475,0.00813,-0.00144,0.000624,-0.002515,0.977300,-0.211843
925.768000,0.00908,2.23751,2.18000,0.01475,0.00813,-0.00144,-0.000464,0.001643,0.977282,-0.211935
925.801000,0.00908,2.23751,2.18000,0.01559,0.00616,0.00071,-0.000464,0.001643,0.977282,-0.211935
925.834000,0.00908,2.23751,2.18000,0.01559,0.00616,0.00071,-0.000464,0.001643,0.977282,-0.211935
925.867000,0.00908,2.23751,2.18000,0.01559,0.00616,0.00071,-0.000464,0.001643,0.977282,-0.211935
925.900000,0.00908,2.23751,2.18000,0.01559,0.00616,0.00071,-0.000464,0.001643,0.977282,-0.211935
925.934000,0.00908,2.23751,2.18000,0.01559,0.00616,0.00071,-0.000464,0.001643,0.977282,-0.211935
925.967000,0.00908,2.23751,2.18000,0.01559,0.00616,0.00071,-0.000464,0.001643,0.977282,-0.211935
926.000000,0.00908,2.23751,2.18000,0.01559,0.00616,0.00071,-0.000464,0.001643,0.977282,-0.211935
926.035000,0.02723,2.23751,2.18000,0.01313,0.00824,0.00382,-0.000927,-0.000830,0.977161,-0.212497
926.067000,0.02723,2.23751,2.18000,0.01313,0.00824,0.00382,-0.000927,-0.000830,0.977161,-0.212497
926.101000,0.02723,2.23751,2.18000,0.01313,0.00824,0.00382,-0.000927,-0.000830,0.977161,-0.212497
926.134000,0.02723,2.23751,2.18000,0.01313,0.00824,0.00382,-0.000927,-0.000830,0.977161,-0.212497
926.168000,0.02723,2.23751,2.18000,0.01313,0.00824,0.00382,-0.000927,-0.000830,0.977161,-0.212497
926.200000,0.02723,2.23751,2.18000,0.01313,0.00824,0.00382,-0.000927,-0.000830,0.977161,-0.212497
926.234000,0.02723,2.23751,2.18000,0.01313,0.00824,0.00382,-0.000927,-0.000830,0.977161,-0.212497
926.268000,0.02723,2.23751,2.18000,0.01313,0.00824,0.00382,-0.001739,0.000206,0.977149,-0.212549
926.300000,0.02723,2.23751,2.18000,0.00580,0.00504,0.00188,-0.001739,0.000206,0.977149,-0.212549
926.334000,0.02723,2.23751,2.18000,0.00580,0.00504,0.00188,-0.001739,0.000206,0.977149,-0.212549
926.367000,0.02723,2.23751,2.18000,0.00580,0.00504,0.00188,-0.001739,0.000206,0.977149,-0.212549
926.400000,0.02723,2.23751,2.18000,0.00580,0.00504,0.00188,-0.001739,0.000206,0.977149,-0.212549
926.434000,0.02723,2.23751,2.18000,0.00580,0.00504,0.00188,-0.001739,0.000206,0.977149,-0.212549
926.467000,0.02723,2.23751,2.18000,0.00580,0.00504,0.00188,-0.001739,0.000206,0.977149,-0.212549
926.500000,0.02723,2.23751,2.18000,0.00580,0.00504,0.00188,-0.001739,0.000206,0.977149,-0.212549
926.535000,0.02723,2.23751,2.18000,-0.00159,0.00764,0.00307,-0.001124,0.000558,0.977124,-0.212665
926.567000,0.02723,2.23751,2.18000,-0.00159,0.00764,0.00307,-0.001124,0.000558,0.977124,-0.212665
926.600000,0.02723,2.23751,2.18000,-0.00159,0.00764,0.00307,-0.001124,0.000558,0.977124,-0.212665
926.634000,0.02723,2.23751,2.18000,-0.00159,0.00764,0.00307,-0.001124,0.000558,0.977124,-0.212665
926.668000,0.02723,2.23751,2.18000,-0.00159,0.00764,0.00307,-0.001124,0.000558,0.977124,-0.212665
926.700000,0.02723,2.23751,2.18000,-0.00159,0.00764,0.00307,-0.001124,0.000558,0.977124,-0.212665
926.734000,0.02723,2.23751,2.18000,-0.00159,0.00764,0.00307,-0.001124,0.000558,0.977124,-0.212665
926.768000,0.02723,2.23751,2.18000,-0.06141,-0.02230,-0.00128,-0.037339,-0.009538,0.976290,-0.213009
926.800000,0.02723,2.23751,2.18000,-0.06141,-0.02230,-0.00128,-0.037339,-0.009538,0.976290,-0.213009
926.834000,0.02723,2.23751,2.18000,-0.06141,-0.02230,-0.00128,-0.037339,-0.009538,0.976290,-0.213009
926.867000,0.02723,2.23751,2.18000,-0.06141,-0.02230,-0.00128,-0.037339,-0.009538,0.976290,-0.213009
926.900000,0.02723,2.23751,2.18000,-0.06141,-0.02230,-0.00128,-0.037339,-0.009538,0.976290,-0.213009
926.934000,0.02723,2.23751,2.18000,-0.06141,-0.02230,-0.00128,-0.037339,-0.009538,0.976290,-0.213009
926.967000,0.02723,2.23751,2.18000,-0.06141,-0.02230,-0.00128,-0.037339,-0.009538,0.976290,-0.213009
927.000000,0.02723,2.23751,2.18000,-0.06141,-0.02230,-0.00128,-0.037339,-0.009538,0.976290,-0.213009
927.035000,-0.01816,2.22638,2.18000,-0.41129,-0.18035,-0.00419,-0.111485,-0.022876,0.971103,-0.209778
927.067000,-0.01816,2.22638,2.18000,-0.41129,-0.18035,-0.00419,-0.111485,-0.022876,0.971103,-0.209778
927.100000,-0.01816,2.22638,2.18000,-0.41129,-0.18035,-0.00419,-0.111485,-0.022876,0.971103,-0.209778
927.134000,-0.01816,2.22638,2.18000,-0.41129,-0.18035,-0.00419,-0.111485,-0.022876,0.971103,-0.209778
927.167000,-0.01816,2.22638,2.18000,-0.41129,-0.18035,-0.00419,-0.111485,-0.022876,0.971103,-0.209778
927.200000,-0.01816,2.22638,2.18000,-0.41129,-0.18035,-0.00419,-0.111485,-0.022876,0.971103,-0.209778
927.234000,-0.01816,2.22638,2.18000,-0.41129,-0.18035,-0.00419,-0.111485,-0.022876,0.971103,-0.209778
927.268000,-0.01816,2.22638,2.18000,-0.41129,-0.18035,-0.00419,-0.103006,-0.026661,0.972134,-0.208889
927.300000,-0.19064,2.14845,2.18000,-0.94924,-0.43344,0.00007,-0.103006,-0.026661,0.972134,-0.208889
927.334000,-0.19064,2.14845,2.18000,-0.94924,-0.43344,0.00007,-0.103006,-0.026661,0.972134,-0.208889
927.367000,-0.19064,2.14845,2.18000,-0.94924,-0.43344,0.00007,-0.103006,-0.026661,0.972134,-0.208889
927.401000,-0.19064,2.14845,2.18000,-0.94924,-0.43344,0.00007,-0.103006,-0.026661,0.972134,-0.208889
927.434000,-0.19064,2.14845,2.18000,-0.94924,-0.43344,0.00007,-0.103006,-0.026661,0.972134,-0.208889
927.467000,-0.19064,2.14845,2.18000,-0.94924,-0.43344,0.00007,-0.103006,-0.026661,0.972134,-0.208889
927.501000,-0.19064,2.14845,2.18000,-0.94924,-0.43344,0.00007,-0.103006,-0.026661,0.972134,-0.208889
927.535000,-0.48114,2.02600,2.18000,-1.30391,-0.59683,0.00046,-0.051277,-0.008778,0.976630,-0.208538
927.567000,-0.48114,2.02600,2.18000,-1.30391,-0.59683,0.00046,-0.051277,-0.008778,0.976630,-0.208538
927.600000,-0.48114,2.02600,2.18000,-1.30391,-0.59683,0.00046,-0.051277,-0.008778,0.976630,-0.208538
927.634000,-0.48114,2.02600,2.18000,-1.30391,-0.59683,0.00046,-0.051277,-0.008778,0.976630,-0.208538
927.667000,-0.48114,2.02600,2.18000,-1.30391,-0.59683,0.00046,-0.051277,-0.008778,0.976630,-0.208538
927.700000,-0.48114,2.02600,2.18000,-1.30391,-0.59683,0.00046,-0.051277,-0.008778,0.976630,-0.208538
927.734000,-0.48114,2.02600,2.18000,-1.30391,-0.59683,0.00046,-0.051277,-0.008778,0.976630,-0.208538
927.768000,-0.82610,1.87016,2.18000,-1.39658,-0.64016,-0.00034,0.015735,0.000819,0.978000,-0.208009
927.800000,-0.82610,1.87016,2.18000,-1.39658,-0.64016,-0.00034,0.015735,0.000819,0.978000,-0.208009
927.834000,-0.82610,1.87016,2.18000,-1.39658,-0.64016,-0.00034,0.015735,0.000819,0.978000,-0.208009
927.867000,-0.82610,1.87016,2.18000,-1.39658,-0.64016,-0.00034,0.015735,0.000819,0.978000,-0.208009
927.901000,-0.82610,1.87016,2.18000,-1.39658,-0.64016,-0.00034,0.015735,0.000819,0.978000,-0.208009
927.934000,-0.82610,1.87016,2.18000,-1.39658,-0.64016,-0.00034,0.015735,0.000819,0.978000,-0.208009
927.967000,-0.82610,1.87016,2.18000,-1.39658,-0.64016,-0.00034,0.015735,0.000819,0.978000,-0.208009
928.000000,-0.82610,1.87016,2.18000,-1.39658,-0.64016,-0.00034,0.015735,0.000819,0.978000,-0.208009
928.035000,-1.14383,1.71431,2.18000,-1.13147,-0.51971,0.00121,0.098763,0.024703,0.973011,-0.207086
928.067000,-1.14383,1.71431,2.18000,-1.13147,-0.51971,0.00121,0.098763,0.024703,0.973011,-0.207086
928.100000,-1.14383,1.71431,2.18000,-1.13147,-0.51971,0.00121,0.098763,0.024703,0.973011,-0.207086
928.134000,-1.14383,1.71431,2.18000,-1.13147,-0.51971,0.00121,0.098763,0.024703,0.973011,-0.207086
928.167000,-1.14383,1.71431,2.18000,-1.13147,-0.51971,0.00121,0.098763,0.024703,0.973011,-0.207086
928.200000,-1.14383,1.71431,2.18000,-1.13147,-0.51971,0.00121,0.098763,0.024703,0.973011,-0.207086
928.234000,-1.14383,1.71431,2.18000,-1.13147,-0.51971,0.00121,0.098763,0.024703,0.973011,-0.207086
928.268000,-1.14383,1.71431,2.18000,-1.13147,-0.51971,0.00121,0.119635,0.024029,0.970918,-0.205982
928.300000,-1.36171,1.61412,2.18000,-0.57480,-0.26586,0.01187,0.119635,0.024029,0.970918,-0.205982
928.334000,-1.36171,1.61412,2.18000,-0.57480,-0.26586,0.01187,0.119635,0.024029,0.970918,-0.205982
928.367000,-1.36171,1.61412,2.18000,-0.57480,-0.26586,0.01187,0.119635,0.024029,0.970918,-0.205982
928.400000,-1.36171,1.61412,2.18000,-0.57480,-0.26586,0.01187,0.119635,0.024029,0.970918,-0.205982
928.434000,-1.36171,1.61412,2.18000,-0.57480,-0.26586,0.01187,0.119635,0.024029,0.970918,-0.205982
928.467000,-1.36171,1.61412,2.18000,-0.57480,-0.26586,0.01187,0.119635,0.024029,0.970918,-0.205982
928.500000,-1.36171,1.61412,2.18000,-0.57480,-0.26586,0.01187,0.119635,0.024029,0.970918,-0.205982
928.535000,-1.44341,1.58073,2.18000,-0.12354,-0.06375,0.00775,0.071125,0.017042,0.975592,-0.207052
928.567000,-1.44341,1.58073,2.18000,-0.12354,-0.06375,0.00775,0.071125,0.017042,0.975592,-0.207052
928.600000,-1.44341,1.58073,2.18000,-0.12354,-0.06375,0.00775,0.071125,0.017042,0.975592,-0.207052
928.634000,-1.44341,1.58073,2.18000,-0.12354,-0.06375,0.00775,0.071125,0.017042,0.975592,-0.207052
928.667000,-1.44341,1.58073,2.18000,-0.12354,-0.06375,0.00775,0.071125,0.017042,0.975592,-0.207052
928.700000,-1.44341,1.58073,2.18000,-0.12354,-0.06375,0.00775,0.071125,0.017042,0.975592,-0.207052
928.734000,-1.44341,1.58073,2.18000,-0.12354,-0.06375,0.00775,0.071125,0.017042,0.975592,-0.207052
928.768000,-1.44341,1.58073,2.18000,-0.12354,-0.06375,0.00775,0.028864,0.006833,0.977875,-0.207074
928.800000,-1.44341,1.58073,2.18000,0.09604,0.04222,-0.00119,0.028864,0.006833,0.977875,-0.207074
928.834000,-1.44341,1.58073,2.18000,0.09604,0.04222,-0.00119,0.028864,0.006833,0.977875,-0.207074
928.867000,-1.44341,1.58073,2.18000,0.09604,0.04222,-0.00119,0.028864,0.006833,0.977875,-0.207074
928.900000,-1.44341,1.58073,2.18000,0.09604,0.04222,-0.00119,0.028864,0.006833,0.977875,-0.207074
928.934000,-1.44341,1.58073,2.18000,0.09604,0.04222,-0.00119,0.028864,0.006833,0.977875,-0.207074
928.967000,-1.44341,1.58073,2.18000,0.09604,0.04222,-0.00119,0.028864,0.006833,0.977875,-0.207074
929.000000,-1.44341,1.58073,2.18000,0.09604,0.04222,-0.00119,0.028864,0.006833,0.977875,-0.207074
929.035000,-1.42525,1.58073,2.18000,0.16552,0.07395,-0.00554,0.004666,0.000930,0.978353,-0.206889
929.067000,-1.42525,1.58073,2.18000,0.16552,0.07395,-0.00554,0.004666,0.000930,0.978353,-0.206889
929.100000,-1.42525,1.58073,2.18000,0.16552,0.07395,-0.00554,0.004666,0.000930,0.978353,-0.206889
929.134000,-1.42525,1.58073,2.18000,0.16552,0.07395,-0.00554,0.004666,0.000930,0.978353,-0.206889
929.167000,-1.42525,1.58073,2.18000,0.16552,0.07395,-0.00554,0.004666,0.000930,0.978353,-0.206889
929.200000,-1.42525,1.58073,2.18000,0.16552,0.07395,-0.00554,0.004666,0.000930,0.978353,-0.206889
929.234000,-1.42525,1.58073,2.18000,0.16552,0.07395,-0.00554,0.004666,0.000930,0.978353,-0.206889
929.268000,-1.42525,1.58073,2.18000,0.16552,0.07395,-0.00554,-0.008092,-0.000957,0.978290,-0.207083
929.300000,-1.37986,1.61412,2.18000,0.15389,0.07348,-0.00466,-0.008092,-0.000957,0.978290,-0.207083
929.334000,-1.37986,1.61412,2.18000,0.15389,0.07348,-0.00466,-0.008092,-0.000957,0.978290,-0.207083
929.367000,-1.37986,1.61412,2.18000,0.15389,0.07348,-0.00466,-0.008092,-0.000957,0.978290,-0.207083
929.400000,-1.37986,1.61412,2.18000,0.15389,0.07348,-0.00466,-0.008092,-0.000957,0.978290,-0.207083
929.434000,-1.37986,1.61412,2.18000,0.15389,0.07348,-0.00466,-0.008092,-0.000957,0.978290,-0.207083
929.467000,-1.37986,1.61412,2.18000,0.15389,0.07348,-0.00466,-0.008092,-0.000957,0.978290,-0.207083
929.500000,-1.37986,1.61412,2.18000,0.15389,0.07348,-0.00466,-0.008092,-0.000957,0.978290,-0.207083
929.535000,-1.34355,1.61412,2.18000,0.10469,0.04727,-0.00399,-0.012677,-0.004402,0.978234,-0.207069
929.567000,-1.34355,1.61412,2.18000,0.10469,0.04727,-0.00399,-0.012677,-0.004402,0.978234,-0.207069
929.600000,-1.34355,1.61412,2.18000,0.10469,0.04727,-0.00399,-0.012677,-0.004402,0.978234,-0.207069
929.634000,-1.34355,1.61412,2.18000,0.10469,0.04727,-0.00399,-0.012677,-0.004402,0.978234,-0.207069
929.667000,-1.34355,1.61412,2.18000,0.10469,0.04727,-0.00399,-0.012677,-0.004402,0.978234,-0.207069
929.700000,-1.34355,1.61412,2.18000,0.10469,0.04727,-0.00399,-0.012677,-0.004402,0.978234,-0.207069
929.734000,-1.34355,1.61412,2.18000,0.10469,0.04727,-0.00399,-0.012677,-0.004402,0.978234,-0.207069
929.768000,-1.33447,1.62526,2.18000,0.04257,0.02552,-0.00586,-0.012889,-0.000304,0.978183,-0.207345
929.801000,-1.33447,1.62526,2.18000,0.04257,0.02552,-0.00586,-0.012889,-0.000304,0.978183,-0.207345
929.834000,-1.33447,1.62526,2.18000,0.04257,0.02552,-0.00586,-0.012889,-0.000304,0.978183,-0.207345
929.867000,-1.33447,1.62526,2.18000,0.04257,0.02552,-0.00586,-0.012889,-0.000304,0.978183,-0.207345
929.900000,-1.33447,1.62526,2.18000,0.04257,0.02552,-0.00586,-0.012889,-0.000304,0.978183,-0.207345
929.934000,-1.33447,1.62526,2.18000,0.04257,0.02552,-0.00586,-0.012889,-0.000304,0.978183,-0.207345
929.967000,-1.33447,1.62526,2.18000,0.04257,0.02552,-0.00586,-0.012889,-0.000304,0.978183,-0.207345
930.000000,-1.33447,1.62526,2.18000,0.04257,0.02552,-0.00586,-0.012889,-0.000304,0.978183,-0.207345
930.035000,-1.31632,1.62526,2.17000,-0.00833,0.00205,-0.00752,-0.009678,-0.004683,0.978204,-0.207366
930.067000,-1.31632,1.62526,2.17000,-0.00833,0.00205,-0.00752,-0.009678,-0.004683,0.978204,-0.207366
930.100000,-1.31632,1.62526,2.17000,-0.00833,0.00205,-0.00752,-0.009678,-0.004683,0.978204,-0.207366
930.134000,-1.31632,1.62526,2.17000,-0.00833,0.00205,-0.00752,-0.009678,-0.004683,0.978204,-0.207366
930.167000,-1.31632,1.62526,2.17000,-0.00833,0.00205,-0.00752,-0.009678,-0.004683,0.978204,-0.207366
930.200000,-1.31632,1.62526,2.17000,-0.00833,0.00205,-0.00752,-0.009678,-0.004683,0.978204,-0.207366
930.234000,-1.31632,1.62526,2.17000,-0.00833,0.00205,-0.00752,-0.009678,-0.004683,0.978204,-0.207366
930.268000,-1.33447,1.62526,2.17000,-0.04914,-0.01397,0.00066,-0.006994,0.001563,0.978187,-0.207603
930.300000,-1.33447,1.62526,2.17000,-0.04914,-0.01397,0.00066,-0.006994,0.001563,0.978187,-0.207603
930.334000,-1.33447,1.62526,2.17000,-0.04914,-0.01397,0.00066,-0.006994,0.001563,0.978187,-0.207603
930.367000,-1.33447,1.62526,2.17000,-0.04914,-0.01397,0.00066,-0.006994,0.001563,0.978187,-0.207603
930.400000,-1.33447,1.62526,2.17000,-0.04914,-0.01397,0.00066,-0.006994,0.001563,0.978187,-0.207603
930.434000,-1.33447,1.62526,2.17000,-0.04914,-0.01397,0.00066,-0.006994,0.001563,0.978187,-0.207603
930.467000,-1.33447,1.62526,2.17000,-0.04914,-0.01397,0.00066,-0.006994,0.001563,0.978187,-0.207603
930.500000,-1.33447,1.62526,2.17000,-0.04914,-0.01397,0.00066,-0.006994,0.001563,0.978187,-0.207603
930.535000,-1.34355,1.62526,2.18000,-0.07120,-0.02306,0.00303,-0.002996,-0.003318,0.978178,-0.207719
930.567000,-1.34355,1.62526,2.18000,-0.07120,-0.02306,0.00303,-0.002996,-0.003318,0.978178,-0.207719
930.600000,-1.34355,1.62526,2.18000,-0.07120,-0.02306,0.00303,-0.002996,-0.003318,0.978178,-0.207719
930.634000,-1.34355,1.62526,2.18000,-0.07120,-0.02306,0.00303,-0.002996,-0.003318,0.978178,-0.207719
930.667000,-1.34355,1.62526,2.18000,-0.07120,-0.02306,0.00303,-0.002996,-0.003318,0.978178,-0.207719
930.700000,-1.34355,1.62526,2.18000,-0.07120,-0.02306,0.00303,-0.002996,-0.003318,0.978178,-0.207719
930.734000,-1.34355,1.62526,2.18000,-0.07120,-0.02306,0.00303,-0.002996,-0.003318,0.978178,-0.207719
930.768000,-1.35263,1.62526,2.18000,-0.08010,-0.03193,-0.00001,-0.001857,0.001443,0.978179,-0.207752
930.800000,-1.35263,1.62526,2.18000,-0.08010,-0.03193,-0.00001,-0.001857,0.001443,0.978179,-0.207752
930.834000,-1.35263,1.62526,2.18000,-0.08010,-0.03193,-0.00001,-0.001857,0.001443,0.978179,-0.207752
930.867000,-1.35263,1.62526,2.18000,-0.08010,-0.03193,-0.00001,-0.001857,0.001443,0.978179,-0.207752
930.900000,-1.35263,1.62526,2.18000,-0.08010,-0.03193,-0.00001,-0.001857,0.001443,0.978179,-0.207752
930.934000,-1.35263,1.62526,2.18000,-0.08010,-0.03193,-0.00001,-0.001857,0.001443,0.978179,-0.207752
930.967000,-1.35263,1.62526,2.18000,-0.08010,-0.03193,-0.00001,-0.001857,0.001443,0.978179,-0.207752
931.000000,-1.35263,1.62526,2.18000,-0.08010,-0.03193,-0.00001,-0.001857,0.001443,0.978179,-0.207752
931.035000,-1.37986,1.61412,2.18000,-0.08073,-0.03382,0.00278,0.001712,-0.002168,0.978118,-0.208034
931.067000,-1.37986,1.61412,2.18000,-0.08073,-0.03382,0.00278,0.001712,-0.002168,0.978118,-0.208034
931.100000,-1.37986,1.61412,2.18000,-0.08073,-0.03382,0.00278,0.001712,-0.002168,0.978118,-0.208034
931.134000,-1.37986,1.61412,2.18000,-0.08073,-0.03382,0.00278,0.001712,-0.002168,0.978118,-0.208034
931.167000,-1.37986,1.61412,2.18000,-0.08073,-0.03382,0.00278,0.001712,-0.002168,0.978118,-0.208034
931.200000,-1.37986,1.61412,2.18000,-0.08073,-0.03382,0.00278,0.001712,-0.002168,0.978118,-0.208034
931.234000,-1.37986,1.61412,2.18000,-0.08073,-0.03382,0.00278,0.001712,-0.002168,0.978118,-0.208034
931.267000,-1.37986,1.61412,2.18000,-0.08073,-0.03382,0.00278,0.003315,0.000612,0.978131,-0.207962
931.301000,-1.38894,1.61412,2.18000,-0.06590,-0.03447,0.00180,0.003315,0.000612,0.978131,-0.207962
931.334000,-1.38894,1.61412,2.18000,-0.06590,-0.03447,0.00180,0.003315,0.000612,0.978131,-0.207962
931.367000,-1.38894,1.61412,2.18000,-0.06590,-0.03447,0.00180,0.003315,0.000612,0.978131,-0.207962
931.400000,-1.38894,1.61412,2.18000,-0.06590,-0.03447,0.00180,0.003315,0.000612,0.978131,-0.207962
931.434000,-1.38894,1.61412,2.18000,-0.06590,-0.03447,0.00180,0.003315,0.000612,0.978131,-0.207962
931.467000,-1.38894,1.61412,2.18000,-0.06590,-0.03447,0.00180,0.003315,0.000612,0.978131,-0.207962
931.500000,-1.38894,1.61412,2.18000,-0.06590,-0.03447,0.00180,0.003315,0.000612,0.978131,-0.207962
931.535000,-1.40710,1.61412,2.18000,-0.04996,-0.02798,0.00075,0.003557,0.000331,0.978090,-0.208152
931.567000,-1.40710,1.61412,2.18000,-0.04996,-0.02798,0.00075,0.003557,0.000331,0.978090,-0.208152
931.600000,-1.40710,1.61412,2.18000,-0.04996,-0.02798,0.00075,0.003557,0.000331,0.978090,-0.208152
931.634000,-1.40710,1.61412,2.18000,-0.04996,-0.02798,0.00075,0.003557,0.000331,0.978090,-0.208152
931.667000,-1.40710,1.61412,2.18000,-0.04996,-0.02798,0.00075,0.003557,0.000331,0.978090,-0.208152
931.700000,-1.40710,1.61412,2.18000,-0.04996,-0.02798,0.00075,0.003557,0.000331,0.978090,-0.208152
931.734000,-1.40710,1.61412,2.18000,-0.04996,-0.02798,0.00075,0.003557,0.000331,0.978090,-0.208152
931.768000,-1.42525,1.60299,2.18000,-0.03049,-0.02785,-0.00043,0.004425,-0.001048,0.978100,-0.208086
931.800000,-1.42525,1.60299,2.18000,-0.03049,-0.02785,-0.00043,0.004425,-0.001048,0.978100,-0.208086
931.834000,-1.42525,1.60299,2.18000,-0.03049,-0.02785,-0.00043,0.004425,-0.001048,0.978100,-0.208086
931.867000,-1.42525,1.60299,2.18000,-0.03049,-0.02785,-0.00043,0.004425,-0.001048,0.978100,-0.208086
931.900000,-1.42525,1.60299,2.18000,-0.03049,-0.02785,-0.00043,0.004425,-0.001048,0.978100,-0.208086
931.934000,-1.42525,1.60299,2.18000,-0.03049,-0.02785,-0.00043,0.004425,-0.001048,0.978100,-0.208086
931.967000,-1.42525,1.60299,2.18000,-0.03049,-0.02785,-0.00043,0.004425,-0.001048,0.978100,-0.208086
932.000000,-1.42525,1.60299,2.18000,-0.03049,-0.02785,-0.00043,0.004425,-0.001048,0.978100,-0.208086
932.035000,-1.42525,1.60299,2.18000,-0.01145,-0.01878,-0.00210,0.003376,0.002542,0.978079,-0.208192
932.067000,-1.42525,1.60299,2.18000,-0.01145,-0.01878,-0.00210,0.003376,0.002542,0.978079,-0.208192
932.100000,-1.42525,1.60299,2.18000,-0.01145,-0.01878,-0.00210,0.003376,0.002542,0.978079,-0.208192
932.134000,-1.42525,1.60299,2.18000,-0.01145,-0.01878,-0.00210,0.003376,0.002542,0.978079,-0.208192
932.167000,-1.42525,1.60299,2.18000,-0.01145,-0.01878,-0.00210,0.003376,0.002542,0.978079,-0.208192
932.200000,-1.42525,1.60299,2.18000,-0.01145,-0.01878,-0.00210,0.003376,0.002542,0.978079,-0.208192
932.234000,-1.42525,1.60299,2.18000,-0.01145,-0.01878,-0.00210,0.003376,0.002542,0.978079,-0.208192
932.268000,-1.42525,1.60299,2.18000,-0.01145,-0.01878,-0.00210,0.002906,-0.000794,0.978107,-0.208082
932.300000,-1.42525,1.58073,2.18000,0.00237,-0.01292,-0.00646,0.002906,-0.000794,0.978107,-0.208082
932.334000,-1.42525,1.58073,2.18000,0.00237,-0.01292,-0.00646,0.002906,-0.000794,0.978107,-0.208082
932.367000,-1.42525,1.58073,2.18000,0.00237,-0.01292,-0.00646,0.002906,-0.000794,0.978107,-0.208082
932.400000,-1.42525,1.58073,2.18000,0.00237,-0.01292,-0.00646,0.002906,-0.000794,0.978107,-0.208082
932.434000,-1.42525,1.58073,2.18000,0.00237,-0.01292,-0.00646,0.002906,-0.000794,0.978107,-0.208082
932.467000,-1.42525,1.58073,2.18000,0.00237,-0.01292,-0.00646,0.002906,-0.000794,0.978107,-0.208082
932.500000,-1.42525,1.58073,2.18000,0.00237,-0.01292,-0.00646,0.002906,-0.000794,0.978107,-0.208082
932.535000,-1.42525,1.58073,2.18000,0.00975,0.00135,-0.00013,0.001219,0.004848,0.978046,-0.208331
932.567000,-1.42525,1.58073,2.18000,0.00975,0.00135,-0.00013,0.001219,0.004848,0.978046,-0.208331
932.600000,-1.42525,1.58073,2.18000,0.00975,0.00135,-0.00013,0.001219,0.004848,0.978046,-0.208331
932.634000,-1.42525,1.58073,2.18000,0.00975,0.00135,-0.00013,0.001219,0.004848,0.978046,-0.208331
932.667000,-1.42525,1.58073,2.18000,0.00975,0.00135,-0.00013,0.001219,0.004848,0.978046,-0.208331
932.700000,-1.42525,1.58073,2.18000,0.00975,0.00135,-0.00013,0.001219,0.004848,0.978046,-0.208331
932.734000,-1.42525,1.58073,2.18000,0.00975,0.00135,-0.00013,0.001219,0.004848,0.978046,-0.208331
932.768000,-1.42525,1.58073,2.18000,0.01483,0.01066,-0.00004,0.001583,-0.001324,0.978089,-0.208178
932.800000,-1.42525,1.58073,2.18000,0.01483,0.01066,-0.00004,0.001583,-0.001324,0.978089,-0.208178
932.834000,-1.42525,1.58073,2.18000,0.01483,0.01066,-0.00004,0.001583,-0.001324,0.978089,-0.208178
932.867000,-1.42525,1.58073,2.18000,0.01483,0.01066,-0.00004,0.001583,-0.001324,0.978089,-0.208178
932.900000,-1.42525,1.58073,2.18000,0.01483,0.01066,-0.00004,0.001583,-0.001324,0.978089,-0.208178
932.934000,-1.42525,1.58073,2.18000,0.01483,0.01066,-0.00004,0.001583,-0.001324,0.978089,-0.208178
932.967000,-1.42525,1.58073,2.18000,0.01483,0.01066,-0.00004,0.001583,-0.001324,0.978089,-0.208178
933.000000,-1.42525,1.58073,2.18000,0.01483,0.01066,-0.00004,0.001583,-0.001324,0.978089,-0.208178
933.035000,-1.42525,1.58073,2.18000,0.01787,0.01531,-0.00488,-0.000083,0.003626,0.978059,-0.208298
933.067000,-1.42525,1.58073,2.18000,0.01787,0.01531,-0.00488,-0.000083,0.003626,0.978059,-0.208298
933.100000,-1.42525,1.58073,2.18000,0.01787,0.01531,-0.00488,-0.000083,0.003626,0.978059,-0.208298
933.134000,-1.42525,1.58073,2.18000,0.01787,0.01531,-0.00488,-0.000083,0.003626,0.978059,-0.208298
933.167000,-1.42525,1.58073,2.18000,0.01787,0.01531,-0.00488,-0.000083,0.003626,0.978059,-0.208298
933.200000,-1.42525,1.58073,2.18000,0.01787,0.01531,-0.00488,-0.000083,0.003626,0.978059,-0.208298
933.234000,-1.42525,1.58073,2.18000,0.01787,0.01531,-0.00488,-0.000083,0.003626,0.978059,-0.208298
933.268000,-1.42525,1.58073,2.18000,0.01894,0.01840,-0.00117,0.000803,-0.002150,0.978052,-0.208347
933.300000,-1.42525,1.58073,2.18000,0.01894,0.01840,-0.00117,0.000803,-0.002150,0.978052,-0.208347
933.334000,-1.42525,1.58073,2.18000,0.01894,0.01840,-0.00117,0.000803,-0.002150,0.978052,-0.208347
933.367000,-1.42525,1.58073,2.18000,0.01894,0.01840,-0.00117,0.000803,-0.002150,0.978052,-0.208347
933.400000,-1.42525,1.58073,2.18000,0.01894,0.01840,-0.00117,0.000803,-0.002150,0.978052,-0.208347
933.434000,-1.42525,1.58073,2.18000,0.01894,0.01840,-0.00117,0.000803,-0.002150,0.978052,-0.208347
933.467000,-1.42525,1.58073,2.18000,0.01894,0.01840,-0.00117,0.000803,-0.002150,0.978052,-0.208347
933.500000,-1.42525,1.58073,2.18000,0.01894,0.01840,-0.00117,0.000803,-0.002150,0.978052,-0.208347
933.535000,-1.42525,1.58073,2.18000,0.02048,0.01804,-0.00320,-0.000306,0.002334,0.978059,-0.208315
933.567000,-1.42525,1.58073,2.18000,0.02048,0.01804,-0.00320,-0.000306,0.002334,0.978059,-0.208315
933.600000,-1.42525,1.58073,2.18000,0.02048,0.01804,-0.00320,-0.000306,0.002334,0.978059,-0.208315
933.634000,-1.42525,1.58073,2.18000,0.02048,0.01804,-0.00320,-0.000306,0.002334,0.978059,-0.208315
933.667000,-1.42525,1.58073,2.18000,0.02048,0.01804,-0.00320,-0.000306,0.002334,0.978059,-0.208315
933.700000,-1.42525,1.58073,2.18000,0.02048,0.01804,-0.00320,-0.000306,0.002334,0.978059,-0.208315
933.734000,-1.42525,1.58073,2.18000,0.02048,0.01804,-0.00320,-0.000306,0.002334,0.978059,-0.208315
933.768000,-1.40710,1.60299,2.18000,0.01907,0.01609,-0.00204,-0.001190,-0.003480,0.978023,-0.208466
933.800000,-1.40710,1.60299,2.18000,0.01907,0.01609,-0.00204,-0.001190,-0.003480,0.978023,-0.208466
933.834000,-1.40710,1.60299,2.18000,0.01907,0.01609,-0.00204,-0.001190,-0.003480,0.978023,-0.208466
933.867000,-1.40710,1.60299,2.18000,0.01907,0.01609,-0.00204,-0.001190,-0.003480,0.978023,-0.208466
933.900000,-1.40710,1.60299,2.18000,0.01907,0.01609,-0.00204,-0.001190,-0.003480,0.978023,-0.208466
933.934000,-1.40710,1.60299,2.18000,0.01907,0.01609,-0.00204,-0.001190,-0.003480,0.978023,-0.208466
933.967000,-1.40710,1.60299,2.18000,0.01907,0.01609,-0.00204,-0.001190,-0.003480,0.978023,-0.208466
934.000000,-1.40710,1.60299,2.18000,0.01907,0.01609,-0.00204,-0.001190,-0.003480,0.978023,-0.208466
934.035000,-1.40710,1.60299,2.17000,0.01110,0.00458,0.00093,-0.002227,-0.000253,0.978060,-0.208310
934.067000,-1.40710,1.60299,2.17000,0.01110,0.00458,0.00093,-0.002227,-0.000253,0.978060,-0.208310
934.100000,-1.40710,1.60299,2.17000,0.01110,0.00458,0.00093,-0.002227,-0.000253,0.978060,-0.208310
934.134000,-1.40710,1.60299,2.17000,0.01110,0.00458,0.00093,-0.002227,-0.000253,0.978060,-0.208310
934.167000,-1.40710,1.60299,2.17000,0.01110,0.00458,0.00093,-0.002227,-0.000253,0.978060,-0.208310
934.201000,-1.40710,1.60299,2.17000,0.01110,0.00458,0.00093,-0.002227,-0.000253,0.978060,-0.208310
934.234000,-1.40710,1.60299,2.17000,0.01110,0.00458,0.00093,-0.002227,-0.000253,0.978060,-0.208310
934.268000,-1.40710,1.60299,2.17000,0.01110,0.00458,0.00093,-0.000958,-0.000548,0.978023,-0.208492
934.301000,-1.40710,1.60299,2.18000,0.00405,0.00124,0.00681,-0.000958,-0.000548,0.978023,-0.208492
934.334000,-1.40710,1.60299,2.18000,0.00405,0.00124,0.00681,-0.000958,-0.000548,0.978023,-0.208492
934.367000,-1.40710,1.60299,2.18000,0.00405,0.00124,0.00681,-0.000958,-0.000548,0.978023,-0.208492
934.400000,-1.40710,1.60299,2.18000,0.00405,0.00124,0.00681,-0.000958,-0.000548,0.978023,-0.208492
934.434000,-1.40710,1.60299,2.18000,0.00405,0.00124,0.00681,-0.000958,-0.000548,0.978023,-0.208492
934.467000,-1.40710,1.60299,2.18000,0.00405,0.00124,0.00681,-0.000958,-0.000548,0.978023,-0.208492
934.500000,-1.40710,1.60299,2.18000,0.00405,0.00124,0.00681,-0.000958,-0.000548,0.978023,-0.208492
934.535000,-1.39802,1.60299,2.18000,0.00118,-0.00472,0.00209,-0.001107,-0.001009,0.978025,-0.208483
934.567000,-1.39802,1.60299,2.18000,0.00118,-0.00472,0.00209,-0.001107,-0.001009,0.978025,-0.208483
934.600000,-1.39802,1.60299,2.18000,0.00118,-0.00472,0.00209,-0.001107,-0.001009,0.978025,-0.208483
934.634000,-1.39802,1.60299,2.18000,0.00118,-0.00472,0.00209,-0.001107,-0.001009,0.978025,-0.208483
934.667000,-1.39802,1.60299,2.18000,0.00118,-0.00472,0.00209,-0.001107,-0.001009,0.978025,-0.208483
934.700000,-1.39802,1.60299,2.18000,0.00118,-0.00472,0.00209,-0.001107,-0.001009,0.978025,-0.208483
934.734000,-1.39802,1.60299,2.18000,0.00118,-0.00472,0.00209,-0.001107,-0.001009,0.978025,-0.208483
934.768000,-1.39802,1.60299,2.18000,-0.00602,-0.00352,-0.00015,-0.001457,0.001944,0.977972,-0.208722
934.800000,-1.39802,1.60299,2.18000,-0.00602,-0.00352,-0.00015,-0.001457,0.001944,0.977972,-0.208722
934.834000,-1.39802,1.60299,2.18000,-0.00602,-0.00352,-0.00015,-0.001457,0.001944,0.977972,-0.208722
934.867000,-1.39802,1.60299,2.18000,-0.00602,-0.00352,-0.00015,-0.001457,0.001944,0.977972,-0.208722
934.900000,-1.39802,1.60299,2.18000,-0.00602,-0.00352,-0.00015,-0.001457,0.001944,0.977972,-0.208722
934.934000,-1.39802,1.60299,2.18000,-0.00602,-0.00352,-0.00015,-0.001457,0.001944,0.977972,-0.208722
934.967000,-1.39802,1.60299,2.18000,-0.00602,-0.00352,-0.00015,-0.001457,0.001944,0.977972,-0.208722
935.000000,-1.39802,1.60299,2.18000,-0.00602,-0.00352,-0.00015,-0.001457,0.001944,0.977972,-0.208722
935.035000,-1.39802,1.60299,2.18000,0.00470,-0.00032,-0.00275,0.014284,0.000715,0.977948,-0.208359
935.067000,-1.39802,1.60299,2.18000,0.00470,-0.00032,-0.00275,0.014284,0.000715,0.977948,-0.208359
935.100000,-1.39802,1.60299,2.18000,0.00470,-0.00032,-0.00275,0.014284,0.000715,0.977948,-0.208359
935.134000,-1.39802,1.60299,2.18000,0.00470,-0.00032,-0.00275,0.014284,0.000715,0.977948,-0.208359
935.167000,-1.39802,1.60299,2.18000,0.00470,-0.00032,-0.00275,0.014284,0.000715,0.977948,-0.208359
935.201000,-1.39802,1.60299,2.18000,0.00470,-0.00032,-0.00275,0.014284,0.000715,0.977948,-0.208359
935.234000,-1.39802,1.60299,2.18000,0.00470,-0.00032,-0.00275,0.014284,0.000715,0.977948,-0.208359
935.268000,-1.39802,1.60299,2.18000,0.00470,-0.00032,-0.00275,0.083499,0.020916,0.974366,-0.207850
935.301000,-1.37986,1.61412,2.18000,0.21246,0.09404,-0.00409,0.083499,0.020916,0.974366,-0.207850
935.334000,-1.37986,1.61412,2.18000,0.21246,0.09404,-0.00409,0.083499,0.020916,0.974366,-0.207850
935.367000,-1.37986,1.61412,2.18000,0.21246,0.09404,-0.00409,0.083499,0.020916,0.974366,-0.207850
935.400000,-1.37986,1.61412,2.18000,0.21246,0.09404,-0.00409,0.083499,0.020916,0.974366,-0.207850
935.434000,-1.37986,1.61412,2.18000,0.21246,0.09404,-0.00409,0.083499,0.020916,0.974366,-0.207850
935.467000,-1.37986,1.61412,2.18000,0.21246,0.09404,-0.00409,0.083499,0.020916,0.974366,-0.207850
935.501000,-1.37986,1.61412,2.18000,0.21246,0.09404,-0.00409,0.083499,0.020916,0.974366,-0.207850
935.535000,-1.27093,1.64752,2.17000,0.72923,0.31946,-0.00157,0.117704,0.025283,0.979737,-0.160070
935.567000,-1.27093,1.64752,2.17000,0.72923,0.31946,-0.00157,0.117704,0.025283,0.979737,-0.160070
935.601000,-1.27093,1.64752,2.17000,0.72923,0.31946,-0.00157,0.117704,0.025283,0.979737,-0.160070
935.634000,-1.27093,1.64752,2.17000,0.72923,0.31946,-0.00157,0.117704,0.025283,0.979737,-0.160070
935.667000,-1.27093,1.64752,2.17000,0.72923,0.31946,-0.00157,0.117704,0.025283,0.979737,-0.160070
935.700000,-1.27093,1.64752,2.17000,0.72923,0.31946,-0.00157,0.117704,0.025283,0.979737,-0.160070
935.734000,-1.27093,1.64752,2.17000,0.72923,0.31946,-0.00157,0.117704,0.025283,0.979737,-0.160070
935.768000,-1.27093,1.64752,2.17000,0.72923,0.31946,-0.00157,0.073503,0.008261,0.996261,-0.044635
935.800000,-1.03490,1.74771,2.18000,1.20103,0.46951,0.00613,0.073503,0.008261,0.996261,-0.044635
935.834000,-1.03490,1.74771,2.18000,1.20103,0.46951,0.00613,0.073503,0.008261,0.996261,-0.044635
935.867000,-1.03490,1.74771,2.18000,1.20103,0.46951,0.00613,0.073503,0.008261,0.996261,-0.044635
935.900000,-1.03490,1.74771,2.18000,1.20103,0.46951,0.00613,0.073503,0.008261,0.996261,-0.044635
935.934000,-1.03490,1.74771,2.18000,1.20103,0.46951,0.00613,0.073503,0.008261,0.996261,-0.044635
935.967000,-1.03490,1.74771,2.18000,1.20103,0.46951,0.00613,0.073503,0.008261,0.996261,-0.044635
936.000000,-1.03490,1.74771,2.18000,1.20103,0.46951,0.00613,0.073503,0.008261,0.996261,-0.044635
936.035000,-0.68993,1.88129,2.18000,1.44464,0.40322,0.00553,0.024720,-0.031685,0.995599,0.084663
936.067000,-0.68993,1.88129,2.18000,1.44464,0.40322,0.00553,0.024720,-0.031685,0.995599,0.084663
936.100000,-0.68993,1.88129,2.18000,1.44464,0.40322,0.00553,0.024720,-0.031685,0.995599,0.084663
936.134000,-0.68993,1.88129,2.18000,1.44464,0.40322,0.00553,0.024720,-0.031685,0.995599,0.084663
936.167000,-0.68993,1.88129,2.18000,1.44464,0.40322,0.00553,0.024720,-0.031685,0.995599,0.084663
936.200000,-0.68993,1.88129,2.18000,1.44464,0.40322,0.00553,0.024720,-0.031685,0.995599,0.084663
936.234000,-0.68993,1.88129,2.18000,1.44464,0.40322,0.00553,0.024720,-0.031685,0.995599,0.084663
936.268000,-0.68993,1.88129,2.18000,1.44464,0.40322,0.00553,-0.047794,-0.047113,0.974044,0.216179
936.301000,-0.33589,1.94808,2.18000,1.36376,0.22118,0.00503,-0.047794,-0.047113,0.974044,0.216179
936.334000,-0.33589,1.94808,2.18000,1.36376,0.22118,0.00503,-0.047794,-0.047113,0.974044,0.216179
936.367000,-0.33589,1.94808,2.18000,1.36376,0.22118,0.00503,-0.047794,-0.047113,0.974044,0.216179
936.401000,-0.33589,1.94808,2.18000,1.36376,0.22118,0.00503,-0.047794,-0.047113,0.974044,0.216179
936.434000,-0.33589,1.94808,2.18000,1.36376,0.22118,0.00503,-0.047794,-0.047113,0.974044,0.216179
936.467000,-0.33589,1.94808,2.18000,1.36376,0.22118,0.00503,-0.047794,-0.047113,0.974044,0.216179
936.500000,-0.33589,1.94808,2.18000,1.36376,0.22118,0.00503,-0.047794,-0.047113,0.974044,0.216179
936.535000,-0.03631,1.98148,2.18000,0.88416,0.07018,0.01057,-0.106178,-0.062767,0.930823,0.344028
936.567000,-0.03631,1.98148,2.18000,0.88416,0.07018,0.01057,-0.106178,-0.062767,0.930823,0.344028
936.600000,-0.03631,1.98148,2.18000,0.88416,0.07018,0.01057,-0.106178,-0.062767,0.930823,0.344028
936.634000,-0.03631,1.98148,2.18000,0.88416,0.07018,0.01057,-0.106178,-0.062767,0.930823,0.344028
936.667000,-0.03631,1.98148,2.18000,0.88416,0.07018,0.01057,-0.106178,-0.062767,0.930823,0.344028
936.700000,-0.03631,1.98148,2.18000,0.88416,0.07018,0.01057,-0.106178,-0.062767,0.930823,0.344028
936.734000,-0.03631,1.98148,2.18000,0.88416,0.07018,0.01057,-0.106178,-0.062767,0.930823,0.344028
936.768000,0.09986,1.98148,2.19000,0.32686,0.00409,0.00874,-0.077169,-0.047597,0.887871,0.451070
936.800000,0.09986,1.98148,2.19000,0.32686,0.00409,0.00874,-0.077169,-0.047597,0.887871,0.451070
936.834000,0.09986,1.98148,2.19000,0.32686,0.00409,0.00874,-0.077169,-0.047597,0.887871,0.451070
936.867000,0.09986,1.98148,2.19000,0.32686,0.00409,0.00874,-0.077169,-0.047597,0.887871,0.451070
936.900000,0.09986,1.98148,2.19000,0.32686,0.00409,0.00874,-0.077169,-0.047597,0.887871,0.451070
936.934000,0.09986,1.98148,2.19000,0.32686,0.00409,0.00874,-0.077169,-0.047597,0.887871,0.451070
936.967000,0.09986,1.98148,2.19000,0.32686,0.00409,0.00874,-0.077169,-0.047597,0.887871,0.451070
937.001000,0.09986,1.98148,2.19000,0.32686,0.00409,0.00874,-0.077169,-0.047597,0.887871,0.451070
937.035000,0.13617,1.98148,2.18000,-0.00253,-0.02589,-0.00973,-0.037990,-0.026736,0.875620,0.480761
937.067000,0.13617,1.98148,2.18000,-0.00253,-0.02589,-0.00973,-0.037990,-0.026736,0.875620,0.480761
937.100000,0.13617,1.98148,2.18000,-0.00253,-0.02589,-0.00973,-0.037990,-0.026736,0.875620,0.480761
937.134000,0.13617,1.98148,2.18000,-0.00253,-0.02589,-0.00973,-0.037990,-0.026736,0.875620,0.480761
937.167000,0.13617,1.98148,2.18000,-0.00253,-0.02589,-0.00973,-0.037990,-0.026736,0.875620,0.480761
937.200000,0.13617,1.98148,2.18000,-0.00253,-0.02589,-0.00973,-0.037990,-0.026736,0.875620,0.480761
937.234000,0.13617,1.98148,2.18000,-0.00253,-0.02589,-0.00973,-0.037990,-0.026736,0.875620,0.480761
937.268000,0.11801,1.98148,2.18000,-0.14054,-0.04068,-0.00872,-0.010775,-0.007064,0.870702,0.491642
937.300000,0.11801,1.98148,2.18000,-0.14054,-0.04068,-0.00872,-0.010775,-0.007064,0.870702,0.491642
937.334000,0.11801,1.98148,2.18000,-0.14054,-0.04068,-0.00872,-0.010775,-0.007064,0.870702,0.491642
937.367000,0.11801,1.98148,2.18000,-0.14054,-0.04068,-0.00872,-0.010775,-0.007064,0.870702,0.491642
937.400000,0.11801,1.98148,2.18000,-0.14054,-0.04068,-0.00872,-0.010775,-0.007064,0.870702,0.491642
937.434000,0.11801,1.98148,2.18000,-0.14054,-0.04068,-0.00872,-0.010775,-0.007064,0.870702,0.491642
937.467000,0.11801,1.98148,2.18000,-0.14054,-0.04068,-0.00872,-0.010775,-0.007064,0.870702,0.491642
937.500000,0.11801,1.98148,2.18000,-0.14054,-0.04068,-0.00872,-0.010775,-0.007064,0.870702,0.491642
937.535000,0.09078,1.97034,2.18000,-0.15684,-0.04061,-0.00688,0.003361,0.002507,0.868668,0.495376
937.567000,0.09078,1.97034,2.18000,-0.15684,-0.04061,-0.00688,0.003361,0.002507,0.868668,0.495376
937.600000,0.09078,1.97034,2.18000,-0.15684,-0.04061,-0.00688,0.003361,0.002507,0.868668,0.495376
937.634000,0.09078,1.97034,2.18000,-0.15684,-0.04061,-0.00688,0.003361,0.002507,0.868668,0.495376
937.667000,0.09078,1.97034,2.18000,-0.15684,-0.04061,-0.00688,0.003361,0.002507,0.868668,0.495376
937.700000,0.09078,1.97034,2.18000,-0.15684,-0.04061,-0.00688,0.003361,0.002507,0.868668,0.495376
937.734000,0.09078,1.97034,2.18000,-0.15684,-0.04061,-0.00688,0.003361,0.002507,0.868668,0.495376
937.768000,0.09078,1.97034,2.18000,-0.15684,-0.04061,-0.00688,0.007701,0.006564,0.867868,0.496693
937.800000,0.04539,1.97034,2.18000,-0.12151,-0.03559,-0.00546,0.007701,0.006564,0.867868,0.496693
937.834000,0.04539,1.97034,2.18000,-0.12151,-0.03559,-0.00546,0.007701,0.006564,0.867868,0.496693
937.867000,0.04539,1.97034,2.18000,-0.12151,-0.03559,-0.00546,0.007701,0.006564,0.867868,0.496693
937.900000,0.04539,1.97034,2.18000,-0.12151,-0.03559,-0.00546,0.007701,0.006564,0.867868,0.496693
937.934000,0.04539,1.97034,2.18000,-0.12151,-0.03559,-0.00546,0.007701,0.006564,0.867868,0.496693
937.967000,0.04539,1.97034,2.18000,-0.12151,-0.03559,-0.00546,0.007701,0.006564,0.867868,0.496693
938.000000,0.04539,1.97034,2.18000,-0.12151,-0.03559,-0.00546,0.007701,0.006564,0.867868,0.496693
938.035000,0.03631,1.95921,2.18000,-0.06002,-0.02195,-0.00169,0.010057,0.009988,0.867774,0.496757
938.067000,0.03631,1.95921,2.18000,-0.06002,-0.02195,-0.00169,0.010057,0.009988,0.867774,0.496757
938.100000,0.03631,1.95921,2.18000,-0.06002,-0.02195,-0.00169,0.010057,0.009988,0.867774,0.496757
938.134000,0.03631,1.95921,2.18000,-0.06002,-0.02195,-0.00169,0.010057,0.009988,0.867774,0.496757
938.167000,0.03631,1.95921,2.18000,-0.06002,-0.02195,-0.00169,0.010057,0.009988,0.867774,0.496757
938.201000,0.03631,1.95921,2.18000,-0.06002,-0.02195,-0.00169,0.010057,0.009988,0.867774,0.496757
938.234000,0.03631,1.95921,2.18000,-0.06002,-0.02195,-0.00169,0.010057,0.009988,0.867774,0.496757
938.268000,0.02723,1.95921,2.17000,-0.00595,-0.01063,-0.00162,0.006921,0.005243,0.867797,0.496843
938.300000,0.02723,1.95921,2.17000,-0.00595,-0.01063,-0.00162,0.006921,0.005243,0.867797,0.496843
938.334000,0.02723,1.95921,2.17000,-0.00595,-0.01063,-0.00162,0.006921,0.005243,0.867797,0.496843
938.367000,0.02723,1.95921,2.17000,-0.00595,-0.01063,-0.00162,0.006921,0.005243,0.867797,0.496843
938.400000,0.02723,1.95921,2.17000,-0.00595,-0.01063,-0.00162,0.006921,0.005243,0.867797,0.496843
938.434000,0.02723,1.95921,2.17000,-0.00595,-0.01063,-0.00162,0.006921,0.005243,0.867797,0.496843
938.467000,0.02723,1.95921,2.17000,-0.00595,-0.01063,-0.00162,0.006921,0.005243,0.867797,0.496843
938.500000,0.02723,1.95921,2.17000,-0.00595,-0.01063,-0.00162,0.006921,0.005243,0.867797,0.496843
938.535000,0.02723,1.94808,2.18000,0.03802,-0.00164,0.00174,0.006655,0.006862,0.868121,0.496261
938.567000,0.02723,1.94808,2.18000,0.03802,-0.00164,0.00174,0.006655,0.006862,0.868121,0.496261
938.600000,0.02723,1.94808,2.18000,0.03802,-0.00164,0.00174,0.006655,0.006862,0.868121,0.496261
938.634000,0.02723,1.94808,2.18000,0.03802,-0.00164,0.00174,0.006655,0.006862,0.868121,0.496261
938.667000,0.02723,1.94808,2.18000,0.03802,-0.00164,0.00174,0.006655,0.006862,0.868121,0.496261
938.700000,0.02723,1.94808,2.18000,0.03802,-0.00164,0.00174,0.006655,0.006862,0.868121,0.496261
938.734000,0.02723,1.94808,2.18000,0.03802,-0.00164,0.00174,0.006655,0.006862,0.868121,0.496261
938.768000,0.02723,1.94808,2.18000,0.03802,-0.00164,0.00174,0.000824,0.000717,0.868300,0.496038
938.800000,0.03631,1.95921,2.18000,0.06296,0.00618,-0.00408,0.000824,0.000717,0.868300,0.496038
938.834000,0.03631,1.95921,2.18000,0.06296,0.00618,-0.00408,0.000824,0.000717,0.868300,0.496038
938.867000,0.03631,1.95921,2.18000,0.06296,0.00618,-0.00408,0.000824,0.000717,0.868300,0.496038
938.900000,0.03631,1.95921,2.18000,0.06296,0.00618,-0.00408,0.000824,0.000717,0.868300,0.496038
938.934000,0.03631,1.95921,2.18000,0.06296,0.00618,-0.00408,0.000824,0.000717,0.868300,0.496038
938.967000,0.03631,1.95921,2.18000,0.06296,0.00618,-0.00408,0.000824,0.000717,0.868300,0.496038
939.000000,0.03631,1.95921,2.18000,0.06296,0.00618,-0.00408,0.000824,0.000717,0.868300,0.496038
939.035000,0.04539,1.95921,2.18000,0.07527,0.00943,-0.00225,0.002861,0.003393,0.868706,0.495308
939.067000,0.04539,1.95921,2.18000,0.07527,0.00943,-0.00225,0.002861,0.003393,0.868706,0.495308
939.100000,0.04539,1.95921,2.18000,0.07527,0.00943,-0.00225,0.002861,0.003393,0.868706,0.495308
939.134000,0.04539,1.95921,2.18000,0.07527,0.00943,-0.00225,0.002861,0.003393,0.868706,0.495308
939.167000,0.04539,1.95921,2.18000,0.07527,0.00943,-0.00225,0.002861,0.003393,0.868706,0.495308
939.200000,0.04539,1.95921,2.18000,0.07527,0.00943,-0.00225,0.002861,0.003393,0.868706,0.495308
939.234000,0.04539,1.95921,2.18000,0.07527,0.00943,-0.00225,0.002861,0.003393,0.868706,0.495308
939.268000,0.04539,1.95921,2.18000,0.07527,0.00943,-0.00225,-0.001262,-0.002374,0.869106,0.494618
939.300000,0.07262,1.95921,2.18000,0.07974,0.00922,-0.00221,-0.001262,-0.002374,0.869106,0.494618
939.334000,0.07262,1.95921,2.18000,0.07974,0.00922,-0.00221,-0.001262,-0.002374,0.869106,0.494618
939.367000,0.07262,1.95921,2.18000,0.07974,0.00922,-0.00221,-0.001262,-0.002374,0.869106,0.494618
939.400000,0.07262,1.95921,2.18000,0.07974,0.00922,-0.00221,-0.001262,-0.002374,0.869106,0.494618
939.434000,0.07262,1.95921,2.18000,0.07974,0.00922,-0.00221,-0.001262,-0.002374,0.869106,0.494618
939.467000,0.07262,1.95921,2.18000,0.07974,0.00922,-0.00221,-0.001262,-0.002374,0.869106,0.494618
939.500000,0.07262,1.95921,2.18000,0.07974,0.00922,-0.00221,-0.001262,-0.002374,0.869106,0.494618
939.535000,0.09078,1.95921,2.17000,0.06880,0.00742,-0.00186,-0.001737,0.000148,0.869385,0.494132
939.567000,0.09078,1.95921,2.17000,0.06880,0.00742,-0.00186,-0.001737,0.000148,0.869385,0.494132
939.600000,0.09078,1.95921,2.17000,0.06880,0.00742,-0.00186,-0.001737,0.000148,0.869385,0.494132
939.634000,0.09078,1.95921,2.17000,0.06880,0.00742,-0.00186,-0.001737,0.000148,0.869385,0.494132
939.667000,0.09078,1.95921,2.17000,0.06880,0.00742,-0.00186,-0.001737,0.000148,0.869385,0.494132
939.700000,0.09078,1.95921,2.17000,0.06880,0.00742,-0.00186,-0.001737,0.000148,0.869385,0.494132
939.734000,0.09078,1.95921,2.17000,0.06880,0.00742,-0.00186,-0.001737,0.000148,0.869385,0.494132
939.768000,0.09078,1.95921,2.17000,0.06880,0.00742,-0.00186,-0.004002,-0.003604,0.869651,0.493638
939.800000,0.09986,1.95921,2.18000,0.05183,0.00783,0.00377,-0.004002,-0.003604,0.869651,0.493638
939.834000,0.09986,1.95921,2.18000,0.05183,0.00783,0.00377,-0.004002,-0.003604,0.869651,0.493638
939.867000,0.09986,1.95921,2.18000,0.05183,0.00783,0.00377,-0.004002,-0.003604,0.869651,0.493638
939.900000,0.09986,1.95921,2.18000,0.05183,0.00783,0.00377,-0.004002,-0.003604,0.869651,0.493638
939.934000,0.09986,1.95921,2.18000,0.05183,0.00783,0.00377,-0.004002,-0.003604,0.869651,0.493638
939.967000,0.09986,1.95921,2.18000,0.05183,0.00783,0.00377,-0.004002,-0.003604,0.869651,0.493638
940.000000,0.09986,1.95921,2.18000,0.05183,0.00783,0.00377,-0.004002,-0.003604,0.869651,0.493638
940.035000,0.11801,1.95921,2.18000,0.03365,0.00590,0.00208,-0.002077,-0.000668,0.869868,0.493280
940.067000,0.11801,1.95921,2.18000,0.03365,0.00590,0.00208,-0.002077,-0.000668,0.869868,0.493280
940.100000,0.11801,1.95921,2.18000,0.03365,0.00590,0.00208,-0.002077,-0.000668,0.869868,0.493280
940.134000,0.11801,1.95921,2.18000,0.03365,0.00590,0.00208,-0.002077,-0.000668,0.869868,0.493280
940.167000,0.11801,1.95921,2.18000,0.03365,0.00590,0.00208,-0.002077,-0.000668,0.869868,0.493280
940.200000,0.11801,1.95921,2.18000,0.03365,0.00590,0.00208,-0.002077,-0.000668,0.869868,0.493280
940.234000,0.11801,1.95921,2.18000,0.03365,0.00590,0.00208,-0.002077,-0.000668,0.869868,0.493280
940.268000,0.11801,1.95921,2.18000,0.03365,0.00590,0.00208,-0.003415,-0.002175,0.870192,0.492696
940.300000,0.11801,1.95921,2.18000,0.01704,0.00647,0.00251,-0.003415,-0.002175,0.870192,0.492696
940.334000,0.11801,1.95921,2.18000,0.01704,0.00647,0.00251,-0.003415,-0.002175,0.870192,0.492696
940.367000,0.11801,1.95921,2.18000,0.01704,0.00647,0.00251,-0.003415,-0.002175,0.870192,0.492696
940.400000,0.11801,1.95921,2.18000,0.01704,0.00647,0.00251,-0.003415,-0.002175,0.870192,0.492696
940.434000,0.11801,1.95921,2.18000,0.01704,0.00647,0.00251,-0.003415,-0.002175,0.870192,0.492696
940.467000,0.11801,1.95921,2.18000,0.01704,0.00647,0.00251,-0.003415,-0.002175,0.870192,0.492696
940.500000,0.11801,1.95921,2.18000,0.01704,0.00647,0.00251,-0.003415,-0.002175,0.870192,0.492696
940.535000,0.12709,1.95921,2.18000,-0.00248,0.00432,-0.00039,-0.003083,-0.002350,0.870257,0.492584
940.567000,0.12709,1.95921,2.18000,-0.00248,0.00432,-0.00039,-0.003083,-0.002350,0.870257,0.492584
940.600000,0.12709,1.95921,2.18000,-0.00248,0.00432,-0.00039,-0.003083,-0.002350,0.870257,0.492584
940.634000,0.12709,1.95921,2.18000,-0.00248,0.00432,-0.00039,-0.003083,-0.002350,0.870257,0.492584
940.667000,0.12709,1.95921,2.18000,-0.00248,0.00432,-0.00039,-0.003083,-0.002350,0.870257,0.492584
940.700000,0.12709,1.95921,2.18000,-0.00248,0.00432,-0.00039,-0.003083,-0.002350,0.870257,0.492584
940.734000,0.12709,1.95921,2.18000,-0.00248,0.00432,-0.00039,-0.003083,-0.002350,0.870257,0.492584
940.768000,0.12709,1.95921,2.18000,-0.00248,0.00432,-0.00039,-0.001132,-0.000130,0.870609,0.491974
940.800000,0.12709,1.95921,2.18000,-0.01347,0.00461,0.00452,-0.001132,-0.000130,0.870609,0.491974
940.834000,0.12709,1.95921,2.18000,-0.01347,0.00461,0.00452,-0.001132,-0.000130,0.870609,0.491974
940.867000,0.12709,1.95921,2.18000,-0.01347,0.00461,0.00452,-0.001132,-0.000130,0.870609,0.491974
940.900000,0.12709,1.95921,2.18000,-0.01347,0.00461,0.00452,-0.001132,-0.000130,0.870609,0.491974
940.934000,0.12709,1.95921,2.18000,-0.01347,0.00461,0.00452,-0.001132,-0.000130,0.870609,0.491974
940.967000,0.12709,1.95921,2.18000,-0.01347,0.00461,0.00452,-0.001132,-0.000130,0.870609,0.491974
941.000000,0.12709,1.95921,2.18000,-0.01347,0.00461,0.00452,-0.001132,-0.000130,0.870609,0.491974
941.035000,0.12709,1.95921,2.18000,-0.02250,0.00337,-0.00132,-0.001918,-0.002246,0.870710,0.491788
941.067000,0.12709,1.95921,2.18000,-0.02250,0.00337,-0.00132,-0.001918,-0.002246,0.870710,0.491788
941.100000,0.12709,1.95921,2.18000,-0.02250,0.00337,-0.00132,-0.001918,-0.002246,0.870710,0.491788
941.134000,0.12709,1.95921,2.18000,-0.02250,0.00337,-0.00132,-0.001918,-0.002246,0.870710,0.491788
941.167000,0.12709,1.95921,2.18000,-0.02250,0.00337,-0.00132,-0.001918,-0.002246,0.870710,0.491788
941.200000,0.12709,1.95921,2.18000,-0.02250,0.00337,-0.00132,-0.001918,-0.002246,0.870710,0.491788
941.234000,0.12709,1.95921,2.18000,-0.02250,0.00337,-0.00132,-0.001918,-0.002246,0.870710,0.491788
941.268000,0.12709,1.95921,2.18000,-0.02250,0.00337,-0.00132,0.000970,0.002269,0.871015,0.491251
941.301000,0.11801,1.95921,2.18000,-0.02525,0.00418,-0.00438,0.000970,0.002269,0.871015,0.491251
941.334000,0.11801,1.95921,2.18000,-0.02525,0.00418,-0.00438,0.000970,0.002269,0.871015,0.491251
941.367000,0.11801,1.95921,2.18000,-0.02525,0.00418,-0.00438,0.000970,0.002269,0.871015,0.491251
941.400000,0.11801,1.95921,2.18000,-0.02525,0.00418,-0.00438,0.000970,0.002269,0.871015,0.491251
941.434000,0.11801,1.95921,2.18000,-0.02525,0.00418,-0.00438,0.000970,0.002269,0.871015,0.491251
941.467000,0.11801,1.95921,2.18000,-0.02525,0.00418,-0.00438,0.000970,0.002269,0.871015,0.491251
941.500000,0.11801,1.95921,2.18000,-0.02525,0.00418,-0.00438,0.000970,0.002269,0.871015,0.491251
941.535000,0.11801,1.95921,2.18000,-0.02465,0.00381,-0.00535,-0.000922,-0.002313,0.871123,0.491059
941.567000,0.11801,1.95921,2.18000,-0.02465,0.00381,-0.00535,-0.000922,-0.002313,0.871123,0.491059
941.600000,0.11801,1.95921,2.18000,-0.02465,0.00381,-0.00535,-0.000922,-0.002313,0.871123,0.491059
941.634000,0.11801,1.95921,2.18000,-0.02465,0.00381,-0.00535,-0.000922,-0.002313,0.871123,0.491059
941.667000,0.11801,1.95921,2.18000,-0.02465,0.00381,-0.00535,-0.000922,-0.002313,0.871123,0.491059
941.700000,0.11801,1.95921,2.18000,-0.02465,0.00381,-0.00535,-0.000922,-0.002313,0.871123,0.491059
941.734000,0.11801,1.95921,2.18000,-0.02465,0.00381,-0.00535,-0.000922,-0.002313,0.871123,0.491059
941.768000,0.09986,1.95921,2.17000,-0.01875,0.00380,0.00049,0.003224,0.003664,0.871353,0.490632
941.801000,0.09986,1.95921,2.17000,-0.01875,0.00380,0.00049,0.003224,0.003664,0.871353,0.490632
941.834000,0.09986,1.95921,2.17000,-0.01875,0.00380,0.00049,0.003224,0.003664,0.871353,0.490632
941.867000,0.09986,1.95921,2.17000,-0.01875,0.00380,0.00049,0.003224,0.003664,0.871353,0.490632
941.901000,0.09986,1.95921,2.17000,-0.01875,0.00380,0.00049,0.003224,0.003664,0.871353,0.490632
941.934000,0.09986,1.95921,2.17000,-0.01875,0.00380,0.00049,0.003224,0.003664,0.871353,0.490632
941.967000,0.09986,1.95921,2.17000,-0.01875,0.00380,0.00049,0.003224,0.003664,0.871353,0.490632
942.000000,0.09986,1.95921,2.17000,-0.01875,0.00380,0.00049,0.003224,0.003664,0.871353,0.490632
942.035000,0.09986,1.95921,2.18000,-0.00826,0.00457,0.00069,0.000149,-0.001449,0.871503,0.490388
942.067000,0.09986,1.95921,2.18000,-0.00826,0.00457,0.00069,0.000149,-0.001449,0.871503,0.490388
942.100000,0.09986,1.95921,2.18000,-0.00826,0.00457,0.00069,0.000149,-0.001449,0.871503,0.490388
942.134000,0.09986,1.95921,2.18000,-0.00826,0.00457,0.00069,0.000149,-0.001449,0.871503,0.490388
942.168000,0.09986,1.95921,2.18000,-0.00826,0.00457,0.00069,0.000149,-0.001449,0.871503,0.490388
942.200000,0.09986,1.95921,2.18000,-0.00826,0.00457,0.00069,0.000149,-0.001449,0.871503,0.490388
942.234000,0.09986,1.95921,2.18000,-0.00826,0.00457,0.00069,0.000149,-0.001449,0.871503,0.490388
942.268000,0.09986,1.95921,2.18000,-0.00826,0.00457,0.00069,0.002163,0.002312,0.871590,0.490226
942.300000,0.09078,1.95921,2.18000,-0.00418,0.00303,0.00123,0.002163,0.002312,0.871590,0.490226
942.334000,0.09078,1.95921,2.18000,-0.00418,0.00303,0.00123,0.002163,0.002312,0.871590,0.490226
942.367000,0.09078,1.95921,2.18000,-0.00418,0.00303,0.00123,0.002163,0.002312,0.871590,0.490226
942.400000,0.09078,1.95921,2.18000,-0.00418,0.00303,0.00123,0.002163,0.002312,0.871590,0.490226
942.434000,0.09078,1.95921,2.18000,-0.00418,0.00303,0.00123,0.002163,0.002312,0.871590,0.490226
942.467000,0.09078,1.95921,2.18000,-0.00418,0.00303,0.00123,0.002163,0.002312,0.871590,0.490226
942.500000,0.09078,1.95921,2.18000,-0.00418,0.00303,0.00123,0.002163,0.002312,0.871590,0.490226
942.535000,0.09078,1.95921,2.18000,0.00664,0.00491,0.00237,0.000736,-0.000208,0.871831,0.489807
942.567000,0.09078,1.95921,2.18000,0.00664,0.00491,0.00237,0.000736,-0.000208,0.871831,0.489807
942.600000,0.09078,1.95921,2.18000,0.00664,0.00491,0.00237,0.000736,-0.000208,0.871831,0.489807
942.634000,0.09078,1.95921,2.18000,0.00664,0.00491,0.00237,0.000736,-0.000208,0.871831,0.489807
942.667000,0.09078,1.95921,2.18000,0.00664,0.00491,0.00237,0.000736,-0.000208,0.871831,0.489807
942.700000,0.09078,1.95921,2.18000,0.00664,0.00491,0.00237,0.000736,-0.000208,0.871831,0.489807
942.734000,0.09078,1.95921,2.18000,0.00664,0.00491,0.00237,0.000736,-0.000208,0.871831,0.489807
942.768000,0.09986,1.97034,2.18000,0.00828,0.00329,-0.00016,-0.000126,-0.000364,0.871831,0.489806
942.800000,0.09986,1.97034,2.18000,0.00828,0.00329,-0.00016,-0.000126,-0.000364,0.871831,0.489806
942.834000,0.09986,1.97034,2.18000,0.00828,0.00329,-0.00016,-0.000126,-0.000364,0.871831,0.489806
942.867000,0.09986,1.97034,2.18000,0.00828,0.00329,-0.00016,-0.000126,-0.000364,0.871831,0.489806
942.900000,0.09986,1.97034,2.18000,0.00828,0.00329,-0.00016,-0.000126,-0.000364,0.871831,0.489806
942.934000,0.09986,1.97034,2.18000,0.00828,0.00329,-0.00016,-0.000126,-0.000364,0.871831,0.489806
942.967000,0.09986,1.97034,2.18000,0.00828,0.00329,-0.00016,-0.000126,-0.000364,0.871831,0.489806
943.000000,0.09986,1.97034,2.18000,0.00828,0.00329,-0.00016,-0.000126,-0.000364,0.871831,0.489806
943.035000,0.09986,1.97034,2.18000,0.00918,0.00109,0.00026,0.000780,-0.000263,0.872053,0.489411
943.067000,0.09986,1.97034,2.18000,0.00918,0.00109,0.00026,0.000780,-0.000263,0.872053,0.489411
943.100000,0.09986,1.97034,2.18000,0.00918,0.00109,0.00026,0.000780,-0.000263,0.872053,0.489411
943.134000,0.09986,1.97034,2.18000,0.00918,0.00109,0.00026,0.000780,-0.000263,0.872053,0.489411
943.167000,0.09986,1.97034,2.18000,0.00918,0.00109,0.00026,0.000780,-0.000263,0.872053,0.489411
943.200000,0.09986,1.97034,2.18000,0.00918,0.00109,0.00026,0.000780,-0.000263,0.872053,0.489411
943.234000,0.09986,1.97034,2.18000,0.00918,0.00109,0.00026,0.000780,-0.000263,0.872053,0.489411
943.268000,0.09986,1.97034,2.18000,0.00918,0.00109,0.00026,-0.000867,-0.002619,0.872134,0.489260
943.301000,0.09986,1.97034,2.18000,0.00599,-0.00482,0.00138,-0.000867,-0.002619,0.872134,0.489260
943.334000,0.09986,1.97034,2.18000,0.00599,-0.00482,0.00138,-0.000867,-0.002619,0.872134,0.489260
943.367000,0.09986,1.97034,2.18000,0.00599,-0.00482,0.00138,-0.000867,-0.002619,0.872134,0.489260
943.400000,0.09986,1.97034,2.18000,0.00599,-0.00482,0.00138,-0.000867,-0.002619,0.872134,0.489260
943.434000,0.09986,1.97034,2.18000,0.00599,-0.00482,0.00138,-0.000867,-0.002619,0.872134,0.489260
943.467000,0.09986,1.97034,2.18000,0.00599,-0.00482,0.00138,-0.000867,-0.002619,0.872134,0.489260
943.500000,0.09986,1.97034,2.18000,0.00599,-0.00482,0.00138,-0.000867,-0.002619,0.872134,0.489260
943.535000,0.09986,1.97034,2.18000,-0.05147,-0.04197,-0.00379,-0.018160,-0.032799,0.871777,0.488466
943.567000,0.09986,1.97034,2.18000,-0.05147,-0.04197,-0.00379,-0.018160,-0.032799,0.871777,0.488466
943.600000,0.09986,1.97034,2.18000,-0.05147,-0.04197,-0.00379,-0.018160,-0.032799,0.871777,0.488466
943.634000,0.09986,1.97034,2.18000,-0.05147,-0.04197,-0.00379,-0.018160,-0.032799,0.871777,0.488466
943.667000,0.09986,1.97034,2.18000,-0.05147,-0.04197,-0.00379,-0.018160,-0.032799,0.871777,0.488466
943.701000,0.09986,1.97034,2.18000,-0.05147,-0.04197,-0.00379,-0.018160,-0.032799,0.871777,0.488466
943.734000,0.09986,1.97034,2.18000,-0.05147,-0.04197,-0.00379,-0.018160,-0.032799,0.871777,0.488466
943.768000,0.05447,1.94808,2.17000,-0.37780,-0.24249,-0.00233,-0.055713,-0.098364,0.869080,0.481582
943.800000,0.05447,1.94808,2.17000,-0.37780,-0.24249,-0.00233,-0.055713,-0.098364,0.869080,0.481582
943.834000,0.05447,1.94808,2.17000,-0.37780,-0.24249,-0.00233,-0.055713,-0.098364,0.869080,0.481582
943.867000,0.05447,1.94808,2.17000,-0.37780,-0.24249,-0.00233,-0.055713,-0.098364,0.869080,0.481582
943.900000,0.05447,1.94808,2.17000,-0.37780,-0.24249,-0.00233,-0.055713,-0.098364,0.869080,0.481582
943.934000,0.05447,1.94808,2.17000,-0.37780,-0.24249,-0.00233,-0.055713,-0.098364,0.869080,0.481582
943.967000,0.05447,1.94808,2.17000,-0.37780,-0.24249,-0.00233,-0.055713,-0.098364,0.869080,0.481582
944.000000,0.05447,1.94808,2.17000,-0.37780,-0.24249,-0.00233,-0.055713,-0.098364,0.869080,0.481582
944.035000,-0.09078,1.83676,2.18000,-0.85662,-0.54425,0.00497,-0.051793,-0.084178,0.909193,0.404474
944.067000,-0.09078,1.83676,2.18000,-0.85662,-0.54425,0.00497,-0.051793,-0.084178,0.909193,0.404474
944.100000,-0.09078,1.83676,2.18000,-0.85662,-0.54425,0.00497,-0.051793,-0.084178,0.909193,0.404474
944.134000,-0.09078,1.83676,2.18000,-0.85662,-0.54425,0.00497,-0.051793,-0.084178,0.909193,0.404474
944.167000,-0.09078,1.83676,2.18000,-0.85662,-0.54425,0.00497,-0.051793,-0.084178,0.909193,0.404474
944.200000,-0.09078,1.83676,2.18000,-0.85662,-0.54425,0.00497,-0.051793,-0.084178,0.909193,0.404474
944.234000,-0.09078,1.83676,2.18000,-0.85662,-0.54425,0.00497,-0.051793,-0.084178,0.909193,0.404474
944.267000,-0.09078,1.83676,2.18000,-0.85662,-0.54425,0.00497,-0.010232,-0.060518,0.955344,0.289053
944.301000,-0.35404,1.68091,2.18000,-1.13290,-0.81191,0.00340,-0.010232,-0.060518,0.955344,0.289053
944.334000,-0.35404,1.68091,2.18000,-1.13290,-0.81191,0.00340,-0.010232,-0.060518,0.955344,0.289053
944.367000,-0.35404,1.68091,2.18000,-1.13290,-0.81191,0.00340,-0.010232,-0.060518,0.955344,0.289053
944.400000,-0.35404,1.68091,2.18000,-1.13290,-0.81191,0.00340,-0.010232,-0.060518,0.955344,0.289053
944.434000,-0.35404,1.68091,2.18000,-1.13290,-0.81191,0.00340,-0.010232,-0.060518,0.955344,0.289053
944.467000,-0.35404,1.68091,2.18000,-1.13290,-0.81191,0.00340,-0.010232,-0.060518,0.955344,0.289053
944.500000,-0.35404,1.68091,2.18000,-1.13290,-0.81191,0.00340,-0.010232,-0.060518,0.955344,0.289053
944.535000,-0.64454,1.43601,2.18000,-1.10862,-1.00860,0.00468,0.036856,-0.009510,0.986334,0.160304
944.567000,-0.64454,1.43601,2.18000,-1.10862,-1.00860,0.00468,0.036856,-0.009510,0.986334,0.160304
944.600000,-0.64454,1.43601,2.18000,-1.10862,-1.00860,0.00468,0.036856,-0.009510,0.986334,0.160304
944.634000,-0.64454,1.43601,2.18000,-1.10862,-1.00860,0.00468,0.036856,-0.009510,0.986334,0.160304
944.667000,-0.64454,1.43601,2.18000,-1.10862,-1.00860,0.00468,0.036856,-0.009510,0.986334,0.160304
944.700000,-0.64454,1.43601,2.18000,-1.10862,-1.00860,0.00468,0.036856,-0.009510,0.986334,0.160304
944.734000,-0.64454,1.43601,2.18000,-1.10862,-1.00860,0.00468,0.036856,-0.009510,0.986334,0.160304
944.768000,-0.64454,1.43601,2.18000,-1.10862,-1.00860,0.00468,0.077952,0.052582,0.995248,0.025281
944.801000,-0.88057,1.20224,2.18000,-0.81942,-0.92715,0.00562,0.077952,0.052582,0.995248,0.025281
944.835000,-0.88057,1.20224,2.18000,-0.81942,-0.92715,0.00562,0.077952,0.052582,0.995248,0.025281
944.867000,-0.88057,1.20224,2.18000,-0.81942,-0.92715,0.00562,0.077952,0.052582,0.995248,0.025281
944.900000,-0.88057,1.20224,2.18000,-0.81942,-0.92715,0.00562,0.077952,0.052582,0.995248,0.025281
944.934000,-0.88057,1.20224,2.18000,-0.81942,-0.92715,0.00562,0.077952,0.052582,0.995248,0.025281
944.967000,-0.88057,1.20224,2.18000,-0.81942,-0.92715,0.00562,0.077952,0.052582,0.995248,0.025281
945.001000,-0.88057,1.20224,2.18000,-0.81942,-0.92715,0.00562,0.077952,0.052582,0.995248,0.025281
945.035000,-1.03490,1.00187,2.18000,-0.39602,-0.54838,0.00966,0.088326,0.076506,0.987069,-0.109730
945.067000,-1.03490,1.00187,2.18000,-0.39602,-0.54838,0.00966,0.088326,0.076506,0.987069,-0.109730
945.100000,-1.03490,1.00187,2.18000,-0.39602,-0.54838,0.00966,0.088326,0.076506,0.987069,-0.109730
945.134000,-1.03490,1.00187,2.18000,-0.39602,-0.54838,0.00966,0.088326,0.076506,0.987069,-0.109730
945.167000,-1.03490,1.00187,2.18000,-0.39602,-0.54838,0.00966,0.088326,0.076506,0.987069,-0.109730
945.200000,-1.03490,1.00187,2.18000,-0.39602,-0.54838,0.00966,0.088326,0.076506,0.987069,-0.109730
945.234000,-1.03490,1.00187,2.18000,-0.39602,-0.54838,0.00966,0.088326,0.076506,0.987069,-0.109730
945.267000,-1.03490,1.00187,2.18000,-0.39602,-0.54838,0.00966,0.058218,0.044546,0.979373,-0.188294
945.301000,-1.08937,0.92395,2.18000,-0.07398,-0.18912,0.00391,0.058218,0.044546,0.979373,-0.188294
945.334000,-1.08937,0.92395,2.18000,-0.07398,-0.18912,0.00391,0.058218,0.044546,0.979373,-0.188294
945.367000,-1.08937,0.92395,2.18000,-0.07398,-0.18912,0.00391,0.058218,0.044546,0.979373,-0.188294
945.400000,-1.08937,0.92395,2.18000,-0.07398,-0.18912,0.00391,0.058218,0.044546,0.979373,-0.188294
945.434000,-1.08937,0.92395,2.18000,-0.07398,-0.18912,0.00391,0.058218,0.044546,0.979373,-0.188294
945.467000,-1.08937,0.92395,2.18000,-0.07398,-0.18912,0.00391,0.058218,0.044546,0.979373,-0.188294
945.500000,-1.08937,0.92395,2.18000,-0.07398,-0.18912,0.00391,0.058218,0.044546,0.979373,-0.188294
945.535000,-1.08029,0.89055,2.18000,0.08752,0.00454,-0.00356,0.023635,0.023159,0.979505,-0.198681
945.567000,-1.08029,0.89055,2.18000,0.08752,0.00454,-0.00356,0.023635,0.023159,0.979505,-0.198681
945.600000,-1.08029,0.89055,2.18000,0.08752,0.00454,-0.00356,0.023635,0.023159,0.979505,-0.198681
945.634000,-1.08029,0.89055,2.18000,0.08752,0.00454,-0.00356,0.023635,0.023159,0.979505,-0.198681
945.667000,-1.08029,0.89055,2.18000,0.08752,0.00454,-0.00356,0.023635,0.023159,0.979505,-0.198681
945.700000,-1.08029,0.89055,2.18000,0.08752,0.00454,-0.00356,0.023635,0.023159,0.979505,-0.198681
945.734000,-1.08029,0.89055,2.18000,0.08752,0.00454,-0.00356,0.023635,0.023159,0.979505,-0.198681
945.768000,-1.08029,0.89055,2.18000,0.08752,0.00454,-0.00356,0.004177,0.007096,0.978991,-0.203738
945.800000,-1.07121,0.90168,2.18000,0.13427,0.08690,-0.00822,0.004177,0.007096,0.978991,-0.203738
945.834000,-1.07121,0.90168,2.18000,0.13427,0.08690,-0.00822,0.004177,0.007096,0.978991,-0.203738
945.867000,-1.07121,0.90168,2.18000,0.13427,0.08690,-0.00822,0.004177,0.007096,0.978991,-0.203738
945.900000,-1.07121,0.90168,2.18000,0.13427,0.08690,-0.00822,0.004177,0.007096,0.978991,-0.203738
945.934000,-1.07121,0.90168,2.18000,0.13427,0.08690,-0.00822,0.004177,0.007096,0.978991,-0.203738
945.967000,-1.07121,0.90168,2.18000,0.13427,0.08690,-0.00822,0.004177,0.007096,0.978991,-0.203738
946.000000,-1.07121,0.90168,2.18000,0.13427,0.08690,-0.00822,0.004177,0.007096,0.978991,-0.203738
946.035000,-1.03490,0.93508,2.18000,0.12660,0.09664,-0.00629,-0.005834,-0.001426,0.978686,-0.205274
946.067000,-1.03490,0.93508,2.18000,0.12660,0.09664,-0.00629,-0.005834,-0.001426,0.978686,-0.205274
946.100000,-1.03490,0.93508,2.18000,0.12660,0.09664,-0.00629,-0.005834,-0.001426,0.978686,-0.205274
946.134000,-1.03490,0.93508,2.18000,0.12660,0.09664,-0.00629,-0.005834,-0.001426,0.978686,-0.205274
946.167000,-1.03490,0.93508,2.18000,0.12660,0.09664,-0.00629,-0.005834,-0.001426,0.978686,-0.205274
946.201000,-1.03490,0.93508,2.18000,0.12660,0.09664,-0.00629,-0.005834,-0.001426,0.978686,-0.205274
946.234000,-1.03490,0.93508,2.18000,0.12660,0.09664,-0.00629,-0.005834,-0.001426,0.978686,-0.205274
946.268000,-1.00766,0.94621,2.18000,0.08664,0.07535,-0.00159,-0.010970,-0.002468,0.978526,-0.205816
946.300000,-1.00766,0.94621,2.18000,0.08664,0.07535,-0.00159,-0.010970,-0.002468,0.978526,-0.205816
946.334000,-1.00766,0.94621,2.18000,0.08664,0.07535,-0.00159,-0.010970,-0.002468,0.978526,-0.205816
946.367000,-1.00766,0.94621,2.18000,0.08664,0.07535,-0.00159,-0.010970,-0.002468,0.978526,-0.205816
946.400000,-1.00766,0.94621,2.18000,0.08664,0.07535,-0.00159,-0.010970,-0.002468,0.978526,-0.205816
946.434000,-1.00766,0.94621,2.18000,0.08664,0.07535,-0.00159,-0.010970,-0.002468,0.978526,-0.205816
946.467000,-1.00766,0.94621,2.18000,0.08664,0.07535,-0.00159,-0.010970,-0.002468,0.978526,-0.205816
946.500000,-1.00766,0.94621,2.18000,0.08664,0.07535,-0.00159,-0.010970,-0.002468,0.978526,-0.205816
946.535000,-0.98951,0.95734,2.18000,0.03838,0.04019,-0.00499,-0.010803,-0.006928,0.978632,-0.205217
946.567000,-0.98951,0.95734,2.18000,0.03838,0.04019,-0.00499,-0.010803,-0.006928,0.978632,-0.205217
946.600000,-0.98951,0.95734,2.18000,0.03838,0.04019,-0.00499,-0.010803,-0.006928,0.978632,-0.205217
946.634000,-0.98951,0.95734,2.18000,0.03838,0.04019,-0.00499,-0.010803,-0.006928,0.978632,-0.205217
946.667000,-0.98951,0.95734,2.18000,0.03838,0.04019,-0.00499,-0.010803,-0.006928,0.978632,-0.205217
946.700000,-0.98951,0.95734,2.18000,0.03838,0.04019,-0.00499,-0.010803,-0.006928,0.978632,-0.205217
946.734000,-0.98951,0.95734,2.18000,0.03838,0.04019,-0.00499,-0.010803,-0.006928,0.978632,-0.205217
946.768000,-0.98951,0.96847,2.18000,-0.00600,0.00950,-0.00481,-0.009150,-0.001173,0.978778,-0.204713
946.800000,-0.98951,0.96847,2.18000,-0.00600,0.00950,-0.00481,-0.009150,-0.001173,0.978778,-0.204713
946.834000,-0.98951,0.96847,2.18000,-0.00600,0.00950,-0.00481,-0.009150,-0.001173,0.978778,-0.204713
946.867000,-0.98951,0.96847,2.18000,-0.00600,0.00950,-0.00481,-0.009150,-0.001173,0.978778,-0.204713
946.900000,-0.98951,0.96847,2.18000,-0.00600,0.00950,-0.00481,-0.009150,-0.001173,0.978778,-0.204713
946.934000,-0.98951,0.96847,2.18000,-0.00600,0.00950,-0.00481,-0.009150,-0.001173,0.978778,-0.204713
946.967000,-0.98951,0.96847,2.18000,-0.00600,0.00950,-0.00481,-0.009150,-0.001173,0.978778,-0.204713
947.000000,-0.98951,0.96847,2.18000,-0.00600,0.00950,-0.00481,-0.009150,-0.001173,0.978778,-0.204713
947.035000,-0.98951,0.96847,2.18000,-0.03634,-0.01715,-0.00565,-0.005382,-0.006497,0.978966,-0.203849
947.067000,-0.98951,0.96847,2.18000,-0.03634,-0.01715,-0.00565,-0.005382,-0.006497,0.978966,-0.203849
947.100000,-0.98951,0.96847,2.18000,-0.03634,-0.01715,-0.00565,-0.005382,-0.006497,0.978966,-0.203849
947.134000,-0.98951,0.96847,2.18000,-0.03634,-0.01715,-0.00565,-0.005382,-0.006497,0.978966,-0.203849
947.167000,-0.98951,0.96847,2.18000,-0.03634,-0.01715,-0.00565,-0.005382,-0.006497,0.978966,-0.203849
947.200000,-0.98951,0.96847,2.18000,-0.03634,-0.01715,-0.00565,-0.005382,-0.006497,0.978966,-0.203849
947.234000,-0.98951,0.96847,2.18000,-0.03634,-0.01715,-0.00565,-0.005382,-0.006497,0.978966,-0.203849
947.268000,-0.98951,0.96847,2.18000,-0.03634,-0.01715,-0.00565,-0.004328,0.000008,0.979171,-0.202989
947.301000,-0.98951,0.96847,2.18000,-0.05624,-0.03725,-0.00442,-0.004328,0.000008,0.979171,-0.202989
947.334000,-0.98951,0.96847,2.18000,-0.05624,-0.03725,-0.00442,-0.004328,0.000008,0.979171,-0.202989
947.367000,-0.98951,0.96847,2.18000,-0.05624,-0.03725,-0.00442,-0.004328,0.000008,0.979171,-0.202989
947.401000,-0.98951,0.96847,2.18000,-0.05624,-0.03725,-0.00442,-0.004328,0.000008,0.979171,-0.202989
947.434000,-0.98951,0.96847,2.18000,-0.05624,-0.03725,-0.00442,-0.004328,0.000008,0.979171,-0.202989
947.467000,-0.98951,0.96847,2.18000,-0.05624,-0.03725,-0.00442,-0.004328,0.000008,0.979171,-0.202989
947.500000,-0.98951,0.96847,2.18000,-0.05624,-0.03725,-0.00442,-0.004328,0.000008,0.979171,-0.202989
947.535000,-1.00766,0.95734,2.18000,-0.06796,-0.04686,0.00263,-0.000775,-0.003175,0.979277,-0.202497
947.567000,-1.00766,0.95734,2.18000,-0.06796,-0.04686,0.00263,-0.000775,-0.003175,0.979277,-0.202497
947.600000,-1.00766,0.95734,2.18000,-0.06796,-0.04686,0.00263,-0.000775,-0.003175,0.979277,-0.202497
947.634000,-1.00766,0.95734,2.18000,-0.06796,-0.04686,0.00263,-0.000775,-0.003175,0.979277,-0.202497
947.667000,-1.00766,0.95734,2.18000,-0.06796,-0.04686,0.00263,-0.000775,-0.003175,0.979277,-0.202497
947.700000,-1.00766,0.95734,2.18000,-0.06796,-0.04686,0.00263,-0.000775,-0.003175,0.979277,-0.202497
947.734000,-1.00766,0.95734,2.18000,-0.06796,-0.04686,0.00263,-0.000775,-0.003175,0.979277,-0.202497
947.768000,-1.03490,0.94621,2.18000,-0.06664,-0.04924,0.00261,0.001000,0.002141,0.979467,-0.201592
947.800000,-1.03490,0.94621,2.18000,-0.06664,-0.04924,0.00261,0.001000,0.002141,0.979467,-0.201592
947.834000,-1.03490,0.94621,2.18000,-0.06664,-0.04924,0.00261,0.001000,0.002141,0.979467,-0.201592
947.867000,-1.03490,0.94621,2.18000,-0.06664,-0.04924,0.00261,0.001000,0.002141,0.979467,-0.201592
947.901000,-1.03490,0.94621,2.18000,-0.06664,-0.04924,0.00261,0.001000,0.002141,0.979467,-0.201592
947.934000,-1.03490,0.94621,2.18000,-0.06664,-0.04924,0.00261,0.001000,0.002141,0.979467,-0.201592
947.967000,-1.03490,0.94621,2.18000,-0.06664,-0.04924,0.00261,0.001000,0.002141,0.979467,-0.201592
948.000000,-1.03490,0.94621,2.18000,-0.06664,-0.04924,0.00261,0.001000,0.002141,0.979467,-0.201592
948.035000,-1.04397,0.93508,2.18000,-0.05594,-0.03895,0.00355,0.003279,0.001058,0.979555,-0.201149
948.067000,-1.04397,0.93508,2.18000,-0.05594,-0.03895,0.00355,0.003279,0.001058,0.979555,-0.201149
948.100000,-1.04397,0.93508,2.18000,-0.05594,-0.03895,0.00355,0.003279,0.001058,0.979555,-0.201149
948.134000,-1.04397,0.93508,2.18000,-0.05594,-0.03895,0.00355,0.003279,0.001058,0.979555,-0.201149
948.167000,-1.04397,0.93508,2.18000,-0.05594,-0.03895,0.00355,0.003279,0.001058,0.979555,-0.201149
948.201000,-1.04397,0.93508,2.18000,-0.05594,-0.03895,0.00355,0.003279,0.001058,0.979555,-0.201149
948.234000,-1.04397,0.93508,2.18000,-0.05594,-0.03895,0.00355,0.003279,0.001058,0.979555,-0.201149
948.268000,-1.04397,0.93508,2.18000,-0.05594,-0.03895,0.00355,0.003380,0.000736,0.979712,-0.200380
948.300000,-1.05305,0.93508,2.18000,-0.04052,-0.03153,0.00020,0.003380,0.000736,0.979712,-0.200380
948.334000,-1.05305,0.93508,2.18000,-0.04052,-0.03153,0.00020,0.003380,0.000736,0.979712,-0.200380
948.367000,-1.05305,0.93508,2.18000,-0.04052,-0.03153,0.00020,0.003380,0.000736,0.979712,-0.200380
948.401000,-1.05305,0.93508,2.18000,-0.04052,-0.03153,0.00020,0.003380,0.000736,0.979712,-0.200380
948.434000,-1.05305,0.93508,2.18000,-0.04052,-0.03153,0.00020,0.003380,0.000736,0.979712,-0.200380
948.467000,-1.05305,0.93508,2.18000,-0.04052,-0.03153,0.00020,0.003380,0.000736,0.979712,-0.200380
948.500000,-1.05305,0.93508,2.18000,-0.04052,-0.03153,0.00020,0.003380,0.000736,0.979712,-0.200380
948.535000,-1.07121,0.92395,2.18000,-0.02691,-0.02203,0.00179,0.003371,0.001005,0.979792,-0.199986
948.567000,-1.07121,0.92395,2.18000,-0.02691,-0.02203,0.00179,0.003371,0.001005,0.979792,-0.199986
948.600000,-1.07121,0.92395,2.18000,-0.02691,-0.02203,0.00179,0.003371,0.001005,0.979792,-0.199986
948.634000,-1.07121,0.92395,2.18000,-0.02691,-0.02203,0.00179,0.003371,0.001005,0.979792,-0.199986
948.667000,-1.07121,0.92395,2.18000,-0.02691,-0.02203,0.00179,0.003371,0.001005,0.979792,-0.199986
948.700000,-1.07121,0.92395,2.18000,-0.02691,-0.02203,0.00179,0.003371,0.001005,0.979792,-0.199986
948.734000,-1.07121,0.92395,2.18000,-0.02691,-0.02203,0.00179,0.003371,0.001005,0.979792,-0.199986
948.768000,-1.07121,0.92395,2.18000,-0.00802,-0.01698,0.00055,0.003959,-0.000677,0.979912,-0.199389
948.800000,-1.07121,0.92395,2.18000,-0.00802,-0.01698,0.00055,0.003959,-0.000677,0.979912,-0.199389
948.834000,-1.07121,0.92395,2.18000,-0.00802,-0.01698,0.00055,0.003959,-0.000677,0.979912,-0.199389
948.867000,-1.07121,0.92395,2.18000,-0.00802,-0.01698,0.00055,0.003959,-0.000677,0.979912,-0.199389
948.900000,-1.07121,0.92395,2.18000,-0.00802,-0.01698,0.00055,0.003959,-0.000677,0.979912,-0.199389
948.934000,-1.07121,0.92395,2.18000,-0.00802,-0.01698,0.00055,0.003959,-0.000677,0.979912,-0.199389
948.967000,-1.07121,0.92395,2.18000,-0.00802,-0.01698,0.00055,0.003959,-0.000677,0.979912,-0.199389
949.000000,-1.07121,0.92395,2.18000,-0.00802,-0.01698,0.00055,0.003959,-0.000677,0.979912,-0.199389
949.035000,-1.07121,0.92395,2.18000,0.00387,-0.00702,-0.00336,0.001780,0.003024,0.980001,-0.198964
949.067000,-1.07121,0.92395,2.18000,0.00387,-0.00702,-0.00336,0.001780,0.003024,0.980001,-0.198964
949.100000,-1.07121,0.92395,2.18000,0.00387,-0.00702,-0.00336,0.001780,0.003024,0.980001,-0.198964
949.134000,-1.07121,0.92395,2.18000,0.00387,-0.00702,-0.00336,0.001780,0.003024,0.980001,-0.198964
949.167000,-1.07121,0.92395,2.18000,0.00387,-0.00702,-0.00336,0.001780,0.003024,0.980001,-0.198964
949.200000,-1.07121,0.92395,2.18000,0.00387,-0.00702,-0.00336,0.001780,0.003024,0.980001,-0.198964
949.234000,-1.07121,0.92395,2.18000,0.00387,-0.00702,-0.00336,0.001780,0.003024,0.980001,-0.198964
949.268000,-1.07121,0.92395,2.18000,0.00387,-0.00702,-0.00336,0.001861,-0.002276,0.980136,-0.198305
949.300000,-1.07121,0.92395,2.18000,0.01205,-0.00357,-0.00297,0.001861,-0.002276,0.980136,-0.198305
949.334000,-1.07121,0.92395,2.18000,0.01205,-0.00357,-0.00297,0.001861,-0.002276,0.980136,-0.198305
949.367000,-1.07121,0.92395,2.18000,0.01205,-0.00357,-0.00297,0.001861,-0.002276,0.980136,-0.198305
949.400000,-1.07121,0.92395,2.18000,0.01205,-0.00357,-0.00297,0.001861,-0.002276,0.980136,-0.198305
949.434000,-1.07121,0.92395,2.18000,0.01205,-0.00357,-0.00297,0.001861,-0.002276,0.980136,-0.198305
949.467000,-1.07121,0.92395,2.18000,0.01205,-0.00357,-0.00297,0.001861,-0.002276,0.980136,-0.198305
949.500000,-1.07121,0.92395,2.18000,0.01205,-0.00357,-0.00297,0.001861,-0.002276,0.980136,-0.198305
949.535000,-1.07121,0.92395,2.18000,0.01604,0.00054,-0.00330,0.000176,0.003179,0.980197,-0.198001
949.567000,-1.07121,0.92395,2.18000,0.01604,0.00054,-0.00330,0.000176,0.003179,0.980197,-0.198001
949.600000,-1.07121,0.92395,2.18000,0.01604,0.00054,-0.00330,0.000176,0.003179,0.980197,-0.198001
949.634000,-1.07121,0.92395,2.18000,0.01604,0.00054,-0.00330,0.000176,0.003179,0.980197,-0.198001
949.667000,-1.07121,0.92395,2.18000,0.01604,0.00054,-0.00330,0.000176,0.003179,0.980197,-0.198001
949.700000,-1.07121,0.92395,2.18000,0.01604,0.00054,-0.00330,0.000176,0.003179,0.980197,-0.198001
949.734000,-1.07121,0.92395,2.18000,0.01604,0.00054,-0.00330,0.000176,0.003179,0.980197,-0.198001
949.768000,-1.07121,0.92395,2.17000,0.01809,0.00257,0.00050,0.000931,-0.002789,0.980309,-0.197447
949.800000,-1.07121,0.92395,2.17000,0.01809,0.00257,0.00050,0.000931,-0.002789,0.980309,-0.197447
949.834000,-1.07121,0.92395,2.17000,0.01809,0.00257,0.00050,0.000931,-0.002789,0.980309,-0.197447
949.867000,-1.07121,0.92395,2.17000,0.01809,0.00257,0.00050,0.000931,-0.002789,0.980309,-0.197447
949.900000,-1.07121,0.92395,2.17000,0.01809,0.00257,0.00050,0.000931,-0.002789,0.980309,-0.197447
949.934000,-1.07121,0.92395,2.17000,0.01809,0.00257,0.00050,0.000931,-0.002789,0.980309,-0.197447
949.967000,-1.07121,0.92395,2.17000,0.01809,0.00257,0.00050,0.000931,-0.002789,0.980309,-0.197447
950.000000,-1.07121,0.92395,2.17000,0.01809,0.00257,0.00050,0.000931,-0.002789,0.980309,-0.197447
950.035000,-1.07121,0.92395,2.18000,0.01953,0.00231,0.00097,-0.000307,0.002456,0.980377,-0.197116
950.067000,-1.07121,0.92395,2.18000,0.01953,0.00231,0.00097,-0.000307,0.002456,0.980377,-0.197116
950.100000,-1.07121,0.92395,2.18000,0.01953,0.00231,0.00097,-0.000307,0.002456,0.980377,-0.197116
950.134000,-1.07121,0.92395,2.18000,0.01953,0.00231,0.00097,-0.000307,0.002456,0.980377,-0.197116
950.167000,-1.07121,0.92395,2.18000,0.01953,0.00231,0.00097,-0.000307,0.002456,0.980377,-0.197116
950.200000,-1.07121,0.92395,2.18000,0.01953,0.00231,0.00097,-0.000307,0.002456,0.980377,-0.197116
950.234000,-1.07121,0.92395,2.18000,0.01953,0.00231,0.00097,-0.000307,0.002456,0.980377,-0.197116
950.268000,-1.05305,0.92395,2.18000,0.01929,0.00382,0.00183,-0.000049,-0.002280,0.980445,-0.196780
950.300000,-1.05305,0.92395,2.18000,0.01929,0.00382,0.00183,-0.000049,-0.002280,0.980445,-0.196780
950.334000,-1.05305,0.92395,2.18000,0.01929,0.00382,0.00183,-0.000049,-0.002280,0.980445,-0.196780
950.367000,-1.05305,0.92395,2.18000,0.01929,0.00382,0.00183,-0.000049,-0.002280,0.980445,-0.196780
950.400000,-1.05305,0.92395,2.18000,0.01929,0.00382,0.00183,-0.000049,-0.002280,0.980445,-0.196780
950.434000,-1.05305,0.92395,2.18000,0.01929,0.00382,0.00183,-0.000049,-0.002280,0.980445,-0.196780
950.467000,-1.05305,0.92395,2.18000,0.01929,0.00382,0.00183,-0.000049,-0.002280,0.980445,-0.196780
950.500000,-1.05305,0.92395,2.18000,0.01929,0.00382,0.00183,-0.000049,-0.002280,0.980445,-0.196780
950.535000,-1.05305,0.92395,2.18000,0.01301,0.00091,0.00077,-0.002046,0.001606,0.980519,-0.196408
950.567000,-1.05305,0.92395,2.18000,0.01301,0.00091,0.00077,-0.002046,0.001606,0.980519,-0.196408
950.600000,-1.05305,0.92395,2.18000,0.01301,0.00091,0.00077,-0.002046,0.001606,0.980519,-0.196408
950.634000,-1.05305,0.92395,2.18000,0.01301,0.00091,0.00077,-0.002046,0.001606,0.980519,-0.196408
950.667000,-1.05305,0.92395,2.18000,0.01301,0.00091,0.00077,-0.002046,0.001606,0.980519,-0.196408
950.700000,-1.05305,0.92395,2.18000,0.01301,0.00091,0.00077,-0.002046,0.001606,0.980519,-0.196408
950.734000,-1.05305,0.92395,2.18000,0.01301,0.00091,0.00077,-0.002046,0.001606,0.980519,-0.196408
950.768000,-1.05305,0.92395,2.18000,0.00494,0.00317,-0.00004,-0.000843,-0.000649,0.980561,-0.196212
950.800000,-1.05305,0.92395,2.18000,0.00494,0.00317,-0.00004,-0.000843,-0.000649,0.980561,-0.196212
950.834000,-1.05305,0.92395,2.18000,0.00494,0.00317,-0.00004,-0.000843,-0.000649,0.980561,-0.196212
950.867000,-1.05305,0.92395,2.18000,0.00494,0.00317,-0.00004,-0.000843,-0.000649,0.980561,-0.196212
950.900000,-1.05305,0.92395,2.18000,0.00494,0.00317,-0.00004,-0.000843,-0.000649,0.980561,-0.196212
950.934000,-1.05305,0.92395,2.18000,0.00494,0.00317,-0.00004,-0.000843,-0.000649,0.980561,-0.196212
950.967000,-1.05305,0.92395,2.18000,0.00494,0.00317,-0.00004,-0.000843,-0.000649,0.980561,-0.196212
951.000000,-1.05305,0.92395,2.18000,0.00494,0.00317,-0.00004,-0.000843,-0.000649,0.980561,-0.196212
951.035000,-1.04397,0.92395,2.18000,0.00284,-0.00016,0.00115,-0.000614,-0.000232,0.980674,-0.195646
951.067000,-1.04397,0.92395,2.18000,0.00284,-0.00016,0.00115,-0.000614,-0.000232,0.980674,-0.195646
951.100000,-1.04397,0.92395,2.18000,0.00284,-0.00016,0.00115,-0.000614,-0.000232,0.980674,-0.195646
951.134000,-1.04397,0.92395,2.18000,0.00284,-0.00016,0.00115,-0.000614,-0.000232,0.980674,-0.195646
951.167000,-1.04397,0.92395,2.18000,0.00284,-0.00016,0.00115,-0.000614,-0.000232,0.980674,-0.195646
951.200000,-1.04397,0.92395,2.18000,0.00284,-0.00016,0.00115,-0.000614,-0.000232,0.980674,-0.195646
951.234000,-1.04397,0.92395,2.18000,0.00284,-0.00016,0.00115,-0.000614,-0.000232,0.980674,-0.195646
951.267000,-1.04397,0.92395,2.18000,0.00284,-0.00016,0.00115,-0.001337,0.001197,0.980671,-0.195657
951.300000,-1.04397,0.92395,2.18000,-0.00364,0.00261,0.00038,-0.001337,0.001197,0.980671,-0.195657
951.334000,-1.04397,0.92395,2.18000,-0.00364,0.00261,0.00038,-0.001337,0.001197,0.980671,-0.195657
951.367000,-1.04397,0.92395,2.18000,-0.00364,0.00261,0.00038,-0.001337,0.001197,0.980671,-0.195657
951.400000,-1.04397,0.92395,2.18000,-0.00364,0.00261,0.00038,-0.001337,0.001197,0.980671,-0.195657
951.434000,-1.04397,0.92395,2.18000,-0.00364,0.00261,0.00038,-0.001337,0.001197,0.980671,-0.195657
951.467000,-1.04397,0.92395,2.18000,-0.00364,0.00261,0.00038,-0.001337,0.001197,0.980671,-0.195657
951.500000,-1.04397,0.92395,2.18000,-0.00364,0.00261,0.00038,-0.001337,0.001197,0.980671,-0.195657
951.535000,-1.05305,0.92395,2.17000,-0.00604,0.00043,0.00223,0.000402,-0.001695,0.980752,-0.195249
951.567000,-1.05305,0.92395,2.17000,-0.00604,0.00043,0.00223,0.000402,-0.001695,0.980752,-0.195249
951.600000,-1.05305,0.92395,2.17000,-0.00604,0.00043,0.00223,0.000402,-0.001695,0.980752,-0.195249
951.634000,-1.05305,0.92395,2.17000,-0.00604,0.00043,0.00223,0.000402,-0.001695,0.980752,-0.195249
951.667000,-1.05305,0.92395,2.17000,-0.00604,0.00043,0.00223,0.000402,-0.001695,0.980752,-0.195249
951.700000,-1.05305,0.92395,2.17000,-0.00604,0.00043,0.00223,0.000402,-0.001695,0.980752,-0.195249
951.734000,-1.05305,0.92395,2.17000,-0.00604,0.00043,0.00223,0.000402,-0.001695,0.980752,-0.195249
951.768000,-1.05305,0.92395,2.18000,-0.01229,0.01938,0.00117,-0.003340,0.018244,0.980603,-0.195124
951.800000,-1.05305,0.92395,2.18000,-0.01229,0.01938,0.00117,-0.003340,0.018244,0.980603,-0.195124
951.834000,-1.05305,0.92395,2.18000,-0.01229,0.01938,0.00117,-0.003340,0.018244,0.980603,-0.195124
951.867000,-1.05305,0.92395,2.18000,-0.01229,0.01938,0.00117,-0.003340,0.018244,0.980603,-0.195124
951.900000,-1.05305,0.92395,2.18000,-0.01229,0.01938,0.00117,-0.003340,0.018244,0.980603,-0.195124
951.934000,-1.05305,0.92395,2.18000,-0.01229,0.01938,0.00117,-0.003340,0.018244,0.980603,-0.195124
951.967000,-1.05305,0.92395,2.18000,-0.01229,0.01938,0.00117,-0.003340,0.018244,0.980603,-0.195124
952.000000,-1.05305,0.92395,2.18000,-0.01229,0.01938,0.00117,-0.003340,0.018244,0.980603,-0.195124
952.035000,-1.05305,0.93508,2.18000,-0.10138,0.23612,-0.00102,-0.016225,0.081728,0.977444,-0.194063
952.067000,-1.05305,0.93508,2.18000,-0.10138,0.23612,-0.00102,-0.016225,0.081728,0.977444,-0.194063
952.100000,-1.05305,0.93508,2.18000,-0.10138,0.23612,-0.00102,-0.016225,0.081728,0.977444,-0.194063
952.134000,-1.05305,0.93508,2.18000,-0.10138,0.23612,-0.00102,-0.016225,0.081728,0.977444,-0.194063
952.167000,-1.05305,0.93508,2.18000,-0.10138,0.23612,-0.00102,-0.016225,0.081728,0.977444,-0.194063
952.200000,-1.05305,0.93508,2.18000,-0.10138,0.23612,-0.00102,-0.016225,0.081728,0.977444,-0.194063
952.234000,-1.05305,0.93508,2.18000,-0.10138,0.23612,-0.00102,-0.016225,0.081728,0.977444,-0.194063
952.268000,-1.05305,0.93508,2.18000,-0.10138,0.23612,-0.00102,-0.026371,0.115303,0.982181,-0.146051
952.300000,-1.11660,1.05753,2.18000,-0.30838,0.74178,-0.00429,-0.026371,0.115303,0.982181,-0.146051
952.334000,-1.11660,1.05753,2.18000,-0.30838,0.74178,-0.00429,-0.026371,0.115303,0.982181,-0.146051
952.367000,-1.11660,1.05753,2.18000,-0.30838,0.74178,-0.00429,-0.026371,0.115303,0.982181,-0.146051
952.400000,-1.11660,1.05753,2.18000,-0.30838,0.74178,-0.00429,-0.026371,0.115303,0.982181,-0.146051
952.434000,-1.11660,1.05753,2.18000,-0.30838,0.74178,-0.00429,-0.026371,0.115303,0.982181,-0.146051
952.467000,-1.11660,1.05753,2.18000,-0.30838,0.74178,-0.00429,-0.026371,0.115303,0.982181,-0.146051
952.500000,-1.11660,1.05753,2.18000,-0.30838,0.74178,-0.00429,-0.026371,0.115303,0.982181,-0.146051
952.535000,-1.20738,1.29130,2.18000,-0.45066,1.19932,0.00102,-0.006579,0.070420,0.997075,-0.028959
952.567000,-1.20738,1.29130,2.18000,-0.45066,1.19932,0.00102,-0.006579,0.070420,0.997075,-0.028959
952.600000,-1.20738,1.29130,2.18000,-0.45066,1.19932,0.00102,-0.006579,0.070420,0.997075,-0.028959
952.634000,-1.20738,1.29130,2.18000,-0.45066,1.19932,0.00102,-0.006579,0.070420,0.997075,-0.028959
952.667000,-1.20738,1.29130,2.18000,-0.45066,1.19932,0.00102,-0.006579,0.070420,0.997075,-0.028959
952.700000,-1.20738,1.29130,2.18000,-0.45066,1.19932,0.00102,-0.006579,0.070420,0.997075,-0.028959
952.734000,-1.20738,1.29130,2.18000,-0.45066,1.19932,0.00102,-0.006579,0.070420,0.997075,-0.028959
952.768000,-1.30724,1.62526,2.18000,-0.38035,1.45334,0.00579,0.030946,0.031006,0.993905,0.101158
952.800000,-1.30724,1.62526,2.18000,-0.38035,1.45334,0.00579,0.030946,0.031006,0.993905,0.101158
952.834000,-1.30724,1.62526,2.18000,-0.38035,1.45334,0.00579,0.030946,0.031006,0.993905,0.101158
952.867000,-1.30724,1.62526,2.18000,-0.38035,1.45334,0.00579,0.030946,0.031006,0.993905,0.101158
952.900000,-1.30724,1.62526,2.18000,-0.38035,1.45334,0.00579,0.030946,0.031006,0.993905,0.101158
952.934000,-1.30724,1.62526,2.18000,-0.38035,1.45334,0.00579,0.030946,0.031006,0.993905,0.101158
952.967000,-1.30724,1.62526,2.18000,-0.38035,1.45334,0.00579,0.030946,0.031006,0.993905,0.101158
953.000000,-1.30724,1.62526,2.18000,-0.38035,1.45334,0.00579,0.030946,0.031006,0.993905,0.101158
953.035000,-1.37986,2.00374,2.18000,-0.18819,1.38445,0.00182,0.050445,-0.047782,0.969745,0.234024
953.067000,-1.37986,2.00374,2.18000,-0.18819,1.38445,0.00182,0.050445,-0.047782,0.969745,0.234024
953.101000,-1.37986,2.00374,2.18000,-0.18819,1.38445,0.00182,0.050445,-0.047782,0.969745,0.234024
953.134000,-1.37986,2.00374,2.18000,-0.18819,1.38445,0.00182,0.050445,-0.047782,0.969745,0.234024
953.167000,-1.37986,2.00374,2.18000,-0.18819,1.38445,0.00182,0.050445,-0.047782,0.969745,0.234024
953.200000,-1.37986,2.00374,2.18000,-0.18819,1.38445,0.00182,0.050445,-0.047782,0.969745,0.234024
953.234000,-1.37986,2.00374,2.18000,-0.18819,1.38445,0.00182,0.050445,-0.047782,0.969745,0.234024
953.268000,-1.40710,2.29317,2.18000,-0.03493,0.91694,0.00662,0.063387,-0.099189,0.924696,0.362050
953.300000,-1.40710,2.29317,2.18000,-0.03493,0.91694,0.00662,0.063387,-0.099189,0.924696,0.362050
953.334000,-1.40710,2.29317,2.18000,-0.03493,0.91694,0.00662,0.063387,-0.099189,0.924696,0.362050
953.367000,-1.40710,2.29317,2.18000,-0.03493,0.91694,0.00662,0.063387,-0.099189,0.924696,0.362050
953.400000,-1.40710,2.29317,2.18000,-0.03493,0.91694,0.00662,0.063387,-0.099189,0.924696,0.362050
953.434000,-1.40710,2.29317,2.18000,-0.03493,0.91694,0.00662,0.063387,-0.099189,0.924696,0.362050
953.467000,-1.40710,2.29317,2.18000,-0.03493,0.91694,0.00662,0.063387,-0.099189,0.924696,0.362050
953.500000,-1.40710,2.29317,2.18000,-0.03493,0.91694,0.00662,0.063387,-0.099189,0.924696,0.362050
953.535000,-1.40710,2.44901,2.18000,0.03540,0.36831,0.00754,0.050092,-0.079529,0.878468,0.468465
953.567000,-1.40710,2.44901,2.18000,0.03540,0.36831,0.00754,0.050092,-0.079529,0.878468,0.468465
953.600000,-1.40710,2.44901,2.18000,0.03540,0.36831,0.00754,0.050092,-0.079529,0.878468,0.468465
953.634000,-1.40710,2.44901,2.18000,0.03540,0.36831,0.00754,0.050092,-0.079529,0.878468,0.468465
953.667000,-1.40710,2.44901,2.18000,0.03540,0.36831,0.00754,0.050092,-0.079529,0.878468,0.468465
953.700000,-1.40710,2.44901,2.18000,0.03540,0.36831,0.00754,0.050092,-0.079529,0.878468,0.468465
953.734000,-1.40710,2.44901,2.18000,0.03540,0.36831,0.00754,0.050092,-0.079529,0.878468,0.468465
953.768000,-1.39802,2.49354,2.18000,0.05766,0.02340,0.00102,0.025697,-0.040525,0.869657,0.491318
953.801000,-1.39802,2.49354,2.18000,0.05766,0.02340,0.00102,0.025697,-0.040525,0.869657,0.491318
953.834000,-1.39802,2.49354,2.18000,0.05766,0.02340,0.00102,0.025697,-0.040525,0.869657,0.491318
953.867000,-1.39802,2.49354,2.18000,0.05766,0.02340,0.00102,0.025697,-0.040525,0.869657,0.491318
953.900000,-1.39802,2.49354,2.18000,0.05766,0.02340,0.00102,0.025697,-0.040525,0.869657,0.491318
953.934000,-1.39802,2.49354,2.18000,0.05766,0.02340,0.00102,0.025697,-0.040525,0.869657,0.491318
953.967000,-1.39802,2.49354,2.18000,0.05766,0.02340,0.00102,0.025697,-0.040525,0.869657,0.491318
954.000000,-1.39802,2.49354,2.18000,0.05766,0.02340,0.00102,0.025697,-0.040525,0.869657,0.491318
954.035000,-1.38894,2.49354,2.18000,0.06417,-0.12493,-0.00679,0.007973,-0.013965,0.867270,0.497579
954.067000,-1.38894,2.49354,2.18000,0.06417,-0.12493,-0.00679,0.007973,-0.013965,0.867270,0.497579
954.100000,-1.38894,2.49354,2.18000,0.06417,-0.12493,-0.00679,0.007973,-0.013965,0.867270,0.497579
954.134000,-1.38894,2.49354,2.18000,0.06417,-0.12493,-0.00679,0.007973,-0.013965,0.867270,0.497579
954.167000,-1.38894,2.49354,2.18000,0.06417,-0.12493,-0.00679,0.007973,-0.013965,0.867270,0.497579
954.200000,-1.38894,2.49354,2.18000,0.06417,-0.12493,-0.00679,0.007973,-0.013965,0.867270,0.497579
954.234000,-1.38894,2.49354,2.18000,0.06417,-0.12493,-0.00679,0.007973,-0.013965,0.867270,0.497579
954.268000,-1.38894,2.49354,2.18000,0.06417,-0.12493,-0.00679,-0.002925,-0.001903,0.865801,0.500376
954.300000,-1.37986,2.44901,2.18000,0.05463,-0.16192,-0.00307,-0.002925,-0.001903,0.865801,0.500376
954.334000,-1.37986,2.44901,2.18000,0.05463,-0.16192,-0.00307,-0.002925,-0.001903,0.865801,0.500376
954.367000,-1.37986,2.44901,2.18000,0.05463,-0.16192,-0.00307,-0.002925,-0.001903,0.865801,0.500376
954.401000,-1.37986,2.44901,2.18000,0.05463,-0.16192,-0.00307,-0.002925,-0.001903,0.865801,0.500376
954.434000,-1.37986,2.44901,2.18000,0.05463,-0.16192,-0.00307,-0.002925,-0.001903,0.865801,0.500376
954.467000,-1.37986,2.44901,2.18000,0.05463,-0.16192,-0.00307,-0.002925,-0.001903,0.865801,0.500376
954.500000,-1.37986,2.44901,2.18000,0.05463,-0.16192,-0.00307,-0.002925,-0.001903,0.865801,0.500376
954.535000,-1.36171,2.41562,2.18000,0.04509,-0.13058,-0.00020,-0.006466,0.008671,0.865452,0.500875
954.567000,-1.36171,2.41562,2.18000,0.04509,-0.13058,-0.00020,-0.006466,0.008671,0.865452,0.500875
954.601000,-1.36171,2.41562,2.18000,0.04509,-0.13058,-0.00020,-0.006466,0.008671,0.865452,0.500875
954.634000,-1.36171,2.41562,2.18000,0.04509,-0.13058,-0.00020,-0.006466,0.008671,0.865452,0.500875
954.667000,-1.36171,2.41562,2.18000,0.04509,-0.13058,-0.00020,-0.006466,0.008671,0.865452,0.500875
954.700000,-1.36171,2.41562,2.18000,0.04509,-0.13058,-0.00020,-0.006466,0.008671,0.865452,0.500875
954.734000,-1.36171,2.41562,2.18000,0.04509,-0.13058,-0.00020,-0.006466,0.008671,0.865452,0.500875
954.768000,-1.35263,2.38222,2.18000,0.02575,-0.07821,-0.00577,-0.010631,0.006317,0.865471,0.500806
954.800000,-1.35263,2.38222,2.18000,0.02575,-0.07821,-0.00577,-0.010631,0.006317,0.865471,0.500806
954.834000,-1.35263,2.38222,2.18000,0.02575,-0.07821,-0.00577,-0.010631,0.006317,0.865471,0.500806
954.867000,-1.35263,2.38222,2.18000,0.02575,-0.07821,-0.00577,-0.010631,0.006317,0.865471,0.500806
954.900000,-1.35263,2.38222,2.18000,0.02575,-0.07821,-0.00577,-0.010631,0.006317,0.865471,0.500806
954.934000,-1.35263,2.38222,2.18000,0.02575,-0.07821,-0.00577,-0.010631,0.006317,0.865471,0.500806
954.967000,-1.35263,2.38222,2.18000,0.02575,-0.07821,-0.00577,-0.010631,0.006317,0.865471,0.500806
955.000000,-1.35263,2.38222,2.18000,0.02575,-0.07821,-0.00577,-0.010631,0.006317,0.865471,0.500806
955.035000,-1.34355,2.37109,2.18000,0.00871,-0.01835,-0.00692,-0.007034,0.010898,0.865859,0.500119
955.067000,-1.34355,2.37109,2.18000,0.00871,-0.01835,-0.00692,-0.007034,0.010898,0.865859,0.500119
955.100000,-1.34355,2.37109,2.18000,0.00871,-0.01835,-0.00692,-0.007034,0.010898,0.865859,0.500119
955.134000,-1.34355,2.37109,2.18000,0.00871,-0.01835,-0.00692,-0.007034,0.010898,0.865859,0.500119
955.167000,-1.34355,2.37109,2.18000,0.00871,-0.01835,-0.00692,-0.007034,0.010898,0.865859,0.500119
955.201000,-1.34355,2.37109,2.18000,0.00871,-0.01835,-0.00692,-0.007034,0.010898,0.865859,0.500119
955.234000,-1.34355,2.37109,2.18000,0.00871,-0.01835,-0.00692,-0.007034,0.010898,0.865859,0.500119
955.268000,-1.34355,2.37109,2.18000,0.00871,-0.01835,-0.00692,-0.008095,0.002878,0.866284,0.499478
955.300000,-1.34355,2.37109,2.18000,-0.00658,0.03014,-0.00422,-0.008095,0.002878,0.866284,0.499478
955.334000,-1.34355,2.37109,2.18000,-0.00658,0.03014,-0.00422,-0.008095,0.002878,0.866284,0.499478
955.367000,-1.34355,2.37109,2.18000,-0.00658,0.03014,-0.00422,-0.008095,0.002878,0.866284,0.499478
955.401000,-1.34355,2.37109,2.18000,-0.00658,0.03014,-0.00422,-0.008095,0.002878,0.866284,0.499478
955.434000,-1.34355,2.37109,2.18000,-0.00658,0.03014,-0.00422,-0.008095,0.002878,0.866284,0.499478
955.467000,-1.34355,2.37109,2.18000,-0.00658,0.03014,-0.00422,-0.008095,0.002878,0.866284,0.499478
955.500000,-1.34355,2.37109,2.18000,-0.00658,0.03014,-0.00422,-0.008095,0.002878,0.866284,0.499478
955.535000,-1.35263,2.38222,2.18000,-0.01886,0.06058,-0.00016,-0.002123,0.005228,0.866626,0.498926
955.567000,-1.35263,2.38222,2.18000,-0.01886,0.06058,-0.00016,-0.002123,0.005228,0.866626,0.498926
955.600000,-1.35263,2.38222,2.18000,-0.01886,0.06058,-0.00016,-0.002123,0.005228,0.866626,0.498926
955.634000,-1.35263,2.38222,2.18000,-0.01886,0.06058,-0.00016,-0.002123,0.005228,0.866626,0.498926
955.667000,-1.35263,2.38222,2.18000,-0.01886,0.06058,-0.00016,-0.002123,0.005228,0.866626,0.498926
955.700000,-1.35263,2.38222,2.18000,-0.01886,0.06058,-0.00016,-0.002123,0.005228,0.866626,0.498926
955.734000,-1.35263,2.38222,2.18000,-0.01886,0.06058,-0.00016,-0.002123,0.005228,0.866626,0.498926
955.768000,-1.35263,2.39336,2.18000,-0.02045,0.07667,0.00008,-0.002529,-0.000180,0.867075,0.498171
955.800000,-1.35263,2.39336,2.18000,-0.02045,0.07667,0.00008,-0.002529,-0.000180,0.867075,0.498171
955.834000,-1.35263,2.39336,2.18000,-0.02045,0.07667,0.00008,-0.002529,-0.000180,0.867075,0.498171
955.867000,-1.35263,2.39336,2.18000,-0.02045,0.07667,0.00008,-0.002529,-0.000180,0.867075,0.498171
955.900000,-1.35263,2.39336,2.18000,-0.02045,0.07667,0.00008,-0.002529,-0.000180,0.867075,0.498171
955.935000,-1.35263,2.39336,2.18000,-0.02045,0.07667,0.00008,-0.002529,-0.000180,0.867075,0.498171
955.967000,-1.35263,2.39336,2.18000,-0.02045,0.07667,0.00008,-0.002529,-0.000180,0.867075,0.498171
956.000000,-1.35263,2.39336,2.18000,-0.02045,0.07667,0.00008,-0.002529,-0.000180,0.867075,0.498171
956.035000,-1.35263,2.42675,2.18000,-0.02508,0.07853,0.00015,0.000696,-0.000518,0.867339,0.497716
956.067000,-1.35263,2.42675,2.18000,-0.02508,0.07853,0.00015,0.000696,-0.000518,0.867339,0.497716
956.100000,-1.35263,2.42675,2.18000,-0.02508,0.07853,0.00015,0.000696,-0.000518,0.867339,0.497716
956.134000,-1.35263,2.42675,2.18000,-0.02508,0.07853,0.00015,0.000696,-0.000518,0.867339,0.497716
956.167000,-1.35263,2.42675,2.18000,-0.02508,0.07853,0.00015,0.000696,-0.000518,0.867339,0.497716
956.201000,-1.35263,2.42675,2.18000,-0.02508,0.07853,0.00015,0.000696,-0.000518,0.867339,0.497716
956.234000,-1.35263,2.42675,2.18000,-0.02508,0.07853,0.00015,0.000696,-0.000518,0.867339,0.497716
956.268000,-1.35263,2.42675,2.18000,-0.02508,0.07853,0.00015,0.001656,-0.002692,0.867718,0.497047
956.301000,-1.36171,2.42675,2.18000,-0.02456,0.06656,0.00110,0.001656,-0.002692,0.867718,0.497047
956.334000,-1.36171,2.42675,2.18000,-0.02456,0.06656,0.00110,0.001656,-0.002692,0.867718,0.497047
956.367000,-1.36171,2.42675,2.18000,-0.02456,0.06656,0.00110,0.001656,-0.002692,0.867718,0.497047
956.400000,-1.36171,2.42675,2.18000,-0.02456,0.06656,0.00110,0.001656,-0.002692,0.867718,0.497047
956.434000,-1.36171,2.42675,2.18000,-0.02456,0.06656,0.00110,0.001656,-0.002692,0.867718,0.497047
956.467000,-1.36171,2.42675,2.18000,-0.02456,0.06656,0.00110,0.001656,-0.002692,0.867718,0.497047
956.500000,-1.36171,2.42675,2.18000,-0.02456,0.06656,0.00110,0.001656,-0.002692,0.867718,0.497047
956.535000,-1.36171,2.44901,2.18000,-0.02434,0.05027,0.00084,0.001597,-0.003359,0.868001,0.496548
956.567000,-1.36171,2.44901,2.18000,-0.02434,0.05027,0.00084,0.001597,-0.003359,0.868001,0.496548
956.600000,-1.36171,2.44901,2.18000,-0.02434,0.05027,0.00084,0.001597,-0.003359,0.868001,0.496548
956.634000,-1.36171,2.44901,2.18000,-0.02434,0.05027,0.00084,0.001597,-0.003359,0.868001,0.496548
956.667000,-1.36171,2.44901,2.18000,-0.02434,0.05027,0.00084,0.001597,-0.003359,0.868001,0.496548
956.700000,-1.36171,2.44901,2.18000,-0.02434,0.05027,0.00084,0.001597,-0.003359,0.868001,0.496548
956.734000,-1.36171,2.44901,2.18000,-0.02434,0.05027,0.00084,0.001597,-0.003359,0.868001,0.496548
956.768000,-1.37986,2.44901,2.18000,-0.01637,0.03581,0.00169,0.004389,-0.000089,0.868326,0.495975
956.800000,-1.37986,2.44901,2.18000,-0.01637,0.03581,0.00169,0.004389,-0.000089,0.868326,0.495975
956.834000,-1.37986,2.44901,2.18000,-0.01637,0.03581,0.00169,0.004389,-0.000089,0.868326,0.495975
956.867000,-1.37986,2.44901,2.18000,-0.01637,0.03581,0.00169,0.004389,-0.000089,0.868326,0.495975
956.900000,-1.37986,2.44901,2.18000,-0.01637,0.03581,0.00169,0.004389,-0.000089,0.868326,0.495975
956.934000,-1.37986,2.44901,2.18000,-0.01637,0.03581,0.00169,0.004389,-0.000089,0.868326,0.495975
956.967000,-1.37986,2.44901,2.18000,-0.01637,0.03581,0.00169,0.004389,-0.000089,0.868326,0.495975
957.000000,-1.37986,2.44901,2.18000,-0.01637,0.03581,0.00169,0.004389,-0.000089,0.868326,0.495975
957.035000,-1.37986,2.46015,2.18000,-0.00774,0.01848,-0.00661,0.001847,-0.004331,0.868522,0.495628
957.067000,-1.37986,2.46015,2.18000,-0.00774,0.01848,-0.00661,0.001847,-0.004331,0.868522,0.495628
957.100000,-1.37986,2.46015,2.18000,-0.00774,0.01848,-0.00661,0.001847,-0.004331,0.868522,0.495628
957.134000,-1.37986,2.46015,2.18000,-0.00774,0.01848,-0.00661,0.001847,-0.004331,0.868522,0.495628
957.167000,-1.37986,2.46015,2.18000,-0.00774,0.01848,-0.00661,0.001847,-0.004331,0.868522,0.495628
957.200000,-1.37986,2.46015,2.18000,-0.00774,0.01848,-0.00661,0.001847,-0.004331,0.868522,0.495628
957.234000,-1.37986,2.46015,2.18000,-0.00774,0.01848,-0.00661,0.001847,-0.004331,0.868522,0.495628
957.268000,-1.37986,2.46015,2.18000,-0.00019,0.00604,-0.00201,0.003308,0.001378,0.868865,0.495036
957.300000,-1.37986,2.46015,2.18000,-0.00019,0.00604,-0.00201,0.003308,0.001378,0.868865,0.495036
957.334000,-1.37986,2.46015,2.18000,-0.00019,0.00604,-0.00201,0.003308,0.001378,0.868865,0.495036
957.367000,-1.37986,2.46015,2.18000,-0.00019,0.00604,-0.00201,0.003308,0.001378,0.868865,0.495036
957.400000,-1.37986,2.46015,2.18000,-0.00019,0.00604,-0.00201,0.003308,0.001378,0.868865,0.495036
957.434000,-1.37986,2.46015,2.18000,-0.00019,0.00604,-0.00201,0.003308,0.001378,0.868865,0.495036
957.467000,-1.37986,2.46015,2.18000,-0.00019,0.00604,-0.00201,0.003308,0.001378,0.868865,0.495036
957.500000,-1.37986,2.46015,2.18000,-0.00019,0.00604,-0.00201,0.003308,0.001378,0.868865,0.495036
957.535000,-1.37986,2.46015,2.18000,0.00446,-0.00086,-0.00235,-0.000395,-0.003276,0.869022,0.494763
957.567000,-1.37986,2.46015,2.18000,0.00446,-0.00086,-0.00235,-0.000395,-0.003276,0.869022,0.494763
957.601000,-1.37986,2.46015,2.18000,0.00446,-0.00086,-0.00235,-0.000395,-0.003276,0.869022,0.494763
957.634000,-1.37986,2.46015,2.18000,0.00446,-0.00086,-0.00235,-0.000395,-0.003276,0.869022,0.494763
957.667000,-1.37986,2.46015,2.18000,0.00446,-0.00086,-0.00235,-0.000395,-0.003276,0.869022,0.494763
957.700000,-1.37986,2.46015,2.18000,0.00446,-0.00086,-0.00235,-0.000395,-0.003276,0.869022,0.494763
957.734000,-1.37986,2.46015,2.18000,0.00446,-0.00086,-0.00235,-0.000395,-0.003276,0.869022,0.494763
957.768000,-1.37986,2.46015,2.18000,0.00529,-0.00638,-0.00190,0.001882,0.001520,0.869252,0.494364
957.800000,-1.37986,2.46015,2.18000,0.00529,-0.00638,-0.00190,0.001882,0.001520,0.869252,0.494364
957.834000,-1.37986,2.46015,2.18000,0.00529,-0.00638,-0.00190,0.001882,0.001520,0.869252,0.494364
957.867000,-1.37986,2.46015,2.18000,0.00529,-0.00638,-0.00190,0.001882,0.001520,0.869252,0.494364
957.900000,-1.37986,2.46015,2.18000,0.00529,-0.00638,-0.00190,0.001882,0.001520,0.869252,0.494364
957.934000,-1.37986,2.46015,2.18000,0.00529,-0.00638,-0.00190,0.001882,0.001520,0.869252,0.494364
957.967000,-1.37986,2.46015,2.18000,0.00529,-0.00638,-0.00190,0.001882,0.001520,0.869252,0.494364
958.000000,-1.37986,2.46015,2.18000,0.00529,-0.00638,-0.00190,0.001882,0.001520,0.869252,0.494364
958.035000,-1.37986,2.46015,2.17000,0.00835,-0.00889,0.00260,-0.000373,-0.001910,0.869582,0.493784
958.067000,-1.37986,2.46015,2.17000,0.00835,-0.00889,0.00260,-0.000373,-0.001910,0.869582,0.493784
958.100000,-1.37986,2.46015,2.17000,0.00835,-0.00889,0.00260,-0.000373,-0.001910,0.869582,0.493784
958.134000,-1.37986,2.46015,2.17000,0.00835,-0.00889,0.00260,-0.000373,-0.001910,0.869582,0.493784
958.167000,-1.37986,2.46015,2.17000,0.00835,-0.00889,0.00260,-0.000373,-0.001910,0.869582,0.493784
958.200000,-1.37986,2.46015,2.17000,0.00835,-0.00889,0.00260,-0.000373,-0.001910,0.869582,0.493784
958.234000,-1.37986,2.46015,2.17000,0.00835,-0.00889,0.00260,-0.000373,-0.001910,0.869582,0.493784
958.268000,-1.37986,2.46015,2.18000,0.00674,-0.01279,0.00541,0.000779,0.000550,0.869657,0.493656
958.300000,-1.37986,2.46015,2.18000,0.00674,-0.01279,0.00541,0.000779,0.000550,0.869657,0.493656
958.334000,-1.37986,2.46015,2.18000,0.00674,-0.01279,0.00541,0.000779,0.000550,0.869657,0.493656
958.367000,-1.37986,2.46015,2.18000,0.00674,-0.01279,0.00541,0.000779,0.000550,0.869657,0.493656
958.400000,-1.37986,2.46015,2.18000,0.00674,-0.01279,0.00541,0.000779,0.000550,0.869657,0.493656
958.434000,-1.37986,2.46015,2.18000,0.00674,-0.01279,0.00541,0.000779,0.000550,0.869657,0.493656
958.467000,-1.37986,2.46015,2.18000,0.00674,-0.01279,0.00541,0.000779,0.000550,0.869657,0.493656
958.500000,-1.37986,2.46015,2.18000,0.00674,-0.01279,0.00541,0.000779,0.000550,0.869657,0.493656
958.535000,-1.37986,2.46015,2.18000,0.00885,-0.01299,0.00303,-0.000065,-0.000294,0.869932,0.493172
958.567000,-1.37986,2.46015,2.18000,0.00885,-0.01299,0.00303,-0.000065,-0.000294,0.869932,0.493172
958.600000,-1.37986,2.46015,2.18000,0.00885,-0.01299,0.00303,-0.000065,-0.000294,0.869932,0.493172
958.634000,-1.37986,2.46015,2.18000,0.00885,-0.01299,0.00303,-0.000065,-0.000294,0.869932,0.493172
958.667000,-1.37986,2.46015,2.18000,0.00885,-0.01299,0.00303,-0.000065,-0.000294,0.869932,0.493172
958.701000,-1.37986,2.46015,2.18000,0.00885,-0.01299,0.00303,-0.000065,-0.000294,0.869932,0.493172
958.734000,-1.37986,2.46015,2.18000,0.00885,-0.01299,0.00303,-0.000065,-0.000294,0.869932,0.493172
958.768000,-1.37986,2.46015,2.18000,0.00527,-0.01530,0.00293,-0.000416,-0.000690,0.870003,0.493046
958.800000,-1.37986,2.46015,2.18000,0.00527,-0.01530,0.00293,-0.000416,-0.000690,0.870003,0.493046
958.834000,-1.37986,2.46015,2.18000,0.00527,-0.01530,0.00293,-0.000416,-0.000690,0.870003,0.493046
958.867000,-1.37986,2.46015,2.18000,0.00527,-0.01530,0.00293,-0.000416,-0.000690,0.870003,0.493046
958.900000,-1.37986,2.46015,2.18000,0.00527,-0.01530,0.00293,-0.000416,-0.000690,0.870003,0.493046
958.934000,-1.37986,2.46015,2.18000,0.00527,-0.01530,0.00293,-0.000416,-0.000690,0.870003,0.493046
958.967000,-1.37986,2.46015,2.18000,0.00527,-0.01530,0.00293,-0.000416,-0.000690,0.870003,0.493046
959.000000,-1.37986,2.46015,2.18000,0.00527,-0.01530,0.00293,-0.000416,-0.000690,0.870003,0.493046
959.035000,-1.37986,2.46015,2.18000,0.00782,-0.01379,0.00226,0.000891,0.001607,0.870273,0.492567
959.067000,-1.37986,2.46015,2.18000,0.00782,-0.01379,0.00226,0.000891,0.001607,0.870273,0.492567
959.100000,-1.37986,2.46015,2.18000,0.00782,-0.01379,0.00226,0.000891,0.001607,0.870273,0.492567
959.134000,-1.37986,2.46015,2.18000,0.00782,-0.01379,0.00226,0.000891,0.001607,0.870273,0.492567
959.167000,-1.37986,2.46015,2.18000,0.00782,-0.01379,0.00226,0.000891,0.001607,0.870273,0.492567
959.201000,-1.37986,2.46015,2.18000,0.00782,-0.01379,0.00226,0.000891,0.001607,0.870273,0.492567
959.234000,-1.37986,2.46015,2.18000,0.00782,-0.01379,0.00226,0.000891,0.001607,0.870273,0.492567
959.268000,-1.37986,2.46015,2.18000,0.00696,-0.01412,-0.00098,-0.000876,-0.001451,0.870286,0.492544
959.301000,-1.37986,2.46015,2.18000,0.00696,-0.01412,-0.00098,-0.000876,-0.001451,0.870286,0.492544
959.334000,-1.37986,2.46015,2.18000,0.00696,-0.01412,-0.00098,-0.000876,-0.001451,0.870286,0.492544
959.367000,-1.37986,2.46015,2.18000,0.00696,-0.01412,-0.00098,-0.000876,-0.001451,0.870286,0.492544
959.400000,-1.37986,2.46015,2.18000,0.00696,-0.01412,-0.00098,-0.000876,-0.001451,0.870286,0.492544
959.434000,-1.37986,2.46015,2.18000,0.00696,-0.01412,-0.00098,-0.000876,-0.001451,0.870286,0.492544
959.467000,-1.37986,2.46015,2.18000,0.00696,-0.01412,-0.00098,-0.000876,-0.001451,0.870286,0.492544
959.500000,-1.37986,2.46015,2.18000,0.00696,-0.01412,-0.00098,-0.000876,-0.001451,0.870286,0.492544
959.535000,-1.37986,2.44901,2.18000,0.00905,-0.01230,0.00010,0.001099,0.002884,0.870483,0.492190
959.567000,-1.37986,2.44901,2.18000,0.00905,-0.01230,0.00010,0.001099,0.002884,0.870483,0.492190
959.601000,-1.37986,2.44901,2.18000,0.00905,-0.01230,0.00010,0.001099,0.002884,0.870483,0.492190
959.634000,-1.37986,2.44901,2.18000,0.00905,-0.01230,0.00010,0.001099,0.002884,0.870483,0.492190
959.667000,-1.37986,2.44901,2.18000,0.00905,-0.01230,0.00010,0.001099,0.002884,0.870483,0.492190
959.700000,-1.37986,2.44901,2.18000,0.00905,-0.01230,0.00010,0.001099,0.002884,0.870483,0.492190
959.734000,-1.37986,2.44901,2.18000,0.00905,-0.01230,0.00010,0.001099,0.002884,0.870483,0.492190
959.768000,-1.37986,2.44901,2.18000,0.00858,-0.00781,-0.00315,-0.001960,-0.001594,0.870613,0.491963
959.801000,-1.37986,2.44901,2.18000,0.00858,-0.00781,-0.00315,-0.001960,-0.001594,0.870613,0.491963
959.834000,-1.37986,2.44901,2.18000,0.00858,-0.00781,-0.00315,-0.001960,-0.001594,0.870613,0.491963
959.867000,-1.37986,2.44901,2.18000,0.00858,-0.00781,-0.00315,-0.001960,-0.001594,0.870613,0.491963
959.900000,-1.37986,2.44901,2.18000,0.00858,-0.00781,-0.00315,-0.001960,-0.001594,0.870613,0.491963
959.934000,-1.37986,2.44901,2.18000,0.00858,-0.00781,-0.00315,-0.001960,-0.001594,0.870613,0.491963
959.967000,-1.37986,2.44901,2.18000,0.00858,-0.00781,-0.00315,-0.001960,-0.001594,0.870613,0.491963
960.001000,-1.37986,2.44901,2.18000,0.00858,-0.00781,-0.00315,-0.001960,-0.001594,0.870613,0.491963
960.035000,-1.36171,2.44901,2.18000,0.00390,-0.00402,-0.00261,-0.000527,0.002521,0.870722,0.491769
960.067000,-1.36171,2.44901,2.18000,0.00390,-0.00402,-0.00261,-0.000527,0.002521,0.870722,0.491769
960.100000,-1.36171,2.44901,2.18000,0.00390,-0.00402,-0.00261,-0.000527,0.002521,0.870722,0.491769
960.134000,-1.36171,2.44901,2.18000,0.00390,-0.00402,-0.00261,-0.000527,0.002521,0.870722,0.491769
960.167000,-1.36171,2.44901,2.18000,0.00390,-0.00402,-0.00261,-0.000527,0.002521,0.870722,0.491769
960.200000,-1.36171,2.44901,2.18000,0.00390,-0.00402,-0.00261,-0.000527,0.002521,0.870722,0.491769
960.234000,-1.36171,2.44901,2.18000,0.00390,-0.00402,-0.00261,-0.000527,0.002521,0.870722,0.491769
960.268000,-1.36171,2.44901,2.18000,0.00390,-0.00402,-0.00261,-0.035699,0.016477,0.870284,0.490978
960.301000,-1.37986,2.44901,2.18000,-0.03602,0.05453,-0.00037,-0.035699,0.016477,0.870284,0.490978
960.334000,-1.37986,2.44901,2.18000,-0.03602,0.05453,-0.00037,-0.035699,0.016477,0.870284,0.490978
960.367000,-1.37986,2.44901,2.18000,-0.03602,0.05453,-0.00037,-0.035699,0.016477,0.870284,0.490978
960.400000,-1.37986,2.44901,2.18000,-0.03602,0.05453,-0.00037,-0.035699,0.016477,0.870284,0.490978
960.434000,-1.37986,2.44901,2.18000,-0.03602,0.05453,-0.00037,-0.035699,0.016477,0.870284,0.490978
960.467000,-1.37986,2.44901,2.18000,-0.03602,0.05453,-0.00037,-0.035699,0.016477,0.870284,0.490978
960.500000,-1.37986,2.44901,2.18000,-0.03602,0.05453,-0.00037,-0.035699,0.016477,0.870284,0.490978
960.535000,-1.38894,2.49354,2.18000,-0.23543,0.38345,-0.00394,-0.097900,0.057865,0.864170,0.490180
960.567000,-1.38894,2.49354,2.18000,-0.23543,0.38345,-0.00394,-0.097900,0.057865,0.864170,0.490180
960.600000,-1.38894,2.49354,2.18000,-0.23543,0.38345,-0.00394,-0.097900,0.057865,0.864170,0.490180
960.634000,-1.38894,2.49354,2.18000,-0.23543,0.38345,-0.00394,-0.097900,0.057865,0.864170,0.490180
960.667000,-1.38894,2.49354,2.18000,-0.23543,0.38345,-0.00394,-0.097900,0.057865,0.864170,0.490180
960.700000,-1.38894,2.49354,2.18000,-0.23543,0.38345,-0.00394,-0.097900,0.057865,0.864170,0.490180
960.734000,-1.38894,2.49354,2.18000,-0.23543,0.38345,-0.00394,-0.097900,0.057865,0.864170,0.490180
960.768000,-1.48880,2.64939,2.18000,-0.54027,0.89116,0.00181,-0.093195,0.050643,0.864609,0.491123
960.800000,-1.48880,2.64939,2.18000,-0.54027,0.89116,0.00181,-0.093195,0.050643,0.864609,0.491123
960.834000,-1.48880,2.64939,2.18000,-0.54027,0.89116,0.00181,-0.093195,0.050643,0.864609,0.491123
960.867000,-1.48880,2.64939,2.18000,-0.54027,0.89116,0.00181,-0.093195,0.050643,0.864609,0.491123
960.900000,-1.48880,2.64939,2.18000,-0.54027,0.89116,0.00181,-0.093195,0.050643,0.864609,0.491123
960.934000,-1.48880,2.64939,2.18000,-0.54027,0.89116,0.00181,-0.093195,0.050643,0.864609,0.491123
960.967000,-1.48880,2.64939,2.18000,-0.54027,0.89116,0.00181,-0.093195,0.050643,0.864609,0.491123
961.000000,-1.48880,2.64939,2.18000,-0.54027,0.89116,0.00181,-0.093195,0.050643,0.864609,0.491123
961.035000,-1.65220,2.91655,2.18000,-0.74315,1.22422,0.00334,-0.044521,0.026763,0.867496,0.494725
961.067000,-1.65220,2.91655,2.18000,-0.74315,1.22422,0.00334,-0.044521,0.026763,0.867496,0.494725
961.101000,-1.65220,2.91655,2.18000,-0.74315,1.22422,0.00334,-0.044521,0.026763,0.867496,0.494725
961.134000,-1.65220,2.91655,2.18000,-0.74315,1.22422,0.00334,-0.044521,0.026763,0.867496,0.494725
961.167000,-1.65220,2.91655,2.18000,-0.74315,1.22422,0.00334,-0.044521,0.026763,0.867496,0.494725
961.200000,-1.65220,2.91655,2.18000,-0.74315,1.22422,0.00334,-0.044521,0.026763,0.867496,0.494725
961.234000,-1.65220,2.91655,2.18000,-0.74315,1.22422,0.00334,-0.044521,0.026763,0.867496,0.494725
961.268000,-1.65220,2.91655,2.18000,-0.74315,1.22422,0.00334,0.013646,-0.007123,0.868482,0.495482
961.300000,-1.84284,3.23938,2.18000,-0.79064,1.31473,0.00703,0.013646,-0.007123,0.868482,0.495482
961.334000,-1.84284,3.23938,2.18000,-0.79064,1.31473,0.00703,0.013646,-0.007123,0.868482,0.495482
961.367000,-1.84284,3.23938,2.18000,-0.79064,1.31473,0.00703,0.013646,-0.007123,0.868482,0.495482
961.400000,-1.84284,3.23938,2.18000,-0.79064,1.31473,0.00703,0.013646,-0.007123,0.868482,0.495482
961.434000,-1.84284,3.23938,2.18000,-0.79064,1.31473,0.00703,0.013646,-0.007123,0.868482,0.495482
961.467000,-1.84284,3.23938,2.18000,-0.79064,1.31473,0.00703,0.013646,-0.007123,0.868482,0.495482
961.500000,-1.84284,3.23938,2.18000,-0.79064,1.31473,0.00703,0.013646,-0.007123,0.868482,0.495482
961.535000,-2.03348,3.56220,2.18000,-0.64091,1.06443,0.00942,0.088492,-0.050090,0.863902,0.493288
961.567000,-2.03348,3.56220,2.18000,-0.64091,1.06443,0.00942,0.088492,-0.050090,0.863902,0.493288
961.600000,-2.03348,3.56220,2.18000,-0.64091,1.06443,0.00942,0.088492,-0.050090,0.863902,0.493288
961.634000,-2.03348,3.56220,2.18000,-0.64091,1.06443,0.00942,0.088492,-0.050090,0.863902,0.493288
961.667000,-2.03348,3.56220,2.18000,-0.64091,1.06443,0.00942,0.088492,-0.050090,0.863902,0.493288
961.700000,-2.03348,3.56220,2.18000,-0.64091,1.06443,0.00942,0.088492,-0.050090,0.863902,0.493288
961.734000,-2.03348,3.56220,2.18000,-0.64091,1.06443,0.00942,0.088492,-0.050090,0.863902,0.493288
961.768000,-2.03348,3.56220,2.18000,-0.64091,1.06443,0.00942,0.107327,-0.058148,0.861853,0.492249
961.801000,-2.16057,3.76258,2.18000,-0.32485,0.54344,0.01085,0.107327,-0.058148,0.861853,0.492249
961.834000,-2.16057,3.76258,2.18000,-0.32485,0.54344,0.01085,0.107327,-0.058148,0.861853,0.492249
961.867000,-2.16057,3.76258,2.18000,-0.32485,0.54344,0.01085,0.107327,-0.058148,0.861853,0.492249
961.900000,-2.16057,3.76258,2.18000,-0.32485,0.54344,0.01085,0.107327,-0.058148,0.861853,0.492249
961.934000,-2.16057,3.76258,2.18000,-0.32485,0.54344,0.01085,0.107327,-0.058148,0.861853,0.492249
961.967000,-2.16057,3.76258,2.18000,-0.32485,0.54344,0.01085,0.107327,-0.058148,0.861853,0.492249
962.000000,-2.16057,3.76258,2.18000,-0.32485,0.54344,0.01085,0.107327,-0.058148,0.861853,0.492249
962.035000,-2.20596,3.84050,2.18000,-0.07264,0.11850,0.00342,0.062374,-0.038011,0.865651,0.495291
962.067000,-2.20596,3.84050,2.18000,-0.07264,0.11850,0.00342,0.062374,-0.038011,0.865651,0.495291
962.100000,-2.20596,3.84050,2.18000,-0.07264,0.11850,0.00342,0.062374,-0.038011,0.865651,0.495291
962.134000,-2.20596,3.84050,2.18000,-0.07264,0.11850,0.00342,0.062374,-0.038011,0.865651,0.495291
962.167000,-2.20596,3.84050,2.18000,-0.07264,0.11850,0.00342,0.062374,-0.038011,0.865651,0.495291
962.200000,-2.20596,3.84050,2.18000,-0.07264,0.11850,0.00342,0.062374,-0.038011,0.865651,0.495291
962.234000,-2.20596,3.84050,2.18000,-0.07264,0.11850,0.00342,0.062374,-0.038011,0.865651,0.495291
962.268000,-2.20596,3.84050,2.18000,-0.07264,0.11850,0.00342,0.027731,-0.012047,0.867662,0.496234
962.300000,-2.20596,3.84050,2.18000,0.05506,-0.09156,-0.00653,0.027731,-0.012047,0.867662,0.496234
962.334000,-2.20596,3.84050,2.18000,0.05506,-0.09156,-0.00653,0.027731,-0.012047,0.867662,0.496234
962.367000,-2.20596,3.84050,2.18000,0.05506,-0.09156,-0.00653,0.027731,-0.012047,0.867662,0.496234
962.401000,-2.20596,3.84050,2.18000,0.05506,-0.09156,-0.00653,0.027731,-0.012047,0.867662,0.496234
962.434000,-2.20596,3.84050,2.18000,0.05506,-0.09156,-0.00653,0.027731,-0.012047,0.867662,0.496234
962.467000,-2.20596,3.84050,2.18000,0.05506,-0.09156,-0.00653,0.027731,-0.012047,0.867662,0.496234
962.500000,-2.20596,3.84050,2.18000,0.05506,-0.09156,-0.00653,0.027731,-0.012047,0.867662,0.496234
962.535000,-2.17873,3.79597,2.18000,0.09545,-0.15664,-0.00924,0.001485,-0.004139,0.868006,0.496534
962.567000,-2.17873,3.79597,2.18000,0.09545,-0.15664,-0.00924,0.001485,-0.004139,0.868006,0.496534
962.600000,-2.17873,3.79597,2.18000,0.09545,-0.15664,-0.00924,0.001485,-0.004139,0.868006,0.496534
962.634000,-2.17873,3.79597,2.18000,0.09545,-0.15664,-0.00924,0.001485,-0.004139,0.868006,0.496534
962.667000,-2.17873,3.79597,2.18000,0.09545,-0.15664,-0.00924,0.001485,-0.004139,0.868006,0.496534
962.700000,-2.17873,3.79597,2.18000,0.09545,-0.15664,-0.00924,0.001485,-0.004139,0.868006,0.496534
962.734000,-2.17873,3.79597,2.18000,0.09545,-0.15664,-0.00924,0.001485,-0.004139,0.868006,0.496534
962.768000,-2.16057,3.77371,2.18000,0.08459,-0.13980,-0.01070,-0.006431,0.007152,0.867992,0.496485
962.800000,-2.16057,3.77371,2.18000,0.08459,-0.13980,-0.01070,-0.006431,0.007152,0.867992,0.496485
962.834000,-2.16057,3.77371,2.18000,0.08459,-0.13980,-0.01070,-0.006431,0.007152,0.867992,0.496485
962.867000,-2.16057,3.77371,2.18000,0.08459,-0.13980,-0.01070,-0.006431,0.007152,0.867992,0.496485
962.900000,-2.16057,3.77371,2.18000,0.08459,-0.13980,-0.01070,-0.006431,0.007152,0.867992,0.496485
962.934000,-2.16057,3.77371,2.18000,0.08459,-0.13980,-0.01070,-0.006431,0.007152,0.867992,0.496485
962.967000,-2.16057,3.77371,2.18000,0.08459,-0.13980,-0.01070,-0.006431,0.007152,0.867992,0.496485
963.000000,-2.16057,3.77371,2.18000,0.08459,-0.13980,-0.01070,-0.006431,0.007152,0.867992,0.496485
963.035000,-2.14242,3.74031,2.18000,0.05945,-0.09441,-0.00686,-0.011104,0.003734,0.868047,0.496345
963.067000,-2.14242,3.74031,2.18000,0.05945,-0.09441,-0.00686,-0.011104,0.003734,0.868047,0.496345
963.100000,-2.14242,3.74031,2.18000,0.05945,-0.09441,-0.00686,-0.011104,0.003734,0.868047,0.496345
963.134000,-2.14242,3.74031,2.18000,0.05945,-0.09441,-0.00686,-0.011104,0.003734,0.868047,0.496345
963.167000,-2.14242,3.74031,2.18000,0.05945,-0.09441,-0.00686,-0.011104,0.003734,0.868047,0.496345
963.200000,-2.14242,3.74031,2.18000,0.05945,-0.09441,-0.00686,-0.011104,0.003734,0.868047,0.496345
963.234000,-2.14242,3.74031,2.18000,0.05945,-0.09441,-0.00686,-0.011104,0.003734,0.868047,0.496345
963.268000,-2.14242,3.74031,2.18000,0.05945,-0.09441,-0.00686,-0.010844,0.007862,0.868041,0.496312
963.300000,-2.13334,3.71805,2.18000,0.02558,-0.04108,-0.00069,-0.010844,0.007862,0.868041,0.496312
963.334000,-2.13334,3.71805,2.18000,0.02558,-0.04108,-0.00069,-0.010844,0.007862,0.868041,0.496312
963.367000,-2.13334,3.71805,2.18000,0.02558,-0.04108,-0.00069,-0.010844,0.007862,0.868041,0.496312
963.401000,-2.13334,3.71805,2.18000,0.02558,-0.04108,-0.00069,-0.010844,0.007862,0.868041,0.496312
963.434000,-2.13334,3.71805,2.18000,0.02558,-0.04108,-0.00069,-0.010844,0.007862,0.868041,0.496312
963.467000,-2.13334,3.71805,2.18000,0.02558,-0.04108,-0.00069,-0.010844,0.007862,0.868041,0.496312
963.500000,-2.13334,3.71805,2.18000,0.02558,-0.04108,-0.00069,-0.010844,0.007862,0.868041,0.496312
963.535000,-2.13334,3.71805,2.18000,-0.00254,0.01252,0.00407,-0.009852,0.004107,0.868270,0.495978
963.567000,-2.13334,3.71805,2.18000,-0.00254,0.01252,0.00407,-0.009852,0.004107,0.868270,0.495978
963.600000,-2.13334,3.71805,2.18000,-0.00254,0.01252,0.00407,-0.009852,0.004107,0.868270,0.495978
963.634000,-2.13334,3.71805,2.18000,-0.00254,0.01252,0.00407,-0.009852,0.004107,0.868270,0.495978
963.667000,-2.13334,3.71805,2.18000,-0.00254,0.01252,0.00407,-0.009852,0.004107,0.868270,0.495978
963.700000,-2.13334,3.71805,2.18000,-0.00254,0.01252,0.00407,-0.009852,0.004107,0.868270,0.495978
963.734000,-2.13334,3.71805,2.18000,-0.00254,0.01252,0.00407,-0.009852,0.004107,0.868270,0.495978
963.768000,-2.13334,3.71805,2.18000,-0.02648,0.04753,0.00315,-0.005833,0.003764,0.868232,0.496110
963.800000,-2.13334,3.71805,2.18000,-0.02648,0.04753,0.00315,-0.005833,0.003764,0.868232,0.496110
963.834000,-2.13334,3.71805,2.18000,-0.02648,0.04753,0.00315,-0.005833,0.003764,0.868232,0.496110
963.867000,-2.13334,3.71805,2.18000,-0.02648,0.04753,0.00315,-0.005833,0.003764,0.868232,0.496110
963.900000,-2.13334,3.71805,2.18000,-0.02648,0.04753,0.00315,-0.005833,0.003764,0.868232,0.496110
963.934000,-2.13334,3.71805,2.18000,-0.02648,0.04753,0.00315,-0.005833,0.003764,0.868232,0.496110
963.967000,-2.13334,3.71805,2.18000,-0.02648,0.04753,0.00315,-0.005833,0.003764,0.868232,0.496110
964.000000,-2.13334,3.71805,2.18000,-0.02648,0.04753,0.00315,-0.005833,0.003764,0.868232,0.496110
964.035000,-2.13334,3.72918,2.18000,-0.03798,0.07253,0.00115,-0.003505,0.002577,0.868401,0.495843
964.067000,-2.13334,3.72918,2.18000,-0.03798,0.07253,0.00115,-0.003505,0.002577,0.868401,0.495843
964.100000,-2.13334,3.72918,2.18000,-0.03798,0.07253,0.00115,-0.003505,0.002577,0.868401,0.495843
964.134000,-2.13334,3.72918,2.18000,-0.03798,0.07253,0.00115,-0.003505,0.002577,0.868401,0.495843
964.167000,-2.13334,3.72918,2.18000,-0.03798,0.07253,0.00115,-0.003505,0.002577,0.868401,0.495843
964.201000,-2.13334,3.72918,2.18000,-0.03798,0.07253,0.00115,-0.003505,0.002577,0.868401,0.495843
964.234000,-2.13334,3.72918,2.18000,-0.03798,0.07253,0.00115,-0.003505,0.002577,0.868401,0.495843
964.268000,-2.13334,3.72918,2.18000,-0.03798,0.07253,0.00115,-0.001809,-0.001581,0.868351,0.495945
964.300000,-2.14242,3.76258,2.18000,-0.04842,0.08099,0.00034,-0.001809,-0.001581,0.868351,0.495945
964.334000,-2.14242,3.76258,2.18000,-0.04842,0.08099,0.00034,-0.001809,-0.001581,0.868351,0.495945
964.367000,-2.14242,3.76258,2.18000,-0.04842,0.08099,0.00034,-0.001809,-0.001581,0.868351,0.495945
964.400000,-2.14242,3.76258,2.18000,-0.04842,0.08099,0.00034,-0.001809,-0.001581,0.868351,0.495945
964.434000,-2.14242,3.76258,2.18000,-0.04842,0.08099,0.00034,-0.001809,-0.001581,0.868351,0.495945
964.467000,-2.14242,3.76258,2.18000,-0.04842,0.08099,0.00034,-0.001809,-0.001581,0.868351,0.495945
964.500000,-2.14242,3.76258,2.18000,-0.04842,0.08099,0.00034,-0.001809,-0.001581,0.868351,0.495945
964.535000,-2.16057,3.77371,2.18000,-0.04541,0.07440,-0.00154,0.003928,-0.000198,0.868470,0.495726
964.567000,-2.16057,3.77371,2.18000,-0.04541,0.07440,-0.00154,0.003928,-0.000198,0.868470,0.495726
964.600000,-2.16057,3.77371,2.18000,-0.04541,0.07440,-0.00154,0.003928,-0.000198,0.868470,0.495726
964.634000,-2.16057,3.77371,2.18000,-0.04541,0.07440,-0.00154,0.003928,-0.000198,0.868470,0.495726
964.667000,-2.16057,3.77371,2.18000,-0.04541,0.07440,-0.00154,0.003928,-0.000198,0.868470,0.495726
964.700000,-2.16057,3.77371,2.18000,-0.04541,0.07440,-0.00154,0.003928,-0.000198,0.868470,0.495726
964.734000,-2.16057,3.77371,2.18000,-0.04541,0.07440,-0.00154,0.003928,-0.000198,0.868470,0.495726
964.767000,-2.16057,3.77371,2.18000,-0.04541,0.07440,-0.00154,0.002152,-0.003865,0.868474,0.495715
964.800000,-2.16965,3.78484,2.17000,-0.03591,0.05776,-0.00296,0.002152,-0.003865,0.868474,0.495715
964.835000,-2.16965,3.78484,2.17000,-0.03591,0.05776,-0.00296,0.002152,-0.003865,0.868474,0.495715
964.867000,-2.16965,3.78484,2.17000,-0.03591,0.05776,-0.00296,0.002152,-0.003865,0.868474,0.495715
964.900000,-2.16965,3.78484,2.17000,-0.03591,0.05776,-0.00296,0.002152,-0.003865,0.868474,0.495715
964.934000,-2.16965,3.78484,2.17000,-0.03591,0.05776,-0.00296,0.002152,-0.003865,0.868474,0.495715
964.967000,-2.16965,3.78484,2.17000,-0.03591,0.05776,-0.00296,0.002152,-0.003865,0.868474,0.495715
965.000000,-2.16965,3.78484,2.17000,-0.03591,0.05776,-0.00296,0.002152,-0.003865,0.868474,0.495715
965.035000,-2.16965,3.79597,2.18000,-0.02567,0.04294,0.00275,0.004525,0.000664,0.868548,0.495584
965.067000,-2.16965,3.79597,2.18000,-0.02567,0.04294,0.00275,0.004525,0.000664,0.868548,0.495584
965.100000,-2.16965,3.79597,2.18000,-0.02567,0.04294,0.00275,0.004525,0.000664,0.868548,0.495584
965.134000,-2.16965,3.79597,2.18000,-0.02567,0.04294,0.00275,0.004525,0.000664,0.868548,0.495584
965.167000,-2.16965,3.79597,2.18000,-0.02567,0.04294,0.00275,0.004525,0.000664,0.868548,0.495584
965.200000,-2.16965,3.79597,2.18000,-0.02567,0.04294,0.00275,0.004525,0.000664,0.868548,0.495584
965.234000,-2.16965,3.79597,2.18000,-0.02567,0.04294,0.00275,0.004525,0.000664,0.868548,0.495584
965.268000,-2.16965,3.79597,2.18000,-0.02567,0.04294,0.00275,0.001917,-0.004258,0.868544,0.495589
965.300000,-2.17873,3.80710,2.18000,-0.01689,0.02752,0.00131,0.001917,-0.004258,0.868544,0.495589
965.334000,-2.17873,3.80710,2.18000,-0.01689,0.02752,0.00131,0.001917,-0.004258,0.868544,0.495589
965.367000,-2.17873,3.80710,2.18000,-0.01689,0.02752,0.00131,0.001917,-0.004258,0.868544,0.495589
965.400000,-2.17873,3.80710,2.18000,-0.01689,0.02752,0.00131,0.001917,-0.004258,0.868544,0.495589
965.434000,-2.17873,3.80710,2.18000,-0.01689,0.02752,0.00131,0.001917,-0.004258,0.868544,0.495589
965.468000,-2.17873,3.80710,2.18000,-0.01689,0.02752,0.00131,0.001917,-0.004258,0.868544,0.495589
965.500000,-2.17873,3.80710,2.18000,-0.01689,0.02752,0.00131,0.001917,-0.004258,0.868544,0.495589
965.535000,-2.17873,3.80710,2.18000,-0.01081,0.01079,0.00227,0.003703,0.000486,0.868496,0.495683
965.567000,-2.17873,3.80710,2.18000,-0.01081,0.01079,0.00227,0.003703,0.000486,0.868496,0.495683
965.600000,-2.17873,3.80710,2.18000,-0.01081,0.01079,0.00227,0.003703,0.000486,0.868496,0.495683
965.634000,-2.17873,3.80710,2.18000,-0.01081,0.01079,0.00227,0.003703,0.000486,0.868496,0.495683
965.667000,-2.17873,3.80710,2.18000,-0.01081,0.01079,0.00227,0.003703,0.000486,0.868496,0.495683
965.700000,-2.17873,3.80710,2.18000,-0.01081,0.01079,0.00227,0.003703,0.000486,0.868496,0.495683
965.734000,-2.17873,3.80710,2.18000,-0.01081,0.01079,0.00227,0.003703,0.000486,0.868496,0.495683
965.768000,-2.18781,3.80710,2.18000,-0.00287,0.00197,0.00192,0.001308,-0.001829,0.868650,0.495421
965.800000,-2.18781,3.80710,2.18000,-0.00287,0.00197,0.00192,0.001308,-0.001829,0.868650,0.495421
965.834000,-2.18781,3.80710,2.18000,-0.00287,0.00197,0.00192,0.001308,-0.001829,0.868650,0.495421
965.867000,-2.18781,3.80710,2.18000,-0.00287,0.00197,0.00192,0.001308,-0.001829,0.868650,0.495421
965.900000,-2.18781,3.80710,2.18000,-0.00287,0.00197,0.00192,0.001308,-0.001829,0.868650,0.495421
965.934000,-2.18781,3.80710,2.18000,-0.00287,0.00197,0.00192,0.001308,-0.001829,0.868650,0.495421
965.967000,-2.18781,3.80710,2.18000,-0.00287,0.00197,0.00192,0.001308,-0.001829,0.868650,0.495421
966.000000,-2.18781,3.80710,2.18000,-0.00287,0.00197,0.00192,0.001308,-0.001829,0.868650,0.495421
966.035000,-2.18781,3.80710,2.18000,0.00194,-0.00545,0.00348,0.001881,0.000413,0.868577,0.495551
966.067000,-2.18781,3.80710,2.18000,0.00194,-0.00545,0.00348,0.001881,0.000413,0.868577,0.495551
966.100000,-2.18781,3.80710,2.18000,0.00194,-0.00545,0.00348,0.001881,0.000413,0.868577,0.495551
966.134000,-2.18781,3.80710,2.18000,0.00194,-0.00545,0.00348,0.001881,0.000413,0.868577,0.495551
966.167000,-2.18781,3.80710,2.18000,0.00194,-0.00545,0.00348,0.001881,0.000413,0.868577,0.495551
966.200000,-2.18781,3.80710,2.18000,0.00194,-0.00545,0.00348,0.001881,0.000413,0.868577,0.495551
966.234000,-2.18781,3.80710,2.18000,0.00194,-0.00545,0.00348,0.001881,0.000413,0.868577,0.495551
966.268000,-2.18781,3.80710,2.18000,0.00194,-0.00545,0.00348,0.001174,0.000175,0.868687,0.495360
966.300000,-2.18781,3.80710,2.18000,0.00991,-0.00714,0.00539,0.001174,0.000175,0.868687,0.495360
966.334000,-2.18781,3.80710,2.18000,0.00991,-0.00714,0.00539,0.001174,0.000175,0.868687,0.495360
966.367000,-2.18781,3.80710,2.18000,0.00991,-0.00714,0.00539,0.001174,0.000175,0.868687,0.495360
966.400000,-2.18781,3.80710,2.18000,0.00991,-0.00714,0.00539,0.001174,0.000175,0.868687,0.495360
966.434000,-2.18781,3.80710,2.18000,0.00991,-0.00714,0.00539,0.001174,0.000175,0.868687,0.495360
966.467000,-2.18781,3.80710,2.18000,0.00991,-0.00714,0.00539,0.001174,0.000175,0.868687,0.495360
966.500000,-2.18781,3.80710,2.18000,0.00991,-0.00714,0.00539,0.001174,0.000175,0.868687,0.495360
966.535000,-2.18781,3.80710,2.18000,0.00967,-0.01149,0.00138,-0.000106,-0.001232,0.868571,0.495564
966.567000,-2.18781,3.80710,2.18000,0.00967,-0.01149,0.00138,-0.000106,-0.001232,0.868571,0.495564
966.600000,-2.18781,3.80710,2.18000,0.00967,-0.01149,0.00138,-0.000106,-0.001232,0.868571,0.495564
966.634000,-2.18781,3.80710,2.18000,0.00967,-0.01149,0.00138,-0.000106,-0.001232,0.868571,0.495564
966.667000,-2.18781,3.80710,2.18000,0.00967,-0.01149,0.00138,-0.000106,-0.001232,0.868571,0.495564
966.700000,-2.18781,3.80710,2.18000,0.00967,-0.01149,0.00138,-0.000106,-0.001232,0.868571,0.495564
966.734000,-2.18781,3.80710,2.18000,0.00967,-0.01149,0.00138,-0.000106,-0.001232,0.868571,0.495564
966.768000,-2.18781,3.80710,2.18000,0.01309,-0.01149,0.00013,0.001190,0.001584,0.868750,0.495246
966.800000,-2.18781,3.80710,2.18000,0.01309,-0.01149,0.00013,0.001190,0.001584,0.868750,0.495246
966.834000,-2.18781,3.80710,2.18000,0.01309,-0.01149,0.00013,0.001190,0.001584,0.868750,0.495246
966.867000,-2.18781,3.80710,2.18000,0.01309,-0.01149,0.00013,0.001190,0.001584,0.868750,0.495246
966.900000,-2.18781,3.80710,2.18000,0.01309,-0.01149,0.00013,0.001190,0.001584,0.868750,0.495246
966.934000,-2.18781,3.80710,2.18000,0.01309,-0.01149,0.00013,0.001190,0.001584,0.868750,0.495246
966.967000,-2.18781,3.80710,2.18000,0.01309,-0.01149,0.00013,0.001190,0.001584,0.868750,0.495246
967.000000,-2.18781,3.80710,2.18000,0.01309,-0.01149,0.00013,0.001190,0.001584,0.868750,0.495246
967.035000,-2.18781,3.80710,2.18000,0.01122,-0.01373,0.00075,-0.000782,-0.001773,0.868620,0.495475
967.067000,-2.18781,3.80710,2.18000,0.01122,-0.01373,0.00075,-0.000782,-0.001773,0.868620,0.495475
967.100000,-2.18781,3.80710,2.18000,0.01122,-0.01373,0.00075,-0.000782,-0.001773,0.868620,0.495475
967.134000,-2.18781,3.80710,2.18000,0.01122,-0.01373,0.00075,-0.000782,-0.001773,0.868620,0.495475
967.167000,-2.18781,3.80710,2.18000,0.01122,-0.01373,0.00075,-0.000782,-0.001773,0.868620,0.495475
967.200000,-2.18781,3.80710,2.18000,0.01122,-0.01373,0.00075,-0.000782,-0.001773,0.868620,0.495475
967.234000,-2.18781,3.80710,2.18000,0.01122,-0.01373,0.00075,-0.000782,-0.001773,0.868620,0.495475
967.268000,-2.17873,3.80710,2.18000,0.01158,-0.01331,-0.00606,0.000707,0.001976,0.868740,0.495263
967.300000,-2.17873,3.80710,2.18000,0.01158,-0.01331,-0.00606,0.000707,0.001976,0.868740,0.495263
967.334000,-2.17873,3.80710,2.18000,0.01158,-0.01331,-0.00606,0.000707,0.001976,0.868740,0.495263
967.367000,-2.17873,3.80710,2.18000,0.01158,-0.01331,-0.00606,0.000707,0.001976,0.868740,0.495263
967.400000,-2.17873,3.80710,2.18000,0.01158,-0.01331,-0.00606,0.000707,0.001976,0.868740,0.495263
967.434000,-2.17873,3.80710,2.18000,0.01158,-0.01331,-0.00606,0.000707,0.001976,0.868740,0.495263
967.467000,-2.17873,3.80710,2.18000,0.01158,-0.01331,-0.00606,0.000707,0.001976,0.868740,0.495263
967.501000,-2.17873,3.80710,2.18000,0.01158,-0.01331,-0.00606,0.000707,0.001976,0.868740,0.495263
967.535000,-2.17873,3.80710,2.18000,0.00734,-0.01361,-0.00107,-0.001912,-0.002682,0.868668,0.495383
967.567000,-2.17873,3.80710,2.18000,0.00734,-0.01361,-0.00107,-0.001912,-0.002682,0.868668,0.495383
967.600000,-2.17873,3.80710,2.18000,0.00734,-0.01361,-0.00107,-0.001912,-0.002682,0.868668,0.495383
967.634000,-2.17873,3.80710,2.18000,0.00734,-0.01361,-0.00107,-0.001912,-0.002682,0.868668,0.495383
967.667000,-2.17873,3.80710,2.18000,0.00734,-0.01361,-0.00107,-0.001912,-0.002682,0.868668,0.495383
967.700000,-2.17873,3.80710,2.18000,0.00734,-0.01361,-0.00107,-0.001912,-0.002682,0.868668,0.495383
967.734000,-2.17873,3.80710,2.18000,0.00734,-0.01361,-0.00107,-0.001912,-0.002682,0.868668,0.495383
967.768000,-2.17873,3.80710,2.18000,0.00536,-0.01315,-0.00244,0.001262,0.002725,0.868747,0.495246
967.800000,-2.17873,3.80710,2.18000,0.00536,-0.01315,-0.00244,0.001262,0.002725,0.868747,0.495246
967.834000,-2.17873,3.80710,2.18000,0.00536,-0.01315,-0.00244,0.001262,0.002725,0.868747,0.495246
967.867000,-2.17873,3.80710,2.18000,0.00536,-0.01315,-0.00244,0.001262,0.002725,0.868747,0.495246
967.900000,-2.17873,3.80710,2.18000,0.00536,-0.01315,-0.00244,0.001262,0.002725,0.868747,0.495246
967.934000,-2.17873,3.80710,2.18000,0.00536,-0.01315,-0.00244,0.001262,0.002725,0.868747,0.495246
967.967000,-2.17873,3.80710,2.18000,0.00536,-0.01315,-0.00244,0.001262,0.002725,0.868747,0.495246
968.000000,-2.17873,3.80710,2.18000,0.00536,-0.01315,-0.00244,0.001262,0.002725,0.868747,0.495246
968.035000,-2.17873,3.79597,2.18000,0.00523,-0.01091,-0.00100,-0.001936,-0.001573,0.868729,0.495282
968.067000,-2.17873,3.79597,2.18000,0.00523,-0.01091,-0.00100,-0.001936,-0.001573,0.868729,0.495282
968.100000,-2.17873,3.79597,2.18000,0.00523,-0.01091,-0.00100,-0.001936,-0.001573,0.868729,0.495282
968.134000,-2.17873,3.79597,2.18000,0.00523,-0.01091,-0.00100,-0.001936,-0.001573,0.868729,0.495282
968.167000,-2.17873,3.79597,2.18000,0.00523,-0.01091,-0.00100,-0.001936,-0.001573,0.868729,0.495282
968.200000,-2.17873,3.79597,2.18000,0.00523,-0.01091,-0.00100,-0.001936,-0.001573,0.868729,0.495282
968.234000,-2.17873,3.79597,2.18000,0.00523,-0.01091,-0.00100,-0.001936,-0.001573,0.868729,0.495282
968.267000,-2.17873,3.79597,2.18000,0.00523,-0.01091,-0.00100,0.000684,0.002959,0.868779,0.495191
968.301000,-2.16965,3.79597,2.18000,0.00277,-0.00632,0.00120,0.000684,0.002959,0.868779,0.495191
968.334000,-2.16965,3.79597,2.18000,0.00277,-0.00632,0.00120,0.000684,0.002959,0.868779,0.495191
968.367000,-2.16965,3.79597,2.18000,0.00277,-0.00632,0.00120,0.000684,0.002959,0.868779,0.495191
968.400000,-2.16965,3.79597,2.18000,0.00277,-0.00632,0.00120,0.000684,0.002959,0.868779,0.495191
968.434000,-2.16965,3.79597,2.18000,0.00277,-0.00632,0.00120,0.000684,0.002959,0.868779,0.495191
968.467000,-2.16965,3.79597,2.18000,0.00277,-0.00632,0.00120,0.000684,0.002959,0.868779,0.495191
968.500000,-2.16965,3.79597,2.18000,0.00277,-0.00632,0.00120,0.000684,0.002959,0.868779,0.495191
968.535000,-2.16965,3.79597,2.18000,0.00472,-0.00612,-0.00118,0.004021,-0.005239,0.868841,0.495047
968.567000,-2.16965,3.79597,2.18000,0.00472,-0.00612,-0.00118,0.004021,-0.005239,0.868841,0.495047
968.600000,-2.16965,3.79597,2.18000,0.00472,-0.00612,-0.00118,0.004021,-0.005239,0.868841,0.495047
968.634000,-2.16965,3.79597,2.18000,0.00472,-0.00612,-0.00118,0.004021,-0.005239,0.868841,0.495047
968.667000,-2.16965,3.79597,2.18000,0.00472,-0.00612,-0.00118,0.004021,-0.005239,0.868841,0.495047
968.700000,-2.16965,3.79597,2.18000,0.00472,-0.00612,-0.00118,0.004021,-0.005239,0.868841,0.495047
968.734000,-2.16965,3.79597,2.18000,0.00472,-0.00612,-0.00118,0.004021,-0.005239,0.868841,0.495047
968.768000,-2.16965,3.79597,2.18000,0.00472,-0.00612,-0.00118,0.059939,-0.033465,0.866692,0.494097
968.801000,-2.16965,3.78484,2.18000,0.08144,-0.14697,-0.00216,0.059939,-0.033465,0.866692,0.494097
968.834000,-2.16965,3.78484,2.18000,0.08144,-0.14697,-0.00216,0.059939,-0.033465,0.866692,0.494097
968.867000,-2.16965,3.78484,2.18000,0.08144,-0.14697,-0.00216,0.059939,-0.033465,0.866692,0.494097
968.901000,-2.16965,3.78484,2.18000,0.08144,-0.14697,-0.00216,0.059939,-0.033465,0.866692,0.494097
968.934000,-2.16965,3.78484,2.18000,0.08144,-0.14697,-0.00216,0.059939,-0.033465,0.866692,0.494097
968.967000,-2.16965,3.78484,2.18000,0.08144,-0.14697,-0.00216,0.059939,-0.033465,0.866692,0.494097
969.001000,-2.16965,3.78484,2.18000,0.08144,-0.14697,-0.00216,0.059939,-0.033465,0.866692,0.494097
969.035000,-2.12426,3.70692,2.18000,0.34488,-0.59061,0.00153,0.107227,-0.058613,0.847190,0.517045
969.067000,-2.12426,3.70692,2.18000,0.34488,-0.59061,0.00153,0.107227,-0.058613,0.847190,0.517045
969.100000,-2.12426,3.70692,2.18000,0.34488,-0.59061,0.00153,0.107227,-0.058613,0.847190,0.517045
969.134000,-2.12426,3.70692,2.18000,0.34488,-0.59061,0.00153,0.107227,-0.058613,0.847190,0.517045
969.167000,-2.12426,3.70692,2.18000,0.34488,-0.59061,0.00153,0.107227,-0.058613,0.847190,0.517045
969.200000,-2.12426,3.70692,2.18000,0.34488,-0.59061,0.00153,0.107227,-0.058613,0.847190,0.517045
969.234000,-2.12426,3.70692,2.18000,0.34488,-0.59061,0.00153,0.107227,-0.058613,0.847190,0.517045
969.268000,-2.12426,3.70692,2.18000,0.34488,-0.59061,0.00153,0.069062,-0.046739,0.786967,0.611334
969.300000,-1.99717,3.49541,2.18000,0.57828,-1.07089,0.00793,0.069062,-0.046739,0.786967,0.611334
969.334000,-1.99717,3.49541,2.18000,0.57828,-1.07089,0.00793,0.069062,-0.046739,0.786967,0.611334
969.367000,-1.99717,3.49541,2.18000,0.57828,-1.07089,0.00793,0.069062,-0.046739,0.786967,0.611334
969.401000,-1.99717,3.49541,2.18000,0.57828,-1.07089,0.00793,0.069062,-0.046739,0.786967,0.611334
969.434000,-1.99717,3.49541,2.18000,0.57828,-1.07089,0.00793,0.069062,-0.046739,0.786967,0.611334
969.467000,-1.99717,3.49541,2.18000,0.57828,-1.07089,0.00793,0.069062,-0.046739,0.786967,0.611334
969.500000,-1.99717,3.49541,2.18000,0.57828,-1.07089,0.00793,0.069062,-0.046739,0.786967,0.611334
969.535000,-1.84284,3.17259,2.18000,0.58255,-1.36059,0.00669,0.010661,-0.042191,0.704373,0.708495
969.567000,-1.84284,3.17259,2.18000,0.58255,-1.36059,0.00669,0.010661,-0.042191,0.704373,0.708495
969.601000,-1.84284,3.17259,2.18000,0.58255,-1.36059,0.00669,0.010661,-0.042191,0.704373,0.708495
969.634000,-1.84284,3.17259,2.18000,0.58255,-1.36059,0.00669,0.010661,-0.042191,0.704373,0.708495
969.667000,-1.84284,3.17259,2.18000,0.58255,-1.36059,0.00669,0.010661,-0.042191,0.704373,0.708495
969.701000,-1.84284,3.17259,2.18000,0.58255,-1.36059,0.00669,0.010661,-0.042191,0.704373,0.708495
969.734000,-1.84284,3.17259,2.18000,0.58255,-1.36059,0.00669,0.010661,-0.042191,0.704373,0.708495
969.768000,-1.73391,2.82750,2.18000,0.40209,-1.37437,0.00522,-0.056055,-0.013724,0.603817,0.795031
969.801000,-1.73391,2.82750,2.18000,0.40209,-1.37437,0.00522,-0.056055,-0.013724,0.603817,0.795031
969.834000,-1.73391,2.82750,2.18000,0.40209,-1.37437,0.00522,-0.056055,-0.013724,0.603817,0.795031
969.867000,-1.73391,2.82750,2.18000,0.40209,-1.37437,0.00522,-0.056055,-0.013724,0.603817,0.795031
969.900000,-1.73391,2.82750,2.18000,0.40209,-1.37437,0.00522,-0.056055,-0.013724,0.603817,0.795031
969.934000,-1.73391,2.82750,2.18000,0.40209,-1.37437,0.00522,-0.056055,-0.013724,0.603817,0.795031
969.967000,-1.73391,2.82750,2.18000,0.40209,-1.37437,0.00522,-0.056055,-0.013724,0.603817,0.795031
970.001000,-1.73391,2.82750,2.18000,0.40209,-1.37437,0.00522,-0.056055,-0.013724,0.603817,0.795031
970.035000,-1.64313,2.52694,2.18000,0.19024,-0.98591,0.00963,-0.113692,0.023797,0.488417,0.864845
970.067000,-1.64313,2.52694,2.18000,0.19024,-0.98591,0.00963,-0.113692,0.023797,0.488417,0.864845
970.100000,-1.64313,2.52694,2.18000,0.19024,-0.98591,0.00963,-0.113692,0.023797,0.488417,0.864845
970.134000,-1.64313,2.52694,2.18000,0.19024,-0.98591,0.00963,-0.113692,0.023797,0.488417,0.864845
970.167000,-1.64313,2.52694,2.18000,0.19024,-0.98591,0.00963,-0.113692,0.023797,0.488417,0.864845
970.200000,-1.64313,2.52694,2.18000,0.19024,-0.98591,0.00963,-0.113692,0.023797,0.488417,0.864845
970.234000,-1.64313,2.52694,2.18000,0.19024,-0.98591,0.00963,-0.113692,0.023797,0.488417,0.864845
970.268000,-1.64313,2.52694,2.18000,0.19024,-0.98591,0.00963,-0.102818,0.017680,0.375035,0.921121
970.300000,-1.61589,2.35996,2.18000,0.04894,-0.41936,0.00453,-0.102818,0.017680,0.375035,0.921121
970.334000,-1.61589,2.35996,2.18000,0.04894,-0.41936,0.00453,-0.102818,0.017680,0.375035,0.921121
970.367000,-1.61589,2.35996,2.18000,0.04894,-0.41936,0.00453,-0.102818,0.017680,0.375035,0.921121
970.400000,-1.61589,2.35996,2.18000,0.04894,-0.41936,0.00453,-0.102818,0.017680,0.375035,0.921121
970.434000,-1.61589,2.35996,2.18000,0.04894,-0.41936,0.00453,-0.102818,0.017680,0.375035,0.921121
970.467000,-1.61589,2.35996,2.18000,0.04894,-0.41936,0.00453,-0.102818,0.017680,0.375035,0.921121
970.501000,-1.61589,2.35996,2.18000,0.04894,-0.41936,0.00453,-0.102818,0.017680,0.375035,0.921121
970.535000,-1.61589,2.29317,2.18000,-0.02845,-0.04437,-0.00352,-0.050781,0.007939,0.335173,0.940753
970.567000,-1.61589,2.29317,2.18000,-0.02845,-0.04437,-0.00352,-0.050781,0.007939,0.335173,0.940753
970.600000,-1.61589,2.29317,2.18000,-0.02845,-0.04437,-0.00352,-0.050781,0.007939,0.335173,0.940753
970.634000,-1.61589,2.29317,2.18000,-0.02845,-0.04437,-0.00352,-0.050781,0.007939,0.335173,0.940753
970.667000,-1.61589,2.29317,2.18000,-0.02845,-0.04437,-0.00352,-0.050781,0.007939,0.335173,0.940753
970.700000,-1.61589,2.29317,2.18000,-0.02845,-0.04437,-0.00352,-0.050781,0.007939,0.335173,0.940753
970.734000,-1.61589,2.29317,2.18000,-0.02845,-0.04437,-0.00352,-0.050781,0.007939,0.335173,0.940753
970.768000,-1.62497,2.30430,2.18000,-0.06332,0.12273,-0.00871,-0.021187,0.001790,0.322257,0.946414
970.800000,-1.62497,2.30430,2.18000,-0.06332,0.12273,-0.00871,-0.021187,0.001790,0.322257,0.946414
970.834000,-1.62497,2.30430,2.18000,-0.06332,0.12273,-0.00871,-0.021187,0.001790,0.322257,0.946414
970.867000,-1.62497,2.30430,2.18000,-0.06332,0.12273,-0.00871,-0.021187,0.001790,0.322257,0.946414
970.900000,-1.62497,2.30430,2.18000,-0.06332,0.12273,-0.00871,-0.021187,0.001790,0.322257,0.946414
970.934000,-1.62497,2.30430,2.18000,-0.06332,0.12273,-0.00871,-0.021187,0.001790,0.322257,0.946414
970.968000,-1.62497,2.30430,2.18000,-0.06332,0.12273,-0.00871,-0.021187,0.001790,0.322257,0.946414
971.000000,-1.62497,2.30430,2.18000,-0.06332,0.12273,-0.00871,-0.021187,0.001790,0.322257,0.946414
971.035000,-1.64313,2.34883,2.18000,-0.06715,0.16206,-0.00536,0.003321,0.002483,0.317433,0.948272
971.067000,-1.64313,2.34883,2.18000,-0.06715,0.16206,-0.00536,0.003321,0.002483,0.317433,0.948272
971.100000,-1.64313,2.34883,2.18000,-0.06715,0.16206,-0.00536,0.003321,0.002483,0.317433,0.948272
971.134000,-1.64313,2.34883,2.18000,-0.06715,0.16206,-0.00536,0.003321,0.002483,0.317433,0.948272
971.167000,-1.64313,2.34883,2.18000,-0.06715,0.16206,-0.00536,0.003321,0.002483,0.317433,0.948272
971.201000,-1.64313,2.34883,2.18000,-0.06715,0.16206,-0.00536,0.003321,0.002483,0.317433,0.948272
971.234000,-1.64313,2.34883,2.18000,-0.06715,0.16206,-0.00536,0.003321,0.002483,0.317433,0.948272
971.268000,-1.65220,2.37109,2.18000,-0.05072,0.13085,-0.00238,0.008189,-0.000405,0.315746,0.948808
971.300000,-1.65220,2.37109,2.18000,-0.05072,0.13085,-0.00238,0.008189,-0.000405,0.315746,0.948808
971.334000,-1.65220,2.37109,2.18000,-0.05072,0.13085,-0.00238,0.008189,-0.000405,0.315746,0.948808
971.367000,-1.65220,2.37109,2.18000,-0.05072,0.13085,-0.00238,0.008189,-0.000405,0.315746,0.948808
971.400000,-1.65220,2.37109,2.18000,-0.05072,0.13085,-0.00238,0.008189,-0.000405,0.315746,0.948808
971.434000,-1.65220,2.37109,2.18000,-0.05072,0.13085,-0.00238,0.008189,-0.000405,0.315746,0.948808
971.467000,-1.65220,2.37109,2.18000,-0.05072,0.13085,-0.00238,0.008189,-0.000405,0.315746,0.948808
971.500000,-1.65220,2.37109,2.18000,-0.05072,0.13085,-0.00238,0.008189,-0.000405,0.315746,0.948808
971.535000,-1.66128,2.41562,2.18000,-0.03235,0.07719,-0.00301,0.015175,0.001013,0.315213,0.948899
971.567000,-1.66128,2.41562,2.18000,-0.03235,0.07719,-0.00301,0.015175,0.001013,0.315213,0.948899
971.600000,-1.66128,2.41562,2.18000,-0.03235,0.07719,-0.00301,0.015175,0.001013,0.315213,0.948899
971.634000,-1.66128,2.41562,2.18000,-0.03235,0.07719,-0.00301,0.015175,0.001013,0.315213,0.948899
971.667000,-1.66128,2.41562,2.18000,-0.03235,0.07719,-0.00301,0.015175,0.001013,0.315213,0.948899
971.700000,-1.66128,2.41562,2.18000,-0.03235,0.07719,-0.00301,0.015175,0.001013,0.315213,0.948899
971.734000,-1.66128,2.41562,2.18000,-0.03235,0.07719,-0.00301,0.015175,0.001013,0.315213,0.948899
971.768000,-1.67944,2.42675,2.18000,-0.00947,0.01254,-0.00322,0.012209,0.000174,0.315379,0.948887
971.800000,-1.67944,2.42675,2.18000,-0.00947,0.01254,-0.00322,0.012209,0.000174,0.315379,0.948887
971.834000,-1.67944,2.42675,2.18000,-0.00947,0.01254,-0.00322,0.012209,0.000174,0.315379,0.948887
971.867000,-1.67944,2.42675,2.18000,-0.00947,0.01254,-0.00322,0.012209,0.000174,0.315379,0.948887
971.900000,-1.67944,2.42675,2.18000,-0.00947,0.01254,-0.00322,0.012209,0.000174,0.315379,0.948887
971.934000,-1.67944,2.42675,2.18000,-0.00947,0.01254,-0.00322,0.012209,0.000174,0.315379,0.948887
971.967000,-1.67944,2.42675,2.18000,-0.00947,0.01254,-0.00322,0.012209,0.000174,0.315379,0.948887
972.000000,-1.67944,2.42675,2.18000,-0.00947,0.01254,-0.00322,0.012209,0.000174,0.315379,0.948887
972.035000,-1.67944,2.42675,2.18000,0.01057,-0.03923,0.00176,0.010361,0.000847,0.315624,0.948827
972.067000,-1.67944,2.42675,2.18000,0.01057,-0.03923,0.00176,0.010361,0.000847,0.315624,0.948827
972.100000,-1.67944,2.42675,2.18000,0.01057,-0.03923,0.00176,0.010361,0.000847,0.315624,0.948827
972.134000,-1.67944,2.42675,2.18000,0.01057,-0.03923,0.00176,0.010361,0.000847,0.315624,0.948827
972.167000,-1.67944,2.42675,2.18000,0.01057,-0.03923,0.00176,0.010361,0.000847,0.315624,0.948827
972.200000,-1.67944,2.42675,2.18000,0.01057,-0.03923,0.00176,0.010361,0.000847,0.315624,0.948827
972.234000,-1.67944,2.42675,2.18000,0.01057,-0.03923,0.00176,0.010361,0.000847,0.315624,0.948827
972.267000,-1.67944,2.42675,2.18000,0.01057,-0.03923,0.00176,0.005749,0.000303,0.316283,0.948647
972.300000,-1.67944,2.41562,2.18000,0.02611,-0.07668,0.00293,0.005749,0.000303,0.316283,0.948647
972.334000,-1.67944,2.41562,2.18000,0.02611,-0.07668,0.00293,0.005749,0.000303,0.316283,0.948647
972.367000,-1.67944,2.41562,2.18000,0.02611,-0.07668,0.00293,0.005749,0.000303,0.316283,0.948647
972.400000,-1.67944,2.41562,2.18000,0.02611,-0.07668,0.00293,0.005749,0.000303,0.316283,0.948647
972.434000,-1.67944,2.41562,2.18000,0.02611,-0.07668,0.00293,0.005749,0.000303,0.316283,0.948647
972.467000,-1.67944,2.41562,2.18000,0.02611,-0.07668,0.00293,0.005749,0.000303,0.316283,0.948647
972.500000,-1.67944,2.41562,2.18000,0.02611,-0.07668,0.00293,0.005749,0.000303,0.316283,0.948647
972.535000,-1.66128,2.38222,2.18000,0.03198,-0.08889,0.00073,0.000542,0.000843,0.316783,0.948498
972.567000,-1.66128,2.38222,2.18000,0.03198,-0.08889,0.00073,0.000542,0.000843,0.316783,0.948498
972.600000,-1.66128,2.38222,2.18000,0.03198,-0.08889,0.00073,0.000542,0.000843,0.316783,0.948498
972.634000,-1.66128,2.38222,2.18000,0.03198,-0.08889,0.00073,0.000542,0.000843,0.316783,0.948498
972.667000,-1.66128,2.38222,2.18000,0.03198,-0.08889,0.00073,0.000542,0.000843,0.316783,0.948498
972.700000,-1.66128,2.38222,2.18000,0.03198,-0.08889,0.00073,0.000542,0.000843,0.316783,0.948498
972.734000,-1.66128,2.38222,2.18000,0.03198,-0.08889,0.00073,0.000542,0.000843,0.316783,0.948498
972.768000,-1.66128,2.35996,2.18000,0.03380,-0.08496,0.00100,-0.001573,0.000096,0.317419,0.948284
972.800000,-1.66128,2.35996,2.18000,0.03380,-0.08496,0.00100,-0.001573,0.000096,0.317419,0.948284
972.834000,-1.66128,2.35996,2.18000,0.03380,-0.08496,0.00100,-0.001573,0.000096,0.317419,0.948284
972.867000,-1.66128,2.35996,2.18000,0.03380,-0.08496,0.00100,-0.001573,0.000096,0.317419,0.948284
972.900000,-1.66128,2.35996,2.18000,0.03380,-0.08496,0.00100,-0.001573,0.000096,0.317419,0.948284
972.934000,-1.66128,2.35996,2.18000,0.03380,-0.08496,0.00100,-0.001573,0.000096,0.317419,0.948284
972.967000,-1.66128,2.35996,2.18000,0.03380,-0.08496,0.00100,-0.001573,0.000096,0.317419,0.948284
973.000000,-1.66128,2.35996,2.18000,0.03380,-0.08496,0.00100,-0.001573,0.000096,0.317419,0.948284
973.035000,-1.65220,2.34883,2.18000,0.02411,-0.06739,-0.00074,-0.005542,-0.001562,0.317753,0.948156
973.067000,-1.65220,2.34883,2.18000,0.02411,-0.06739,-0.00074,-0.005542,-0.001562,0.317753,0.948156
973.100000,-1.65220,2.34883,2.18000,0.02411,-0.06739,-0.00074,-0.005542,-0.001562,0.317753,0.948156
973.134000,-1.65220,2.34883,2.18000,0.02411,-0.06739,-0.00074,-0.005542,-0.001562,0.317753,0.948156
973.167000,-1.65220,2.34883,2.18000,0.02411,-0.06739,-0.00074,-0.005542,-0.001562,0.317753,0.948156
973.200000,-1.65220,2.34883,2.18000,0.02411,-0.06739,-0.00074,-0.005542,-0.001562,0.317753,0.948156
973.234000,-1.65220,2.34883,2.18000,0.02411,-0.06739,-0.00074,-0.005542,-0.001562,0.317753,0.948156
973.267000,-1.65220,2.34883,2.18000,0.02411,-0.06739,-0.00074,-0.002117,-0.000134,0.318649,0.947870
973.301000,-1.64313,2.32656,2.17000,0.01521,-0.05249,-0.00475,-0.002117,-0.000134,0.318649,0.947870
973.334000,-1.64313,2.32656,2.17000,0.01521,-0.05249,-0.00475,-0.002117,-0.000134,0.318649,0.947870
973.367000,-1.64313,2.32656,2.17000,0.01521,-0.05249,-0.00475,-0.002117,-0.000134,0.318649,0.947870
973.400000,-1.64313,2.32656,2.17000,0.01521,-0.05249,-0.00475,-0.002117,-0.000134,0.318649,0.947870
973.434000,-1.64313,2.32656,2.17000,0.01521,-0.05249,-0.00475,-0.002117,-0.000134,0.318649,0.947870
973.467000,-1.64313,2.32656,2.17000,0.01521,-0.05249,-0.00475,-0.002117,-0.000134,0.318649,0.947870
973.500000,-1.64313,2.32656,2.17000,0.01521,-0.05249,-0.00475,-0.002117,-0.000134,0.318649,0.947870
973.535000,-1.64313,2.31543,2.18000,0.00512,-0.02943,-0.00088,-0.007672,-0.000847,0.318971,0.947733
973.567000,-1.64313,2.31543,2.18000,0.00512,-0.02943,-0.00088,-0.007672,-0.000847,0.318971,0.947733
973.600000,-1.64313,2.31543,2.18000,0.00512,-0.02943,-0.00088,-0.007672,-0.000847,0.318971,0.947733
973.634000,-1.64313,2.31543,2.18000,0.00512,-0.02943,-0.00088,-0.007672,-0.000847,0.318971,0.947733
973.667000,-1.64313,2.31543,2.18000,0.00512,-0.02943,-0.00088,-0.007672,-0.000847,0.318971,0.947733
973.700000,-1.64313,2.31543,2.18000,0.00512,-0.02943,-0.00088,-0.007672,-0.000847,0.318971,0.947733
973.734000,-1.64313,2.31543,2.18000,0.00512,-0.02943,-0.00088,-0.007672,-0.000847,0.318971,0.947733
973.768000,-1.64313,2.31543,2.18000,0.00512,-0.02943,-0.00088,-0.001059,0.001214,0.319662,0.947530
973.800000,-1.64313,2.31543,2.18000,-0.00015,-0.00872,-0.00312,-0.001059,0.001214,0.319662,0.947530
973.834000,-1.64313,2.31543,2.18000,-0.00015,-0.00872,-0.00312,-0.001059,0.001214,0.319662,0.947530
973.867000,-1.64313,2.31543,2.18000,-0.00015,-0.00872,-0.00312,-0.001059,0.001214,0.319662,0.947530
973.900000,-1.64313,2.31543,2.18000,-0.00015,-0.00872,-0.00312,-0.001059,0.001214,0.319662,0.947530
973.934000,-1.64313,2.31543,2.18000,-0.00015,-0.00872,-0.00312,-0.001059,0.001214,0.319662,0.947530
973.967000,-1.64313,2.31543,2.18000,-0.00015,-0.00872,-0.00312,-0.001059,0.001214,0.319662,0.947530
974.000000,-1.64313,2.31543,2.18000,-0.00015,-0.00872,-0.00312,-0.001059,0.001214,0.319662,0.947530
974.035000,-1.64313,2.31543,2.18000,-0.00406,0.00520,-0.00371,-0.005203,-0.000936,0.320001,0.947403
974.067000,-1.64313,2.31543,2.18000,-0.00406,0.00520,-0.00371,-0.005203,-0.000936,0.320001,0.947403
974.101000,-1.64313,2.31543,2.18000,-0.00406,0.00520,-0.00371,-0.005203,-0.000936,0.320001,0.947403
974.134000,-1.64313,2.31543,2.18000,-0.00406,0.00520,-0.00371,-0.005203,-0.000936,0.320001,0.947403
974.167000,-1.64313,2.31543,2.18000,-0.00406,0.00520,-0.00371,-0.005203,-0.000936,0.320001,0.947403
974.200000,-1.64313,2.31543,2.18000,-0.00406,0.00520,-0.00371,-0.005203,-0.000936,0.320001,0.947403
974.234000,-1.64313,2.31543,2.18000,-0.00406,0.00520,-0.00371,-0.005203,-0.000936,0.320001,0.947403
974.268000,-1.64313,2.31543,2.18000,-0.00706,0.01430,-0.00146,0.001082,0.000949,0.320371,0.947291
974.300000,-1.64313,2.31543,2.18000,-0.00706,0.01430,-0.00146,0.001082,0.000949,0.320371,0.947291
974.334000,-1.64313,2.31543,2.18000,-0.00706,0.01430,-0.00146,0.001082,0.000949,0.320371,0.947291
974.367000,-1.64313,2.31543,2.18000,-0.00706,0.01430,-0.00146,0.001082,0.000949,0.320371,0.947291
974.400000,-1.64313,2.31543,2.18000,-0.00706,0.01430,-0.00146,0.001082,0.000949,0.320371,0.947291
974.434000,-1.64313,2.31543,2.18000,-0.00706,0.01430,-0.00146,0.001082,0.000949,0.320371,0.947291
974.467000,-1.64313,2.31543,2.18000,-0.00706,0.01430,-0.00146,0.001082,0.000949,0.320371,0.947291
974.500000,-1.64313,2.31543,2.18000,-0.00706,0.01430,-0.00146,0.001082,0.000949,0.320371,0.947291
974.535000,-1.64313,2.31543,2.18000,-0.00725,0.01758,-0.00022,-0.002946,-0.000711,0.320866,0.947120
974.567000,-1.64313,2.31543,2.18000,-0.00725,0.01758,-0.00022,-0.002946,-0.000711,0.320866,0.947120
974.600000,-1.64313,2.31543,2.18000,-0.00725,0.01758,-0.00022,-0.002946,-0.000711,0.320866,0.947120
974.634000,-1.64313,2.31543,2.18000,-0.00725,0.01758,-0.00022,-0.002946,-0.000711,0.320866,0.947120
974.667000,-1.64313,2.31543,2.18000,-0.00725,0.01758,-0.00022,-0.002946,-0.000711,0.320866,0.947120
974.700000,-1.64313,2.31543,2.18000,-0.00725,0.01758,-0.00022,-0.002946,-0.000711,0.320866,0.947120
974.734000,-1.64313,2.31543,2.18000,-0.00725,0.01758,-0.00022,-0.002946,-0.000711,0.320866,0.947120
974.768000,-1.64313,2.31543,2.17000,-0.00938,0.02217,0.00400,0.000684,0.000478,0.321168,0.947022
974.800000,-1.64313,2.31543,2.17000,-0.00938,0.02217,0.00400,0.000684,0.000478,0.321168,0.947022
974.834000,-1.64313,2.31543,2.17000,-0.00938,0.02217,0.00400,0.000684,0.000478,0.321168,0.947022
974.867000,-1.64313,2.31543,2.17000,-0.00938,0.02217,0.00400,0.000684,0.000478,0.321168,0.947022
974.900000,-1.64313,2.31543,2.17000,-0.00938,0.02217,0.00400,0.000684,0.000478,0.321168,0.947022
974.934000,-1.64313,2.31543,2.17000,-0.00938,0.02217,0.00400,0.000684,0.000478,0.321168,0.947022
974.967000,-1.64313,2.31543,2.17000,-0.00938,0.02217,0.00400,0.000684,0.000478,0.321168,0.947022
975.000000,-1.64313,2.31543,2.17000,-0.00938,0.02217,0.00400,0.000684,0.000478,0.321168,0.947022
975.035000,-1.64313,2.31543,2.18000,-0.00774,0.02171,0.00445,-0.000539,-0.000039,0.321700,0.946842
975.067000,-1.64313,2.31543,2.18000,-0.00774,0.02171,0.00445,-0.000539,-0.000039,0.321700,0.946842
975.100000,-1.64313,2.31543,2.18000,-0.00774,0.02171,0.00445,-0.000539,-0.000039,0.321700,0.946842
975.134000,-1.64313,2.31543,2.18000,-0.00774,0.02171,0.00445,-0.000539,-0.000039,0.321700,0.946842
975.167000,-1.64313,2.31543,2.18000,-0.00774,0.02171,0.00445,-0.000539,-0.000039,0.321700,0.946842
975.200000,-1.64313,2.31543,2.18000,-0.00774,0.02171,0.00445,-0.000539,-0.000039,0.321700,0.946842
975.234000,-1.64313,2.31543,2.18000,-0.00774,0.02171,0.00445,-0.000539,-0.000039,0.321700,0.946842
975.268000,-1.64313,2.32656,2.18000,-0.01003,0.02497,0.00119,-0.000185,-0.000366,0.321780,0.946814
975.300000,-1.64313,2.32656,2.18000,-0.01003,0.02497,0.00119,-0.000185,-0.000366,0.321780,0.946814
975.334000,-1.64313,2.32656,2.18000,-0.01003,0.02497,0.00119,-0.000185,-0.000366,0.321780,0.946814
975.367000,-1.64313,2.32656,2.18000,-0.01003,0.02497,0.00119,-0.000185,-0.000366,0.321780,0.946814
975.400000,-1.64313,2.32656,2.18000,-0.01003,0.02497,0.00119,-0.000185,-0.000366,0.321780,0.946814
975.434000,-1.64313,2.32656,2.18000,-0.01003,0.02497,0.00119,-0.000185,-0.000366,0.321780,0.946814
975.467000,-1.64313,2.32656,2.18000,-0.01003,0.02497,0.00119,-0.000185,-0.000366,0.321780,0.946814
975.500000,-1.64313,2.32656,2.18000,-0.01003,0.02497,0.00119,-0.000185,-0.000366,0.321780,0.946814
975.535000,-1.64313,2.32656,2.18000,-0.00819,0.01791,0.00065,0.002840,0.000272,0.322355,0.946615
975.567000,-1.64313,2.32656,2.18000,-0.00819,0.01791,0.00065,0.002840,0.000272,0.322355,0.946615
975.600000,-1.64313,2.32656,2.18000,-0.00819,0.01791,0.00065,0.002840,0.000272,0.322355,0.946615
975.634000,-1.64313,2.32656,2.18000,-0.00819,0.01791,0.00065,0.002840,0.000272,0.322355,0.946615
975.667000,-1.64313,2.32656,2.18000,-0.00819,0.01791,0.00065,0.002840,0.000272,0.322355,0.946615
975.700000,-1.64313,2.32656,2.18000,-0.00819,0.01791,0.00065,0.002840,0.000272,0.322355,0.946615
975.734000,-1.64313,2.32656,2.18000,-0.00819,0.01791,0.00065,0.002840,0.000272,0.322355,0.946615
975.768000,-1.64313,2.34883,2.18000,-0.00939,0.01508,-0.00217,-0.000725,-0.001064,0.322474,0.946578
975.800000,-1.64313,2.34883,2.18000,-0.00939,0.01508,-0.00217,-0.000725,-0.001064,0.322474,0.946578
975.834000,-1.64313,2.34883,2.18000,-0.00939,0.01508,-0.00217,-0.000725,-0.001064,0.322474,0.946578
975.867000,-1.64313,2.34883,2.18000,-0.00939,0.01508,-0.00217,-0.000725,-0.001064,0.322474,0.946578
975.900000,-1.64313,2.34883,2.18000,-0.00939,0.01508,-0.00217,-0.000725,-0.001064,0.322474,0.946578
975.934000,-1.64313,2.34883,2.18000,-0.00939,0.01508,-0.00217,-0.000725,-0.001064,0.322474,0.946578
975.967000,-1.64313,2.34883,2.18000,-0.00939,0.01508,-0.00217,-0.000725,-0.001064,0.322474,0.946578
976.000000,-1.64313,2.34883,2.18000,-0.00939,0.01508,-0.00217,-0.000725,-0.001064,0.322474,0.946578
976.035000,-1.65220,2.34883,2.18000,-0.00668,0.00224,-0.00147,0.005402,0.000873,0.322866,0.946429
976.067000,-1.65220,2.34883,2.18000,-0.00668,0.00224,-0.00147,0.005402,0.000873,0.322866,0.946429
976.101000,-1.65220,2.34883,2.18000,-0.00668,0.00224,-0.00147,0.005402,0.000873,0.322866,0.946429
976.134000,-1.65220,2.34883,2.18000,-0.00668,0.00224,-0.00147,0.005402,0.000873,0.322866,0.946429
976.167000,-1.65220,2.34883,2.18000,-0.00668,0.00224,-0.00147,0.005402,0.000873,0.322866,0.946429
976.200000,-1.65220,2.34883,2.18000,-0.00668,0.00224,-0.00147,0.005402,0.000873,0.322866,0.946429
976.234000,-1.65220,2.34883,2.18000,-0.00668,0.00224,-0.00147,0.005402,0.000873,0.322866,0.946429
976.268000,-1.65220,2.34883,2.18000,-0.00232,-0.00788,-0.00243,-0.000963,-0.000687,0.323019,0.946392
976.301000,-1.65220,2.34883,2.18000,-0.00232,-0.00788,-0.00243,-0.000963,-0.000687,0.323019,0.946392
976.334000,-1.65220,2.34883,2.18000,-0.00232,-0.00788,-0.00243,-0.000963,-0.000687,0.323019,0.946392
976.367000,-1.65220,2.34883,2.18000,-0.00232,-0.00788,-0.00243,-0.000963,-0.000687,0.323019,0.946392
976.400000,-1.65220,2.34883,2.18000,-0.00232,-0.00788,-0.00243,-0.000963,-0.000687,0.323019,0.946392
976.434000,-1.65220,2.34883,2.18000,-0.00232,-0.00788,-0.00243,-0.000963,-0.000687,0.323019,0.946392
976.467000,-1.65220,2.34883,2.18000,-0.00232,-0.00788,-0.00243,-0.000963,-0.000687,0.323019,0.946392
976.500000,-1.65220,2.34883,2.18000,-0.00232,-0.00788,-0.00243,-0.000963,-0.000687,0.323019,0.946392
976.535000,-1.65220,2.34883,2.18000,0.00027,-0.01291,-0.00165,0.003471,0.001013,0.323312,0.946286
976.567000,-1.65220,2.34883,2.18000,0.00027,-0.01291,-0.00165,0.003471,0.001013,0.323312,0.946286
976.600000,-1.65220,2.34883,2.18000,0.00027,-0.01291,-0.00165,0.003471,0.001013,0.323312,0.946286
976.634000,-1.65220,2.34883,2.18000,0.00027,-0.01291,-0.00165,0.003471,0.001013,0.323312,0.946286
976.667000,-1.65220,2.34883,2.18000,0.00027,-0.01291,-0.00165,0.003471,0.001013,0.323312,0.946286
976.700000,-1.65220,2.34883,2.18000,0.00027,-0.01291,-0.00165,0.003471,0.001013,0.323312,0.946286
976.734000,-1.65220,2.34883,2.18000,0.00027,-0.01291,-0.00165,0.003471,0.001013,0.323312,0.946286
976.768000,-1.65220,2.34883,2.18000,0.00297,-0.01698,-0.00181,-0.002356,-0.000786,0.323628,0.946181
976.800000,-1.65220,2.34883,2.18000,0.00297,-0.01698,-0.00181,-0.002356,-0.000786,0.323628,0.946181
976.834000,-1.65220,2.34883,2.18000,0.00297,-0.01698,-0.00181,-0.002356,-0.000786,0.323628,0.946181
976.867000,-1.65220,2.34883,2.18000,0.00297,-0.01698,-0.00181,-0.002356,-0.000786,0.323628,0.946181
976.900000,-1.65220,2.34883,2.18000,0.00297,-0.01698,-0.00181,-0.002356,-0.000786,0.323628,0.946181
976.934000,-1.65220,2.34883,2.18000,0.00297,-0.01698,-0.00181,-0.002356,-0.000786,0.323628,0.946181
976.967000,-1.65220,2.34883,2.18000,0.00297,-0.01698,-0.00181,-0.002356,-0.000786,0.323628,0.946181
977.000000,-1.65220,2.34883,2.18000,0.00297,-0.01698,-0.00181,-0.002356,-0.000786,0.323628,0.946181
977.035000,-1.65220,2.34883,2.18000,-0.04067,0.03931,-0.00053,-0.035902,-0.012310,0.323552,0.945449
977.067000,-1.65220,2.34883,2.18000,-0.04067,0.03931,-0.00053,-0.035902,-0.012310,0.323552,0.945449
977.100000,-1.65220,2.34883,2.18000,-0.04067,0.03931,-0.00053,-0.035902,-0.012310,0.323552,0.945449
977.134000,-1.65220,2.34883,2.18000,-0.04067,0.03931,-0.00053,-0.035902,-0.012310,0.323552,0.945449
977.167000,-1.65220,2.34883,2.18000,-0.04067,0.03931,-0.00053,-0.035902,-0.012310,0.323552,0.945449
977.200000,-1.65220,2.34883,2.18000,-0.04067,0.03931,-0.00053,-0.035902,-0.012310,0.323552,0.945449
977.234000,-1.65220,2.34883,2.18000,-0.04067,0.03931,-0.00053,-0.035902,-0.012310,0.323552,0.945449
977.268000,-1.65220,2.34883,2.18000,-0.04067,0.03931,-0.00053,-0.105825,-0.034729,0.326342,0.938667
977.301000,-1.68852,2.37109,2.17000,-0.27122,0.33900,0.00124,-0.105825,-0.034729,0.326342,0.938667
977.334000,-1.68852,2.37109,2.17000,-0.27122,0.33900,0.00124,-0.105825,-0.034729,0.326342,0.938667
977.367000,-1.68852,2.37109,2.17000,-0.27122,0.33900,0.00124,-0.105825,-0.034729,0.326342,0.938667
977.400000,-1.68852,2.37109,2.17000,-0.27122,0.33900,0.00124,-0.105825,-0.034729,0.326342,0.938667
977.434000,-1.68852,2.37109,2.17000,-0.27122,0.33900,0.00124,-0.105825,-0.034729,0.326342,0.938667
977.467000,-1.68852,2.37109,2.17000,-0.27122,0.33900,0.00124,-0.105825,-0.034729,0.326342,0.938667
977.500000,-1.68852,2.37109,2.17000,-0.27122,0.33900,0.00124,-0.105825,-0.034729,0.326342,0.938667
977.535000,-1.79745,2.51581,2.18000,-0.62146,0.79073,0.01017,-0.098082,-0.028071,0.406684,0.907855
977.567000,-1.79745,2.51581,2.18000,-0.62146,0.79073,0.01017,-0.098082,-0.028071,0.406684,0.907855
977.600000,-1.79745,2.51581,2.18000,-0.62146,0.79073,0.01017,-0.098082,-0.028071,0.406684,0.907855
977.634000,-1.79745,2.51581,2.18000,-0.62146,0.79073,0.01017,-0.098082,-0.028071,0.406684,0.907855
977.667000,-1.79745,2.51581,2.18000,-0.62146,0.79073,0.01017,-0.098082,-0.028071,0.406684,0.907855
977.700000,-1.79745,2.51581,2.18000,-0.62146,0.79073,0.01017,-0.098082,-0.028071,0.406684,0.907855
977.734000,-1.79745,2.51581,2.18000,-0.62146,0.79073,0.01017,-0.098082,-0.028071,0.406684,0.907855
977.768000,-1.99717,2.76071,2.18000,-0.91364,1.03868,0.00926,-0.045627,-0.036243,0.518625,0.853014
977.800000,-1.99717,2.76071,2.18000,-0.91364,1.03868,0.00926,-0.045627,-0.036243,0.518625,0.853014
977.834000,-1.99717,2.76071,2.18000,-0.91364,1.03868,0.00926,-0.045627,-0.036243,0.518625,0.853014
977.867000,-1.99717,2.76071,2.18000,-0.91364,1.03868,0.00926,-0.045627,-0.036243,0.518625,0.853014
977.900000,-1.99717,2.76071,2.18000,-0.91364,1.03868,0.00926,-0.045627,-0.036243,0.518625,0.853014
977.934000,-1.99717,2.76071,2.18000,-0.91364,1.03868,0.00926,-0.045627,-0.036243,0.518625,0.853014
977.967000,-1.99717,2.76071,2.18000,-0.91364,1.03868,0.00926,-0.045627,-0.036243,0.518625,0.853014
978.000000,-1.99717,2.76071,2.18000,-0.91364,1.03868,0.00926,-0.045627,-0.036243,0.518625,0.853014
978.035000,-2.25135,3.00561,2.18000,-1.10969,0.99564,0.00634,0.017632,-0.033999,0.626992,0.778084
978.067000,-2.25135,3.00561,2.18000,-1.10969,0.99564,0.00634,0.017632,-0.033999,0.626992,0.778084
978.100000,-2.25135,3.00561,2.18000,-1.10969,0.99564,0.00634,0.017632,-0.033999,0.626992,0.778084
978.134000,-2.25135,3.00561,2.18000,-1.10969,0.99564,0.00634,0.017632,-0.033999,0.626992,0.778084
978.167000,-2.25135,3.00561,2.18000,-1.10969,0.99564,0.00634,0.017632,-0.033999,0.626992,0.778084
978.200000,-2.25135,3.00561,2.18000,-1.10969,0.99564,0.00634,0.017632,-0.033999,0.626992,0.778084
978.234000,-2.25135,3.00561,2.18000,-1.10969,0.99564,0.00634,0.017632,-0.033999,0.626992,0.778084
978.268000,-2.25135,3.00561,2.18000,-1.10969,0.99564,0.00634,0.094577,-0.010939,0.724084,0.683109
978.300000,-2.52370,3.23938,2.18000,-0.99760,0.71887,0.01019,0.094577,-0.010939,0.724084,0.683109
978.334000,-2.52370,3.23938,2.18000,-0.99760,0.71887,0.01019,0.094577,-0.010939,0.724084,0.683109
978.367000,-2.52370,3.23938,2.18000,-0.99760,0.71887,0.01019,0.094577,-0.010939,0.724084,0.683109
978.400000,-2.52370,3.23938,2.18000,-0.99760,0.71887,0.01019,0.094577,-0.010939,0.724084,0.683109
978.434000,-2.52370,3.23938,2.18000,-0.99760,0.71887,0.01019,0.094577,-0.010939,0.724084,0.683109
978.467000,-2.52370,3.23938,2.18000,-0.99760,0.71887,0.01019,0.094577,-0.010939,0.724084,0.683109
978.500000,-2.52370,3.23938,2.18000,-0.99760,0.71887,0.01019,0.094577,-0.010939,0.724084,0.683109
978.535000,-2.73249,3.37296,2.18000,-0.58037,0.33920,0.01067,0.114624,-0.005303,0.808200,0.577621
978.567000,-2.73249,3.37296,2.18000,-0.58037,0.33920,0.01067,0.114624,-0.005303,0.808200,0.577621
978.600000,-2.73249,3.37296,2.18000,-0.58037,0.33920,0.01067,0.114624,-0.005303,0.808200,0.577621
978.634000,-2.73249,3.37296,2.18000,-0.58037,0.33920,0.01067,0.114624,-0.005303,0.808200,0.577621
978.667000,-2.73249,3.37296,2.18000,-0.58037,0.33920,0.01067,0.114624,-0.005303,0.808200,0.577621
978.701000,-2.73249,3.37296,2.18000,-0.58037,0.33920,0.01067,0.114624,-0.005303,0.808200,0.577621
978.734000,-2.73249,3.37296,2.18000,-0.58037,0.33920,0.01067,0.114624,-0.005303,0.808200,0.577621
978.768000,-2.81419,3.40636,2.19000,-0.19080,0.05852,-0.00214,0.074568,-0.002595,0.855185,0.512925
978.800000,-2.81419,3.40636,2.19000,-0.19080,0.05852,-0.00214,0.074568,-0.002595,0.855185,0.512925
978.834000,-2.81419,3.40636,2.19000,-0.19080,0.05852,-0.00214,0.074568,-0.002595,0.855185,0.512925
978.867000,-2.81419,3.40636,2.19000,-0.19080,0.05852,-0.00214,0.074568,-0.002595,0.855185,0.512925
978.901000,-2.81419,3.40636,2.19000,-0.19080,0.05852,-0.00214,0.074568,-0.002595,0.855185,0.512925
978.934000,-2.81419,3.40636,2.19000,-0.19080,0.05852,-0.00214,0.074568,-0.002595,0.855185,0.512925
978.967000,-2.81419,3.40636,2.19000,-0.19080,0.05852,-0.00214,0.074568,-0.002595,0.855185,0.512925
979.000000,-2.81419,3.40636,2.19000,-0.19080,0.05852,-0.00214,0.074568,-0.002595,0.855185,0.512925
979.035000,-2.83235,3.39522,2.18000,0.01819,-0.08135,-0.01311,0.030592,-0.003095,0.862247,0.505554
979.067000,-2.83235,3.39522,2.18000,0.01819,-0.08135,-0.01311,0.030592,-0.003095,0.862247,0.505554
979.100000,-2.83235,3.39522,2.18000,0.01819,-0.08135,-0.01311,0.030592,-0.003095,0.862247,0.505554
979.135000,-2.83235,3.39522,2.18000,0.01819,-0.08135,-0.01311,0.030592,-0.003095,0.862247,0.505554
979.167000,-2.83235,3.39522,2.18000,0.01819,-0.08135,-0.01311,0.030592,-0.003095,0.862247,0.505554
979.200000,-2.83235,3.39522,2.18000,0.01819,-0.08135,-0.01311,0.030592,-0.003095,0.862247,0.505554
979.234000,-2.83235,3.39522,2.18000,0.01819,-0.08135,-0.01311,0.030592,-0.003095,0.862247,0.505554
979.268000,-2.81419,3.38409,2.18000,0.09825,-0.12214,-0.01219,0.008472,0.003975,0.865257,0.501241
979.300000,-2.81419,3.38409,2.18000,0.09825,-0.12214,-0.01219,0.008472,0.003975,0.865257,0.501241
979.334000,-2.81419,3.38409,2.18000,0.09825,-0.12214,-0.01219,0.008472,0.003975,0.865257,0.501241
979.367000,-2.81419,3.38409,2.18000,0.09825,-0.12214,-0.01219,0.008472,0.003975,0.865257,0.501241
979.400000,-2.81419,3.38409,2.18000,0.09825,-0.12214,-0.01219,0.008472,0.003975,0.865257,0.501241
979.434000,-2.81419,3.38409,2.18000,0.09825,-0.12214,-0.01219,0.008472,0.003975,0.865257,0.501241
979.467000,-2.81419,3.38409,2.18000,0.09825,-0.12214,-0.01219,0.008472,0.003975,0.865257,0.501241
979.500000,-2.81419,3.38409,2.18000,0.09825,-0.12214,-0.01219,0.008472,0.003975,0.865257,0.501241
979.535000,-2.79604,3.36183,2.18000,0.10372,-0.11382,-0.00755,-0.005927,0.000106,0.866105,0.499827
979.567000,-2.79604,3.36183,2.18000,0.10372,-0.11382,-0.00755,-0.005927,0.000106,0.866105,0.499827
979.600000,-2.79604,3.36183,2.18000,0.10372,-0.11382,-0.00755,-0.005927,0.000106,0.866105,0.499827
979.634000,-2.79604,3.36183,2.18000,0.10372,-0.11382,-0.00755,-0.005927,0.000106,0.866105,0.499827
979.667000,-2.79604,3.36183,2.18000,0.10372,-0.11382,-0.00755,-0.005927,0.000106,0.866105,0.499827
979.700000,-2.79604,3.36183,2.18000,0.10372,-0.11382,-0.00755,-0.005927,0.000106,0.866105,0.499827
979.734000,-2.79604,3.36183,2.18000,0.10372,-0.11382,-0.00755,-0.005927,0.000106,0.866105,0.499827
979.768000,-2.77788,3.32843,2.18000,0.07749,-0.08275,-0.00726,-0.008975,0.006290,0.866258,0.499477
979.800000,-2.77788,3.32843,2.18000,0.07749,-0.08275,-0.00726,-0.008975,0.006290,0.866258,0.499477
979.834000,-2.77788,3.32843,2.18000,0.07749,-0.08275,-0.00726,-0.008975,0.006290,0.866258,0.499477
979.867000,-2.77788,3.32843,2.18000,0.07749,-0.08275,-0.00726,-0.008975,0.006290,0.866258,0.499477
979.900000,-2.77788,3.32843,2.18000,0.07749,-0.08275,-0.00726,-0.008975,0.006290,0.866258,0.499477
979.934000,-2.77788,3.32843,2.18000,0.07749,-0.08275,-0.00726,-0.008975,0.006290,0.866258,0.499477
979.967000,-2.77788,3.32843,2.18000,0.07749,-0.08275,-0.00726,-0.008975,0.006290,0.866258,0.499477
980.000000,-2.77788,3.32843,2.18000,0.07749,-0.08275,-0.00726,-0.008975,0.006290,0.866258,0.499477
980.035000,-2.76880,3.30617,2.18000,0.04028,-0.03704,-0.00236,-0.012392,0.002038,0.866076,0.499754
980.067000,-2.76880,3.30617,2.18000,0.04028,-0.03704,-0.00236,-0.012392,0.002038,0.866076,0.499754
980.100000,-2.76880,3.30617,2.18000,0.04028,-0.03704,-0.00236,-0.012392,0.002038,0.866076,0.499754
980.134000,-2.76880,3.30617,2.18000,0.04028,-0.03704,-0.00236,-0.012392,0.002038,0.866076,0.499754
980.167000,-2.76880,3.30617,2.18000,0.04028,-0.03704,-0.00236,-0.012392,0.002038,0.866076,0.499754
980.200000,-2.76880,3.30617,2.18000,0.04028,-0.03704,-0.00236,-0.012392,0.002038,0.866076,0.499754
980.234000,-2.76880,3.30617,2.18000,0.04028,-0.03704,-0.00236,-0.012392,0.002038,0.866076,0.499754
980.268000,-2.75065,3.30617,2.18000,0.00400,0.00340,-0.00291,-0.008287,0.005114,0.865736,0.500407
980.300000,-2.75065,3.30617,2.18000,0.00400,0.00340,-0.00291,-0.008287,0.005114,0.865736,0.500407
980.334000,-2.75065,3.30617,2.18000,0.00400,0.00340,-0.00291,-0.008287,0.005114,0.865736,0.500407
980.367000,-2.75065,3.30617,2.18000,0.00400,0.00340,-0.00291,-0.008287,0.005114,0.865736,0.500407
980.400000,-2.75065,3.30617,2.18000,0.00400,0.00340,-0.00291,-0.008287,0.005114,0.865736,0.500407
980.434000,-2.75065,3.30617,2.18000,0.00400,0.00340,-0.00291,-0.008287,0.005114,0.865736,0.500407
980.467000,-2.75065,3.30617,2.18000,0.00400,0.00340,-0.00291,-0.008287,0.005114,0.865736,0.500407
980.500000,-2.75065,3.30617,2.18000,0.00400,0.00340,-0.00291,-0.008287,0.005114,0.865736,0.500407
980.535000,-2.76880,3.31730,2.18000,-0.02433,0.03634,0.00090,-0.007665,0.001012,0.865456,0.500926
980.567000,-2.76880,3.31730,2.18000,-0.02433,0.03634,0.00090,-0.007665,0.001012,0.865456,0.500926
980.600000,-2.76880,3.31730,2.18000,-0.02433,0.03634,0.00090,-0.007665,0.001012,0.865456,0.500926
980.634000,-2.76880,3.31730,2.18000,-0.02433,0.03634,0.00090,-0.007665,0.001012,0.865456,0.500926
980.668000,-2.76880,3.31730,2.18000,-0.02433,0.03634,0.00090,-0.007665,0.001012,0.865456,0.500926
980.701000,-2.76880,3.31730,2.18000,-0.02433,0.03634,0.00090,-0.007665,0.001012,0.865456,0.500926
980.734000,-2.76880,3.31730,2.18000,-0.02433,0.03634,0.00090,-0.007665,0.001012,0.865456,0.500926
980.768000,-2.76880,3.31730,2.18000,-0.02433,0.03634,0.00090,-0.002681,0.001009,0.864980,0.501798
980.800000,-2.76880,3.31730,2.18000,-0.04260,0.05206,0.00454,-0.002681,0.001009,0.864980,0.501798
980.834000,-2.76880,3.31730,2.18000,-0.04260,0.05206,0.00454,-0.002681,0.001009,0.864980,0.501798
980.867000,-2.76880,3.31730,2.18000,-0.04260,0.05206,0.00454,-0.002681,0.001009,0.864980,0.501798
980.900000,-2.76880,3.31730,2.18000,-0.04260,0.05206,0.00454,-0.002681,0.001009,0.864980,0.501798
980.934000,-2.76880,3.31730,2.18000,-0.04260,0.05206,0.00454,-0.002681,0.001009,0.864980,0.501798
980.967000,-2.76880,3.31730,2.18000,-0.04260,0.05206,0.00454,-0.002681,0.001009,0.864980,0.501798
981.001000,-2.76880,3.31730,2.18000,-0.04260,0.05206,0.00454,-0.002681,0.001009,0.864980,0.501798
981.035000,-2.77788,3.32843,2.18000,-0.04655,0.06176,0.00094,-0.001008,0.001216,0.864749,0.502202
981.067000,-2.77788,3.32843,2.18000,-0.04655,0.06176,0.00094,-0.001008,0.001216,0.864749,0.502202
981.100000,-2.77788,3.32843,2.18000,-0.04655,0.06176,0.00094,-0.001008,0.001216,0.864749,0.502202
981.134000,-2.77788,3.32843,2.18000,-0.04655,0.06176,0.00094,-0.001008,0.001216,0.864749,0.502202
981.167000,-2.77788,3.32843,2.18000,-0.04655,0.06176,0.00094,-0.001008,0.001216,0.864749,0.502202
981.200000,-2.77788,3.32843,2.18000,-0.04655,0.06176,0.00094,-0.001008,0.001216,0.864749,0.502202
981.234000,-2.77788,3.32843,2.18000,-0.04655,0.06176,0.00094,-0.001008,0.001216,0.864749,0.502202
981.268000,-2.77788,3.32843,2.18000,-0.04655,0.06176,0.00094,-0.000168,-0.002202,0.864304,0.502966
981.300000,-2.77788,3.33957,2.18000,-0.04928,0.06106,0.00202,-0.000168,-0.002202,0.864304,0.502966
981.334000,-2.77788,3.33957,2.18000,-0.04928,0.06106,0.00202,-0.000168,-0.002202,0.864304,0.502966
981.367000,-2.77788,3.33957,2.18000,-0.04928,0.06106,0.00202,-0.000168,-0.002202,0.864304,0.502966
981.400000,-2.77788,3.33957,2.18000,-0.04928,0.06106,0.00202,-0.000168,-0.002202,0.864304,0.502966
981.434000,-2.77788,3.33957,2.18000,-0.04928,0.06106,0.00202,-0.000168,-0.002202,0.864304,0.502966
981.467000,-2.77788,3.33957,2.18000,-0.04928,0.06106,0.00202,-0.000168,-0.002202,0.864304,0.502966
981.500000,-2.77788,3.33957,2.18000,-0.04928,0.06106,0.00202,-0.000168,-0.002202,0.864304,0.502966
981.536000,-2.79604,3.37296,2.18000,-0.04439,0.05192,0.00105,0.003696,-0.000490,0.864102,0.503302
981.567000,-2.79604,3.37296,2.18000,-0.04439,0.05192,0.00105,0.003696,-0.000490,0.864102,0.503302
981.600000,-2.79604,3.37296,2.18000,-0.04439,0.05192,0.00105,0.003696,-0.000490,0.864102,0.503302
981.634000,-2.79604,3.37296,2.18000,-0.04439,0.05192,0.00105,0.003696,-0.000490,0.864102,0.503302
981.667000,-2.79604,3.37296,2.18000,-0.04439,0.05192,0.00105,0.003696,-0.000490,0.864102,0.503302
981.700000,-2.79604,3.37296,2.18000,-0.04439,0.05192,0.00105,0.003696,-0.000490,0.864102,0.503302
981.734000,-2.79604,3.37296,2.18000,-0.04439,0.05192,0.00105,0.003696,-0.000490,0.864102,0.503302
981.768000,-2.81419,3.37296,2.18000,-0.03715,0.03291,-0.00106,0.002256,-0.004447,0.863604,0.504146
981.800000,-2.81419,3.37296,2.18000,-0.03715,0.03291,-0.00106,0.002256,-0.004447,0.863604,0.504146
981.834000,-2.81419,3.37296,2.18000,-0.03715,0.03291,-0.00106,0.002256,-0.004447,0.863604,0.504146
981.867000,-2.81419,3.37296,2.18000,-0.03715,0.03291,-0.00106,0.002256,-0.004447,0.863604,0.504146
981.900000,-2.81419,3.37296,2.18000,-0.03715,0.03291,-0.00106,0.002256,-0.004447,0.863604,0.504146
981.934000,-2.81419,3.37296,2.18000,-0.03715,0.03291,-0.00106,0.002256,-0.004447,0.863604,0.504146
981.967000,-2.81419,3.37296,2.18000,-0.03715,0.03291,-0.00106,0.002256,-0.004447,0.863604,0.504146
982.000000,-2.81419,3.37296,2.18000,-0.03715,0.03291,-0.00106,0.002256,-0.004447,0.863604,0.504146
982.035000,-2.81419,3.37296,2.18000,-0.02197,0.01925,-0.00455,0.005132,0.002010,0.863425,0.504448
982.067000,-2.81419,3.37296,2.18000,-0.02197,0.01925,-0.00455,0.005132,0.002010,0.863425,0.504448
982.100000,-2.81419,3.37296,2.18000,-0.02197,0.01925,-0.00455,0.005132,0.002010,0.863425,0.504448
982.134000,-2.81419,3.37296,2.18000,-0.02197,0.01925,-0.00455,0.005132,0.002010,0.863425,0.504448
982.167000,-2.81419,3.37296,2.18000,-0.02197,0.01925,-0.00455,0.005132,0.002010,0.863425,0.504448
982.200000,-2.81419,3.37296,2.18000,-0.02197,0.01925,-0.00455,0.005132,0.002010,0.863425,0.504448
982.234000,-2.81419,3.37296,2.18000,-0.02197,0.01925,-0.00455,0.005132,0.002010,0.863425,0.504448
982.268000,-2.81419,3.37296,2.18000,-0.02197,0.01925,-0.00455,0.000789,-0.002700,0.863091,0.505041
982.300000,-2.81419,3.37296,2.18000,-0.00939,0.01140,-0.00556,0.000789,-0.002700,0.863091,0.505041
982.334000,-2.81419,3.37296,2.18000,-0.00939,0.01140,-0.00556,0.000789,-0.002700,0.863091,0.505041
982.367000,-2.81419,3.37296,2.18000,-0.00939,0.01140,-0.00556,0.000789,-0.002700,0.863091,0.505041
982.400000,-2.81419,3.37296,2.18000,-0.00939,0.01140,-0.00556,0.000789,-0.002700,0.863091,0.505041
982.434000,-2.81419,3.37296,2.18000,-0.00939,0.01140,-0.00556,0.000789,-0.002700,0.863091,0.505041
982.467000,-2.81419,3.37296,2.18000,-0.00939,0.01140,-0.00556,0.000789,-0.002700,0.863091,0.505041
982.500000,-2.81419,3.37296,2.18000,-0.00939,0.01140,-0.00556,0.000789,-0.002700,0.863091,0.505041
982.535000,-2.81419,3.38409,2.17000,-0.00265,0.00436,-0.00023,0.003211,0.001262,0.862839,0.505467
982.568000,-2.81419,3.38409,2.17000,-0.00265,0.00436,-0.00023,0.003211,0.001262,0.862839,0.505467
982.600000,-2.81419,3.38409,2.17000,-0.00265,0.00436,-0.00023,0.003211,0.001262,0.862839,0.505467
982.634000,-2.81419,3.38409,2.17000,-0.00265,0.00436,-0.00023,0.003211,0.001262,0.862839,0.505467
982.668000,-2.81419,3.38409,2.17000,-0.00265,0.00436,-0.00023,0.003211,0.001262,0.862839,0.505467
982.700000,-2.81419,3.38409,2.17000,-0.00265,0.00436,-0.00023,0.003211,0.001262,0.862839,0.505467
982.734000,-2.81419,3.38409,2.17000,-0.00265,0.00436,-0.00023,0.003211,0.001262,0.862839,0.505467
982.768000,-2.81419,3.38409,2.18000,0.00447,-0.00277,0.00058,0.000185,-0.002879,0.862646,0.505800
982.800000,-2.81419,3.38409,2.18000,0.00447,-0.00277,0.00058,0.000185,-0.002879,0.862646,0.505800
982.834000,-2.81419,3.38409,2.18000,0.00447,-0.00277,0.00058,0.000185,-0.002879,0.862646,0.505800
982.867000,-2.81419,3.38409,2.18000,0.00447,-0.00277,0.00058,0.000185,-0.002879,0.862646,0.505800
982.900000,-2.81419,3.38409,2.18000,0.00447,-0.00277,0.00058,0.000185,-0.002879,0.862646,0.505800
982.934000,-2.81419,3.38409,2.18000,0.00447,-0.00277,0.00058,0.000185,-0.002879,0.862646,0.505800
982.967000,-2.81419,3.38409,2.18000,0.00447,-0.00277,0.00058,0.000185,-0.002879,0.862646,0.505800
983.000000,-2.81419,3.38409,2.18000,0.00447,-0.00277,0.00058,0.000185,-0.002879,0.862646,0.505800
983.035000,-2.81419,3.38409,2.18000,0.00501,-0.00944,-0.00135,0.001464,0.000646,0.862373,0.506271
983.067000,-2.81419,3.38409,2.18000,0.00501,-0.00944,-0.00135,0.001464,0.000646,0.862373,0.506271
983.100000,-2.81419,3.38409,2.18000,0.00501,-0.00944,-0.00135,0.001464,0.000646,0.862373,0.506271
983.134000,-2.81419,3.38409,2.18000,0.00501,-0.00944,-0.00135,0.001464,0.000646,0.862373,0.506271
983.167000,-2.81419,3.38409,2.18000,0.00501,-0.00944,-0.00135,0.001464,0.000646,0.862373,0.506271
983.200000,-2.81419,3.38409,2.18000,0.00501,-0.00944,-0.00135,0.001464,0.000646,0.862373,0.506271
983.234000,-2.81419,3.38409,2.18000,0.00501,-0.00944,-0.00135,0.001464,0.000646,0.862373,0.506271
983.268000,-2.81419,3.38409,2.18000,0.00890,-0.01115,0.00253,0.000164,-0.000778,0.862221,0.506532
983.300000,-2.81419,3.38409,2.18000,0.00890,-0.01115,0.00253,0.000164,-0.000778,0.862221,0.506532
983.334000,-2.81419,3.38409,2.18000,0.00890,-0.01115,0.00253,0.000164,-0.000778,0.862221,0.506532
983.367000,-2.81419,3.38409,2.18000,0.00890,-0.01115,0.00253,0.000164,-0.000778,0.862221,0.506532
983.400000,-2.81419,3.38409,2.18000,0.00890,-0.01115,0.00253,0.000164,-0.000778,0.862221,0.506532
983.434000,-2.81419,3.38409,2.18000,0.00890,-0.01115,0.00253,0.000164,-0.000778,0.862221,0.506532
983.467000,-2.81419,3.38409,2.18000,0.00890,-0.01115,0.00253,0.000164,-0.000778,0.862221,0.506532
983.500000,-2.81419,3.38409,2.18000,0.00890,-0.01115,0.00253,0.000164,-0.000778,0.862221,0.506532
983.535000,-2.81419,3.38409,2.17000,0.00714,-0.01441,0.00506,-0.000018,-0.000622,0.861922,0.507041
983.567000,-2.81419,3.38409,2.17000,0.00714,-0.01441,0.00506,-0.000018,-0.000622,0.861922,0.507041
983.600000,-2.81419,3.38409,2.17000,0.00714,-0.01441,0.00506,-0.000018,-0.000622,0.861922,0.507041
983.634000,-2.81419,3.38409,2.17000,0.00714,-0.01441,0.00506,-0.000018,-0.000622,0.861922,0.507041
983.667000,-2.81419,3.38409,2.17000,0.00714,-0.01441,0.00506,-0.000018,-0.000622,0.861922,0.507041
983.700000,-2.81419,3.38409,2.17000,0.00714,-0.01441,0.00506,-0.000018,-0.000622,0.861922,0.507041
983.734000,-2.81419,3.38409,2.17000,0.00714,-0.01441,0.00506,-0.000018,-0.000622,0.861922,0.507041
983.768000,-2.81419,3.38409,2.18000,0.01021,-0.01382,0.00502,0.000831,0.001223,0.861899,0.507078
983.800000,-2.81419,3.38409,2.18000,0.01021,-0.01382,0.00502,0.000831,0.001223,0.861899,0.507078
983.834000,-2.81419,3.38409,2.18000,0.01021,-0.01382,0.00502,0.000831,0.001223,0.861899,0.507078
983.867000,-2.81419,3.38409,2.18000,0.01021,-0.01382,0.00502,0.000831,0.001223,0.861899,0.507078
983.900000,-2.81419,3.38409,2.18000,0.01021,-0.01382,0.00502,0.000831,0.001223,0.861899,0.507078
983.934000,-2.81419,3.38409,2.18000,0.01021,-0.01382,0.00502,0.000831,0.001223,0.861899,0.507078
983.967000,-2.81419,3.38409,2.18000,0.01021,-0.01382,0.00502,0.000831,0.001223,0.861899,0.507078
984.000000,-2.81419,3.38409,2.18000,0.01021,-0.01382,0.00502,0.000831,0.001223,0.861899,0.507078
984.035000,-2.81419,3.37296,2.18000,0.00842,-0.01480,-0.00217,-0.001307,-0.001344,0.861541,0.507684
984.067000,-2.81419,3.37296,2.18000,0.00842,-0.01480,-0.00217,-0.001307,-0.001344,0.861541,0.507684
984.100000,-2.81419,3.37296,2.18000,0.00842,-0.01480,-0.00217,-0.001307,-0.001344,0.861541,0.507684
984.134000,-2.81419,3.37296,2.18000,0.00842,-0.01480,-0.00217,-0.001307,-0.001344,0.861541,0.507684
984.167000,-2.81419,3.37296,2.18000,0.00842,-0.01480,-0.00217,-0.001307,-0.001344,0.861541,0.507684
984.200000,-2.81419,3.37296,2.18000,0.00842,-0.01480,-0.00217,-0.001307,-0.001344,0.861541,0.507684
984.234000,-2.81419,3.37296,2.18000,0.00842,-0.01480,-0.00217,-0.001307,-0.001344,0.861541,0.507684
984.268000,-2.81419,3.37296,2.18000,0.00956,-0.00937,-0.00071,0.000849,0.003232,0.861488,0.507766
984.300000,-2.81419,3.37296,2.18000,0.00956,-0.00937,-0.00071,0.000849,0.003232,0.861488,0.507766
984.334000,-2.81419,3.37296,2.18000,0.00956,-0.00937,-0.00071,0.000849,0.003232,0.861488,0.507766
984.367000,-2.81419,3.37296,2.18000,0.00956,-0.00937,-0.00071,0.000849,0.003232,0.861488,0.507766
984.400000,-2.81419,3.37296,2.18000,0.00956,-0.00937,-0.00071,0.000849,0.003232,0.861488,0.507766
984.434000,-2.81419,3.37296,2.18000,0.00956,-0.00937,-0.00071,0.000849,0.003232,0.861488,0.507766
984.467000,-2.81419,3.37296,2.18000,0.00956,-0.00937,-0.00071,0.000849,0.003232,0.861488,0.507766
984.500000,-2.81419,3.37296,2.18000,0.00956,-0.00937,-0.00071,0.000849,0.003232,0.861488,0.507766
984.535000,-2.81419,3.37296,2.18000,0.00851,-0.00587,-0.00394,-0.001845,-0.002080,0.861272,0.508137
984.567000,-2.81419,3.37296,2.18000,0.00851,-0.00587,-0.00394,-0.001845,-0.002080,0.861272,0.508137
984.600000,-2.81419,3.37296,2.18000,0.00851,-0.00587,-0.00394,-0.001845,-0.002080,0.861272,0.508137
984.634000,-2.81419,3.37296,2.18000,0.00851,-0.00587,-0.00394,-0.001845,-0.002080,0.861272,0.508137
984.667000,-2.81419,3.37296,2.18000,0.00851,-0.00587,-0.00394,-0.001845,-0.002080,0.861272,0.508137
984.701000,-2.81419,3.37296,2.18000,0.00851,-0.00587,-0.00394,-0.001845,-0.002080,0.861272,0.508137
984.734000,-2.81419,3.37296,2.18000,0.00851,-0.00587,-0.00394,-0.001845,-0.002080,0.861272,0.508137
984.768000,-2.81419,3.37296,2.18000,0.00851,-0.00587,-0.00394,0.001254,0.002731,0.861183,0.508286
984.800000,-2.81419,3.37296,2.18000,0.00799,-0.00395,-0.00455,0.001254,0.002731,0.861183,0.508286
984.834000,-2.81419,3.37296,2.18000,0.00799,-0.00395,-0.00455,0.001254,0.002731,0.861183,0.508286
984.867000,-2.81419,3.37296,2.18000,0.00799,-0.00395,-0.00455,0.001254,0.002731,0.861183,0.508286
984.900000,-2.81419,3.37296,2.18000,0.00799,-0.00395,-0.00455,0.001254,0.002731,0.861183,0.508286
984.934000,-2.81419,3.37296,2.18000,0.00799,-0.00395,-0.00455,0.001254,0.002731,0.861183,0.508286
984.967000,-2.81419,3.37296,2.18000,0.00799,-0.00395,-0.00455,0.001254,0.002731,0.861183,0.508286
985.000000,-2.81419,3.37296,2.18000,0.00799,-0.00395,-0.00455,0.001254,0.002731,0.861183,0.508286
985.035000,-2.81419,3.37296,2.18000,0.00803,-0.00236,0.00034,-0.001390,-0.001932,0.861019,0.508567
985.067000,-2.81419,3.37296,2.18000,0.00803,-0.00236,0.00034,-0.001390,-0.001932,0.861019,0.508567
985.100000,-2.81419,3.37296,2.18000,0.00803,-0.00236,0.00034,-0.001390,-0.001932,0.861019,0.508567
985.134000,-2.81419,3.37296,2.18000,0.00803,-0.00236,0.00034,-0.001390,-0.001932,0.861019,0.508567
985.167000,-2.81419,3.37296,2.18000,0.00803,-0.00236,0.00034,-0.001390,-0.001932,0.861019,0.508567
985.200000,-2.81419,3.37296,2.18000,0.00803,-0.00236,0.00034,-0.001390,-0.001932,0.861019,0.508567
985.234000,-2.81419,3.37296,2.18000,0.00803,-0.00236,0.00034,-0.001390,-0.001932,0.861019,0.508567
985.267000,-2.81419,3.37296,2.18000,0.00803,-0.00236,0.00034,0.009338,0.016069,0.860701,0.508772
985.301000,-2.81419,3.37296,2.18000,0.02175,0.00611,0.00321,0.009338,0.016069,0.860701,0.508772
985.334000,-2.81419,3.37296,2.18000,0.02175,0.00611,0.00321,0.009338,0.016069,0.860701,0.508772
985.367000,-2.81419,3.37296,2.18000,0.02175,0.00611,0.00321,0.009338,0.016069,0.860701,0.508772
985.400000,-2.81419,3.37296,2.18000,0.02175,0.00611,0.00321,0.009338,0.016069,0.860701,0.508772
985.434000,-2.81419,3.37296,2.18000,0.02175,0.00611,0.00321,0.009338,0.016069,0.860701,0.508772
985.467000,-2.81419,3.37296,2.18000,0.02175,0.00611,0.00321,0.009338,0.016069,0.860701,0.508772
985.500000,-2.81419,3.37296,2.18000,0.02175,0.00611,0.00321,0.009338,0.016069,0.860701,0.508772
985.535000,-2.77788,3.37296,2.18000,0.22792,0.12173,-0.00095,0.041635,0.072349,0.857823,0.507121
985.567000,-2.77788,3.37296,2.18000,0.22792,0.12173,-0.00095,0.041635,0.072349,0.857823,0.507121
985.601000,-2.77788,3.37296,2.18000,0.22792,0.12173,-0.00095,0.041635,0.072349,0.857823,0.507121
985.634000,-2.77788,3.37296,2.18000,0.22792,0.12173,-0.00095,0.041635,0.072349,0.857823,0.507121
985.667000,-2.77788,3.37296,2.18000,0.22792,0.12173,-0.00095,0.041635,0.072349,0.857823,0.507121
985.700000,-2.77788,3.37296,2.18000,0.22792,0.12173,-0.00095,0.041635,0.072349,0.857823,0.507121
985.734000,-2.77788,3.37296,2.18000,0.22792,0.12173,-0.00095,0.041635,0.072349,0.857823,0.507121
985.768000,-2.66894,3.43975,2.18000,0.69574,0.38681,0.00387,0.054230,0.102077,0.829884,0.545831
985.800000,-2.66894,3.43975,2.18000,0.69574,0.38681,0.00387,0.054230,0.102077,0.829884,0.545831
985.834000,-2.66894,3.43975,2.18000,0.69574,0.38681,0.00387,0.054230,0.102077,0.829884,0.545831
985.867000,-2.66894,3.43975,2.18000,0.69574,0.38681,0.00387,0.054230,0.102077,0.829884,0.545831
985.900000,-2.66894,3.43975,2.18000,0.69574,0.38681,0.00387,0.054230,0.102077,0.829884,0.545831
985.934000,-2.66894,3.43975,2.18000,0.69574,0.38681,0.00387,0.054230,0.102077,0.829884,0.545831
985.967000,-2.66894,3.43975,2.18000,0.69574,0.38681,0.00387,0.054230,0.102077,0.829884,0.545831
986.000000,-2.66894,3.43975,2.18000,0.69574,0.38681,0.00387,0.054230,0.102077,0.829884,0.545831
986.035000,-2.43292,3.57333,2.18000,1.12846,0.58211,0.00747,0.041854,0.057599,0.762828,0.642670
986.067000,-2.43292,3.57333,2.18000,1.12846,0.58211,0.00747,0.041854,0.057599,0.762828,0.642670
986.100000,-2.43292,3.57333,2.18000,1.12846,0.58211,0.00747,0.041854,0.057599,0.762828,0.642670
986.134000,-2.43292,3.57333,2.18000,1.12846,0.58211,0.00747,0.041854,0.057599,0.762828,0.642670
986.167000,-2.43292,3.57333,2.18000,1.12846,0.58211,0.00747,0.041854,0.057599,0.762828,0.642670
986.201000,-2.43292,3.57333,2.18000,1.12846,0.58211,0.00747,0.041854,0.057599,0.762828,0.642670
986.234000,-2.43292,3.57333,2.18000,1.12846,0.58211,0.00747,0.041854,0.057599,0.762828,0.642670
986.267000,-2.43292,3.57333,2.18000,1.12846,0.58211,0.00747,0.042073,0.001426,0.673823,0.737693
986.301000,-2.12426,3.70692,2.18000,1.37942,0.54194,0.00493,0.042073,0.001426,0.673823,0.737693
986.334000,-2.12426,3.70692,2.18000,1.37942,0.54194,0.00493,0.042073,0.001426,0.673823,0.737693
986.367000,-2.12426,3.70692,2.18000,1.37942,0.54194,0.00493,0.042073,0.001426,0.673823,0.737693
986.400000,-2.12426,3.70692,2.18000,1.37942,0.54194,0.00493,0.042073,0.001426,0.673823,0.737693
986.434000,-2.12426,3.70692,2.18000,1.37942,0.54194,0.00493,0.042073,0.001426,0.673823,0.737693
986.467000,-2.12426,3.70692,2.18000,1.37942,0.54194,0.00493,0.042073,0.001426,0.673823,0.737693
986.500000,-2.12426,3.70692,2.18000,1.37942,0.54194,0.00493,0.042073,0.001426,0.673823,0.737693
986.535000,-1.77930,3.81824,2.18000,1.33623,0.34301,0.00950,0.007149,-0.067689,0.567775,0.820365
986.567000,-1.77930,3.81824,2.18000,1.33623,0.34301,0.00950,0.007149,-0.067689,0.567775,0.820365
986.601000,-1.77930,3.81824,2.18000,1.33623,0.34301,0.00950,0.007149,-0.067689,0.567775,0.820365
986.634000,-1.77930,3.81824,2.18000,1.33623,0.34301,0.00950,0.007149,-0.067689,0.567775,0.820365
986.667000,-1.77930,3.81824,2.18000,1.33623,0.34301,0.00950,0.007149,-0.067689,0.567775,0.820365
986.701000,-1.77930,3.81824,2.18000,1.33623,0.34301,0.00950,0.007149,-0.067689,0.567775,0.820365
986.734000,-1.77930,3.81824,2.18000,1.33623,0.34301,0.00950,0.007149,-0.067689,0.567775,0.820365
986.768000,-1.77930,3.81824,2.18000,1.33623,0.34301,0.00950,-0.020396,-0.116443,0.448730,0.885814
986.800000,-1.47972,3.87390,2.18000,0.89263,0.14005,0.00795,-0.020396,-0.116443,0.448730,0.885814
986.834000,-1.47972,3.87390,2.18000,0.89263,0.14005,0.00795,-0.020396,-0.116443,0.448730,0.885814
986.867000,-1.47972,3.87390,2.18000,0.89263,0.14005,0.00795,-0.020396,-0.116443,0.448730,0.885814
986.900000,-1.47972,3.87390,2.18000,0.89263,0.14005,0.00795,-0.020396,-0.116443,0.448730,0.885814
986.934000,-1.47972,3.87390,2.18000,0.89263,0.14005,0.00795,-0.020396,-0.116443,0.448730,0.885814
986.967000,-1.47972,3.87390,2.18000,0.89263,0.14005,0.00795,-0.020396,-0.116443,0.448730,0.885814
987.001000,-1.47972,3.87390,2.18000,0.89263,0.14005,0.00795,-0.020396,-0.116443,0.448730,0.885814
987.035000,-1.33447,3.90729,2.18000,0.36092,0.00745,0.00620,-0.013276,-0.091347,0.342930,0.934815
987.067000,-1.33447,3.90729,2.18000,0.36092,0.00745,0.00620,-0.013276,-0.091347,0.342930,0.934815
987.100000,-1.33447,3.90729,2.18000,0.36092,0.00745,0.00620,-0.013276,-0.091347,0.342930,0.934815
987.134000,-1.33447,3.90729,2.18000,0.36092,0.00745,0.00620,-0.013276,-0.091347,0.342930,0.934815
987.167000,-1.33447,3.90729,2.18000,0.36092,0.00745,0.00620,-0.013276,-0.091347,0.342930,0.934815
987.200000,-1.33447,3.90729,2.18000,0.36092,0.00745,0.00620,-0.013276,-0.091347,0.342930,0.934815
987.234000,-1.33447,3.90729,2.18000,0.36092,0.00745,0.00620,-0.013276,-0.091347,0.342930,0.934815
987.268000,-1.33447,3.90729,2.18000,0.36092,0.00745,0.00620,-0.008650,-0.046807,0.320273,0.946129
987.300000,-1.29816,3.88503,2.18000,0.02545,-0.05837,-0.00242,-0.008650,-0.046807,0.320273,0.946129
987.334000,-1.29816,3.88503,2.18000,0.02545,-0.05837,-0.00242,-0.008650,-0.046807,0.320273,0.946129
987.367000,-1.29816,3.88503,2.18000,0.02545,-0.05837,-0.00242,-0.008650,-0.046807,0.320273,0.946129
987.400000,-1.29816,3.88503,2.18000,0.02545,-0.05837,-0.00242,-0.008650,-0.046807,0.320273,0.946129
987.434000,-1.29816,3.88503,2.18000,0.02545,-0.05837,-0.00242,-0.008650,-0.046807,0.320273,0.946129
987.467000,-1.29816,3.88503,2.18000,0.02545,-0.05837,-0.00242,-0.008650,-0.046807,0.320273,0.946129
987.500000,-1.29816,3.88503,2.18000,0.02545,-0.05837,-0.00242,-0.008650,-0.046807,0.320273,0.946129
987.535000,-1.29816,3.87390,2.18000,-0.11322,-0.07846,-0.01014,-0.002218,-0.013188,0.314286,0.949234
987.567000,-1.29816,3.87390,2.18000,-0.11322,-0.07846,-0.01014,-0.002218,-0.013188,0.314286,0.949234
987.601000,-1.29816,3.87390,2.18000,-0.11322,-0.07846,-0.01014,-0.002218,-0.013188,0.314286,0.949234
987.634000,-1.29816,3.87390,2.18000,-0.11322,-0.07846,-0.01014,-0.002218,-0.013188,0.314286,0.949234
987.667000,-1.29816,3.87390,2.18000,-0.11322,-0.07846,-0.01014,-0.002218,-0.013188,0.314286,0.949234
987.700000,-1.29816,3.87390,2.18000,-0.11322,-0.07846,-0.01014,-0.002218,-0.013188,0.314286,0.949234
987.734000,-1.29816,3.87390,2.18000,-0.11322,-0.07846,-0.01014,-0.002218,-0.013188,0.314286,0.949234
987.768000,-1.33447,3.86276,2.18000,-0.14361,-0.07057,-0.01008,-0.005023,0.000902,0.311150,0.950347
987.800000,-1.33447,3.86276,2.18000,-0.14361,-0.07057,-0.01008,-0.005023,0.000902,0.311150,0.950347
987.834000,-1.33447,3.86276,2.18000,-0.14361,-0.07057,-0.01008,-0.005023,0.000902,0.311150,0.950347
987.867000,-1.33447,3.86276,2.18000,-0.14361,-0.07057,-0.01008,-0.005023,0.000902,0.311150,0.950347
987.900000,-1.33447,3.86276,2.18000,-0.14361,-0.07057,-0.01008,-0.005023,0.000902,0.311150,0.950347
987.934000,-1.33447,3.86276,2.18000,-0.14361,-0.07057,-0.01008,-0.005023,0.000902,0.311150,0.950347
987.967000,-1.33447,3.86276,2.18000,-0.14361,-0.07057,-0.01008,-0.005023,0.000902,0.311150,0.950347
988.000000,-1.33447,3.86276,2.18000,-0.14361,-0.07057,-0.01008,-0.005023,0.000902,0.311150,0.950347
988.035000,-1.36171,3.84050,2.18000,-0.11732,-0.05223,-0.01060,0.000965,0.009913,0.310443,0.950540
988.067000,-1.36171,3.84050,2.18000,-0.11732,-0.05223,-0.01060,0.000965,0.009913,0.310443,0.950540
988.100000,-1.36171,3.84050,2.18000,-0.11732,-0.05223,-0.01060,0.000965,0.009913,0.310443,0.950540
988.134000,-1.36171,3.84050,2.18000,-0.11732,-0.05223,-0.01060,0.000965,0.009913,0.310443,0.950540
988.167000,-1.36171,3.84050,2.18000,-0.11732,-0.05223,-0.01060,0.000965,0.009913,0.310443,0.950540
988.200000,-1.36171,3.84050,2.18000,-0.11732,-0.05223,-0.01060,0.000965,0.009913,0.310443,0.950540
988.234000,-1.36171,3.84050,2.18000,-0.11732,-0.05223,-0.01060,0.000965,0.009913,0.310443,0.950540
988.268000,-1.36171,3.84050,2.18000,-0.11732,-0.05223,-0.01060,-0.003819,0.010658,0.310528,0.950497
988.301000,-1.37986,3.84050,2.18000,-0.07043,-0.02941,-0.00247,-0.003819,0.010658,0.310528,0.950497
988.334000,-1.37986,3.84050,2.18000,-0.07043,-0.02941,-0.00247,-0.003819,0.010658,0.310528,0.950497
988.367000,-1.37986,3.84050,2.18000,-0.07043,-0.02941,-0.00247,-0.003819,0.010658,0.310528,0.950497
988.400000,-1.37986,3.84050,2.18000,-0.07043,-0.02941,-0.00247,-0.003819,0.010658,0.310528,0.950497
988.434000,-1.37986,3.84050,2.18000,-0.07043,-0.02941,-0.00247,-0.003819,0.010658,0.310528,0.950497
988.467000,-1.37986,3.84050,2.18000,-0.07043,-0.02941,-0.00247,-0.003819,0.010658,0.310528,0.950497
988.500000,-1.37986,3.84050,2.18000,-0.07043,-0.02941,-0.00247,-0.003819,0.010658,0.310528,0.950497
988.535000,-1.38894,3.84050,2.18000,-0.02009,-0.00922,0.00008,0.002367,0.010930,0.311289,0.950250
988.567000,-1.38894,3.84050,2.18000,-0.02009,-0.00922,0.00008,0.002367,0.010930,0.311289,0.950250
988.600000,-1.38894,3.84050,2.18000,-0.02009,-0.00922,0.00008,0.002367,0.010930,0.311289,0.950250
988.634000,-1.38894,3.84050,2.18000,-0.02009,-0.00922,0.00008,0.002367,0.010930,0.311289,0.950250
988.667000,-1.38894,3.84050,2.18000,-0.02009,-0.00922,0.00008,0.002367,0.010930,0.311289,0.950250
988.700000,-1.38894,3.84050,2.18000,-0.02009,-0.00922,0.00008,0.002367,0.010930,0.311289,0.950250
988.734000,-1.38894,3.84050,2.18000,-0.02009,-0.00922,0.00008,0.002367,0.010930,0.311289,0.950250
988.768000,-1.38894,3.84050,2.18000,0.02159,0.00202,-0.00017,-0.001746,0.006540,0.312139,0.950012
988.800000,-1.38894,3.84050,2.18000,0.02159,0.00202,-0.00017,-0.001746,0.006540,0.312139,0.950012
988.834000,-1.38894,3.84050,2.18000,0.02159,0.00202,-0.00017,-0.001746,0.006540,0.312139,0.950012
988.867000,-1.38894,3.84050,2.18000,0.02159,0.00202,-0.00017,-0.001746,0.006540,0.312139,0.950012
988.900000,-1.38894,3.84050,2.18000,0.02159,0.00202,-0.00017,-0.001746,0.006540,0.312139,0.950012
988.934000,-1.38894,3.84050,2.18000,0.02159,0.00202,-0.00017,-0.001746,0.006540,0.312139,0.950012
988.967000,-1.38894,3.84050,2.18000,0.02159,0.00202,-0.00017,-0.001746,0.006540,0.312139,0.950012
989.000000,-1.38894,3.84050,2.18000,0.02159,0.00202,-0.00017,-0.001746,0.006540,0.312139,0.950012
989.035000,-1.38894,3.84050,2.18000,0.04697,0.01278,0.00041,0.000905,0.004933,0.312695,0.949840
989.067000,-1.38894,3.84050,2.18000,0.04697,0.01278,0.00041,0.000905,0.004933,0.312695,0.949840
989.100000,-1.38894,3.84050,2.18000,0.04697,0.01278,0.00041,0.000905,0.004933,0.312695,0.949840
989.134000,-1.38894,3.84050,2.18000,0.04697,0.01278,0.00041,0.000905,0.004933,0.312695,0.949840
989.168000,-1.38894,3.84050,2.18000,0.04697,0.01278,0.00041,0.000905,0.004933,0.312695,0.949840
989.200000,-1.38894,3.84050,2.18000,0.04697,0.01278,0.00041,0.000905,0.004933,0.312695,0.949840
989.234000,-1.38894,3.84050,2.18000,0.04697,0.01278,0.00041,0.000905,0.004933,0.312695,0.949840
989.268000,-1.38894,3.84050,2.18000,0.04697,0.01278,0.00041,-0.000126,0.002630,0.313609,0.949548
989.300000,-1.37986,3.84050,2.18000,0.06549,0.01663,0.00251,-0.000126,0.002630,0.313609,0.949548
989.334000,-1.37986,3.84050,2.18000,0.06549,0.01663,0.00251,-0.000126,0.002630,0.313609,0.949548
989.367000,-1.37986,3.84050,2.18000,0.06549,0.01663,0.00251,-0.000126,0.002630,0.313609,0.949548
989.401000,-1.37986,3.84050,2.18000,0.06549,0.01663,0.00251,-0.000126,0.002630,0.313609,0.949548
989.434000,-1.37986,3.84050,2.18000,0.06549,0.01663,0.00251,-0.000126,0.002630,0.313609,0.949548
989.467000,-1.37986,3.84050,2.18000,0.06549,0.01663,0.00251,-0.000126,0.002630,0.313609,0.949548
989.500000,-1.37986,3.84050,2.18000,0.06549,0.01663,0.00251,-0.000126,0.002630,0.313609,0.949548
989.535000,-1.36171,3.84050,2.18000,0.06966,0.02366,-0.00130,-0.001857,0.000136,0.314107,0.949386
989.567000,-1.36171,3.84050,2.18000,0.06966,0.02366,-0.00130,-0.001857,0.000136,0.314107,0.949386
989.600000,-1.36171,3.84050,2.18000,0.06966,0.02366,-0.00130,-0.001857,0.000136,0.314107,0.949386
989.634000,-1.36171,3.84050,2.18000,0.06966,0.02366,-0.00130,-0.001857,0.000136,0.314107,0.949386
989.667000,-1.36171,3.84050,2.18000,0.06966,0.02366,-0.00130,-0.001857,0.000136,0.314107,0.949386
989.700000,-1.36171,3.84050,2.18000,0.06966,0.02366,-0.00130,-0.001857,0.000136,0.314107,0.949386
989.734000,-1.36171,3.84050,2.18000,0.06966,0.02366,-0.00130,-0.001857,0.000136,0.314107,0.949386
989.768000,-1.34355,3.84050,2.18000,0.06524,0.02449,0.00107,0.000604,-0.001509,0.314819,0.949150
989.800000,-1.34355,3.84050,2.18000,0.06524,0.02449,0.00107,0.000604,-0.001509,0.314819,0.949150
989.834000,-1.34355,3.84050,2.18000,0.06524,0.02449,0.00107,0.000604,-0.001509,0.314819,0.949150
989.867000,-1.34355,3.84050,2.18000,0.06524,0.02449,0.00107,0.000604,-0.001509,0.314819,0.949150
989.900000,-1.34355,3.84050,2.18000,0.06524,0.02449,0.00107,0.000604,-0.001509,0.314819,0.949150
989.934000,-1.34355,3.84050,2.18000,0.06524,0.02449,0.00107,0.000604,-0.001509,0.314819,0.949150
989.967000,-1.34355,3.84050,2.18000,0.06524,0.02449,0.00107,0.000604,-0.001509,0.314819,0.949150
990.000000,-1.34355,3.84050,2.18000,0.06524,0.02449,0.00107,0.000604,-0.001509,0.314819,0.949150
990.035000,-1.33447,3.84050,2.18000,0.05032,0.02731,-0.00127,-0.003239,-0.003277,0.315336,0.948969
990.067000,-1.33447,3.84050,2.18000,0.05032,0.02731,-0.00127,-0.003239,-0.003277,0.315336,0.948969
990.100000,-1.33447,3.84050,2.18000,0.05032,0.02731,-0.00127,-0.003239,-0.003277,0.315336,0.948969
990.134000,-1.33447,3.84050,2.18000,0.05032,0.02731,-0.00127,-0.003239,-0.003277,0.315336,0.948969
990.167000,-1.33447,3.84050,2.18000,0.05032,0.02731,-0.00127,-0.003239,-0.003277,0.315336,0.948969
990.201000,-1.33447,3.84050,2.18000,0.05032,0.02731,-0.00127,-0.003239,-0.003277,0.315336,0.948969
990.234000,-1.33447,3.84050,2.18000,0.05032,0.02731,-0.00127,-0.003239,-0.003277,0.315336,0.948969
990.268000,-1.31632,3.85163,2.18000,0.03786,0.02727,-0.00376,0.001570,-0.001732,0.315973,0.948765
990.300000,-1.31632,3.85163,2.18000,0.03786,0.02727,-0.00376,0.001570,-0.001732,0.315973,0.948765
990.334000,-1.31632,3.85163,2.18000,0.03786,0.02727,-0.00376,0.001570,-0.001732,0.315973,0.948765
990.367000,-1.31632,3.85163,2.18000,0.03786,0.02727,-0.00376,0.001570,-0.001732,0.315973,0.948765
990.400000,-1.31632,3.85163,2.18000,0.03786,0.02727,-0.00376,0.001570,-0.001732,0.315973,0.948765
990.434000,-1.31632,3.85163,2.18000,0.03786,0.02727,-0.00376,0.001570,-0.001732,0.315973,0.948765
990.467000,-1.31632,3.85163,2.18000,0.03786,0.02727,-0.00376,0.001570,-0.001732,0.315973,0.948765
990.500000,-1.31632,3.85163,2.18000,0.03786,0.02727,-0.00376,0.001570,-0.001732,0.315973,0.948765
990.535000,-1.30724,3.85163,2.18000,0.02074,0.02451,-0.00410,-0.002684,-0.004640,0.316388,0.948615
990.567000,-1.30724,3.85163,2.18000,0.02074,0.02451,-0.00410,-0.002684,-0.004640,0.316388,0.948615
990.600000,-1.30724,3.85163,2.18000,0.02074,0.02451,-0.00410,-0.002684,-0.004640,0.316388,0.948615
990.634000,-1.30724,3.85163,2.18000,0.02074,0.02451,-0.00410,-0.002684,-0.004640,0.316388,0.948615
990.667000,-1.30724,3.85163,2.18000,0.02074,0.02451,-0.00410,-0.002684,-0.004640,0.316388,0.948615
990.700000,-1.30724,3.85163,2.18000,0.02074,0.02451,-0.00410,-0.002684,-0.004640,0.316388,0.948615
990.734000,-1.30724,3.85163,2.18000,0.02074,0.02451,-0.00410,-0.002684,-0.004640,0.316388,0.948615
990.768000,-1.30724,3.86276,2.18000,0.00420,0.01831,0.00176,0.003035,-0.002280,0.316877,0.948459
990.800000,-1.30724,3.86276,2.18000,0.00420,0.01831,0.00176,0.003035,-0.002280,0.316877,0.948459
990.834000,-1.30724,3.86276,2.18000,0.00420,0.01831,0.00176,0.003035,-0.002280,0.316877,0.948459
990.867000,-1.30724,3.86276,2.18000,0.00420,0.01831,0.00176,0.003035,-0.002280,0.316877,0.948459
990.900000,-1.30724,3.86276,2.18000,0.00420,0.01831,0.00176,0.003035,-0.002280,0.316877,0.948459
990.934000,-1.30724,3.86276,2.18000,0.00420,0.01831,0.00176,0.003035,-0.002280,0.316877,0.948459
990.967000,-1.30724,3.86276,2.18000,0.00420,0.01831,0.00176,0.003035,-0.002280,0.316877,0.948459
991.000000,-1.30724,3.86276,2.18000,0.00420,0.01831,0.00176,0.003035,-0.002280,0.316877,0.948459
991.035000,-1.30724,3.86276,2.18000,-0.00655,0.00896,-0.00163,-0.001354,-0.003100,0.317451,0.948269
991.067000,-1.30724,3.86276,2.18000,-0.00655,0.00896,-0.00163,-0.001354,-0.003100,0.317451,0.948269
991.100000,-1.30724,3.86276,2.18000,-0.00655,0.00896,-0.00163,-0.001354,-0.003100,0.317451,0.948269
991.134000,-1.30724,3.86276,2.18000,-0.00655,0.00896,-0.00163,-0.001354,-0.003100,0.317451,0.948269
991.167000,-1.30724,3.86276,2.18000,-0.00655,0.00896,-0.00163,-0.001354,-0.003100,0.317451,0.948269
991.200000,-1.30724,3.86276,2.18000,-0.00655,0.00896,-0.00163,-0.001354,-0.003100,0.317451,0.948269
991.234000,-1.30724,3.86276,2.18000,-0.00655,0.00896,-0.00163,-0.001354,-0.003100,0.317451,0.948269
991.268000,-1.30724,3.86276,2.18000,-0.00655,0.00896,-0.00163,0.001990,-0.000914,0.317759,0.948169
991.300000,-1.30724,3.86276,2.18000,-0.01536,0.00458,-0.00050,0.001990,-0.000914,0.317759,0.948169
991.334000,-1.30724,3.86276,2.18000,-0.01536,0.00458,-0.00050,0.001990,-0.000914,0.317759,0.948169
991.367000,-1.30724,3.86276,2.18000,-0.01536,0.00458,-0.00050,0.001990,-0.000914,0.317759,0.948169
991.400000,-1.30724,3.86276,2.18000,-0.01536,0.00458,-0.00050,0.001990,-0.000914,0.317759,0.948169
991.434000,-1.30724,3.86276,2.18000,-0.01536,0.00458,-0.00050,0.001990,-0.000914,0.317759,0.948169
991.467000,-1.30724,3.86276,2.18000,-0.01536,0.00458,-0.00050,0.001990,-0.000914,0.317759,0.948169
991.501000,-1.30724,3.86276,2.18000,-0.01536,0.00458,-0.00050,0.001990,-0.000914,0.317759,0.948169
991.535000,-1.30724,3.86276,2.18000,-0.01856,-0.00087,-0.00107,-0.000843,-0.001212,0.318358,0.947970
991.567000,-1.30724,3.86276,2.18000,-0.01856,-0.00087,-0.00107,-0.000843,-0.001212,0.318358,0.947970
991.600000,-1.30724,3.86276,2.18000,-0.01856,-0.00087,-0.00107,-0.000843,-0.001212,0.318358,0.947970
991.634000,-1.30724,3.86276,2.18000,-0.01856,-0.00087,-0.00107,-0.000843,-0.001212,0.318358,0.947970
991.667000,-1.30724,3.86276,2.18000,-0.01856,-0.00087,-0.00107,-0.000843,-0.001212,0.318358,0.947970
991.700000,-1.30724,3.86276,2.18000,-0.01856,-0.00087,-0.00107,-0.000843,-0.001212,0.318358,0.947970
991.734000,-1.30724,3.86276,2.18000,-0.01856,-0.00087,-0.00107,-0.000843,-0.001212,0.318358,0.947970
991.768000,-1.30724,3.86276,2.17000,-0.02355,0.00011,0.00408,-0.000119,-0.000589,0.318574,0.947898
991.800000,-1.30724,3.86276,2.17000,-0.02355,0.00011,0.00408,-0.000119,-0.000589,0.318574,0.947898
991.834000,-1.30724,3.86276,2.17000,-0.02355,0.00011,0.00408,-0.000119,-0.000589,0.318574,0.947898
991.867000,-1.30724,3.86276,2.17000,-0.02355,0.00011,0.00408,-0.000119,-0.000589,0.318574,0.947898
991.900000,-1.30724,3.86276,2.17000,-0.02355,0.00011,0.00408,-0.000119,-0.000589,0.318574,0.947898
991.934000,-1.30724,3.86276,2.17000,-0.02355,0.00011,0.00408,-0.000119,-0.000589,0.318574,0.947898
991.967000,-1.30724,3.86276,2.17000,-0.02355,0.00011,0.00408,-0.000119,-0.000589,0.318574,0.947898
992.000000,-1.30724,3.86276,2.17000,-0.02355,0.00011,0.00408,-0.000119,-0.000589,0.318574,0.947898
992.035000,-1.31632,3.86276,2.18000,-0.02146,-0.00306,0.00516,0.001172,0.000820,0.319102,0.947719
992.067000,-1.31632,3.86276,2.18000,-0.02146,-0.00306,0.00516,0.001172,0.000820,0.319102,0.947719
992.100000,-1.31632,3.86276,2.18000,-0.02146,-0.00306,0.00516,0.001172,0.000820,0.319102,0.947719
992.134000,-1.31632,3.86276,2.18000,-0.02146,-0.00306,0.00516,0.001172,0.000820,0.319102,0.947719
992.167000,-1.31632,3.86276,2.18000,-0.02146,-0.00306,0.00516,0.001172,0.000820,0.319102,0.947719
992.200000,-1.31632,3.86276,2.18000,-0.02146,-0.00306,0.00516,0.001172,0.000820,0.319102,0.947719
992.234000,-1.31632,3.86276,2.18000,-0.02146,-0.00306,0.00516,0.001172,0.000820,0.319102,0.947719
992.268000,-1.31632,3.86276,2.18000,-0.02146,-0.00306,0.00516,-0.001269,0.000422,0.319146,0.947705
992.300000,-1.33447,3.86276,2.18000,-0.01975,-0.00143,0.00320,-0.001269,0.000422,0.319146,0.947705
992.334000,-1.33447,3.86276,2.18000,-0.01975,-0.00143,0.00320,-0.001269,0.000422,0.319146,0.947705
992.367000,-1.33447,3.86276,2.18000,-0.01975,-0.00143,0.00320,-0.001269,0.000422,0.319146,0.947705
992.400000,-1.33447,3.86276,2.18000,-0.01975,-0.00143,0.00320,-0.001269,0.000422,0.319146,0.947705
992.434000,-1.33447,3.86276,2.18000,-0.01975,-0.00143,0.00320,-0.001269,0.000422,0.319146,0.947705
992.467000,-1.33447,3.86276,2.18000,-0.01975,-0.00143,0.00320,-0.001269,0.000422,0.319146,0.947705
992.501000,-1.33447,3.86276,2.18000,-0.01975,-0.00143,0.00320,-0.001269,0.000422,0.319146,0.947705
992.535000,-1.33447,3.86276,2.18000,-0.00873,-0.00360,-0.00135,0.003143,0.002857,0.319712,0.947505
992.567000,-1.33447,3.86276,2.18000,-0.00873,-0.00360,-0.00135,0.003143,0.002857,0.319712,0.947505
992.600000,-1.33447,3.86276,2.18000,-0.00873,-0.00360,-0.00135,0.003143,0.002857,0.319712,0.947505
992.634000,-1.33447,3.86276,2.18000,-0.00873,-0.00360,-0.00135,0.003143,0.002857,0.319712,0.947505
992.667000,-1.33447,3.86276,2.18000,-0.00873,-0.00360,-0.00135,0.003143,0.002857,0.319712,0.947505
992.701000,-1.33447,3.86276,2.18000,-0.00873,-0.00360,-0.00135,0.003143,0.002857,0.319712,0.947505
992.734000,-1.33447,3.86276,2.18000,-0.00873,-0.00360,-0.00135,0.003143,0.002857,0.319712,0.947505
992.768000,-1.33447,3.86276,2.18000,-0.00091,-0.00323,-0.00441,-0.002384,0.000163,0.319851,0.947465
992.800000,-1.33447,3.86276,2.18000,-0.00091,-0.00323,-0.00441,-0.002384,0.000163,0.319851,0.947465
992.834000,-1.33447,3.86276,2.18000,-0.00091,-0.00323,-0.00441,-0.002384,0.000163,0.319851,0.947465
992.867000,-1.33447,3.86276,2.18000,-0.00091,-0.00323,-0.00441,-0.002384,0.000163,0.319851,0.947465
992.900000,-1.33447,3.86276,2.18000,-0.00091,-0.00323,-0.00441,-0.002384,0.000163,0.319851,0.947465
992.934000,-1.33447,3.86276,2.18000,-0.00091,-0.00323,-0.00441,-0.002384,0.000163,0.319851,0.947465
992.967000,-1.33447,3.86276,2.18000,-0.00091,-0.00323,-0.00441,-0.002384,0.000163,0.319851,0.947465
993.001000,-1.33447,3.86276,2.18000,-0.00091,-0.00323,-0.00441,-0.002384,0.000163,0.319851,0.947465
993.035000,-1.33447,3.86276,2.18000,0.00297,-0.00300,-0.00316,0.002817,0.001435,0.320263,0.947324
993.067000,-1.33447,3.86276,2.18000,0.00297,-0.00300,-0.00316,0.002817,0.001435,0.320263,0.947324
993.100000,-1.33447,3.86276,2.18000,0.00297,-0.00300,-0.00316,0.002817,0.001435,0.320263,0.947324
993.134000,-1.33447,3.86276,2.18000,0.00297,-0.00300,-0.00316,0.002817,0.001435,0.320263,0.947324
993.167000,-1.33447,3.86276,2.18000,0.00297,-0.00300,-0.00316,0.002817,0.001435,0.320263,0.947324
993.200000,-1.33447,3.86276,2.18000,0.00297,-0.00300,-0.00316,0.002817,0.001435,0.320263,0.947324
993.234000,-1.33447,3.86276,2.18000,0.00297,-0.00300,-0.00316,0.002817,0.001435,0.320263,0.947324
993.268000,-1.33447,3.86276,2.18000,0.00510,-0.00265,-0.00049,-0.002554,-0.000515,0.320572,0.947221
993.300000,-1.33447,3.86276,2.18000,0.00510,-0.00265,-0.00049,-0.002554,-0.000515,0.320572,0.947221
993.334000,-1.33447,3.86276,2.18000,0.00510,-0.00265,-0.00049,-0.002554,-0.000515,0.320572,0.947221
993.367000,-1.33447,3.86276,2.18000,0.00510,-0.00265,-0.00049,-0.002554,-0.000515,0.320572,0.947221
993.400000,-1.33447,3.86276,2.18000,0.00510,-0.00265,-0.00049,-0.002554,-0.000515,0.320572,0.947221
993.434000,-1.33447,3.86276,2.18000,0.00510,-0.00265,-0.00049,-0.002554,-0.000515,0.320572,0.947221
993.467000,-1.33447,3.86276,2.18000,0.00510,-0.00265,-0.00049,-0.002554,-0.000515,0.320572,0.947221
993.500000,-1.33447,3.86276,2.18000,0.00510,-0.00265,-0.00049,-0.002554,-0.000515,0.320572,0.947221
993.535000,-1.33447,3.86276,2.18000,0.00547,-0.00121,0.00198,0.002655,0.001382,0.320678,0.947184
993.567000,-1.33447,3.86276,2.18000,0.00547,-0.00121,0.00198,0.002655,0.001382,0.320678,0.947184
993.600000,-1.33447,3.86276,2.18000,0.00547,-0.00121,0.00198,0.002655,0.001382,0.320678,0.947184
993.634000,-1.33447,3.86276,2.18000,0.00547,-0.00121,0.00198,0.002655,0.001382,0.320678,0.947184
993.667000,-1.33447,3.86276,2.18000,0.00547,-0.00121,0.00198,0.002655,0.001382,0.320678,0.947184
993.700000,-1.33447,3.86276,2.18000,0.00547,-0.00121,0.00198,0.002655,0.001382,0.320678,0.947184
993.734000,-1.33447,3.86276,2.18000,0.00547,-0.00121,0.00198,0.002655,0.001382,0.320678,0.947184
993.768000,-1.33447,3.86276,2.18000,0.00547,-0.00121,0.00198,-0.013475,0.035963,0.320611,0.946432
993.800000,-1.33447,3.86276,2.18000,0.06022,0.03506,0.00192,-0.013475,0.035963,0.320611,0.946432
993.834000,-1.33447,3.86276,2.18000,0.06022,0.03506,0.00192,-0.013475,0.035963,0.320611,0.946432
993.867000,-1.33447,3.86276,2.18000,0.06022,0.03506,0.00192,-0.013475,0.035963,0.320611,0.946432
993.901000,-1.33447,3.86276,2.18000,0.06022,0.03506,0.00192,-0.013475,0.035963,0.320611,0.946432
993.934000,-1.33447,3.86276,2.18000,0.06022,0.03506,0.00192,-0.013475,0.035963,0.320611,0.946432
993.968000,-1.33447,3.86276,2.18000,0.06022,0.03506,0.00192,-0.013475,0.035963,0.320611,0.946432
994.000000,-1.33447,3.86276,2.18000,0.06022,0.03506,0.00192,-0.013475,0.035963,0.320611,0.946432
994.035000,-1.28908,3.90729,2.18000,0.36280,0.26900,-0.00401,-0.036138,0.107177,0.316612,0.941788
994.067000,-1.28908,3.90729,2.18000,0.36280,0.26900,-0.00401,-0.036138,0.107177,0.316612,0.941788
994.100000,-1.28908,3.90729,2.18000,0.36280,0.26900,-0.00401,-0.036138,0.107177,0.316612,0.941788
994.134000,-1.28908,3.90729,2.18000,0.36280,0.26900,-0.00401,-0.036138,0.107177,0.316612,0.941788
994.167000,-1.28908,3.90729,2.18000,0.36280,0.26900,-0.00401,-0.036138,0.107177,0.316612,0.941788
994.200000,-1.28908,3.90729,2.18000,0.36280,0.26900,-0.00401,-0.036138,0.107177,0.316612,0.941788
994.234000,-1.28908,3.90729,2.18000,0.36280,0.26900,-0.00401,-0.036138,0.107177,0.316612,0.941788
994.268000,-1.28908,3.90729,2.18000,0.36280,0.26900,-0.00401,-0.033688,0.099046,0.316009,0.942971
994.300000,-1.13476,4.00748,2.18000,0.83196,0.62385,0.00746,-0.033688,0.099046,0.316009,0.942971
994.334000,-1.13476,4.00748,2.18000,0.83196,0.62385,0.00746,-0.033688,0.099046,0.316009,0.942971
994.367000,-1.13476,4.00748,2.18000,0.83196,0.62385,0.00746,-0.033688,0.099046,0.316009,0.942971
994.400000,-1.13476,4.00748,2.18000,0.83196,0.62385,0.00746,-0.033688,0.099046,0.316009,0.942971
994.434000,-1.13476,4.00748,2.18000,0.83196,0.62385,0.00746,-0.033688,0.099046,0.316009,0.942971
994.467000,-1.13476,4.00748,2.18000,0.83196,0.62385,0.00746,-0.033688,0.099046,0.316009,0.942971
994.500000,-1.13476,4.00748,2.18000,0.83196,0.62385,0.00746,-0.033688,0.099046,0.316009,0.942971
994.535000,-0.88057,4.19672,2.18000,1.13776,0.85551,0.00608,-0.015786,0.048694,0.315781,0.947450
994.567000,-0.88057,4.19672,2.18000,1.13776,0.85551,0.00608,-0.015786,0.048694,0.315781,0.947450
994.600000,-0.88057,4.19672,2.18000,1.13776,0.85551,0.00608,-0.015786,0.048694,0.315781,0.947450
994.634000,-0.88057,4.19672,2.18000,1.13776,0.85551,0.00608,-0.015786,0.048694,0.315781,0.947450
994.667000,-0.88057,4.19672,2.18000,1.13776,0.85551,0.00608,-0.015786,0.048694,0.315781,0.947450
994.700000,-0.88057,4.19672,2.18000,1.13776,0.85551,0.00608,-0.015786,0.048694,0.315781,0.947450
994.734000,-0.88057,4.19672,2.18000,1.13776,0.85551,0.00608,-0.015786,0.048694,0.315781,0.947450
994.768000,-0.58099,4.41936,2.18000,1.21878,0.91311,0.00489,0.005264,-0.014738,0.316026,0.948621
994.800000,-0.58099,4.41936,2.18000,1.21878,0.91311,0.00489,0.005264,-0.014738,0.316026,0.948621
994.834000,-0.58099,4.41936,2.18000,1.21878,0.91311,0.00489,0.005264,-0.014738,0.316026,0.948621
994.867000,-0.58099,4.41936,2.18000,1.21878,0.91311,0.00489,0.005264,-0.014738,0.316026,0.948621
994.900000,-0.58099,4.41936,2.18000,1.21878,0.91311,0.00489,0.005264,-0.014738,0.316026,0.948621
994.934000,-0.58099,4.41936,2.18000,1.21878,0.91311,0.00489,0.005264,-0.014738,0.316026,0.948621
994.967000,-0.58099,4.41936,2.18000,1.21878,0.91311,0.00489,0.005264,-0.014738,0.316026,0.948621
995.000000,-0.58099,4.41936,2.18000,1.21878,0.91311,0.00489,0.005264,-0.014738,0.316026,0.948621
995.035000,-0.29958,4.63086,2.18000,0.98421,0.74099,0.00754,0.031101,-0.096322,0.314165,0.943957
995.067000,-0.29958,4.63086,2.18000,0.98421,0.74099,0.00754,0.031101,-0.096322,0.314165,0.943957
995.100000,-0.29958,4.63086,2.18000,0.98421,0.74099,0.00754,0.031101,-0.096322,0.314165,0.943957
995.134000,-0.29958,4.63086,2.18000,0.98421,0.74099,0.00754,0.031101,-0.096322,0.314165,0.943957
995.167000,-0.29958,4.63086,2.18000,0.98421,0.74099,0.00754,0.031101,-0.096322,0.314165,0.943957
995.200000,-0.29958,4.63086,2.18000,0.98421,0.74099,0.00754,0.031101,-0.096322,0.314165,0.943957
995.234000,-0.29958,4.63086,2.18000,0.98421,0.74099,0.00754,0.031101,-0.096322,0.314165,0.943957
995.268000,-0.11801,4.78671,2.18000,0.50105,0.37536,0.00757,0.040328,-0.114530,0.313564,0.941772
995.301000,-0.11801,4.78671,2.18000,0.50105,0.37536,0.00757,0.040328,-0.114530,0.313564,0.941772
995.334000,-0.11801,4.78671,2.18000,0.50105,0.37536,0.00757,0.040328,-0.114530,0.313564,0.941772
995.367000,-0.11801,4.78671,2.18000,0.50105,0.37536,0.00757,0.040328,-0.114530,0.313564,0.941772
995.400000,-0.11801,4.78671,2.18000,0.50105,0.37536,0.00757,0.040328,-0.114530,0.313564,0.941772
995.434000,-0.11801,4.78671,2.18000,0.50105,0.37536,0.00757,0.040328,-0.114530,0.313564,0.941772
995.467000,-0.11801,4.78671,2.18000,0.50105,0.37536,0.00757,0.040328,-0.114530,0.313564,0.941772
995.500000,-0.11801,4.78671,2.18000,0.50105,0.37536,0.00757,0.040328,-0.114530,0.313564,0.941772
995.535000,-0.03631,4.83124,2.18000,0.10675,0.08115,0.00033,0.020230,-0.070003,0.314604,0.946422
995.567000,-0.03631,4.83124,2.18000,0.10675,0.08115,0.00033,0.020230,-0.070003,0.314604,0.946422
995.600000,-0.03631,4.83124,2.18000,0.10675,0.08115,0.00033,0.020230,-0.070003,0.314604,0.946422
995.634000,-0.03631,4.83124,2.18000,0.10675,0.08115,0.00033,0.020230,-0.070003,0.314604,0.946422
995.667000,-0.03631,4.83124,2.18000,0.10675,0.08115,0.00033,0.020230,-0.070003,0.314604,0.946422
995.700000,-0.03631,4.83124,2.18000,0.10675,0.08115,0.00033,0.020230,-0.070003,0.314604,0.946422
995.734000,-0.03631,4.83124,2.18000,0.10675,0.08115,0.00033,0.020230,-0.070003,0.314604,0.946422
995.768000,-0.03631,4.83124,2.18000,0.10675,0.08115,0.00033,0.011258,-0.026962,0.315773,0.948385
995.800000,-0.03631,4.83124,2.18000,-0.08850,-0.06343,-0.00634,0.011258,-0.026962,0.315773,0.948385
995.834000,-0.03631,4.83124,2.18000,-0.08850,-0.06343,-0.00634,0.011258,-0.026962,0.315773,0.948385
995.867000,-0.03631,4.83124,2.18000,-0.08850,-0.06343,-0.00634,0.011258,-0.026962,0.315773,0.948385
995.901000,-0.03631,4.83124,2.18000,-0.08850,-0.06343,-0.00634,0.011258,-0.026962,0.315773,0.948385
995.934000,-0.03631,4.83124,2.18000,-0.08850,-0.06343,-0.00634,0.011258,-0.026962,0.315773,0.948385
995.967000,-0.03631,4.83124,2.18000,-0.08850,-0.06343,-0.00634,0.011258,-0.026962,0.315773,0.948385
996.000000,-0.03631,4.83124,2.18000,-0.08850,-0.06343,-0.00634,0.011258,-0.026962,0.315773,0.948385
996.035000,-0.07262,4.82011,2.18000,-0.15083,-0.10828,-0.00997,-0.001237,-0.005585,0.315837,0.948796
996.067000,-0.07262,4.82011,2.18000,-0.15083,-0.10828,-0.00997,-0.001237,-0.005585,0.315837,0.948796
996.100000,-0.07262,4.82011,2.18000,-0.15083,-0.10828,-0.00997,-0.001237,-0.005585,0.315837,0.948796
996.134000,-0.07262,4.82011,2.18000,-0.15083,-0.10828,-0.00997,-0.001237,-0.005585,0.315837,0.948796
996.167000,-0.07262,4.82011,2.18000,-0.15083,-0.10828,-0.00997,-0.001237,-0.005585,0.315837,0.948796
996.200000,-0.07262,4.82011,2.18000,-0.15083,-0.10828,-0.00997,-0.001237,-0.005585,0.315837,0.948796
996.234000,-0.07262,4.82011,2.18000,-0.15083,-0.10828,-0.00997,-0.001237,-0.005585,0.315837,0.948796
996.268000,-0.09986,4.79784,2.18000,-0.13934,-0.10120,-0.00554,0.000124,0.008822,0.315837,0.948772
996.300000,-0.09986,4.79784,2.18000,-0.13934,-0.10120,-0.00554,0.000124,0.008822,0.315837,0.948772
996.334000,-0.09986,4.79784,2.18000,-0.13934,-0.10120,-0.00554,0.000124,0.008822,0.315837,0.948772
996.367000,-0.09986,4.79784,2.18000,-0.13934,-0.10120,-0.00554,0.000124,0.008822,0.315837,0.948772
996.400000,-0.09986,4.79784,2.18000,-0.13934,-0.10120,-0.00554,0.000124,0.008822,0.315837,0.948772
996.434000,-0.09986,4.79784,2.18000,-0.13934,-0.10120,-0.00554,0.000124,0.008822,0.315837,0.948772
996.467000,-0.09986,4.79784,2.18000,-0.13934,-0.10120,-0.00554,0.000124,0.008822,0.315837,0.948772
996.500000,-0.09986,4.79784,2.18000,-0.13934,-0.10120,-0.00554,0.000124,0.008822,0.315837,0.948772
996.535000,-0.12709,4.76445,2.18000,-0.09181,-0.07311,-0.00492,-0.005253,0.012172,0.316134,0.948622
996.567000,-0.12709,4.76445,2.18000,-0.09181,-0.07311,-0.00492,-0.005253,0.012172,0.316134,0.948622
996.600000,-0.12709,4.76445,2.18000,-0.09181,-0.07311,-0.00492,-0.005253,0.012172,0.316134,0.948622
996.634000,-0.12709,4.76445,2.18000,-0.09181,-0.07311,-0.00492,-0.005253,0.012172,0.316134,0.948622
996.667000,-0.12709,4.76445,2.18000,-0.09181,-0.07311,-0.00492,-0.005253,0.012172,0.316134,0.948622
996.700000,-0.12709,4.76445,2.18000,-0.09181,-0.07311,-0.00492,-0.005253,0.012172,0.316134,0.948622
996.734000,-0.12709,4.76445,2.18000,-0.09181,-0.07311,-0.00492,-0.005253,0.012172,0.316134,0.948622
996.768000,-0.14525,4.75331,2.18000,-0.03838,-0.03184,-0.00329,-0.002891,0.013481,0.316072,0.948635
996.800000,-0.14525,4.75331,2.18000,-0.03838,-0.03184,-0.00329,-0.002891,0.013481,0.316072,0.948635
996.834000,-0.14525,4.75331,2.18000,-0.03838,-0.03184,-0.00329,-0.002891,0.013481,0.316072,0.948635
996.867000,-0.14525,4.75331,2.18000,-0.03838,-0.03184,-0.00329,-0.002891,0.013481,0.316072,0.948635
996.900000,-0.14525,4.75331,2.18000,-0.03838,-0.03184,-0.00329,-0.002891,0.013481,0.316072,0.948635
996.934000,-0.14525,4.75331,2.18000,-0.03838,-0.03184,-0.00329,-0.002891,0.013481,0.316072,0.948635
996.967000,-0.14525,4.75331,2.18000,-0.03838,-0.03184,-0.00329,-0.002891,0.013481,0.316072,0.948635
997.000000,-0.14525,4.75331,2.18000,-0.03838,-0.03184,-0.00329,-0.002891,0.013481,0.316072,0.948635
997.035000,-0.16340,4.75331,2.18000,0.01127,0.00424,-0.00138,-0.004387,0.010536,0.316407,0.948555
997.067000,-0.16340,4.75331,2.18000,0.01127,0.00424,-0.00138,-0.004387,0.010536,0.316407,0.948555
997.100000,-0.16340,4.75331,2.18000,0.01127,0.00424,-0.00138,-0.004387,0.010536,0.316407,0.948555
997.134000,-0.16340,4.75331,2.18000,0.01127,0.00424,-0.00138,-0.004387,0.010536,0.316407,0.948555
997.167000,-0.16340,4.75331,2.18000,0.01127,0.00424,-0.00138,-0.004387,0.010536,0.316407,0.948555
997.200000,-0.16340,4.75331,2.18000,0.01127,0.00424,-0.00138,-0.004387,0.010536,0.316407,0.948555
997.234000,-0.16340,4.75331,2.18000,0.01127,0.00424,-0.00138,-0.004387,0.010536,0.316407,0.948555
997.268000,-0.14525,4.75331,2.18000,0.04702,0.03372,0.00241,-0.002632,0.006395,0.316313,0.948630
997.300000,-0.14525,4.75331,2.18000,0.04702,0.03372,0.00241,-0.002632,0.006395,0.316313,0.948630
997.334000,-0.14525,4.75331,2.18000,0.04702,0.03372,0.00241,-0.002632,0.006395,0.316313,0.948630
997.367000,-0.14525,4.75331,2.18000,0.04702,0.03372,0.00241,-0.002632,0.006395,0.316313,0.948630
997.400000,-0.14525,4.75331,2.18000,0.04702,0.03372,0.00241,-0.002632,0.006395,0.316313,0.948630
997.434000,-0.14525,4.75331,2.18000,0.04702,0.03372,0.00241,-0.002632,0.006395,0.316313,0.948630
997.467000,-0.14525,4.75331,2.18000,0.04702,0.03372,0.00241,-0.002632,0.006395,0.316313,0.948630
997.500000,-0.14525,4.75331,2.18000,0.04702,0.03372,0.00241,-0.002632,0.006395,0.316313,0.948630
997.535000,-0.13617,4.75331,2.18000,0.06777,0.04808,0.00257,-0.000835,0.003812,0.316700,0.948518
997.567000,-0.13617,4.75331,2.18000,0.06777,0.04808,0.00257,-0.000835,0.003812,0.316700,0.948518
997.600000,-0.13617,4.75331,2.18000,0.06777,0.04808,0.00257,-0.000835,0.003812,0.316700,0.948518
997.634000,-0.13617,4.75331,2.18000,0.06777,0.04808,0.00257,-0.000835,0.003812,0.316700,0.948518
997.667000,-0.13617,4.75331,2.18000,0.06777,0.04808,0.00257,-0.000835,0.003812,0.316700,0.948518
997.700000,-0.13617,4.75331,2.18000,0.06777,0.04808,0.00257,-0.000835,0.003812,0.316700,0.948518
997.734000,-0.13617,4.75331,2.18000,0.06777,0.04808,0.00257,-0.000835,0.003812,0.316700,0.948518
997.768000,-0.12709,4.76445,2.18000,0.07409,0.05889,0.00234,-0.002277,-0.000003,0.316551,0.948573
997.801000,-0.12709,4.76445,2.18000,0.07409,0.05889,0.00234,-0.002277,-0.000003,0.316551,0.948573
997.834000,-0.12709,4.76445,2.18000,0.07409,0.05889,0.00234,-0.002277,-0.000003,0.316551,0.948573
997.867000,-0.12709,4.76445,2.18000,0.07409,0.05889,0.00234,-0.002277,-0.000003,0.316551,0.948573
997.900000,-0.12709,4.76445,2.18000,0.07409,0.05889,0.00234,-0.002277,-0.000003,0.316551,0.948573
997.934000,-0.12709,4.76445,2.18000,0.07409,0.05889,0.00234,-0.002277,-0.000003,0.316551,0.948573
997.967000,-0.12709,4.76445,2.18000,0.07409,0.05889,0.00234,-0.002277,-0.000003,0.316551,0.948573
998.000000,-0.12709,4.76445,2.18000,0.07409,0.05889,0.00234,-0.002277,-0.000003,0.316551,0.948573
998.035000,-0.09986,4.79784,2.18000,0.07384,0.05470,-0.00426,0.003538,-0.001024,0.316728,0.948509
998.067000,-0.09986,4.79784,2.18000,0.07384,0.05470,-0.00426,0.003538,-0.001024,0.316728,0.948509
998.100000,-0.09986,4.79784,2.18000,0.07384,0.05470,-0.00426,0.003538,-0.001024,0.316728,0.948509
998.134000,-0.09986,4.79784,2.18000,0.07384,0.05470,-0.00426,0.003538,-0.001024,0.316728,0.948509
998.167000,-0.09986,4.79784,2.18000,0.07384,0.05470,-0.00426,0.003538,-0.001024,0.316728,0.948509
998.200000,-0.09986,4.79784,2.18000,0.07384,0.05470,-0.00426,0.003538,-0.001024,0.316728,0.948509
998.234000,-0.09986,4.79784,2.18000,0.07384,0.05470,-0.00426,0.003538,-0.001024,0.316728,0.948509
998.268000,-0.09986,4.79784,2.18000,0.07384,0.05470,-0.00426,-0.001392,-0.005317,0.316670,0.948520
998.300000,-0.08170,4.79784,2.18000,0.05966,0.04354,-0.00245,-0.001392,-0.005317,0.316670,0.948520
998.334000,-0.08170,4.79784,2.18000,0.05966,0.04354,-0.00245,-0.001392,-0.005317,0.316670,0.948520
998.367000,-0.08170,4.79784,2.18000,0.05966,0.04354,-0.00245,-0.001392,-0.005317,0.316670,0.948520
998.400000,-0.08170,4.79784,2.18000,0.05966,0.04354,-0.00245,-0.001392,-0.005317,0.316670,0.948520
998.434000,-0.08170,4.79784,2.18000,0.05966,0.04354,-0.00245,-0.001392,-0.005317,0.316670,0.948520
998.467000,-0.08170,4.79784,2.18000,0.05966,0.04354,-0.00245,-0.001392,-0.005317,0.316670,0.948520
998.500000,-0.08170,4.79784,2.18000,0.05966,0.04354,-0.00245,-0.001392,-0.005317,0.316670,0.948520
998.535000,-0.08170,4.79784,2.18000,0.04106,0.03114,-0.00170,0.003829,-0.002883,0.316873,0.948456
998.567000,-0.08170,4.79784,2.18000,0.04106,0.03114,-0.00170,0.003829,-0.002883,0.316873,0.948456
998.600000,-0.08170,4.79784,2.18000,0.04106,0.03114,-0.00170,0.003829,-0.002883,0.316873,0.948456
998.634000,-0.08170,4.79784,2.18000,0.04106,0.03114,-0.00170,0.003829,-0.002883,0.316873,0.948456
998.667000,-0.08170,4.79784,2.18000,0.04106,0.03114,-0.00170,0.003829,-0.002883,0.316873,0.948456
998.700000,-0.08170,4.79784,2.18000,0.04106,0.03114,-0.00170,0.003829,-0.002883,0.316873,0.948456
998.734000,-0.08170,4.79784,2.18000,0.04106,0.03114,-0.00170,0.003829,-0.002883,0.316873,0.948456
998.768000,-0.07262,4.80897,2.18000,0.02774,0.02031,-0.00028,-0.001149,-0.004096,0.316845,0.948468
998.800000,-0.07262,4.80897,2.18000,0.02774,0.02031,-0.00028,-0.001149,-0.004096,0.316845,0.948468
998.835000,-0.07262,4.80897,2.18000,0.02774,0.02031,-0.00028,-0.001149,-0.004096,0.316845,0.948468
998.867000,-0.07262,4.80897,2.18000,0.02774,0.02031,-0.00028,-0.001149,-0.004096,0.316845,0.948468
998.900000,-0.07262,4.80897,2.18000,0.02774,0.02031,-0.00028,-0.001149,-0.004096,0.316845,0.948468
998.934000,-0.07262,4.80897,2.18000,0.02774,0.02031,-0.00028,-0.001149,-0.004096,0.316845,0.948468
998.967000,-0.07262,4.80897,2.18000,0.02774,0.02031,-0.00028,-0.001149,-0.004096,0.316845,0.948468
999.000000,-0.07262,4.80897,2.18000,0.02774,0.02031,-0.00028,-0.001149,-0.004096,0.316845,0.948468
999.035000,-0.05447,4.80897,2.18000,0.01444,0.01228,0.00359,0.002992,-0.002225,0.316875,0.948460
999.067000,-0.05447,4.80897,2.18000,0.01444,0.01228,0.00359,0.002992,-0.002225,0.316875,0.948460
999.100000,-0.05447,4.80897,2.18000,0.01444,0.01228,0.00359,0.002992,-0.002225,0.316875,0.948460
999.134000,-0.05447,4.80897,2.18000,0.01444,0.01228,0.00359,0.002992,-0.002225,0.316875,0.948460
999.167000,-0.05447,4.80897,2.18000,0.01444,0.01228,0.00359,0.002992,-0.002225,0.316875,0.948460
999.200000,-0.05447,4.80897,2.18000,0.01444,0.01228,0.00359,0.002992,-0.002225,0.316875,0.948460
999.234000,-0.05447,4.80897,2.18000,0.01444,0.01228,0.00359,0.002992,-0.002225,0.316875,0.948460
999.267000,-0.05447,4.80897,2.18000,0.01444,0.01228,0.00359,-0.001157,-0.004037,0.317028,0.948407
999.301000,-0.05447,4.82011,2.18000,0.00039,0.00362,0.00302,-0.001157,-0.004037,0.317028,0.948407
999.334000,-0.05447,4.82011,2.18000,0.00039,0.00362,0.00302,-0.001157,-0.004037,0.317028,0.948407
999.367000,-0.05447,4.82011,2.18000,0.00039,0.00362,0.00302,-0.001157,-0.004037,0.317028,0.948407
999.400000,-0.05447,4.82011,2.18000,0.00039,0.00362,0.00302,-0.001157,-0.004037,0.317028,0.948407
999.434000,-0.05447,4.82011,2.18000,0.00039,0.00362,0.00302,-0.001157,-0.004037,0.317028,0.948407
999.467000,-0.05447,4.82011,2.18000,0.00039,0.00362,0.00302,-0.001157,-0.004037,0.317028,0.948407
999.500000,-0.05447,4.82011,2.18000,0.00039,0.00362,0.00302,-0.001157,-0.004037,0.317028,0.948407
999.535000,-0.05447,4.82011,2.18000,-0.01281,-0.00350,-0.00180,0.002117,-0.001823,0.316892,0.948457
999.567000,-0.05447,4.82011,2.18000,-0.01281,-0.00350,-0.00180,0.002117,-0.001823,0.316892,0.948457
999.600000,-0.05447,4.82011,2.18000,-0.01281,-0.00350,-0.00180,0.002117,-0.001823,0.316892,0.948457
999.634000,-0.05447,4.82011,2.18000,-0.01281,-0.00350,-0.00180,0.002117,-0.001823,0.316892,0.948457
999.667000,-0.05447,4.82011,2.18000,-0.01281,-0.00350,-0.00180,0.002117,-0.001823,0.316892,0.948457
999.700000,-0.05447,4.82011,2.18000,-0.01281,-0.00350,-0.00180,0.002117,-0.001823,0.316892,0.948457
999.734000,-0.05447,4.82011,2.18000,-0.01281,-0.00350,-0.00180,0.002117,-0.001823,0.316892,0.948457
999.768000,-0.07262,4.80897,2.18000,-0.01749,-0.01137,-0.00234,0.000212,-0.000482,0.317247,0.948343
999.800000,-0.07262,4.80897,2.18000,-0.01749,-0.01137,-0.00234,0.000212,-0.000482,0.317247,0.948343
999.834000,-0.07262,4.80897,2.18000,-0.01749,-0.01137,-0.00234,0.000212,-0.000482,0.317247,0.948343
999.867000,-0.07262,4.80897,2.18000,-0.01749,-0.01137,-0.00234,0.000212,-0.000482,0.317247,0.948343
999.900000,-0.07262,4.80897,2.18000,-0.01749,-0.01137,-0.00234,0.000212,-0.000482,0.317247,0.948343
999.934000,-0.07262,4.80897,2.18000,-0.01749,-0.01137,-0.00234,0.000212,-0.000482,0.317247,0.948343
999.967000,-0.07262,4.80897,2.18000,-0.01749,-0.01137,-0.00234,0.000212,-0.000482,0.317247,0.948343
1000.000000,-0.07262,4.80897,2.18000,-0.01749,-0.01137,-0.00234,0.000212,-0.000482,0.317247,0.948343
1000.035000,-0.07262,4.80897,2.17000,-0.01553,-0.00727,0.00218,-0.000651,0.001170,0.317023,0.948417
1000.067000,-0.07262,4.80897,2.17000,-0.01553,-0.00727,0.00218,-0.000651,0.001170,0.317023,0.948417
1000.100000,-0.07262,4.80897,2.17000,-0.01553,-0.00727,0.00218,-0.000651,0.001170,0.317023,0.948417
1000.134000,-0.07262,4.80897,2.17000,-0.01553,-0.00727,0.00218,-0.000651,0.001170,0.317023,0.948417
1000.167000,-0.07262,4.80897,2.17000,-0.01553,-0.00727,0.00218,-0.000651,0.001170,0.317023,0.948417
1000.200000,-0.07262,4.80897,2.17000,-0.01553,-0.00727,0.00218,-0.000651,0.001170,0.317023,0.948417
1000.234000,-0.07262,4.80897,2.17000,-0.01553,-0.00727,0.00218,-0.000651,0.001170,0.317023,0.948417
1000.268000,-0.07262,4.80897,2.17000,-0.01553,-0.00727,0.00218,0.000995,0.001034,0.317301,0.948324
1000.300000,-0.07262,4.80897,2.18000,-0.00914,-0.00738,0.00537,0.000995,0.001034,0.317301,0.948324
1000.334000,-0.07262,4.80897,2.18000,-0.00914,-0.00738,0.00537,0.000995,0.001034,0.317301,0.948324
1000.367000,-0.07262,4.80897,2.18000,-0.00914,-0.00738,0.00537,0.000995,0.001034,0.317301,0.948324
1000.400000,-0.07262,4.80897,2.18000,-0.00914,-0.00738,0.00537,0.000995,0.001034,0.317301,0.948324
1000.434000,-0.07262,4.80897,2.18000,-0.00914,-0.00738,0.00537,0.000995,0.001034,0.317301,0.948324
1000.467000,-0.07262,4.80897,2.18000,-0.00914,-0.00738,0.00537,0.000995,0.001034,0.317301,0.948324
1000.500000,-0.07262,4.80897,2.18000,-0.00914,-0.00738,0.00537,0.000995,0.001034,0.317301,0.948324
1000.535000,-0.07262,4.80897,2.18000,-0.00874,-0.00432,0.00157,-0.002007,-0.000399,0.316981,0.948430
1000.567000,-0.07262,4.80897,2.18000,-0.00874,-0.00432,0.00157,-0.002007,-0.000399,0.316981,0.948430
1000.600000,-0.07262,4.80897,2.18000,-0.00874,-0.00432,0.00157,-0.002007,-0.000399,0.316981,0.948430
1000.634000,-0.07262,4.80897,2.18000,-0.00874,-0.00432,0.00157,-0.002007,-0.000399,0.316981,0.948430
1000.667000,-0.07262,4.80897,2.18000,-0.00874,-0.00432,0.00157,-0.002007,-0.000399,0.316981,0.948430
1000.700000,-0.07262,4.80897,2.18000,-0.00874,-0.00432,0.00157,-0.002007,-0.000399,0.316981,0.948430
1000.734000,-0.07262,4.80897,2.18000,-0.00874,-0.00432,0.00157,-0.002007,-0.000399,0.316981,0.948430
1000.768000,-0.07262,4.80897,2.18000,-0.00672,-0.00508,-0.00456,0.002281,0.000986,0.317219,0.948349
1000.800000,-0.07262,4.80897,2.18000,-0.00672,-0.00508,-0.00456,0.002281,0.000986,0.317219,0.948349
1000.834000,-0.07262,4.80897,2.18000,-0.00672,-0.00508,-0.00456,0.002281,0.000986,0.317219,0.948349
1000.867000,-0.07262,4.80897,2.18000,-0.00672,-0.00508,-0.00456,0.002281,0.000986,0.317219,0.948349
1000.900000,-0.07262,4.80897,2.18000,-0.00672,-0.00508,-0.00456,0.002281,0.000986,0.317219,0.948349
1000.934000,-0.07262,4.80897,2.18000,-0.00672,-0.00508,-0.00456,0.002281,0.000986,0.317219,0.948349
1000.967000,-0.07262,4.80897,2.18000,-0.00672,-0.00508,-0.00456,0.002281,0.000986,0.317219,0.948349
1001.000000,-0.07262,4.80897,2.18000,-0.00672,-0.00508,-0.00456,0.002281,0.000986,0.317219,0.948349
1001.035000,-0.07262,4.80897,2.18000,-0.00700,-0.00312,-0.00007,-0.002595,-0.000712,0.317225,0.948347
1001.067000,-0.07262,4.80897,2.18000,-0.00700,-0.00312,-0.00007,-0.002595,-0.000712,0.317225,0.948347
1001.100000,-0.07262,4.80897,2.18000,-0.00700,-0.00312,-0.00007,-0.002595,-0.000712,0.317225,0.948347
1001.134000,-0.07262,4.80897,2.18000,-0.00700,-0.00312,-0.00007,-0.002595,-0.000712,0.317225,0.948347
1001.167000,-0.07262,4.80897,2.18000,-0.00700,-0.00312,-0.00007,-0.002595,-0.000712,0.317225,0.948347
1001.200000,-0.07262,4.80897,2.18000,-0.00700,-0.00312,-0.00007,-0.002595,-0.000712,0.317225,0.948347
1001.234000,-0.07262,4.80897,2.18000,-0.00700,-0.00312,-0.00007,-0.002595,-0.000712,0.317225,0.948347
1001.268000,-0.07262,4.80897,2.18000,-0.00700,-0.00312,-0.00007,0.002721,0.001017,0.317250,0.948337
1001.301000,-0.07262,4.80897,2.18000,-0.00578,-0.00352,-0.00362,0.002721,0.001017,0.317250,0.948337
1001.334000,-0.07262,4.80897,2.18000,-0.00578,-0.00352,-0.00362,0.002721,0.001017,0.317250,0.948337
1001.367000,-0.07262,4.80897,2.18000,-0.00578,-0.00352,-0.00362,0.002721,0.001017,0.317250,0.948337
1001.400000,-0.07262,4.80897,2.18000,-0.00578,-0.00352,-0.00362,0.002721,0.001017,0.317250,0.948337
1001.434000,-0.07262,4.80897,2.18000,-0.00578,-0.00352,-0.00362,0.002721,0.001017,0.317250,0.948337
1001.467000,-0.07262,4.80897,2.18000,-0.00578,-0.00352,-0.00362,0.002721,0.001017,0.317250,0.948337
1001.500000,-0.07262,4.80897,2.18000,-0.00578,-0.00352,-0.00362,0.002721,0.001017,0.317250,0.948337
1001.535000,-0.07262,4.80897,2.18000,-0.00529,-0.00382,-0.00245,-0.002957,-0.000898,0.317325,0.948312
1001.567000,-0.07262,4.80897,2.18000,-0.00529,-0.00382,-0.00245,-0.002957,-0.000898,0.317325,0.948312
1001.600000,-0.07262,4.80897,2.18000,-0.00529,-0.00382,-0.00245,-0.002957,-0.000898,0.317325,0.948312
1001.634000,-0.07262,4.80897,2.18000,-0.00529,-0.00382,-0.00245,-0.002957,-0.000898,0.317325,0.948312
1001.667000,-0.07262,4.80897,2.18000,-0.00529,-0.00382,-0.00245,-0.002957,-0.000898,0.317325,0.948312
1001.700000,-0.07262,4.80897,2.18000,-0.00529,-0.00382,-0.00245,-0.002957,-0.000898,0.317325,0.948312
1001.734000,-0.07262,4.80897,2.18000,-0.00529,-0.00382,-0.00245,-0.002957,-0.000898,0.317325,0.948312
1001.768000,-0.08170,4.80897,2.18000,-0.00368,-0.00304,-0.00349,0.002657,0.001723,0.317268,0.948331
1001.800000,-0.08170,4.80897,2.18000,-0.00368,-0.00304,-0.00349,0.002657,0.001723,0.317268,0.948331
1001.834000,-0.08170,4.80897,2.18000,-0.00368,-0.00304,-0.00349,0.002657,0.001723,0.317268,0.948331
1001.867000,-0.08170,4.80897,2.18000,-0.00368,-0.00304,-0.00349,0.002657,0.001723,0.317268,0.948331
1001.900000,-0.08170,4.80897,2.18000,-0.00368,-0.00304,-0.00349,0.002657,0.001723,0.317268,0.948331
1001.934000,-0.08170,4.80897,2.18000,-0.00368,-0.00304,-0.00349,0.002657,0.001723,0.317268,0.948331
1001.967000,-0.08170,4.80897,2.18000,-0.00368,-0.00304,-0.00349,0.002657,0.001723,0.317268,0.948331
1002.000000,-0.08170,4.80897,2.18000,-0.00368,-0.00304,-0.00349,0.002657,0.001723,0.317268,0.948331
1002.035000,-0.08170,4.80897,2.18000,-0.00988,-0.01306,-0.00415,0.003284,-0.013628,0.317610,0.948118
1002.067000,-0.08170,4.80897,2.18000,-0.00988,-0.01306,-0.00415,0.003284,-0.013628,0.317610,0.948118
1002.100000,-0.08170,4.80897,2.18000,-0.00988,-0.01306,-0.00415,0.003284,-0.013628,0.317610,0.948118
1002.134000,-0.08170,4.80897,2.18000,-0.00988,-0.01306,-0.00415,0.003284,-0.013628,0.317610,0.948118
1002.167000,-0.08170,4.80897,2.18000,-0.00988,-0.01306,-0.00415,0.003284,-0.013628,0.317610,0.948118
1002.200000,-0.08170,4.80897,2.18000,-0.00988,-0.01306,-0.00415,0.003284,-0.013628,0.317610,0.948118
1002.234000,-0.08170,4.80897,2.18000,-0.00988,-0.01306,-0.00415,0.003284,-0.013628,0.317610,0.948118
1002.267000,-0.08170,4.80897,2.18000,-0.00988,-0.01306,-0.00415,0.028362,-0.081261,0.316217,0.944775
1002.301000,-0.09078,4.79784,2.17000,-0.19346,-0.14997,-0.00145,0.028362,-0.081261,0.316217,0.944775
1002.334000,-0.09078,4.79784,2.17000,-0.19346,-0.14997,-0.00145,0.028362,-0.081261,0.316217,0.944775
1002.367000,-0.09078,4.79784,2.17000,-0.19346,-0.14997,-0.00145,0.028362,-0.081261,0.316217,0.944775
1002.400000,-0.09078,4.79784,2.17000,-0.19346,-0.14997,-0.00145,0.028362,-0.081261,0.316217,0.944775
1002.434000,-0.09078,4.79784,2.17000,-0.19346,-0.14997,-0.00145,0.028362,-0.081261,0.316217,0.944775
1002.467000,-0.09078,4.79784,2.17000,-0.19346,-0.14997,-0.00145,0.028362,-0.081261,0.316217,0.944775
1002.500000,-0.09078,4.79784,2.17000,-0.19346,-0.14997,-0.00145,0.028362,-0.081261,0.316217,0.944775
1002.535000,-0.19064,4.71992,2.18000,-0.64674,-0.49019,0.01095,0.040557,-0.112972,0.270784,0.955127
1002.567000,-0.19064,4.71992,2.18000,-0.64674,-0.49019,0.01095,0.040557,-0.112972,0.270784,0.955127
1002.600000,-0.19064,4.71992,2.18000,-0.64674,-0.49019,0.01095,0.040557,-0.112972,0.270784,0.955127
1002.634000,-0.19064,4.71992,2.18000,-0.64674,-0.49019,0.01095,0.040557,-0.112972,0.270784,0.955127
1002.667000,-0.19064,4.71992,2.18000,-0.64674,-0.49019,0.01095,0.040557,-0.112972,0.270784,0.955127
1002.700000,-0.19064,4.71992,2.18000,-0.64674,-0.49019,0.01095,0.040557,-0.112972,0.270784,0.955127
1002.734000,-0.19064,4.71992,2.18000,-0.64674,-0.49019,0.01095,0.040557,-0.112972,0.270784,0.955127
1002.768000,-0.19064,4.71992,2.18000,-0.64674,-0.49019,0.01095,0.012415,-0.071966,0.156532,0.984969
1002.800000,-0.40851,4.57520,2.18000,-1.07182,-0.73196,0.01577,0.012415,-0.071966,0.156532,0.984969
1002.834000,-0.40851,4.57520,2.18000,-1.07182,-0.73196,0.01577,0.012415,-0.071966,0.156532,0.984969
1002.867000,-0.40851,4.57520,2.18000,-1.07182,-0.73196,0.01577,0.012415,-0.071966,0.156532,0.984969
1002.900000,-0.40851,4.57520,2.18000,-1.07182,-0.73196,0.01577,0.012415,-0.071966,0.156532,0.984969
1002.934000,-0.40851,4.57520,2.18000,-1.07182,-0.73196,0.01577,0.012415,-0.071966,0.156532,0.984969
1002.967000,-0.40851,4.57520,2.18000,-1.07182,-0.73196,0.01577,0.012415,-0.071966,0.156532,0.984969
1003.001000,-0.40851,4.57520,2.18000,-1.07182,-0.73196,0.01577,0.012415,-0.071966,0.156532,0.984969
1003.035000,-0.70809,4.38596,2.18000,-1.32105,-0.71823,0.01117,-0.026180,-0.027684,0.028674,0.998862
1003.067000,-0.70809,4.38596,2.18000,-1.32105,-0.71823,0.01117,-0.026180,-0.027684,0.028674,0.998862
1003.100000,-0.70809,4.38596,2.18000,-1.32105,-0.71823,0.01117,-0.026180,-0.027684,0.028674,0.998862
1003.134000,-0.70809,4.38596,2.18000,-1.32105,-0.71823,0.01117,-0.026180,-0.027684,0.028674,0.998862
1003.167000,-0.70809,4.38596,2.18000,-1.32105,-0.71823,0.01117,-0.026180,-0.027684,0.028674,0.998862
1003.200000,-0.70809,4.38596,2.18000,-1.32105,-0.71823,0.01117,-0.026180,-0.027684,0.028674,0.998862
1003.234000,-0.70809,4.38596,2.18000,-1.32105,-0.71823,0.01117,-0.026180,-0.027684,0.028674,0.998862
1003.268000,-1.04398,4.21898,2.18000,-1.28062,-0.52102,0.00860,-0.054932,0.042828,-0.104118,0.992123
1003.300000,-1.04398,4.21898,2.18000,-1.28062,-0.52102,0.00860,-0.054932,0.042828,-0.104118,0.992123
1003.334000,-1.04398,4.21898,2.18000,-1.28062,-0.52102,0.00860,-0.054932,0.042828,-0.104118,0.992123
1003.367000,-1.04398,4.21898,2.18000,-1.28062,-0.52102,0.00860,-0.054932,0.042828,-0.104118,0.992123
1003.400000,-1.04398,4.21898,2.18000,-1.28062,-0.52102,0.00860,-0.054932,0.042828,-0.104118,0.992123
1003.434000,-1.04398,4.21898,2.18000,-1.28062,-0.52102,0.00860,-0.054932,0.042828,-0.104118,0.992123
1003.467000,-1.04398,4.21898,2.18000,-1.28062,-0.52102,0.00860,-0.054932,0.042828,-0.104118,0.992123
1003.500000,-1.04398,4.21898,2.18000,-1.28062,-0.52102,0.00860,-0.054932,0.042828,-0.104118,0.992123
1003.535000,-1.31632,4.11880,2.18000,-0.84673,-0.26859,0.01022,-0.070999,0.097511,-0.236220,0.964184
1003.567000,-1.31632,4.11880,2.18000,-0.84673,-0.26859,0.01022,-0.070999,0.097511,-0.236220,0.964184
1003.600000,-1.31632,4.11880,2.18000,-0.84673,-0.26859,0.01022,-0.070999,0.097511,-0.236220,0.964184
1003.634000,-1.31632,4.11880,2.18000,-0.84673,-0.26859,0.01022,-0.070999,0.097511,-0.236220,0.964184
1003.667000,-1.31632,4.11880,2.18000,-0.84673,-0.26859,0.01022,-0.070999,0.097511,-0.236220,0.964184
1003.700000,-1.31632,4.11880,2.18000,-0.84673,-0.26859,0.01022,-0.070999,0.097511,-0.236220,0.964184
1003.734000,-1.31632,4.11880,2.18000,-0.84673,-0.26859,0.01022,-0.070999,0.097511,-0.236220,0.964184
1003.768000,-1.47064,4.07427,2.19000,-0.32004,-0.07722,-0.00220,-0.060662,0.072645,-0.347147,0.933023
1003.800000,-1.47064,4.07427,2.19000,-0.32004,-0.07722,-0.00220,-0.060662,0.072645,-0.347147,0.933023
1003.834000,-1.47064,4.07427,2.19000,-0.32004,-0.07722,-0.00220,-0.060662,0.072645,-0.347147,0.933023
1003.867000,-1.47064,4.07427,2.19000,-0.32004,-0.07722,-0.00220,-0.060662,0.072645,-0.347147,0.933023
1003.900000,-1.47064,4.07427,2.19000,-0.32004,-0.07722,-0.00220,-0.060662,0.072645,-0.347147,0.933023
1003.934000,-1.47064,4.07427,2.19000,-0.32004,-0.07722,-0.00220,-0.060662,0.072645,-0.347147,0.933023
1003.967000,-1.47064,4.07427,2.19000,-0.32004,-0.07722,-0.00220,-0.060662,0.072645,-0.347147,0.933023
1004.000000,-1.47064,4.07427,2.19000,-0.32004,-0.07722,-0.00220,-0.060662,0.072645,-0.347147,0.933023
1004.035000,-1.50696,4.07427,2.18000,-0.00450,0.03302,-0.01441,-0.027922,0.032606,-0.378378,0.924655
1004.067000,-1.50696,4.07427,2.18000,-0.00450,0.03302,-0.01441,-0.027922,0.032606,-0.378378,0.924655
1004.100000,-1.50696,4.07427,2.18000,-0.00450,0.03302,-0.01441,-0.027922,0.032606,-0.378378,0.924655
1004.134000,-1.50696,4.07427,2.18000,-0.00450,0.03302,-0.01441,-0.027922,0.032606,-0.378378,0.924655
1004.167000,-1.50696,4.07427,2.18000,-0.00450,0.03302,-0.01441,-0.027922,0.032606,-0.378378,0.924655
1004.200000,-1.50696,4.07427,2.18000,-0.00450,0.03302,-0.01441,-0.027922,0.032606,-0.378378,0.924655
1004.234000,-1.50696,4.07427,2.18000,-0.00450,0.03302,-0.01441,-0.027922,0.032606,-0.378378,0.924655
1004.268000,-1.47972,4.08540,2.18000,0.12789,0.08013,-0.01388,-0.011836,0.011510,-0.389607,0.920833
1004.300000,-1.47972,4.08540,2.18000,0.12789,0.08013,-0.01388,-0.011836,0.011510,-0.389607,0.920833
1004.334000,-1.47972,4.08540,2.18000,0.12789,0.08013,-0.01388,-0.011836,0.011510,-0.389607,0.920833
1004.367000,-1.47972,4.08540,2.18000,0.12789,0.08013,-0.01388,-0.011836,0.011510,-0.389607,0.920833
1004.400000,-1.47972,4.08540,2.18000,0.12789,0.08013,-0.01388,-0.011836,0.011510,-0.389607,0.920833
1004.434000,-1.47972,4.08540,2.18000,0.12789,0.08013,-0.01388,-0.011836,0.011510,-0.389607,0.920833
1004.467000,-1.47972,4.08540,2.18000,0.12789,0.08013,-0.01388,-0.011836,0.011510,-0.389607,0.920833
1004.500000,-1.47972,4.08540,2.18000,0.12789,0.08013,-0.01388,-0.011836,0.011510,-0.389607,0.920833
1004.535000,-1.44341,4.10767,2.18000,0.14672,0.08505,-0.00982,0.005552,-0.003377,-0.393619,0.919251
1004.567000,-1.44341,4.10767,2.18000,0.14672,0.08505,-0.00982,0.005552,-0.003377,-0.393619,0.919251
1004.600000,-1.44341,4.10767,2.18000,0.14672,0.08505,-0.00982,0.005552,-0.003377,-0.393619,0.919251
1004.635000,-1.44341,4.10767,2.18000,0.14672,0.08505,-0.00982,0.005552,-0.003377,-0.393619,0.919251
1004.667000,-1.44341,4.10767,2.18000,0.14672,0.08505,-0.00982,0.005552,-0.003377,-0.393619,0.919251
1004.700000,-1.44341,4.10767,2.18000,0.14672,0.08505,-0.00982,0.005552,-0.003377,-0.393619,0.919251
1004.734000,-1.44341,4.10767,2.18000,0.14672,0.08505,-0.00982,0.005552,-0.003377,-0.393619,0.919251
1004.768000,-1.42525,4.11880,2.18000,0.10863,0.06214,-0.00386,0.006901,-0.005833,-0.394939,0.918663
1004.800000,-1.42525,4.11880,2.18000,0.10863,0.06214,-0.00386,0.006901,-0.005833,-0.394939,0.918663
1004.834000,-1.42525,4.11880,2.18000,0.10863,0.06214,-0.00386,0.006901,-0.005833,-0.394939,0.918663
1004.867000,-1.42525,4.11880,2.18000,0.10863,0.06214,-0.00386,0.006901,-0.005833,-0.394939,0.918663
1004.900000,-1.42525,4.11880,2.18000,0.10863,0.06214,-0.00386,0.006901,-0.005833,-0.394939,0.918663
1004.934000,-1.42525,4.11880,2.18000,0.10863,0.06214,-0.00386,0.006901,-0.005833,-0.394939,0.918663
1004.967000,-1.42525,4.11880,2.18000,0.10863,0.06214,-0.00386,0.006901,-0.005833,-0.394939,0.918663
1005.000000,-1.42525,4.11880,2.18000,0.10863,0.06214,-0.00386,0.006901,-0.005833,-0.394939,0.918663
1005.035000,-1.39802,4.12993,2.18000,0.05865,0.03673,-0.00519,0.011071,-0.008862,-0.395330,0.918430
1005.067000,-1.39802,4.12993,2.18000,0.05865,0.03673,-0.00519,0.011071,-0.008862,-0.395330,0.918430
1005.100000,-1.39802,4.12993,2.18000,0.05865,0.03673,-0.00519,0.011071,-0.008862,-0.395330,0.918430
1005.134000,-1.39802,4.12993,2.18000,0.05865,0.03673,-0.00519,0.011071,-0.008862,-0.395330,0.918430
1005.168000,-1.39802,4.12993,2.18000,0.05865,0.03673,-0.00519,0.011071,-0.008862,-0.395330,0.918430
1005.200000,-1.39802,4.12993,2.18000,0.05865,0.03673,-0.00519,0.011071,-0.008862,-0.395330,0.918430
1005.234000,-1.39802,4.12993,2.18000,0.05865,0.03673,-0.00519,0.011071,-0.008862,-0.395330,0.918430
1005.268000,-1.38894,4.14106,2.17000,0.00315,0.01082,0.00101,0.007027,-0.007293,-0.394976,0.918636
1005.300000,-1.38894,4.14106,2.17000,0.00315,0.01082,0.00101,0.007027,-0.007293,-0.394976,0.918636
1005.334000,-1.38894,4.14106,2.17000,0.00315,0.01082,0.00101,0.007027,-0.007293,-0.394976,0.918636
1005.367000,-1.38894,4.14106,2.17000,0.00315,0.01082,0.00101,0.007027,-0.007293,-0.394976,0.918636
1005.400000,-1.38894,4.14106,2.17000,0.00315,0.01082,0.00101,0.007027,-0.007293,-0.394976,0.918636
1005.434000,-1.38894,4.14106,2.17000,0.00315,0.01082,0.00101,0.007027,-0.007293,-0.394976,0.918636
1005.467000,-1.38894,4.14106,2.17000,0.00315,0.01082,0.00101,0.007027,-0.007293,-0.394976,0.918636
1005.500000,-1.38894,4.14106,2.17000,0.00315,0.01082,0.00101,0.007027,-0.007293,-0.394976,0.918636
1005.535000,-1.39802,4.14106,2.18000,-0.03714,-0.00728,0.00946,0.005953,-0.004866,-0.394709,0.918774
1005.567000,-1.39802,4.14106,2.18000,-0.03714,-0.00728,0.00946,0.005953,-0.004866,-0.394709,0.918774
1005.600000,-1.39802,4.14106,2.18000,-0.03714,-0.00728,0.00946,0.005953,-0.004866,-0.394709,0.918774
1005.634000,-1.39802,4.14106,2.18000,-0.03714,-0.00728,0.00946,0.005953,-0.004866,-0.394709,0.918774
1005.667000,-1.39802,4.14106,2.18000,-0.03714,-0.00728,0.00946,0.005953,-0.004866,-0.394709,0.918774
1005.700000,-1.39802,4.14106,2.18000,-0.03714,-0.00728,0.00946,0.005953,-0.004866,-0.394709,0.918774
1005.734000,-1.39802,4.14106,2.18000,-0.03714,-0.00728,0.00946,0.005953,-0.004866,-0.394709,0.918774
1005.768000,-1.39802,4.14106,2.18000,-0.03714,-0.00728,0.00946,0.003431,-0.002882,-0.393992,0.919103
1005.800000,-1.40710,4.12993,2.18000,-0.06430,-0.02314,0.00154,0.003431,-0.002882,-0.393992,0.919103
1005.834000,-1.40710,4.12993,2.18000,-0.06430,-0.02314,0.00154,0.003431,-0.002882,-0.393992,0.919103
1005.867000,-1.40710,4.12993,2.18000,-0.06430,-0.02314,0.00154,0.003431,-0.002882,-0.393992,0.919103
1005.900000,-1.40710,4.12993,2.18000,-0.06430,-0.02314,0.00154,0.003431,-0.002882,-0.393992,0.919103
1005.934000,-1.40710,4.12993,2.18000,-0.06430,-0.02314,0.00154,0.003431,-0.002882,-0.393992,0.919103
1005.967000,-1.40710,4.12993,2.18000,-0.06430,-0.02314,0.00154,0.003431,-0.002882,-0.393992,0.919103
1006.000000,-1.40710,4.12993,2.18000,-0.06430,-0.02314,0.00154,0.003431,-0.002882,-0.393992,0.919103
1006.035000,-1.42525,4.12993,2.18000,-0.07232,-0.02447,-0.00128,-0.001277,-0.000042,-0.393498,0.919324
1006.067000,-1.42525,4.12993,2.18000,-0.07232,-0.02447,-0.00128,-0.001277,-0.000042,-0.393498,0.919324
1006.100000,-1.42525,4.12993,2.18000,-0.07232,-0.02447,-0.00128,-0.001277,-0.000042,-0.393498,0.919324
1006.134000,-1.42525,4.12993,2.18000,-0.07232,-0.02447,-0.00128,-0.001277,-0.000042,-0.393498,0.919324
1006.167000,-1.42525,4.12993,2.18000,-0.07232,-0.02447,-0.00128,-0.001277,-0.000042,-0.393498,0.919324
1006.200000,-1.42525,4.12993,2.18000,-0.07232,-0.02447,-0.00128,-0.001277,-0.000042,-0.393498,0.919324
1006.234000,-1.42525,4.12993,2.18000,-0.07232,-0.02447,-0.00128,-0.001277,-0.000042,-0.393498,0.919324
1006.268000,-1.43433,4.12993,2.18000,-0.07180,-0.02710,-0.00038,0.001736,0.000364,-0.392830,0.919609
1006.300000,-1.43433,4.12993,2.18000,-0.07180,-0.02710,-0.00038,0.001736,0.000364,-0.392830,0.919609
1006.334000,-1.43433,4.12993,2.18000,-0.07180,-0.02710,-0.00038,0.001736,0.000364,-0.392830,0.919609
1006.367000,-1.43433,4.12993,2.18000,-0.07180,-0.02710,-0.00038,0.001736,0.000364,-0.392830,0.919609
1006.400000,-1.43433,4.12993,2.18000,-0.07180,-0.02710,-0.00038,0.001736,0.000364,-0.392830,0.919609
1006.434000,-1.43433,4.12993,2.18000,-0.07180,-0.02710,-0.00038,0.001736,0.000364,-0.392830,0.919609
1006.467000,-1.43433,4.12993,2.18000,-0.07180,-0.02710,-0.00038,0.001736,0.000364,-0.392830,0.919609
1006.500000,-1.43433,4.12993,2.18000,-0.07180,-0.02710,-0.00038,0.001736,0.000364,-0.392830,0.919609
1006.535000,-1.45249,4.11880,2.18000,-0.06179,-0.02685,-0.00131,-0.003487,0.003331,-0.392471,0.919752
1006.567000,-1.45249,4.11880,2.18000,-0.06179,-0.02685,-0.00131,-0.003487,0.003331,-0.392471,0.919752
1006.600000,-1.45249,4.11880,2.18000,-0.06179,-0.02685,-0.00131,-0.003487,0.003331,-0.392471,0.919752
1006.634000,-1.45249,4.11880,2.18000,-0.06179,-0.02685,-0.00131,-0.003487,0.003331,-0.392471,0.919752
1006.667000,-1.45249,4.11880,2.18000,-0.06179,-0.02685,-0.00131,-0.003487,0.003331,-0.392471,0.919752
1006.700000,-1.45249,4.11880,2.18000,-0.06179,-0.02685,-0.00131,-0.003487,0.003331,-0.392471,0.919752
1006.734000,-1.45249,4.11880,2.18000,-0.06179,-0.02685,-0.00131,-0.003487,0.003331,-0.392471,0.919752
1006.769000,-1.47064,4.11880,2.18000,-0.04702,-0.02441,-0.00214,-0.000110,0.002152,-0.391780,0.920056
1006.801000,-1.47064,4.11880,2.18000,-0.04702,-0.02441,-0.00214,-0.000110,0.002152,-0.391780,0.920056
1006.834000,-1.47064,4.11880,2.18000,-0.04702,-0.02441,-0.00214,-0.000110,0.002152,-0.391780,0.920056
1006.867000,-1.47064,4.11880,2.18000,-0.04702,-0.02441,-0.00214,-0.000110,0.002152,-0.391780,0.920056
1006.900000,-1.47064,4.11880,2.18000,-0.04702,-0.02441,-0.00214,-0.000110,0.002152,-0.391780,0.920056
1006.934000,-1.47064,4.11880,2.18000,-0.04702,-0.02441,-0.00214,-0.000110,0.002152,-0.391780,0.920056
1006.967000,-1.47064,4.11880,2.18000,-0.04702,-0.02441,-0.00214,-0.000110,0.002152,-0.391780,0.920056
1007.000000,-1.47064,4.11880,2.18000,-0.04702,-0.02441,-0.00214,-0.000110,0.002152,-0.391780,0.920056
1007.035000,-1.47064,4.11880,2.18000,-0.02684,-0.01849,-0.00486,-0.005190,0.004069,-0.391324,0.920229
1007.067000,-1.47064,4.11880,2.18000,-0.02684,-0.01849,-0.00486,-0.005190,0.004069,-0.391324,0.920229
1007.100000,-1.47064,4.11880,2.18000,-0.02684,-0.01849,-0.00486,-0.005190,0.004069,-0.391324,0.920229
1007.134000,-1.47064,4.11880,2.18000,-0.02684,-0.01849,-0.00486,-0.005190,0.004069,-0.391324,0.920229
1007.167000,-1.47064,4.11880,2.18000,-0.02684,-0.01849,-0.00486,-0.005190,0.004069,-0.391324,0.920229
1007.200000,-1.47064,4.11880,2.18000,-0.02684,-0.01849,-0.00486,-0.005190,0.004069,-0.391324,0.920229
1007.234000,-1.47064,4.11880,2.18000,-0.02684,-0.01849,-0.00486,-0.005190,0.004069,-0.391324,0.920229
1007.268000,-1.47972,4.11880,2.18000,-0.01164,-0.01416,-0.00376,0.000658,0.001426,-0.390920,0.920423
1007.300000,-1.47972,4.11880,2.18000,-0.01164,-0.01416,-0.00376,0.000658,0.001426,-0.390920,0.920423
1007.334000,-1.47972,4.11880,2.18000,-0.01164,-0.01416,-0.00376,0.000658,0.001426,-0.390920,0.920423
1007.367000,-1.47972,4.11880,2.18000,-0.01164,-0.01416,-0.00376,0.000658,0.001426,-0.390920,0.920423
1007.401000,-1.47972,4.11880,2.18000,-0.01164,-0.01416,-0.00376,0.000658,0.001426,-0.390920,0.920423
1007.434000,-1.47972,4.11880,2.18000,-0.01164,-0.01416,-0.00376,0.000658,0.001426,-0.390920,0.920423
1007.467000,-1.47972,4.11880,2.18000,-0.01164,-0.01416,-0.00376,0.000658,0.001426,-0.390920,0.920423
1007.501000,-1.47972,4.11880,2.18000,-0.01164,-0.01416,-0.00376,0.000658,0.001426,-0.390920,0.920423
1007.535000,-1.47972,4.11880,2.18000,-0.00148,-0.01387,-0.00048,-0.002518,0.002257,-0.390457,0.920615
1007.567000,-1.47972,4.11880,2.18000,-0.00148,-0.01387,-0.00048,-0.002518,0.002257,-0.390457,0.920615
1007.600000,-1.47972,4.11880,2.18000,-0.00148,-0.01387,-0.00048,-0.002518,0.002257,-0.390457,0.920615
1007.634000,-1.47972,4.11880,2.18000,-0.00148,-0.01387,-0.00048,-0.002518,0.002257,-0.390457,0.920615
1007.667000,-1.47972,4.11880,2.18000,-0.00148,-0.01387,-0.00048,-0.002518,0.002257,-0.390457,0.920615
1007.700000,-1.47972,4.11880,2.18000,-0.00148,-0.01387,-0.00048,-0.002518,0.002257,-0.390457,0.920615
1007.734000,-1.47972,4.11880,2.18000,-0.00148,-0.01387,-0.00048,-0.002518,0.002257,-0.390457,0.920615
1007.768000,-1.47972,4.10767,2.18000,0.00794,-0.01048,0.00206,-0.000057,0.000704,-0.390127,0.920761
1007.800000,-1.47972,4.10767,2.18000,0.00794,-0.01048,0.00206,-0.000057,0.000704,-0.390127,0.920761
1007.834000,-1.47972,4.10767,2.18000,0.00794,-0.01048,0.00206,-0.000057,0.000704,-0.390127,0.920761
1007.867000,-1.47972,4.10767,2.18000,0.00794,-0.01048,0.00206,-0.000057,0.000704,-0.390127,0.920761
1007.900000,-1.47972,4.10767,2.18000,0.00794,-0.01048,0.00206,-0.000057,0.000704,-0.390127,0.920761
1007.934000,-1.47972,4.10767,2.18000,0.00794,-0.01048,0.00206,-0.000057,0.000704,-0.390127,0.920761
1007.967000,-1.47972,4.10767,2.18000,0.00794,-0.01048,0.00206,-0.000057,0.000704,-0.390127,0.920761
1008.000000,-1.47972,4.10767,2.18000,0.00794,-0.01048,0.00206,-0.000057,0.000704,-0.390127,0.920761
1008.035000,-1.47972,4.10767,2.18000,0.01068,-0.00790,0.00258,-0.001192,0.000036,-0.389543,0.921007
1008.067000,-1.47972,4.10767,2.18000,0.01068,-0.00790,0.00258,-0.001192,0.000036,-0.389543,0.921007
1008.100000,-1.47972,4.10767,2.18000,0.01068,-0.00790,0.00258,-0.001192,0.000036,-0.389543,0.921007
1008.134000,-1.47972,4.10767,2.18000,0.01068,-0.00790,0.00258,-0.001192,0.000036,-0.389543,0.921007
1008.167000,-1.47972,4.10767,2.18000,0.01068,-0.00790,0.00258,-0.001192,0.000036,-0.389543,0.921007
1008.200000,-1.47972,4.10767,2.18000,0.01068,-0.00790,0.00258,-0.001192,0.000036,-0.389543,0.921007
1008.234000,-1.47972,4.10767,2.18000,0.01068,-0.00790,0.00258,-0.001192,0.000036,-0.389543,0.921007
1008.268000,-1.47972,4.10767,2.18000,0.01548,-0.00013,0.00255,-0.001578,0.000278,-0.389468,0.921039
1008.300000,-1.47972,4.10767,2.18000,0.01548,-0.00013,0.00255,-0.001578,0.000278,-0.389468,0.921039
1008.334000,-1.47972,4.10767,2.18000,0.01548,-0.00013,0.00255,-0.001578,0.000278,-0.389468,0.921039
1008.367000,-1.47972,4.10767,2.18000,0.01548,-0.00013,0.00255,-0.001578,0.000278,-0.389468,0.921039
1008.400000,-1.47972,4.10767,2.18000,0.01548,-0.00013,0.00255,-0.001578,0.000278,-0.389468,0.921039
1008.434000,-1.47972,4.10767,2.18000,0.01548,-0.00013,0.00255,-0.001578,0.000278,-0.389468,0.921039
1008.467000,-1.47972,4.10767,2.18000,0.01548,-0.00013,0.00255,-0.001578,0.000278,-0.389468,0.921039
1008.500000,-1.47972,4.10767,2.18000,0.01548,-0.00013,0.00255,-0.001578,0.000278,-0.389468,0.921039
1008.535000,-1.47972,4.10767,2.18000,0.01531,0.00134,-0.00146,0.001099,-0.000644,-0.388783,0.921328
1008.567000,-1.47972,4.10767,2.18000,0.01531,0.00134,-0.00146,0.001099,-0.000644,-0.388783,0.921328
1008.601000,-1.47972,4.10767,2.18000,0.01531,0.00134,-0.00146,0.001099,-0.000644,-0.388783,0.921328
1008.634000,-1.47972,4.10767,2.18000,0.01531,0.00134,-0.00146,0.001099,-0.000644,-0.388783,0.921328
1008.667000,-1.47972,4.10767,2.18000,0.01531,0.00134,-0.00146,0.001099,-0.000644,-0.388783,0.921328
1008.701000,-1.47972,4.10767,2.18000,0.01531,0.00134,-0.00146,0.001099,-0.000644,-0.388783,0.921328
1008.734000,-1.47972,4.10767,2.18000,0.01531,0.00134,-0.00146,0.001099,-0.000644,-0.388783,0.921328
1008.768000,-1.47064,4.10767,2.18000,0.01750,0.00453,0.00194,-0.001980,0.000692,-0.388660,0.921379
1008.800000,-1.47064,4.10767,2.18000,0.01750,0.00453,0.00194,-0.001980,0.000692,-0.388660,0.921379
1008.834000,-1.47064,4.10767,2.18000,0.01750,0.00453,0.00194,-0.001980,0.000692,-0.388660,0.921379
1008.867000,-1.47064,4.10767,2.18000,0.01750,0.00453,0.00194,-0.001980,0.000692,-0.388660,0.921379
1008.900000,-1.47064,4.10767,2.18000,0.01750,0.00453,0.00194,-0.001980,0.000692,-0.388660,0.921379
1008.934000,-1.47064,4.10767,2.18000,0.01750,0.00453,0.00194,-0.001980,0.000692,-0.388660,0.921379
1008.967000,-1.47064,4.10767,2.18000,0.01750,0.00453,0.00194,-0.001980,0.000692,-0.388660,0.921379
1009.000000,-1.47064,4.10767,2.18000,0.01750,0.00453,0.00194,-0.001980,0.000692,-0.388660,0.921379
1009.035000,-1.47064,4.10767,2.18000,0.01327,0.00383,-0.00422,0.002945,-0.002070,-0.388225,0.921557
1009.067000,-1.47064,4.10767,2.18000,0.01327,0.00383,-0.00422,0.002945,-0.002070,-0.388225,0.921557
1009.100000,-1.47064,4.10767,2.18000,0.01327,0.00383,-0.00422,0.002945,-0.002070,-0.388225,0.921557
1009.134000,-1.47064,4.10767,2.18000,0.01327,0.00383,-0.00422,0.002945,-0.002070,-0.388225,0.921557
1009.167000,-1.47064,4.10767,2.18000,0.01327,0.00383,-0.00422,0.002945,-0.002070,-0.388225,0.921557
1009.200000,-1.47064,4.10767,2.18000,0.01327,0.00383,-0.00422,0.002945,-0.002070,-0.388225,0.921557
1009.234000,-1.47064,4.10767,2.18000,0.01327,0.00383,-0.00422,0.002945,-0.002070,-0.388225,0.921557
1009.268000,-1.47064,4.10767,2.18000,0.00934,0.00484,-0.00338,-0.002367,0.000439,-0.387972,0.921668
1009.300000,-1.47064,4.10767,2.18000,0.00934,0.00484,-0.00338,-0.002367,0.000439,-0.387972,0.921668
1009.334000,-1.47064,4.10767,2.18000,0.00934,0.00484,-0.00338,-0.002367,0.000439,-0.387972,0.921668
1009.367000,-1.47064,4.10767,2.18000,0.00934,0.00484,-0.00338,-0.002367,0.000439,-0.387972,0.921668
1009.400000,-1.47064,4.10767,2.18000,0.00934,0.00484,-0.00338,-0.002367,0.000439,-0.387972,0.921668
1009.434000,-1.47064,4.10767,2.18000,0.00934,0.00484,-0.00338,-0.002367,0.000439,-0.387972,0.921668
1009.467000,-1.47064,4.10767,2.18000,0.00934,0.00484,-0.00338,-0.002367,0.000439,-0.387972,0.921668
1009.500000,-1.47064,4.10767,2.18000,0.00934,0.00484,-0.00338,-0.002367,0.000439,-0.387972,0.921668
1009.535000,-1.47064,4.10767,2.18000,0.00733,0.00552,-0.00225,0.002656,-0.001343,-0.387695,0.921783
1009.567000,-1.47064,4.10767,2.18000,0.00733,0.00552,-0.00225,0.002656,-0.001343,-0.387695,0.921783
1009.600000,-1.47064,4.10767,2.18000,0.00733,0.00552,-0.00225,0.002656,-0.001343,-0.387695,0.921783
1009.634000,-1.47064,4.10767,2.18000,0.00733,0.00552,-0.00225,0.002656,-0.001343,-0.387695,0.921783
1009.667000,-1.47064,4.10767,2.18000,0.00733,0.00552,-0.00225,0.002656,-0.001343,-0.387695,0.921783
1009.700000,-1.47064,4.10767,2.18000,0.00733,0.00552,-0.00225,0.002656,-0.001343,-0.387695,0.921783
1009.734000,-1.47064,4.10767,2.18000,0.00733,0.00552,-0.00225,0.002656,-0.001343,-0.387695,0.921783
1009.768000,-1.47064,4.10767,2.18000,0.00733,0.00552,-0.00225,-0.001955,0.000697,-0.387409,0.921906
1009.800000,-1.47064,4.10767,2.18000,0.00465,0.00408,0.00089,-0.001955,0.000697,-0.387409,0.921906
1009.834000,-1.47064,4.10767,2.18000,0.00465,0.00408,0.00089,-0.001955,0.000697,-0.387409,0.921906
1009.867000,-1.47064,4.10767,2.18000,0.00465,0.00408,0.00089,-0.001955,0.000697,-0.387409,0.921906
1009.900000,-1.47064,4.10767,2.18000,0.00465,0.00408,0.00089,-0.001955,0.000697,-0.387409,0.921906
1009.934000,-1.47064,4.10767,2.18000,0.00465,0.00408,0.00089,-0.001955,0.000697,-0.387409,0.921906
1009.967000,-1.47064,4.10767,2.18000,0.00465,0.00408,0.00089,-0.001955,0.000697,-0.387409,0.921906
1010.000000,-1.47064,4.10767,2.18000,0.00465,0.00408,0.00089,-0.001955,0.000697,-0.387409,0.921906
1010.035000,-1.47064,4.10767,2.18000,0.00463,0.00446,0.00020,0.002226,-0.000948,-0.387256,0.921969
1010.067000,-1.47064,4.10767,2.18000,0.00463,0.00446,0.00020,0.002226,-0.000948,-0.387256,0.921969
1010.100000,-1.47064,4.10767,2.18000,0.00463,0.00446,0.00020,0.002226,-0.000948,-0.387256,0.921969
1010.134000,-1.47064,4.10767,2.18000,0.00463,0.00446,0.00020,0.002226,-0.000948,-0.387256,0.921969
1010.167000,-1.47064,4.10767,2.18000,0.00463,0.00446,0.00020,0.002226,-0.000948,-0.387256,0.921969
1010.201000,-1.47064,4.10767,2.18000,0.00463,0.00446,0.00020,0.002226,-0.000948,-0.387256,0.921969
1010.234000,-1.47064,4.10767,2.18000,0.00463,0.00446,0.00020,0.002226,-0.000948,-0.387256,0.921969
1010.268000,-1.47064,4.10767,2.18000,0.00199,0.00190,0.00050,-0.001513,0.000622,-0.386965,0.922093
1010.300000,-1.47064,4.10767,2.18000,0.00199,0.00190,0.00050,-0.001513,0.000622,-0.386965,0.922093
1010.334000,-1.47064,4.10767,2.18000,0.00199,0.00190,0.00050,-0.001513,0.000622,-0.386965,0.922093
1010.367000,-1.47064,4.10767,2.18000,0.00199,0.00190,0.00050,-0.001513,0.000622,-0.386965,0.922093
1010.400000,-1.47064,4.10767,2.18000,0.00199,0.00190,0.00050,-0.001513,0.000622,-0.386965,0.922093
1010.434000,-1.47064,4.10767,2.18000,0.00199,0.00190,0.00050,-0.001513,0.000622,-0.386965,0.922093
1010.467000,-1.47064,4.10767,2.18000,0.00199,0.00190,0.00050,-0.001513,0.000622,-0.386965,0.922093
1010.500000,-1.47064,4.10767,2.18000,0.00199,0.00190,0.00050,-0.001513,0.000622,-0.386965,0.922093
1010.535000,-1.47064,4.10767,2.18000,0.05401,0.05280,0.00357,-0.035809,0.015086,-0.386650,0.921407
1010.567000,-1.47064,4.10767,2.18000,0.05401,0.05280,0.00357,-0.035809,0.015086,-0.386650,0.921407
1010.600000,-1.47064,4.10767,2.18000,0.05401,0.05280,0.00357,-0.035809,0.015086,-0.386650,0.921407
1010.634000,-1.47064,4.10767,2.18000,0.05401,0.05280,0.00357,-0.035809,0.015086,-0.386650,0.921407
1010.667000,-1.47064,4.10767,2.18000,0.05401,0.05280,0.00357,-0.035809,0.015086,-0.386650,0.921407
1010.700000,-1.47064,4.10767,2.18000,0.05401,0.05280,0.00357,-0.035809,0.015086,-0.386650,0.921407
1010.734000,-1.47064,4.10767,2.18000,0.05401,0.05280,0.00357,-0.035809,0.015086,-0.386650,0.921407
1010.768000,-1.42525,4.14106,2.17000,0.32119,0.31695,-0.00030,-0.100838,0.041854,-0.380236,0.918423
1010.800000,-1.42525,4.14106,2.17000,0.32119,0.31695,-0.00030,-0.100838,0.041854,-0.380236,0.918423
1010.834000,-1.42525,4.14106,2.17000,0.32119,0.31695,-0.00030,-0.100838,0.041854,-0.380236,0.918423
1010.867000,-1.42525,4.14106,2.17000,0.32119,0.31695,-0.00030,-0.100838,0.041854,-0.380236,0.918423
1010.900000,-1.42525,4.14106,2.17000,0.32119,0.31695,-0.00030,-0.100838,0.041854,-0.380236,0.918423
1010.934000,-1.42525,4.14106,2.17000,0.32119,0.31695,-0.00030,-0.100838,0.041854,-0.380236,0.918423
1010.967000,-1.42525,4.14106,2.17000,0.32119,0.31695,-0.00030,-0.100838,0.041854,-0.380236,0.918423
1011.000000,-1.42525,4.14106,2.17000,0.32119,0.31695,-0.00030,-0.100838,0.041854,-0.380236,0.918423
1011.035000,-1.29816,4.27464,2.18000,0.71491,0.72184,0.01210,-0.091907,0.041543,-0.299864,0.948635
1011.067000,-1.29816,4.27464,2.18000,0.71491,0.72184,0.01210,-0.091907,0.041543,-0.299864,0.948635
1011.100000,-1.29816,4.27464,2.18000,0.71491,0.72184,0.01210,-0.091907,0.041543,-0.299864,0.948635
1011.134000,-1.29816,4.27464,2.18000,0.71491,0.72184,0.01210,-0.091907,0.041543,-0.299864,0.948635
1011.167000,-1.29816,4.27464,2.18000,0.71491,0.72184,0.01210,-0.091907,0.041543,-0.299864,0.948635
1011.200000,-1.29816,4.27464,2.18000,0.71491,0.72184,0.01210,-0.091907,0.041543,-0.299864,0.948635
1011.234000,-1.29816,4.27464,2.18000,0.71491,0.72184,0.01210,-0.091907,0.041543,-0.299864,0.948635
1011.267000,-1.29816,4.27464,2.18000,0.71491,0.72184,0.01210,-0.057878,0.002069,-0.179960,0.981967
1011.301000,-1.08029,4.50841,2.18000,0.91748,1.04063,0.00980,-0.057878,0.002069,-0.179960,0.981967
1011.334000,-1.08029,4.50841,2.18000,0.91748,1.04063,0.00980,-0.057878,0.002069,-0.179960,0.981967
1011.367000,-1.08029,4.50841,2.18000,0.91748,1.04063,0.00980,-0.057878,0.002069,-0.179960,0.981967
1011.400000,-1.08029,4.50841,2.18000,0.91748,1.04063,0.00980,-0.057878,0.002069,-0.179960,0.981967
1011.434000,-1.08029,4.50841,2.18000,0.91748,1.04063,0.00980,-0.057878,0.002069,-0.179960,0.981967
1011.467000,-1.08029,4.50841,2.18000,0.91748,1.04063,0.00980,-0.057878,0.002069,-0.179960,0.981967
1011.500000,-1.08029,4.50841,2.18000,0.91748,1.04063,0.00980,-0.057878,0.002069,-0.179960,0.981967
1011.535000,-0.86241,4.78671,2.18000,0.84862,1.22903,0.01157,-0.008053,-0.037414,-0.049054,0.998063
1011.567000,-0.86241,4.78671,2.18000,0.84862,1.22903,0.01157,-0.008053,-0.037414,-0.049054,0.998063
1011.600000,-0.86241,4.78671,2.18000,0.84862,1.22903,0.01157,-0.008053,-0.037414,-0.049054,0.998063
1011.634000,-0.86241,4.78671,2.18000,0.84862,1.22903,0.01157,-0.008053,-0.037414,-0.049054,0.998063
1011.667000,-0.86241,4.78671,2.18000,0.84862,1.22903,0.01157,-0.008053,-0.037414,-0.049054,0.998063
1011.700000,-0.86241,4.78671,2.18000,0.84862,1.22903,0.01157,-0.008053,-0.037414,-0.049054,0.998063
1011.734000,-0.86241,4.78671,2.18000,0.84862,1.22903,0.01157,-0.008053,-0.037414,-0.049054,0.998063
1011.768000,-0.86241,4.78671,2.18000,0.84862,1.22903,0.01157,0.064136,-0.071053,0.086405,0.991651
1011.801000,-0.68085,5.07614,2.18000,0.58646,1.07980,0.01134,0.064136,-0.071053,0.086405,0.991651
1011.834000,-0.68085,5.07614,2.18000,0.58646,1.07980,0.01134,0.064136,-0.071053,0.086405,0.991651
1011.867000,-0.68085,5.07614,2.18000,0.58646,1.07980,0.01134,0.064136,-0.071053,0.086405,0.991651
1011.900000,-0.68085,5.07614,2.18000,0.58646,1.07980,0.01134,0.064136,-0.071053,0.086405,0.991651
1011.934000,-0.68085,5.07614,2.18000,0.58646,1.07980,0.01134,0.064136,-0.071053,0.086405,0.991651
1011.967000,-0.68085,5.07614,2.18000,0.58646,1.07980,0.01134,0.064136,-0.071053,0.086405,0.991651
1012.000000,-0.68085,5.07614,2.18000,0.58646,1.07980,0.01134,0.064136,-0.071053,0.086405,0.991651
1012.035000,-0.56284,5.29878,2.18000,0.25883,0.61889,0.00862,0.082800,-0.080158,0.219477,0.968787
1012.067000,-0.56284,5.29878,2.18000,0.25883,0.61889,0.00862,0.082800,-0.080158,0.219477,0.968787
1012.100000,-0.56284,5.29878,2.18000,0.25883,0.61889,0.00862,0.082800,-0.080158,0.219477,0.968787
1012.134000,-0.56284,5.29878,2.18000,0.25883,0.61889,0.00862,0.082800,-0.080158,0.219477,0.968787
1012.167000,-0.56284,5.29878,2.18000,0.25883,0.61889,0.00862,0.082800,-0.080158,0.219477,0.968787
1012.200000,-0.56284,5.29878,2.18000,0.25883,0.61889,0.00862,0.082800,-0.080158,0.219477,0.968787
1012.234000,-0.56284,5.29878,2.18000,0.25883,0.61889,0.00862,0.082800,-0.080158,0.219477,0.968787
1012.267000,-0.56284,5.29878,2.18000,0.25883,0.61889,0.00862,0.054165,-0.051472,0.297607,0.951760
1012.301000,-0.52653,5.39896,2.19000,0.02691,0.19762,-0.00513,0.054165,-0.051472,0.297607,0.951760
1012.334000,-0.52653,5.39896,2.19000,0.02691,0.19762,-0.00513,0.054165,-0.051472,0.297607,0.951760
1012.367000,-0.52653,5.39896,2.19000,0.02691,0.19762,-0.00513,0.054165,-0.051472,0.297607,0.951760
1012.400000,-0.52653,5.39896,2.19000,0.02691,0.19762,-0.00513,0.054165,-0.051472,0.297607,0.951760
1012.434000,-0.52653,5.39896,2.19000,0.02691,0.19762,-0.00513,0.054165,-0.051472,0.297607,0.951760
1012.467000,-0.52653,5.39896,2.19000,0.02691,0.19762,-0.00513,0.054165,-0.051472,0.297607,0.951760
1012.500000,-0.52653,5.39896,2.19000,0.02691,0.19762,-0.00513,0.054165,-0.051472,0.297607,0.951760
1012.535000,-0.53560,5.41010,2.18000,-0.08793,-0.02821,-0.01737,0.020912,-0.022596,0.307552,0.951033
1012.567000,-0.53560,5.41010,2.18000,-0.08793,-0.02821,-0.01737,0.020912,-0.022596,0.307552,0.951033
1012.600000,-0.53560,5.41010,2.18000,-0.08793,-0.02821,-0.01737,0.020912,-0.022596,0.307552,0.951033
1012.635000,-0.53560,5.41010,2.18000,-0.08793,-0.02821,-0.01737,0.020912,-0.022596,0.307552,0.951033
1012.667000,-0.53560,5.41010,2.18000,-0.08793,-0.02821,-0.01737,0.020912,-0.022596,0.307552,0.951033
1012.700000,-0.53560,5.41010,2.18000,-0.08793,-0.02821,-0.01737,0.020912,-0.022596,0.307552,0.951033
1012.734000,-0.53560,5.41010,2.18000,-0.08793,-0.02821,-0.01737,0.020912,-0.022596,0.307552,0.951033
1012.768000,-0.56284,5.39896,2.18000,-0.11674,-0.11193,-0.01639,0.009718,-0.001102,0.312464,0.949879
1012.800000,-0.56284,5.39896,2.18000,-0.11674,-0.11193,-0.01639,0.009718,-0.001102,0.312464,0.949879
1012.834000,-0.56284,5.39896,2.18000,-0.11674,-0.11193,-0.01639,0.009718,-0.001102,0.312464,0.949879
1012.867000,-0.56284,5.39896,2.18000,-0.11674,-0.11193,-0.01639,0.009718,-0.001102,0.312464,0.949879
1012.900000,-0.56284,5.39896,2.18000,-0.11674,-0.11193,-0.01639,0.009718,-0.001102,0.312464,0.949879
1012.934000,-0.56284,5.39896,2.18000,-0.11674,-0.11193,-0.01639,0.009718,-0.001102,0.312464,0.949879
1012.967000,-0.56284,5.39896,2.18000,-0.11674,-0.11193,-0.01639,0.009718,-0.001102,0.312464,0.949879
1013.000000,-0.56284,5.39896,2.18000,-0.11674,-0.11193,-0.01639,0.009718,-0.001102,0.312464,0.949879
1013.035000,-0.59915,5.36557,2.18000,-0.10169,-0.12101,-0.01006,-0.002920,0.004617,0.314217,0.949336
1013.067000,-0.59915,5.36557,2.18000,-0.10169,-0.12101,-0.01006,-0.002920,0.004617,0.314217,0.949336
1013.100000,-0.59915,5.36557,2.18000,-0.10169,-0.12101,-0.01006,-0.002920,0.004617,0.314217,0.949336
1013.134000,-0.59915,5.36557,2.18000,-0.10169,-0.12101,-0.01006,-0.002920,0.004617,0.314217,0.949336
1013.167000,-0.59915,5.36557,2.18000,-0.10169,-0.12101,-0.01006,-0.002920,0.004617,0.314217,0.949336
1013.200000,-0.59915,5.36557,2.18000,-0.10169,-0.12101,-0.01006,-0.002920,0.004617,0.314217,0.949336
1013.234000,-0.59915,5.36557,2.18000,-0.10169,-0.12101,-0.01006,-0.002920,0.004617,0.314217,0.949336
1013.268000,-0.59915,5.36557,2.18000,-0.10169,-0.12101,-0.01006,-0.003683,0.010534,0.314422,0.949218
1013.300000,-0.60823,5.34330,2.17000,-0.07017,-0.09181,-0.00242,-0.003683,0.010534,0.314422,0.949218
1013.334000,-0.60823,5.34330,2.17000,-0.07017,-0.09181,-0.00242,-0.003683,0.010534,0.314422,0.949218
1013.367000,-0.60823,5.34330,2.17000,-0.07017,-0.09181,-0.00242,-0.003683,0.010534,0.314422,0.949218
1013.400000,-0.60823,5.34330,2.17000,-0.07017,-0.09181,-0.00242,-0.003683,0.010534,0.314422,0.949218
1013.434000,-0.60823,5.34330,2.17000,-0.07017,-0.09181,-0.00242,-0.003683,0.010534,0.314422,0.949218
1013.467000,-0.60823,5.34330,2.17000,-0.07017,-0.09181,-0.00242,-0.003683,0.010534,0.314422,0.949218
1013.500000,-0.60823,5.34330,2.17000,-0.07017,-0.09181,-0.00242,-0.003683,0.010534,0.314422,0.949218
1013.535000,-0.61731,5.33217,2.18000,-0.03008,-0.04744,0.00689,-0.007972,0.009930,0.314157,0.949286
1013.567000,-0.61731,5.33217,2.18000,-0.03008,-0.04744,0.00689,-0.007972,0.009930,0.314157,0.949286
1013.600000,-0.61731,5.33217,2.18000,-0.03008,-0.04744,0.00689,-0.007972,0.009930,0.314157,0.949286
1013.634000,-0.61731,5.33217,2.18000,-0.03008,-0.04744,0.00689,-0.007972,0.009930,0.314157,0.949286
1013.667000,-0.61731,5.33217,2.18000,-0.03008,-0.04744,0.00689,-0.007972,0.009930,0.314157,0.949286
1013.700000,-0.61731,5.33217,2.18000,-0.03008,-0.04744,0.00689,-0.007972,0.009930,0.314157,0.949286
1013.734000,-0.61731,5.33217,2.18000,-0.03008,-0.04744,0.00689,-0.007972,0.009930,0.314157,0.949286
1013.768000,-0.62639,5.33217,2.18000,0.00183,-0.00319,0.00368,-0.003408,0.008577,0.313250,0.949626
1013.800000,-0.62639,5.33217,2.18000,0.00183,-0.00319,0.00368,-0.003408,0.008577,0.313250,0.949626
1013.834000,-0.62639,5.33217,2.18000,0.00183,-0.00319,0.00368,-0.003408,0.008577,0.313250,0.949626
1013.867000,-0.62639,5.33217,2.18000,0.00183,-0.00319,0.00368,-0.003408,0.008577,0.313250,0.949626
1013.900000,-0.62639,5.33217,2.18000,0.00183,-0.00319,0.00368,-0.003408,0.008577,0.313250,0.949626
1013.934000,-0.62639,5.33217,2.18000,0.00183,-0.00319,0.00368,-0.003408,0.008577,0.313250,0.949626
1013.967000,-0.62639,5.33217,2.18000,0.00183,-0.00319,0.00368,-0.003408,0.008577,0.313250,0.949626
1014.001000,-0.62639,5.33217,2.18000,0.00183,-0.00319,0.00368,-0.003408,0.008577,0.313250,0.949626
1014.035000,-0.62639,5.33217,2.18000,0.03060,0.02257,0.00162,-0.003274,0.005769,0.312694,0.949831
1014.067000,-0.62639,5.33217,2.18000,0.03060,0.02257,0.00162,-0.003274,0.005769,0.312694,0.949831
1014.100000,-0.62639,5.33217,2.18000,0.03060,0.02257,0.00162,-0.003274,0.005769,0.312694,0.949831
1014.134000,-0.62639,5.33217,2.18000,0.03060,0.02257,0.00162,-0.003274,0.005769,0.312694,0.949831
1014.167000,-0.62639,5.33217,2.18000,0.03060,0.02257,0.00162,-0.003274,0.005769,0.312694,0.949831
1014.201000,-0.62639,5.33217,2.18000,0.03060,0.02257,0.00162,-0.003274,0.005769,0.312694,0.949831
1014.234000,-0.62639,5.33217,2.18000,0.03060,0.02257,0.00162,-0.003274,0.005769,0.312694,0.949831
1014.268000,-0.61731,5.33217,2.18000,0.04723,0.04359,0.00015,-0.002382,0.003485,0.311905,0.950104
1014.300000,-0.61731,5.33217,2.18000,0.04723,0.04359,0.00015,-0.002382,0.003485,0.311905,0.950104
1014.334000,-0.61731,5.33217,2.18000,0.04723,0.04359,0.00015,-0.002382,0.003485,0.311905,0.950104
1014.367000,-0.61731,5.33217,2.18000,0.04723,0.04359,0.00015,-0.002382,0.003485,0.311905,0.950104
1014.400000,-0.61731,5.33217,2.18000,0.04723,0.04359,0.00015,-0.002382,0.003485,0.311905,0.950104
1014.434000,-0.61731,5.33217,2.18000,0.04723,0.04359,0.00015,-0.002382,0.003485,0.311905,0.950104
1014.467000,-0.61731,5.33217,2.18000,0.04723,0.04359,0.00015,-0.002382,0.003485,0.311905,0.950104
1014.500000,-0.61731,5.33217,2.18000,0.04723,0.04359,0.00015,-0.002382,0.003485,0.311905,0.950104
1014.535000,-0.60823,5.33217,2.18000,0.05642,0.05314,-0.00319,-0.000260,0.001464,0.311399,0.950278
1014.567000,-0.60823,5.33217,2.18000,0.05642,0.05314,-0.00319,-0.000260,0.001464,0.311399,0.950278
1014.600000,-0.60823,5.33217,2.18000,0.05642,0.05314,-0.00319,-0.000260,0.001464,0.311399,0.950278
1014.634000,-0.60823,5.33217,2.18000,0.05642,0.05314,-0.00319,-0.000260,0.001464,0.311399,0.950278
1014.667000,-0.60823,5.33217,2.18000,0.05642,0.05314,-0.00319,-0.000260,0.001464,0.311399,0.950278
1014.700000,-0.60823,5.33217,2.18000,0.05642,0.05314,-0.00319,-0.000260,0.001464,0.311399,0.950278
1014.734000,-0.60823,5.33217,2.18000,0.05642,0.05314,-0.00319,-0.000260,0.001464,0.311399,0.950278
1014.768000,-0.60823,5.33217,2.18000,0.05642,0.05314,-0.00319,-0.002512,-0.001562,0.310504,0.950567
1014.800000,-0.59915,5.34330,2.18000,0.05242,0.06162,-0.00007,-0.002512,-0.001562,0.310504,0.950567
1014.834000,-0.59915,5.34330,2.18000,0.05242,0.06162,-0.00007,-0.002512,-0.001562,0.310504,0.950567
1014.867000,-0.59915,5.34330,2.18000,0.05242,0.06162,-0.00007,-0.002512,-0.001562,0.310504,0.950567
1014.900000,-0.59915,5.34330,2.18000,0.05242,0.06162,-0.00007,-0.002512,-0.001562,0.310504,0.950567
1014.934000,-0.59915,5.34330,2.18000,0.05242,0.06162,-0.00007,-0.002512,-0.001562,0.310504,0.950567
1014.967000,-0.59915,5.34330,2.18000,0.05242,0.06162,-0.00007,-0.002512,-0.001562,0.310504,0.950567
1015.000000,-0.59915,5.34330,2.18000,0.05242,0.06162,-0.00007,-0.002512,-0.001562,0.310504,0.950567
1015.035000,-0.58099,5.36557,2.17000,0.04748,0.05690,-0.00622,0.003769,-0.001331,0.310154,0.950678
1015.068000,-0.58099,5.36557,2.17000,0.04748,0.05690,-0.00622,0.003769,-0.001331,0.310154,0.950678
1015.100000,-0.58099,5.36557,2.17000,0.04748,0.05690,-0.00622,0.003769,-0.001331,0.310154,0.950678
1015.134000,-0.58099,5.36557,2.17000,0.04748,0.05690,-0.00622,0.003769,-0.001331,0.310154,0.950678
1015.167000,-0.58099,5.36557,2.17000,0.04748,0.05690,-0.00622,0.003769,-0.001331,0.310154,0.950678
1015.200000,-0.58099,5.36557,2.17000,0.04748,0.05690,-0.00622,0.003769,-0.001331,0.310154,0.950678
1015.234000,-0.58099,5.36557,2.17000,0.04748,0.05690,-0.00622,0.003769,-0.001331,0.310154,0.950678
1015.268000,-0.57192,5.38783,2.18000,0.03540,0.04574,0.00355,-0.000600,-0.004259,0.309302,0.950954
1015.300000,-0.57192,5.38783,2.18000,0.03540,0.04574,0.00355,-0.000600,-0.004259,0.309302,0.950954
1015.334000,-0.57192,5.38783,2.18000,0.03540,0.04574,0.00355,-0.000600,-0.004259,0.309302,0.950954
1015.367000,-0.57192,5.38783,2.18000,0.03540,0.04574,0.00355,-0.000600,-0.004259,0.309302,0.950954
1015.400000,-0.57192,5.38783,2.18000,0.03540,0.04574,0.00355,-0.000600,-0.004259,0.309302,0.950954
1015.434000,-0.57192,5.38783,2.18000,0.03540,0.04574,0.00355,-0.000600,-0.004259,0.309302,0.950954
1015.467000,-0.57192,5.38783,2.18000,0.03540,0.04574,0.00355,-0.000600,-0.004259,0.309302,0.950954
1015.500000,-0.57192,5.38783,2.18000,0.03540,0.04574,0.00355,-0.000600,-0.004259,0.309302,0.950954
1015.535000,-0.56284,5.39896,2.18000,0.02166,0.02731,0.00187,0.005540,-0.003098,0.308980,0.951047
1015.567000,-0.56284,5.39896,2.18000,0.02166,0.02731,0.00187,0.005540,-0.003098,0.308980,0.951047
1015.600000,-0.56284,5.39896,2.18000,0.02166,0.02731,0.00187,0.005540,-0.003098,0.308980,0.951047
1015.634000,-0.56284,5.39896,2.18000,0.02166,0.02731,0.00187,0.005540,-0.003098,0.308980,0.951047
1015.667000,-0.56284,5.39896,2.18000,0.02166,0.02731,0.00187,0.005540,-0.003098,0.308980,0.951047
1015.700000,-0.56284,5.39896,2.18000,0.02166,0.02731,0.00187,0.005540,-0.003098,0.308980,0.951047
1015.734000,-0.56284,5.39896,2.18000,0.02166,0.02731,0.00187,0.005540,-0.003098,0.308980,0.951047
1015.768000,-0.56284,5.39896,2.18000,0.01007,0.00833,-0.00305,0.000467,-0.003623,0.308350,0.951266
1015.800000,-0.56284,5.39896,2.18000,0.01007,0.00833,-0.00305,0.000467,-0.003623,0.308350,0.951266
1015.834000,-0.56284,5.39896,2.18000,0.01007,0.00833,-0.00305,0.000467,-0.003623,0.308350,0.951266
1015.867000,-0.56284,5.39896,2.18000,0.01007,0.00833,-0.00305,0.000467,-0.003623,0.308350,0.951266
1015.900000,-0.56284,5.39896,2.18000,0.01007,0.00833,-0.00305,0.000467,-0.003623,0.308350,0.951266
1015.934000,-0.56284,5.39896,2.18000,0.01007,0.00833,-0.00305,0.000467,-0.003623,0.308350,0.951266
1015.967000,-0.56284,5.39896,2.18000,0.01007,0.00833,-0.00305,0.000467,-0.003623,0.308350,0.951266
1016.000000,-0.56284,5.39896,2.18000,0.01007,0.00833,-0.00305,0.000467,-0.003623,0.308350,0.951266
1016.035000,-0.56284,5.39896,2.18000,0.00193,-0.00458,0.00055,0.003979,-0.001033,0.307723,0.951467
1016.067000,-0.56284,5.39896,2.18000,0.00193,-0.00458,0.00055,0.003979,-0.001033,0.307723,0.951467
1016.100000,-0.56284,5.39896,2.18000,0.00193,-0.00458,0.00055,0.003979,-0.001033,0.307723,0.951467
1016.134000,-0.56284,5.39896,2.18000,0.00193,-0.00458,0.00055,0.003979,-0.001033,0.307723,0.951467
1016.167000,-0.56284,5.39896,2.18000,0.00193,-0.00458,0.00055,0.003979,-0.001033,0.307723,0.951467
1016.200000,-0.56284,5.39896,2.18000,0.00193,-0.00458,0.00055,0.003979,-0.001033,0.307723,0.951467
1016.234000,-0.56284,5.39896,2.18000,0.00193,-0.00458,0.00055,0.003979,-0.001033,0.307723,0.951467
1016.268000,-0.56284,5.39896,2.18000,-0.00127,-0.01443,0.00041,-0.000396,-0.001478,0.307362,0.951592
1016.300000,-0.56284,5.39896,2.18000,-0.00127,-0.01443,0.00041,-0.000396,-0.001478,0.307362,0.951592
1016.334000,-0.56284,5.39896,2.18000,-0.00127,-0.01443,0.00041,-0.000396,-0.001478,0.307362,0.951592
1016.367000,-0.56284,5.39896,2.18000,-0.00127,-0.01443,0.00041,-0.000396,-0.001478,0.307362,0.951592
1016.400000,-0.56284,5.39896,2.18000,-0.00127,-0.01443,0.00041,-0.000396,-0.001478,0.307362,0.951592
1016.434000,-0.56284,5.39896,2.18000,-0.00127,-0.01443,0.00041,-0.000396,-0.001478,0.307362,0.951592
1016.467000,-0.56284,5.39896,2.18000,-0.00127,-0.01443,0.00041,-0.000396,-0.001478,0.307362,0.951592
1016.500000,-0.56284,5.39896,2.18000,-0.00127,-0.01443,0.00041,-0.000396,-0.001478,0.307362,0.951592
1016.535000,-0.56284,5.39896,2.18000,-0.00563,-0.01687,0.00616,0.001377,-0.000338,0.306856,0.951755
1016.567000,-0.56284,5.39896,2.18000,-0.00563,-0.01687,0.00616,0.001377,-0.000338,0.306856,0.951755
1016.601000,-0.56284,5.39896,2.18000,-0.00563,-0.01687,0.00616,0.001377,-0.000338,0.306856,0.951755
1016.634000,-0.56284,5.39896,2.18000,-0.00563,-0.01687,0.00616,0.001377,-0.000338,0.306856,0.951755
1016.667000,-0.56284,5.39896,2.18000,-0.00563,-0.01687,0.00616,0.001377,-0.000338,0.306856,0.951755
1016.700000,-0.56284,5.39896,2.18000,-0.00563,-0.01687,0.00616,0.001377,-0.000338,0.306856,0.951755
1016.734000,-0.56284,5.39896,2.18000,-0.00563,-0.01687,0.00616,0.001377,-0.000338,0.306856,0.951755
1016.768000,-0.56284,5.39896,2.18000,-0.00534,-0.02210,0.00248,0.000650,-0.000292,0.306469,0.951880
1016.800000,-0.56284,5.39896,2.18000,-0.00534,-0.02210,0.00248,0.000650,-0.000292,0.306469,0.951880
1016.834000,-0.56284,5.39896,2.18000,-0.00534,-0.02210,0.00248,0.000650,-0.000292,0.306469,0.951880
1016.867000,-0.56284,5.39896,2.18000,-0.00534,-0.02210,0.00248,0.000650,-0.000292,0.306469,0.951880
1016.900000,-0.56284,5.39896,2.18000,-0.00534,-0.02210,0.00248,0.000650,-0.000292,0.306469,0.951880
1016.934000,-0.56284,5.39896,2.18000,-0.00534,-0.02210,0.00248,0.000650,-0.000292,0.306469,0.951880
1016.967000,-0.56284,5.39896,2.18000,-0.00534,-0.02210,0.00248,0.000650,-0.000292,0.306469,0.951880
1017.000000,-0.56284,5.39896,2.18000,-0.00534,-0.02210,0.00248,0.000650,-0.000292,0.306469,0.951880
1017.035000,-0.56284,5.38783,2.18000,-0.00790,-0.02136,0.00089,-0.000710,-0.000459,0.305915,0.952058
1017.067000,-0.56284,5.38783,2.18000,-0.00790,-0.02136,0.00089,-0.000710,-0.000459,0.305915,0.952058
1017.100000,-0.56284,5.38783,2.18000,-0.00790,-0.02136,0.00089,-0.000710,-0.000459,0.305915,0.952058
1017.134000,-0.56284,5.38783,2.18000,-0.00790,-0.02136,0.00089,-0.000710,-0.000459,0.305915,0.952058
1017.167000,-0.56284,5.38783,2.18000,-0.00790,-0.02136,0.00089,-0.000710,-0.000459,0.305915,0.952058
1017.200000,-0.56284,5.38783,2.18000,-0.00790,-0.02136,0.00089,-0.000710,-0.000459,0.305915,0.952058
1017.234000,-0.56284,5.38783,2.18000,-0.00790,-0.02136,0.00089,-0.000710,-0.000459,0.305915,0.952058
1017.268000,-0.56284,5.38783,2.18000,-0.00790,-0.02136,0.00089,0.000934,0.000871,0.305851,0.952079
1017.300000,-0.56284,5.38783,2.18000,-0.00680,-0.02132,-0.00243,0.000934,0.000871,0.305851,0.952079
1017.334000,-0.56284,5.38783,2.18000,-0.00680,-0.02132,-0.00243,0.000934,0.000871,0.305851,0.952079
1017.367000,-0.56284,5.38783,2.18000,-0.00680,-0.02132,-0.00243,0.000934,0.000871,0.305851,0.952079
1017.400000,-0.56284,5.38783,2.18000,-0.00680,-0.02132,-0.00243,0.000934,0.000871,0.305851,0.952079
1017.434000,-0.56284,5.38783,2.18000,-0.00680,-0.02132,-0.00243,0.000934,0.000871,0.305851,0.952079
1017.467000,-0.56284,5.38783,2.18000,-0.00680,-0.02132,-0.00243,0.000934,0.000871,0.305851,0.952079
1017.500000,-0.56284,5.38783,2.18000,-0.00680,-0.02132,-0.00243,0.000934,0.000871,0.305851,0.952079
1017.535000,-0.56284,5.38783,2.18000,-0.00757,-0.01552,-0.00266,-0.003256,-0.000539,0.305376,0.952226
1017.567000,-0.56284,5.38783,2.18000,-0.00757,-0.01552,-0.00266,-0.003256,-0.000539,0.305376,0.952226
1017.600000,-0.56284,5.38783,2.18000,-0.00757,-0.01552,-0.00266,-0.003256,-0.000539,0.305376,0.952226
1017.634000,-0.56284,5.38783,2.18000,-0.00757,-0.01552,-0.00266,-0.003256,-0.000539,0.305376,0.952226
1017.667000,-0.56284,5.38783,2.18000,-0.00757,-0.01552,-0.00266,-0.003256,-0.000539,0.305376,0.952226
1017.700000,-0.56284,5.38783,2.18000,-0.00757,-0.01552,-0.00266,-0.003256,-0.000539,0.305376,0.952226
1017.734000,-0.56284,5.38783,2.18000,-0.00757,-0.01552,-0.00266,-0.003256,-0.000539,0.305376,0.952226
1017.768000,-0.56284,5.36557,2.18000,-0.00754,-0.00964,-0.00526,0.000472,0.001531,0.305098,0.952320
1017.800000,-0.56284,5.36557,2.18000,-0.00754,-0.00964,-0.00526,0.000472,0.001531,0.305098,0.952320
1017.834000,-0.56284,5.36557,2.18000,-0.00754,-0.00964,-0.00526,0.000472,0.001531,0.305098,0.952320
1017.867000,-0.56284,5.36557,2.18000,-0.00754,-0.00964,-0.00526,0.000472,0.001531,0.305098,0.952320
1017.900000,-0.56284,5.36557,2.18000,-0.00754,-0.00964,-0.00526,0.000472,0.001531,0.305098,0.952320
1017.934000,-0.56284,5.36557,2.18000,-0.00754,-0.00964,-0.00526,0.000472,0.001531,0.305098,0.952320
1017.967000,-0.56284,5.36557,2.18000,-0.00754,-0.00964,-0.00526,0.000472,0.001531,0.305098,0.952320
1018.000000,-0.56284,5.36557,2.18000,-0.00754,-0.00964,-0.00526,0.000472,0.001531,0.305098,0.952320
1018.035000,-0.56284,5.36557,2.18000,-0.00769,0.00211,-0.00349,-0.004947,-0.000376,0.304759,0.952417
1018.067000,-0.56284,5.36557,2.18000,-0.00769,0.00211,-0.00349,-0.004947,-0.000376,0.304759,0.952417
1018.100000,-0.56284,5.36557,2.18000,-0.00769,0.00211,-0.00349,-0.004947,-0.000376,0.304759,0.952417
1018.134000,-0.56284,5.36557,2.18000,-0.00769,0.00211,-0.00349,-0.004947,-0.000376,0.304759,0.952417
1018.167000,-0.56284,5.36557,2.18000,-0.00769,0.00211,-0.00349,-0.004947,-0.000376,0.304759,0.952417
1018.200000,-0.56284,5.36557,2.18000,-0.00769,0.00211,-0.00349,-0.004947,-0.000376,0.304759,0.952417
1018.234000,-0.56284,5.36557,2.18000,-0.00769,0.00211,-0.00349,-0.004947,-0.000376,0.304759,0.952417
1018.268000,-0.56284,5.36557,2.18000,-0.00769,0.00211,-0.00349,0.001096,0.000965,0.304439,0.952531
1018.301000,-0.56284,5.36557,2.18000,-0.00923,0.01148,0.00080,0.001096,0.000965,0.304439,0.952531
1018.334000,-0.56284,5.36557,2.18000,-0.00923,0.01148,0.00080,0.001096,0.000965,0.304439,0.952531
1018.367000,-0.56284,5.36557,2.18000,-0.00923,0.01148,0.00080,0.001096,0.000965,0.304439,0.952531
1018.400000,-0.56284,5.36557,2.18000,-0.00923,0.01148,0.00080,0.001096,0.000965,0.304439,0.952531
1018.434000,-0.56284,5.36557,2.18000,-0.00923,0.01148,0.00080,0.001096,0.000965,0.304439,0.952531
1018.467000,-0.56284,5.36557,2.18000,-0.00923,0.01148,0.00080,0.001096,0.000965,0.304439,0.952531
1018.500000,-0.56284,5.36557,2.18000,-0.00923,0.01148,0.00080,0.001096,0.000965,0.304439,0.952531
1018.535000,-0.56284,5.36557,2.18000,-0.00858,0.01416,0.00054,-0.002742,-0.000470,0.304268,0.952582
1018.567000,-0.56284,5.36557,2.18000,-0.00858,0.01416,0.00054,-0.002742,-0.000470,0.304268,0.952582
1018.600000,-0.56284,5.36557,2.18000,-0.00858,0.01416,0.00054,-0.002742,-0.000470,0.304268,0.952582
1018.634000,-0.56284,5.36557,2.18000,-0.00858,0.01416,0.00054,-0.002742,-0.000470,0.304268,0.952582
1018.667000,-0.56284,5.36557,2.18000,-0.00858,0.01416,0.00054,-0.002742,-0.000470,0.304268,0.952582
1018.700000,-0.56284,5.36557,2.18000,-0.00858,0.01416,0.00054,-0.002742,-0.000470,0.304268,0.952582
1018.734000,-0.56284,5.36557,2.18000,-0.00858,0.01416,0.00054,-0.002742,-0.000470,0.304268,0.952582
1018.768000,-0.56284,5.36557,2.18000,0.00064,0.00412,0.00172,0.016268,0.005508,0.303900,0.952549
1018.800000,-0.56284,5.36557,2.18000,0.00064,0.00412,0.00172,0.016268,0.005508,0.303900,0.952549
1018.834000,-0.56284,5.36557,2.18000,0.00064,0.00412,0.00172,0.016268,0.005508,0.303900,0.952549
1018.867000,-0.56284,5.36557,2.18000,0.00064,0.00412,0.00172,0.016268,0.005508,0.303900,0.952549
1018.900000,-0.56284,5.36557,2.18000,0.00064,0.00412,0.00172,0.016268,0.005508,0.303900,0.952549
1018.934000,-0.56284,5.36557,2.18000,0.00064,0.00412,0.00172,0.016268,0.005508,0.303900,0.952549
1018.967000,-0.56284,5.36557,2.18000,0.00064,0.00412,0.00172,0.016268,0.005508,0.303900,0.952549
1019.000000,-0.56284,5.36557,2.18000,0.00064,0.00412,0.00172,0.016268,0.005508,0.303900,0.952549
1019.035000,-0.56284,5.35444,2.18000,0.14040,-0.19021,-0.00123,0.081651,0.026326,0.303041,0.949108
1019.067000,-0.56284,5.35444,2.18000,0.14040,-0.19021,-0.00123,0.081651,0.026326,0.303041,0.949108
1019.100000,-0.56284,5.35444,2.18000,0.14040,-0.19021,-0.00123,0.081651,0.026326,0.303041,0.949108
1019.134000,-0.56284,5.35444,2.18000,0.14040,-0.19021,-0.00123,0.081651,0.026326,0.303041,0.949108
1019.167000,-0.56284,5.35444,2.18000,0.14040,-0.19021,-0.00123,0.081651,0.026326,0.303041,0.949108
1019.201000,-0.56284,5.35444,2.18000,0.14040,-0.19021,-0.00123,0.081651,0.026326,0.303041,0.949108
1019.234000,-0.56284,5.35444,2.18000,0.14040,-0.19021,-0.00123,0.081651,0.026326,0.303041,0.949108
1019.268000,-0.56284,5.35444,2.18000,0.14040,-0.19021,-0.00123,0.109439,0.039414,0.256759,0.959450
1019.300000,-0.49021,5.26538,2.18000,0.45838,-0.63531,0.00684,0.109439,0.039414,0.256759,0.959450
1019.334000,-0.49021,5.26538,2.18000,0.45838,-0.63531,0.00684,0.109439,0.039414,0.256759,0.959450
1019.367000,-0.49021,5.26538,2.18000,0.45838,-0.63531,0.00684,0.109439,0.039414,0.256759,0.959450
1019.400000,-0.49021,5.26538,2.18000,0.45838,-0.63531,0.00684,0.109439,0.039414,0.256759,0.959450
1019.434000,-0.49021,5.26538,2.18000,0.45838,-0.63531,0.00684,0.109439,0.039414,0.256759,0.959450
1019.467000,-0.49021,5.26538,2.18000,0.45838,-0.63531,0.00684,0.109439,0.039414,0.256759,0.959450
1019.500000,-0.49021,5.26538,2.18000,0.45838,-0.63531,0.00684,0.109439,0.039414,0.256759,0.959450
1019.535000,-0.34497,5.05388,2.18000,0.70489,-1.05448,0.00605,0.073439,0.015558,0.142328,0.986969
1019.567000,-0.34497,5.05388,2.18000,0.70489,-1.05448,0.00605,0.073439,0.015558,0.142328,0.986969
1019.600000,-0.34497,5.05388,2.18000,0.70489,-1.05448,0.00605,0.073439,0.015558,0.142328,0.986969
1019.634000,-0.34497,5.05388,2.18000,0.70489,-1.05448,0.00605,0.073439,0.015558,0.142328,0.986969
1019.667000,-0.34497,5.05388,2.18000,0.70489,-1.05448,0.00605,0.073439,0.015558,0.142328,0.986969
1019.700000,-0.34497,5.05388,2.18000,0.70489,-1.05448,0.00605,0.073439,0.015558,0.142328,0.986969
1019.734000,-0.34497,5.05388,2.18000,0.70489,-1.05448,0.00605,0.073439,0.015558,0.142328,0.986969
1019.768000,-0.16340,4.74218,2.18000,0.69608,-1.31662,0.00675,0.031725,-0.026726,0.012380,0.999063
1019.800000,-0.16340,4.74218,2.18000,0.69608,-1.31662,0.00675,0.031725,-0.026726,0.012380,0.999063
1019.834000,-0.16340,4.74218,2.18000,0.69608,-1.31662,0.00675,0.031725,-0.026726,0.012380,0.999063
1019.867000,-0.16340,4.74218,2.18000,0.69608,-1.31662,0.00675,0.031725,-0.026726,0.012380,0.999063
1019.900000,-0.16340,4.74218,2.18000,0.69608,-1.31662,0.00675,0.031725,-0.026726,0.012380,0.999063
1019.934000,-0.16340,4.74218,2.18000,0.69608,-1.31662,0.00675,0.031725,-0.026726,0.012380,0.999063
1019.967000,-0.16340,4.74218,2.18000,0.69608,-1.31662,0.00675,0.031725,-0.026726,0.012380,0.999063
1020.001000,-0.16340,4.74218,2.18000,0.69608,-1.31662,0.00675,0.031725,-0.026726,0.012380,0.999063
1020.035000,-0.00908,4.40823,2.18000,0.49393,-1.29949,0.00910,-0.037694,-0.055510,-0.121580,0.990311
1020.067000,-0.00908,4.40823,2.18000,0.49393,-1.29949,0.00910,-0.037694,-0.055510,-0.121580,0.990311
1020.100000,-0.00908,4.40823,2.18000,0.49393,-1.29949,0.00910,-0.037694,-0.055510,-0.121580,0.990311
1020.134000,-0.00908,4.40823,2.18000,0.49393,-1.29949,0.00910,-0.037694,-0.055510,-0.121580,0.990311
1020.167000,-0.00908,4.40823,2.18000,0.49393,-1.29949,0.00910,-0.037694,-0.055510,-0.121580,0.990311
1020.200000,-0.00908,4.40823,2.18000,0.49393,-1.29949,0.00910,-0.037694,-0.055510,-0.121580,0.990311
1020.234000,-0.00908,4.40823,2.18000,0.49393,-1.29949,0.00910,-0.037694,-0.055510,-0.121580,0.990311
1020.267000,-0.00908,4.40823,2.18000,0.49393,-1.29949,0.00910,-0.094099,-0.073141,-0.254468,0.959709
1020.301000,0.08170,4.12993,2.18000,0.24110,-0.88334,0.00499,-0.094099,-0.073141,-0.254468,0.959709
1020.335000,0.08170,4.12993,2.18000,0.24110,-0.88334,0.00499,-0.094099,-0.073141,-0.254468,0.959709
1020.367000,0.08170,4.12993,2.18000,0.24110,-0.88334,0.00499,-0.094099,-0.073141,-0.254468,0.959709
1020.400000,0.08170,4.12993,2.18000,0.24110,-0.88334,0.00499,-0.094099,-0.073141,-0.254468,0.959709
1020.434000,0.08170,4.12993,2.18000,0.24110,-0.88334,0.00499,-0.094099,-0.073141,-0.254468,0.959709
1020.467000,0.08170,4.12993,2.18000,0.24110,-0.88334,0.00499,-0.094099,-0.073141,-0.254468,0.959709
1020.500000,0.08170,4.12993,2.18000,0.24110,-0.88334,0.00499,-0.094099,-0.073141,-0.254468,0.959709
1020.535000,0.11801,3.98521,2.18000,0.04900,-0.36711,0.00268,-0.069826,-0.059857,-0.365294,0.926338
1020.567000,0.11801,3.98521,2.18000,0.04900,-0.36711,0.00268,-0.069826,-0.059857,-0.365294,0.926338
1020.600000,0.11801,3.98521,2.18000,0.04900,-0.36711,0.00268,-0.069826,-0.059857,-0.365294,0.926338
1020.634000,0.11801,3.98521,2.18000,0.04900,-0.36711,0.00268,-0.069826,-0.059857,-0.365294,0.926338
1020.667000,0.11801,3.98521,2.18000,0.04900,-0.36711,0.00268,-0.069826,-0.059857,-0.365294,0.926338
1020.700000,0.11801,3.98521,2.18000,0.04900,-0.36711,0.00268,-0.069826,-0.059857,-0.365294,0.926338
1020.734000,0.11801,3.98521,2.18000,0.04900,-0.36711,0.00268,-0.069826,-0.059857,-0.365294,0.926338
1020.768000,0.11801,3.92956,2.18000,-0.05186,-0.03885,-0.00514,-0.039491,-0.028764,-0.389212,0.919851
1020.800000,0.11801,3.92956,2.18000,-0.05186,-0.03885,-0.00514,-0.039491,-0.028764,-0.389212,0.919851
1020.834000,0.11801,3.92956,2.18000,-0.05186,-0.03885,-0.00514,-0.039491,-0.028764,-0.389212,0.919851
1020.867000,0.11801,3.92956,2.18000,-0.05186,-0.03885,-0.00514,-0.039491,-0.028764,-0.389212,0.919851
1020.900000,0.11801,3.92956,2.18000,-0.05186,-0.03885,-0.00514,-0.039491,-0.028764,-0.389212,0.919851
1020.934000,0.11801,3.92956,2.18000,-0.05186,-0.03885,-0.00514,-0.039491,-0.028764,-0.389212,0.919851
1020.967000,0.11801,3.92956,2.18000,-0.05186,-0.03885,-0.00514,-0.039491,-0.028764,-0.389212,0.919851
1021.001000,0.11801,3.92956,2.18000,-0.05186,-0.03885,-0.00514,-0.039491,-0.028764,-0.389212,0.919851
1021.035000,0.09986,3.92956,2.18000,-0.09020,0.10519,-0.01057,-0.011216,-0.010442,-0.395779,0.918218
1021.067000,0.09986,3.92956,2.18000,-0.09020,0.10519,-0.01057,-0.011216,-0.010442,-0.395779,0.918218
1021.100000,0.09986,3.92956,2.18000,-0.09020,0.10519,-0.01057,-0.011216,-0.010442,-0.395779,0.918218
1021.134000,0.09986,3.92956,2.18000,-0.09020,0.10519,-0.01057,-0.011216,-0.010442,-0.395779,0.918218
1021.167000,0.09986,3.92956,2.18000,-0.09020,0.10519,-0.01057,-0.011216,-0.010442,-0.395779,0.918218
1021.200000,0.09986,3.92956,2.18000,-0.09020,0.10519,-0.01057,-0.011216,-0.010442,-0.395779,0.918218
1021.234000,0.09986,3.92956,2.18000,-0.09020,0.10519,-0.01057,-0.011216,-0.010442,-0.395779,0.918218
1021.268000,0.09986,3.92956,2.18000,-0.09020,0.10519,-0.01057,-0.004321,0.003749,-0.398215,0.917274
1021.300000,0.08170,3.97408,2.18000,-0.08882,0.14199,-0.01210,-0.004321,0.003749,-0.398215,0.917274
1021.334000,0.08170,3.97408,2.18000,-0.08882,0.14199,-0.01210,-0.004321,0.003749,-0.398215,0.917274
1021.367000,0.08170,3.97408,2.18000,-0.08882,0.14199,-0.01210,-0.004321,0.003749,-0.398215,0.917274
1021.400000,0.08170,3.97408,2.18000,-0.08882,0.14199,-0.01210,-0.004321,0.003749,-0.398215,0.917274
1021.434000,0.08170,3.97408,2.18000,-0.08882,0.14199,-0.01210,-0.004321,0.003749,-0.398215,0.917274
1021.467000,0.08170,3.97408,2.18000,-0.08882,0.14199,-0.01210,-0.004321,0.003749,-0.398215,0.917274
1021.500000,0.08170,3.97408,2.18000,-0.08882,0.14199,-0.01210,-0.004321,0.003749,-0.398215,0.917274
1021.535000,0.05447,3.99635,2.18000,-0.06790,0.11807,-0.00532,0.008082,0.007202,-0.399245,0.916781
1021.567000,0.05447,3.99635,2.18000,-0.06790,0.11807,-0.00532,0.008082,0.007202,-0.399245,0.916781
1021.600000,0.05447,3.99635,2.18000,-0.06790,0.11807,-0.00532,0.008082,0.007202,-0.399245,0.916781
1021.634000,0.05447,3.99635,2.18000,-0.06790,0.11807,-0.00532,0.008082,0.007202,-0.399245,0.916781
1021.668000,0.05447,3.99635,2.18000,-0.06790,0.11807,-0.00532,0.008082,0.007202,-0.399245,0.916781
1021.700000,0.05447,3.99635,2.18000,-0.06790,0.11807,-0.00532,0.008082,0.007202,-0.399245,0.916781
1021.734000,0.05447,3.99635,2.18000,-0.06790,0.11807,-0.00532,0.008082,0.007202,-0.399245,0.916781
1021.768000,0.05447,3.99635,2.18000,-0.06790,0.11807,-0.00532,0.004478,0.011462,-0.398894,0.916914
1021.801000,0.04539,4.01861,2.18000,-0.03803,0.06924,-0.00405,0.004478,0.011462,-0.398894,0.916914
1021.834000,0.04539,4.01861,2.18000,-0.03803,0.06924,-0.00405,0.004478,0.011462,-0.398894,0.916914
1021.867000,0.04539,4.01861,2.18000,-0.03803,0.06924,-0.00405,0.004478,0.011462,-0.398894,0.916914
1021.901000,0.04539,4.01861,2.18000,-0.03803,0.06924,-0.00405,0.004478,0.011462,-0.398894,0.916914
1021.934000,0.04539,4.01861,2.18000,-0.03803,0.06924,-0.00405,0.004478,0.011462,-0.398894,0.916914
1021.967000,0.04539,4.01861,2.18000,-0.03803,0.06924,-0.00405,0.004478,0.011462,-0.398894,0.916914
1022.000000,0.04539,4.01861,2.18000,-0.03803,0.06924,-0.00405,0.004478,0.011462,-0.398894,0.916914
1022.035000,0.04539,4.04087,2.18000,-0.00520,0.01964,-0.00009,0.009003,0.008471,-0.398449,0.917107
1022.067000,0.04539,4.04087,2.18000,-0.00520,0.01964,-0.00009,0.009003,0.008471,-0.398449,0.917107
1022.101000,0.04539,4.04087,2.18000,-0.00520,0.01964,-0.00009,0.009003,0.008471,-0.398449,0.917107
1022.134000,0.04539,4.04087,2.18000,-0.00520,0.01964,-0.00009,0.009003,0.008471,-0.398449,0.917107
1022.167000,0.04539,4.04087,2.18000,-0.00520,0.01964,-0.00009,0.009003,0.008471,-0.398449,0.917107
1022.200000,0.04539,4.04087,2.18000,-0.00520,0.01964,-0.00009,0.009003,0.008471,-0.398449,0.917107
1022.234000,0.04539,4.04087,2.18000,-0.00520,0.01964,-0.00009,0.009003,0.008471,-0.398449,0.917107
1022.268000,0.04539,4.04087,2.18000,-0.00520,0.01964,-0.00009,0.004455,0.006953,-0.397538,0.917548
1022.301000,0.04539,4.04087,2.18000,0.01430,-0.02856,0.00177,0.004455,0.006953,-0.397538,0.917548
1022.334000,0.04539,4.04087,2.18000,0.01430,-0.02856,0.00177,0.004455,0.006953,-0.397538,0.917548
1022.367000,0.04539,4.04087,2.18000,0.01430,-0.02856,0.00177,0.004455,0.006953,-0.397538,0.917548
1022.400000,0.04539,4.04087,2.18000,0.01430,-0.02856,0.00177,0.004455,0.006953,-0.397538,0.917548
1022.434000,0.04539,4.04087,2.18000,0.01430,-0.02856,0.00177,0.004455,0.006953,-0.397538,0.917548
1022.467000,0.04539,4.04087,2.18000,0.01430,-0.02856,0.00177,0.004455,0.006953,-0.397538,0.917548
1022.500000,0.04539,4.04087,2.18000,0.01430,-0.02856,0.00177,0.004455,0.006953,-0.397538,0.917548
1022.535000,0.04539,4.01861,2.17000,0.03128,-0.05600,0.00005,0.003035,0.003499,-0.396944,0.917831
1022.567000,0.04539,4.01861,2.17000,0.03128,-0.05600,0.00005,0.003035,0.003499,-0.396944,0.917831
1022.600000,0.04539,4.01861,2.17000,0.03128,-0.05600,0.00005,0.003035,0.003499,-0.396944,0.917831
1022.634000,0.04539,4.01861,2.17000,0.03128,-0.05600,0.00005,0.003035,0.003499,-0.396944,0.917831
1022.667000,0.04539,4.01861,2.17000,0.03128,-0.05600,0.00005,0.003035,0.003499,-0.396944,0.917831
1022.700000,0.04539,4.01861,2.17000,0.03128,-0.05600,0.00005,0.003035,0.003499,-0.396944,0.917831
1022.734000,0.04539,4.01861,2.17000,0.03128,-0.05600,0.00005,0.003035,0.003499,-0.396944,0.917831
1022.768000,0.04539,4.01861,2.18000,0.03722,-0.06826,0.00715,0.000855,0.001423,-0.396140,0.918189
1022.800000,0.04539,4.01861,2.18000,0.03722,-0.06826,0.00715,0.000855,0.001423,-0.396140,0.918189
1022.834000,0.04539,4.01861,2.18000,0.03722,-0.06826,0.00715,0.000855,0.001423,-0.396140,0.918189
1022.867000,0.04539,4.01861,2.18000,0.03722,-0.06826,0.00715,0.000855,0.001423,-0.396140,0.918189
1022.900000,0.04539,4.01861,2.18000,0.03722,-0.06826,0.00715,0.000855,0.001423,-0.396140,0.918189
1022.934000,0.04539,4.01861,2.18000,0.03722,-0.06826,0.00715,0.000855,0.001423,-0.396140,0.918189
1022.967000,0.04539,4.01861,2.18000,0.03722,-0.06826,0.00715,0.000855,0.001423,-0.396140,0.918189
1023.000000,0.04539,4.01861,2.18000,0.03722,-0.06826,0.00715,0.000855,0.001423,-0.396140,0.918189
1023.035000,0.05447,3.99635,2.18000,0.04493,-0.06714,0.00436,-0.002154,0.000774,-0.395629,0.918408
1023.067000,0.05447,3.99635,2.18000,0.04493,-0.06714,0.00436,-0.002154,0.000774,-0.395629,0.918408
1023.100000,0.05447,3.99635,2.18000,0.04493,-0.06714,0.00436,-0.002154,0.000774,-0.395629,0.918408
1023.134000,0.05447,3.99635,2.18000,0.04493,-0.06714,0.00436,-0.002154,0.000774,-0.395629,0.918408
1023.167000,0.05447,3.99635,2.18000,0.04493,-0.06714,0.00436,-0.002154,0.000774,-0.395629,0.918408
1023.200000,0.05447,3.99635,2.18000,0.04493,-0.06714,0.00436,-0.002154,0.000774,-0.395629,0.918408
1023.234000,0.05447,3.99635,2.18000,0.04493,-0.06714,0.00436,-0.002154,0.000774,-0.395629,0.918408
1023.268000,0.05447,3.99635,2.18000,0.04493,-0.06714,0.00436,0.000229,-0.003278,-0.394900,0.918718
1023.300000,0.07262,3.98521,2.18000,0.04162,-0.06033,0.00039,0.000229,-0.003278,-0.394900,0.918718
1023.334000,0.07262,3.98521,2.18000,0.04162,-0.06033,0.00039,0.000229,-0.003278,-0.394900,0.918718
1023.367000,0.07262,3.98521,2.18000,0.04162,-0.06033,0.00039,0.000229,-0.003278,-0.394900,0.918718
1023.400000,0.07262,3.98521,2.18000,0.04162,-0.06033,0.00039,0.000229,-0.003278,-0.394900,0.918718
1023.434000,0.07262,3.98521,2.18000,0.04162,-0.06033,0.00039,0.000229,-0.003278,-0.394900,0.918718
1023.467000,0.07262,3.98521,2.18000,0.04162,-0.06033,0.00039,0.000229,-0.003278,-0.394900,0.918718
1023.500000,0.07262,3.98521,2.18000,0.04162,-0.06033,0.00039,0.000229,-0.003278,-0.394900,0.918718
1023.535000,0.08170,3.97408,2.18000,0.03155,-0.04715,-0.00304,-0.003140,-0.002304,-0.394567,0.918859
1023.567000,0.08170,3.97408,2.18000,0.03155,-0.04715,-0.00304,-0.003140,-0.002304,-0.394567,0.918859
1023.600000,0.08170,3.97408,2.18000,0.03155,-0.04715,-0.00304,-0.003140,-0.002304,-0.394567,0.918859
1023.634000,0.08170,3.97408,2.18000,0.03155,-0.04715,-0.00304,-0.003140,-0.002304,-0.394567,0.918859
1023.667000,0.08170,3.97408,2.18000,0.03155,-0.04715,-0.00304,-0.003140,-0.002304,-0.394567,0.918859
1023.700000,0.08170,3.97408,2.18000,0.03155,-0.04715,-0.00304,-0.003140,-0.002304,-0.394567,0.918859
1023.734000,0.08170,3.97408,2.18000,0.03155,-0.04715,-0.00304,-0.003140,-0.002304,-0.394567,0.918859
1023.768000,0.08170,3.97408,2.18000,0.03155,-0.04715,-0.00304,0.001285,-0.004268,-0.393892,0.919146
1023.801000,0.09078,3.95182,2.18000,0.01926,-0.03566,-0.00480,0.001285,-0.004268,-0.393892,0.919146
1023.834000,0.09078,3.95182,2.18000,0.01926,-0.03566,-0.00480,0.001285,-0.004268,-0.393892,0.919146
1023.867000,0.09078,3.95182,2.18000,0.01926,-0.03566,-0.00480,0.001285,-0.004268,-0.393892,0.919146
1023.900000,0.09078,3.95182,2.18000,0.01926,-0.03566,-0.00480,0.001285,-0.004268,-0.393892,0.919146
1023.934000,0.09078,3.95182,2.18000,0.01926,-0.03566,-0.00480,0.001285,-0.004268,-0.393892,0.919146
1023.967000,0.09078,3.95182,2.18000,0.01926,-0.03566,-0.00480,0.001285,-0.004268,-0.393892,0.919146
1024.001000,0.09078,3.95182,2.18000,0.01926,-0.03566,-0.00480,0.001285,-0.004268,-0.393892,0.919146
1024.035000,0.09078,3.95182,2.18000,0.00837,-0.01919,-0.00302,-0.005771,-0.002023,-0.393488,0.919309
1024.067000,0.09078,3.95182,2.18000,0.00837,-0.01919,-0.00302,-0.005771,-0.002023,-0.393488,0.919309
1024.100000,0.09078,3.95182,2.18000,0.00837,-0.01919,-0.00302,-0.005771,-0.002023,-0.393488,0.919309
1024.134000,0.09078,3.95182,2.18000,0.00837,-0.01919,-0.00302,-0.005771,-0.002023,-0.393488,0.919309
1024.167000,0.09078,3.95182,2.18000,0.00837,-0.01919,-0.00302,-0.005771,-0.002023,-0.393488,0.919309
1024.201000,0.09078,3.95182,2.18000,0.00837,-0.01919,-0.00302,-0.005771,-0.002023,-0.393488,0.919309
1024.234000,0.09078,3.95182,2.18000,0.00837,-0.01919,-0.00302,-0.005771,-0.002023,-0.393488,0.919309
1024.268000,0.09078,3.95182,2.18000,0.00837,-0.01919,-0.00302,0.000294,-0.002901,-0.392988,0.919539
1024.300000,0.09078,3.95182,2.18000,0.00213,-0.00222,0.00247,0.000294,-0.002901,-0.392988,0.919539
1024.334000,0.09078,3.95182,2.18000,0.00213,-0.00222,0.00247,0.000294,-0.002901,-0.392988,0.919539
1024.367000,0.09078,3.95182,2.18000,0.00213,-0.00222,0.00247,0.000294,-0.002901,-0.392988,0.919539
1024.400000,0.09078,3.95182,2.18000,0.00213,-0.00222,0.00247,0.000294,-0.002901,-0.392988,0.919539
1024.434000,0.09078,3.95182,2.18000,0.00213,-0.00222,0.00247,0.000294,-0.002901,-0.392988,0.919539
1024.467000,0.09078,3.95182,2.18000,0.00213,-0.00222,0.00247,0.000294,-0.002901,-0.392988,0.919539
1024.501000,0.09078,3.95182,2.18000,0.00213,-0.00222,0.00247,0.000294,-0.002901,-0.392988,0.919539
1024.535000,0.09078,3.95182,2.18000,-0.00267,0.00605,0.00291,-0.003379,-0.000112,-0.392471,0.919758
1024.567000,0.09078,3.95182,2.18000,-0.00267,0.00605,0.00291,-0.003379,-0.000112,-0.392471,0.919758
1024.600000,0.09078,3.95182,2.18000,-0.00267,0.00605,0.00291,-0.003379,-0.000112,-0.392471,0.919758
1024.634000,0.09078,3.95182,2.18000,-0.00267,0.00605,0.00291,-0.003379,-0.000112,-0.392471,0.919758
1024.667000,0.09078,3.95182,2.18000,-0.00267,0.00605,0.00291,-0.003379,-0.000112,-0.392471,0.919758
1024.700000,0.09078,3.95182,2.18000,-0.00267,0.00605,0.00291,-0.003379,-0.000112,-0.392471,0.919758
1024.734000,0.09078,3.95182,2.18000,-0.00267,0.00605,0.00291,-0.003379,-0.000112,-0.392471,0.919758
1024.768000,0.09078,3.95182,2.18000,-0.00392,0.01278,-0.00033,0.000926,-0.001403,-0.392098,0.919922
1024.800000,0.09078,3.95182,2.18000,-0.00392,0.01278,-0.00033,0.000926,-0.001403,-0.392098,0.919922
1024.834000,0.09078,3.95182,2.18000,-0.00392,0.01278,-0.00033,0.000926,-0.001403,-0.392098,0.919922
1024.867000,0.09078,3.95182,2.18000,-0.00392,0.01278,-0.00033,0.000926,-0.001403,-0.392098,0.919922
1024.900000,0.09078,3.95182,2.18000,-0.00392,0.01278,-0.00033,0.000926,-0.001403,-0.392098,0.919922
1024.934000,0.09078,3.95182,2.18000,-0.00392,0.01278,-0.00033,0.000926,-0.001403,-0.392098,0.919922
1024.967000,0.09078,3.95182,2.18000,-0.00392,0.01278,-0.00033,0.000926,-0.001403,-0.392098,0.919922
1025.000000,0.09078,3.95182,2.18000,-0.00392,0.01278,-0.00033,0.000926,-0.001403,-0.392098,0.919922
1025.035000,0.09078,3.95182,2.18000,-0.00754,0.01379,0.00124,-0.001230,-0.000018,-0.391565,0.920150
1025.067000,0.09078,3.95182,2.18000,-0.00754,0.01379,0.00124,-0.001230,-0.000018,-0.391565,0.920150
1025.100000,0.09078,3.95182,2.18000,-0.00754,0.01379,0.00124,-0.001230,-0.000018,-0.391565,0.920150
1025.134000,0.09078,3.95182,2.18000,-0.00754,0.01379,0.00124,-0.001230,-0.000018,-0.391565,0.920150
1025.167000,0.09078,3.95182,2.18000,-0.00754,0.01379,0.00124,-0.001230,-0.000018,-0.391565,0.920150
1025.200000,0.09078,3.95182,2.18000,-0.00754,0.01379,0.00124,-0.001230,-0.000018,-0.391565,0.920150
1025.235000,0.09078,3.95182,2.18000,-0.00754,0.01379,0.00124,-0.001230,-0.000018,-0.391565,0.920150
1025.268000,0.09078,3.95182,2.18000,-0.00602,0.01789,0.00454,-0.000293,-0.000215,-0.391459,0.920195
1025.300000,0.09078,3.95182,2.18000,-0.00602,0.01789,0.00454,-0.000293,-0.000215,-0.391459,0.920195
1025.334000,0.09078,3.95182,2.18000,-0.00602,0.01789,0.00454,-0.000293,-0.000215,-0.391459,0.920195
1025.367000,0.09078,3.95182,2.18000,-0.00602,0.01789,0.00454,-0.000293,-0.000215,-0.391459,0.920195
1025.400000,0.09078,3.95182,2.18000,-0.00602,0.01789,0.00454,-0.000293,-0.000215,-0.391459,0.920195
1025.434000,0.09078,3.95182,2.18000,-0.00602,0.01789,0.00454,-0.000293,-0.000215,-0.391459,0.920195
1025.467000,0.09078,3.95182,2.18000,-0.00602,0.01789,0.00454,-0.000293,-0.000215,-0.391459,0.920195
1025.500000,0.09078,3.95182,2.18000,-0.00602,0.01789,0.00454,-0.000293,-0.000215,-0.391459,0.920195
1025.535000,0.09078,3.95182,2.18000,-0.00929,0.01663,0.00226,0.000534,-0.000463,-0.390916,0.920426
1025.567000,0.09078,3.95182,2.18000,-0.00929,0.01663,0.00226,0.000534,-0.000463,-0.390916,0.920426
1025.600000,0.09078,3.95182,2.18000,-0.00929,0.01663,0.00226,0.000534,-0.000463,-0.390916,0.920426
1025.634000,0.09078,3.95182,2.18000,-0.00929,0.01663,0.00226,0.000534,-0.000463,-0.390916,0.920426
1025.667000,0.09078,3.95182,2.18000,-0.00929,0.01663,0.00226,0.000534,-0.000463,-0.390916,0.920426
1025.700000,0.09078,3.95182,2.18000,-0.00929,0.01663,0.00226,0.000534,-0.000463,-0.390916,0.920426
1025.734000,0.09078,3.95182,2.18000,-0.00929,0.01663,0.00226,0.000534,-0.000463,-0.390916,0.920426
1025.768000,0.09078,3.95182,2.18000,-0.00798,0.01870,-0.00057,-0.001165,0.000425,-0.390731,0.920504
1025.800000,0.09078,3.95182,2.18000,-0.00798,0.01870,-0.00057,-0.001165,0.000425,-0.390731,0.920504
1025.834000,0.09078,3.95182,2.18000,-0.00798,0.01870,-0.00057,-0.001165,0.000425,-0.390731,0.920504
1025.867000,0.09078,3.95182,2.18000,-0.00798,0.01870,-0.00057,-0.001165,0.000425,-0.390731,0.920504
1025.900000,0.09078,3.95182,2.18000,-0.00798,0.01870,-0.00057,-0.001165,0.000425,-0.390731,0.920504
1025.934000,0.09078,3.95182,2.18000,-0.00798,0.01870,-0.00057,-0.001165,0.000425,-0.390731,0.920504
1025.967000,0.09078,3.95182,2.18000,-0.00798,0.01870,-0.00057,-0.001165,0.000425,-0.390731,0.920504
1026.000000,0.09078,3.95182,2.18000,-0.00798,0.01870,-0.00057,-0.001165,0.000425,-0.390731,0.920504
1026.035000,0.09078,3.97408,2.18000,-0.01037,0.01616,-0.00263,0.002931,-0.000546,-0.390367,0.920655
1026.067000,0.09078,3.97408,2.18000,-0.01037,0.01616,-0.00263,0.002931,-0.000546,-0.390367,0.920655
1026.100000,0.09078,3.97408,2.18000,-0.01037,0.01616,-0.00263,0.002931,-0.000546,-0.390367,0.920655
1026.134000,0.09078,3.97408,2.18000,-0.01037,0.01616,-0.00263,0.002931,-0.000546,-0.390367,0.920655
1026.167000,0.09078,3.97408,2.18000,-0.01037,0.01616,-0.00263,0.002931,-0.000546,-0.390367,0.920655
1026.200000,0.09078,3.97408,2.18000,-0.01037,0.01616,-0.00263,0.002931,-0.000546,-0.390367,0.920655
1026.234000,0.09078,3.97408,2.18000,-0.01037,0.01616,-0.00263,0.002931,-0.000546,-0.390367,0.920655
1026.268000,0.09078,3.97408,2.18000,-0.01037,0.01616,-0.00263,-0.000702,0.002107,-0.390189,0.920732
1026.300000,0.09078,3.97408,2.18000,-0.00913,0.00761,-0.00413,-0.000702,0.002107,-0.390189,0.920732
1026.334000,0.09078,3.97408,2.18000,-0.00913,0.00761,-0.00413,-0.000702,0.002107,-0.390189,0.920732
1026.367000,0.09078,3.97408,2.18000,-0.00913,0.00761,-0.00413,-0.000702,0.002107,-0.390189,0.920732
1026.400000,0.09078,3.97408,2.18000,-0.00913,0.00761,-0.00413,-0.000702,0.002107,-0.390189,0.920732
1026.434000,0.09078,3.97408,2.18000,-0.00913,0.00761,-0.00413,-0.000702,0.002107,-0.390189,0.920732
1026.467000,0.09078,3.97408,2.18000,-0.00913,0.00761,-0.00413,-0.000702,0.002107,-0.390189,0.920732
1026.500000,0.09078,3.97408,2.18000,-0.00913,0.00761,-0.00413,-0.000702,0.002107,-0.390189,0.920732
1026.535000,0.09078,3.97408,2.18000,-0.00902,-0.00150,0.00032,0.003586,-0.000437,-0.389766,0.920907
1026.567000,0.09078,3.97408,2.18000,-0.00902,-0.00150,0.00032,0.003586,-0.000437,-0.389766,0.920907
1026.600000,0.09078,3.97408,2.18000,-0.00902,-0.00150,0.00032,0.003586,-0.000437,-0.389766,0.920907
1026.634000,0.09078,3.97408,2.18000,-0.00902,-0.00150,0.00032,0.003586,-0.000437,-0.389766,0.920907
1026.667000,0.09078,3.97408,2.18000,-0.00902,-0.00150,0.00032,0.003586,-0.000437,-0.389766,0.920907
1026.700000,0.09078,3.97408,2.18000,-0.00902,-0.00150,0.00032,0.003586,-0.000437,-0.389766,0.920907
1026.734000,0.09078,3.97408,2.18000,-0.00902,-0.00150,0.00032,0.003586,-0.000437,-0.389766,0.920907
1026.768000,0.09078,3.97408,2.18000,-0.00829,-0.00528,-0.00198,-0.002266,0.001407,-0.389544,0.921004
1026.800000,0.09078,3.97408,2.18000,-0.00829,-0.00528,-0.00198,-0.002266,0.001407,-0.389544,0.921004
1026.834000,0.09078,3.97408,2.18000,-0.00829,-0.00528,-0.00198,-0.002266,0.001407,-0.389544,0.921004
1026.867000,0.09078,3.97408,2.18000,-0.00829,-0.00528,-0.00198,-0.002266,0.001407,-0.389544,0.921004
1026.900000,0.09078,3.97408,2.18000,-0.00829,-0.00528,-0.00198,-0.002266,0.001407,-0.389544,0.921004
1026.934000,0.09078,3.97408,2.18000,-0.00829,-0.00528,-0.00198,-0.002266,0.001407,-0.389544,0.921004
1026.967000,0.09078,3.97408,2.18000,-0.00829,-0.00528,-0.00198,-0.002266,0.001407,-0.389544,0.921004
1027.001000,0.09078,3.97408,2.18000,-0.00829,-0.00528,-0.00198,-0.002266,0.001407,-0.389544,0.921004
1027.035000,0.08170,3.97408,2.18000,-0.00772,-0.00699,-0.00109,0.002750,-0.000374,-0.389427,0.921053
1027.067000,0.08170,3.97408,2.18000,-0.00772,-0.00699,-0.00109,0.002750,-0.000374,-0.389427,0.921053
1027.100000,0.08170,3.97408,2.18000,-0.00772,-0.00699,-0.00109,0.002750,-0.000374,-0.389427,0.921053
1027.134000,0.08170,3.97408,2.18000,-0.00772,-0.00699,-0.00109,0.002750,-0.000374,-0.389427,0.921053
1027.167000,0.08170,3.97408,2.18000,-0.00772,-0.00699,-0.00109,0.002750,-0.000374,-0.389427,0.921053
1027.201000,0.08170,3.97408,2.18000,-0.00772,-0.00699,-0.00109,0.002750,-0.000374,-0.389427,0.921053
1027.234000,0.08170,3.97408,2.18000,-0.00772,-0.00699,-0.00109,0.002750,-0.000374,-0.389427,0.921053
1027.267000,0.08170,3.97408,2.18000,-0.00772,-0.00699,-0.00109,0.012444,0.037079,-0.388706,0.920531
1027.301000,0.09078,3.97408,2.18000,0.04048,-0.05474,-0.00281,0.012444,0.037079,-0.388706,0.920531
1027.334000,0.09078,3.97408,2.18000,0.04048,-0.05474,-0.00281,0.012444,0.037079,-0.388706,0.920531
1027.367000,0.09078,3.97408,2.18000,0.04048,-0.05474,-0.00281,0.012444,0.037079,-0.388706,0.920531
1027.400000,0.09078,3.97408,2.18000,0.04048,-0.05474,-0.00281,0.012444,0.037079,-0.388706,0.920531
1027.434000,0.09078,3.97408,2.18000,0.04048,-0.05474,-0.00281,0.012444,0.037079,-0.388706,0.920531
1027.467000,0.09078,3.97408,2.18000,0.04048,-0.05474,-0.00281,0.012444,0.037079,-0.388706,0.920531
1027.500000,0.09078,3.97408,2.18000,0.04048,-0.05474,-0.00281,0.012444,0.037079,-0.388706,0.920531
1027.535000,0.11801,3.92956,2.17000,0.31066,-0.32881,-0.00363,0.044723,0.104438,-0.388777,0.914300
1027.567000,0.11801,3.92956,2.17000,0.31066,-0.32881,-0.00363,0.044723,0.104438,-0.388777,0.914300
1027.600000,0.11801,3.92956,2.17000,0.31066,-0.32881,-0.00363,0.044723,0.104438,-0.388777,0.914300
1027.634000,0.11801,3.92956,2.17000,0.31066,-0.32881,-0.00363,0.044723,0.104438,-0.388777,0.914300
1027.667000,0.11801,3.92956,2.17000,0.31066,-0.32881,-0.00363,0.044723,0.104438,-0.388777,0.914300
1027.700000,0.11801,3.92956,2.17000,0.31066,-0.32881,-0.00363,0.044723,0.104438,-0.388777,0.914300
1027.734000,0.11801,3.92956,2.17000,0.31066,-0.32881,-0.00363,0.044723,0.104438,-0.388777,0.914300
1027.768000,0.11801,3.92956,2.17000,0.31066,-0.32881,-0.00363,0.038763,0.098232,-0.389768,0.914838
1027.801000,0.24511,3.78484,2.17000,0.72635,-0.75347,0.01334,0.038763,0.098232,-0.389768,0.914838
1027.834000,0.24511,3.78484,2.17000,0.72635,-0.75347,0.01334,0.038763,0.098232,-0.389768,0.914838
1027.867000,0.24511,3.78484,2.17000,0.72635,-0.75347,0.01334,0.038763,0.098232,-0.389768,0.914838
1027.900000,0.24511,3.78484,2.17000,0.72635,-0.75347,0.01334,0.038763,0.098232,-0.389768,0.914838
1027.934000,0.24511,3.78484,2.17000,0.72635,-0.75347,0.01334,0.038763,0.098232,-0.389768,0.914838
1027.967000,0.24511,3.78484,2.17000,0.72635,-0.75347,0.01334,0.038763,0.098232,-0.389768,0.914838
1028.001000,0.24511,3.78484,2.17000,0.72635,-0.75347,0.01334,0.038763,0.098232,-0.389768,0.914838
1028.035000,0.46298,3.57333,2.18000,0.99831,-1.02622,0.00609,0.020943,0.046849,-0.393014,0.918100
1028.067000,0.46298,3.57333,2.18000,0.99831,-1.02622,0.00609,0.020943,0.046849,-0.393014,0.918100
1028.101000,0.46298,3.57333,2.18000,0.99831,-1.02622,0.00609,0.020943,0.046849,-0.393014,0.918100
1028.134000,0.46298,3.57333,2.18000,0.99831,-1.02622,0.00609,0.020943,0.046849,-0.393014,0.918100
1028.167000,0.46298,3.57333,2.18000,0.99831,-1.02622,0.00609,0.020943,0.046849,-0.393014,0.918100
1028.200000,0.46298,3.57333,2.18000,0.99831,-1.02622,0.00609,0.020943,0.046849,-0.393014,0.918100
1028.234000,0.46298,3.57333,2.18000,0.99831,-1.02622,0.00609,0.020943,0.046849,-0.393014,0.918100
1028.268000,0.72624,3.30617,2.18000,1.06409,-1.10077,0.00772,-0.005945,-0.014616,-0.393769,0.919074
1028.300000,0.72624,3.30617,2.18000,1.06409,-1.10077,0.00772,-0.005945,-0.014616,-0.393769,0.919074
1028.334000,0.72624,3.30617,2.18000,1.06409,-1.10077,0.00772,-0.005945,-0.014616,-0.393769,0.919074
1028.367000,0.72624,3.30617,2.18000,1.06409,-1.10077,0.00772,-0.005945,-0.014616,-0.393769,0.919074
1028.401000,0.72624,3.30617,2.18000,1.06409,-1.10077,0.00772,-0.005945,-0.014616,-0.393769,0.919074
1028.434000,0.72624,3.30617,2.18000,1.06409,-1.10077,0.00772,-0.005945,-0.014616,-0.393769,0.919074
1028.467000,0.72624,3.30617,2.18000,1.06409,-1.10077,0.00772,-0.005945,-0.014616,-0.393769,0.919074
1028.500000,0.72624,3.30617,2.18000,1.06409,-1.10077,0.00772,-0.005945,-0.014616,-0.393769,0.919074
1028.535000,0.96227,3.03900,2.18000,0.86263,-0.88940,0.00625,-0.040095,-0.093360,-0.392302,0.914208
1028.567000,0.96227,3.03900,2.18000,0.86263,-0.88940,0.00625,-0.040095,-0.093360,-0.392302,0.914208
1028.601000,0.96227,3.03900,2.18000,0.86263,-0.88940,0.00625,-0.040095,-0.093360,-0.392302,0.914208
1028.634000,0.96227,3.03900,2.18000,0.86263,-0.88940,0.00625,-0.040095,-0.093360,-0.392302,0.914208
1028.667000,0.96227,3.03900,2.18000,0.86263,-0.88940,0.00625,-0.040095,-0.093360,-0.392302,0.914208
1028.700000,0.96227,3.03900,2.18000,0.86263,-0.88940,0.00625,-0.040095,-0.093360,-0.392302,0.914208
1028.734000,0.96227,3.03900,2.18000,0.86263,-0.88940,0.00625,-0.040095,-0.093360,-0.392302,0.914208
1028.768000,1.13476,2.88316,2.18000,0.43762,-0.45206,0.01128,-0.045718,-0.113011,-0.391218,0.912188
1028.800000,1.13476,2.88316,2.18000,0.43762,-0.45206,0.01128,-0.045718,-0.113011,-0.391218,0.912188
1028.834000,1.13476,2.88316,2.18000,0.43762,-0.45206,0.01128,-0.045718,-0.113011,-0.391218,0.912188
1028.867000,1.13476,2.88316,2.18000,0.43762,-0.45206,0.01128,-0.045718,-0.113011,-0.391218,0.912188
1028.901000,1.13476,2.88316,2.18000,0.43762,-0.45206,0.01128,-0.045718,-0.113011,-0.391218,0.912188
1028.934000,1.13476,2.88316,2.18000,0.43762,-0.45206,0.01128,-0.045718,-0.113011,-0.391218,0.912188
1028.967000,1.13476,2.88316,2.18000,0.43762,-0.45206,0.01128,-0.045718,-0.113011,-0.391218,0.912188
1029.001000,1.13476,2.88316,2.18000,0.43762,-0.45206,0.01128,-0.045718,-0.113011,-0.391218,0.912188
1029.035000,1.19830,2.81637,2.18000,0.09784,-0.09572,0.00100,-0.030451,-0.066207,-0.393821,0.916294
1029.067000,1.19830,2.81637,2.18000,0.09784,-0.09572,0.00100,-0.030451,-0.066207,-0.393821,0.916294
1029.100000,1.19830,2.81637,2.18000,0.09784,-0.09572,0.00100,-0.030451,-0.066207,-0.393821,0.916294
1029.134000,1.19830,2.81637,2.18000,0.09784,-0.09572,0.00100,-0.030451,-0.066207,-0.393821,0.916294
1029.167000,1.19830,2.81637,2.18000,0.09784,-0.09572,0.00100,-0.030451,-0.066207,-0.393821,0.916294
1029.200000,1.19830,2.81637,2.18000,0.09784,-0.09572,0.00100,-0.030451,-0.066207,-0.393821,0.916294
1029.234000,1.19830,2.81637,2.18000,0.09784,-0.09572,0.00100,-0.030451,-0.066207,-0.393821,0.916294
1029.268000,1.19830,2.81637,2.18000,0.09784,-0.09572,0.00100,-0.008979,-0.028698,-0.394494,0.918406
1029.301000,1.19830,2.81637,2.18000,-0.07338,0.07792,-0.00547,-0.008979,-0.028698,-0.394494,0.918406
1029.334000,1.19830,2.81637,2.18000,-0.07338,0.07792,-0.00547,-0.008979,-0.028698,-0.394494,0.918406
1029.367000,1.19830,2.81637,2.18000,-0.07338,0.07792,-0.00547,-0.008979,-0.028698,-0.394494,0.918406
1029.400000,1.19830,2.81637,2.18000,-0.07338,0.07792,-0.00547,-0.008979,-0.028698,-0.394494,0.918406
1029.434000,1.19830,2.81637,2.18000,-0.07338,0.07792,-0.00547,-0.008979,-0.028698,-0.394494,0.918406
1029.467000,1.19830,2.81637,2.18000,-0.07338,0.07792,-0.00547,-0.008979,-0.028698,-0.394494,0.918406
1029.500000,1.19830,2.81637,2.18000,-0.07338,0.07792,-0.00547,-0.008979,-0.028698,-0.394494,0.918406
1029.535000,1.18015,2.82750,2.18000,-0.12650,0.12959,-0.00899,-0.003317,-0.002019,-0.394970,0.918686
1029.567000,1.18015,2.82750,2.18000,-0.12650,0.12959,-0.00899,-0.003317,-0.002019,-0.394970,0.918686
1029.600000,1.18015,2.82750,2.18000,-0.12650,0.12959,-0.00899,-0.003317,-0.002019,-0.394970,0.918686
1029.634000,1.18015,2.82750,2.18000,-0.12650,0.12959,-0.00899,-0.003317,-0.002019,-0.394970,0.918686
1029.667000,1.18015,2.82750,2.18000,-0.12650,0.12959,-0.00899,-0.003317,-0.002019,-0.394970,0.918686
1029.700000,1.18015,2.82750,2.18000,-0.12650,0.12959,-0.00899,-0.003317,-0.002019,-0.394970,0.918686
1029.734000,1.18015,2.82750,2.18000,-0.12650,0.12959,-0.00899,-0.003317,-0.002019,-0.394970,0.918686
1029.768000,1.18015,2.82750,2.18000,-0.12650,0.12959,-0.00899,0.005974,0.006833,-0.394860,0.918696
1029.800000,1.14383,2.86089,2.18000,-0.11487,0.11780,-0.00891,0.005974,0.006833,-0.394860,0.918696
1029.834000,1.14383,2.86089,2.18000,-0.11487,0.11780,-0.00891,0.005974,0.006833,-0.394860,0.918696
1029.867000,1.14383,2.86089,2.18000,-0.11487,0.11780,-0.00891,0.005974,0.006833,-0.394860,0.918696
1029.900000,1.14383,2.86089,2.18000,-0.11487,0.11780,-0.00891,0.005974,0.006833,-0.394860,0.918696
1029.934000,1.14383,2.86089,2.18000,-0.11487,0.11780,-0.00891,0.005974,0.006833,-0.394860,0.918696
1029.967000,1.14383,2.86089,2.18000,-0.11487,0.11780,-0.00891,0.005974,0.006833,-0.394860,0.918696
1030.000000,1.14383,2.86089,2.18000,-0.11487,0.11780,-0.00891,0.005974,0.006833,-0.394860,0.918696
1030.035000,1.12568,2.88316,2.18000,-0.07615,0.07861,-0.00640,0.002668,0.012577,-0.394626,0.918752
1030.067000,1.12568,2.88316,2.18000,-0.07615,0.07861,-0.00640,0.002668,0.012577,-0.394626,0.918752
1030.100000,1.12568,2.88316,2.18000,-0.07615,0.07861,-0.00640,0.002668,0.012577,-0.394626,0.918752
1030.134000,1.12568,2.88316,2.18000,-0.07615,0.07861,-0.00640,0.002668,0.012577,-0.394626,0.918752
1030.167000,1.12568,2.88316,2.18000,-0.07615,0.07861,-0.00640,0.002668,0.012577,-0.394626,0.918752
1030.200000,1.12568,2.88316,2.18000,-0.07615,0.07861,-0.00640,0.002668,0.012577,-0.394626,0.918752
1030.234000,1.12568,2.88316,2.18000,-0.07615,0.07861,-0.00640,0.002668,0.012577,-0.394626,0.918752
1030.268000,1.12568,2.88316,2.18000,-0.07615,0.07861,-0.00640,0.007562,0.010467,-0.394690,0.918724
1030.300000,1.11660,2.89429,2.18000,-0.03271,0.03240,-0.00253,0.007562,0.010467,-0.394690,0.918724
1030.334000,1.11660,2.89429,2.18000,-0.03271,0.03240,-0.00253,0.007562,0.010467,-0.394690,0.918724
1030.367000,1.11660,2.89429,2.18000,-0.03271,0.03240,-0.00253,0.007562,0.010467,-0.394690,0.918724
1030.400000,1.11660,2.89429,2.18000,-0.03271,0.03240,-0.00253,0.007562,0.010467,-0.394690,0.918724
1030.434000,1.11660,2.89429,2.18000,-0.03271,0.03240,-0.00253,0.007562,0.010467,-0.394690,0.918724
1030.467000,1.11660,2.89429,2.18000,-0.03271,0.03240,-0.00253,0.007562,0.010467,-0.394690,0.918724
1030.500000,1.11660,2.89429,2.18000,-0.03271,0.03240,-0.00253,0.007562,0.010467,-0.394690,0.918724
1030.535000,1.11660,2.89429,2.18000,0.00306,-0.00920,-0.00212,0.002482,0.009256,-0.394406,0.918886
1030.567000,1.11660,2.89429,2.18000,0.00306,-0.00920,-0.00212,0.002482,0.009256,-0.394406,0.918886
1030.600000,1.11660,2.89429,2.18000,0.00306,-0.00920,-0.00212,0.002482,0.009256,-0.394406,0.918886
1030.634000,1.11660,2.89429,2.18000,0.00306,-0.00920,-0.00212,0.002482,0.009256,-0.394406,0.918886
1030.667000,1.11660,2.89429,2.18000,0.00306,-0.00920,-0.00212,0.002482,0.009256,-0.394406,0.918886
1030.700000,1.11660,2.89429,2.18000,0.00306,-0.00920,-0.00212,0.002482,0.009256,-0.394406,0.918886
1030.734000,1.11660,2.89429,2.18000,0.00306,-0.00920,-0.00212,0.002482,0.009256,-0.394406,0.918886
1030.768000,1.11660,2.89429,2.18000,0.03239,-0.03433,0.00118,0.002311,0.005898,-0.394485,0.918881
1030.800000,1.11660,2.89429,2.18000,0.03239,-0.03433,0.00118,0.002311,0.005898,-0.394485,0.918881
1030.834000,1.11660,2.89429,2.18000,0.03239,-0.03433,0.00118,0.002311,0.005898,-0.394485,0.918881
1030.867000,1.11660,2.89429,2.18000,0.03239,-0.03433,0.00118,0.002311,0.005898,-0.394485,0.918881
1030.900000,1.11660,2.89429,2.18000,0.03239,-0.03433,0.00118,0.002311,0.005898,-0.394485,0.918881
1030.934000,1.11660,2.89429,2.18000,0.03239,-0.03433,0.00118,0.002311,0.005898,-0.394485,0.918881
1030.967000,1.11660,2.89429,2.18000,0.03239,-0.03433,0.00118,0.002311,0.005898,-0.394485,0.918881
1031.001000,1.11660,2.89429,2.18000,0.03239,-0.03433,0.00118,0.002311,0.005898,-0.394485,0.918881
1031.035000,1.11660,2.89429,2.18000,0.04785,-0.05434,-0.00189,0.002477,0.003401,-0.394239,0.918998
1031.067000,1.11660,2.89429,2.18000,0.04785,-0.05434,-0.00189,0.002477,0.003401,-0.394239,0.918998
1031.100000,1.11660,2.89429,2.18000,0.04785,-0.05434,-0.00189,0.002477,0.003401,-0.394239,0.918998
1031.134000,1.11660,2.89429,2.18000,0.04785,-0.05434,-0.00189,0.002477,0.003401,-0.394239,0.918998
1031.167000,1.11660,2.89429,2.18000,0.04785,-0.05434,-0.00189,0.002477,0.003401,-0.394239,0.918998
1031.200000,1.11660,2.89429,2.18000,0.04785,-0.05434,-0.00189,0.002477,0.003401,-0.394239,0.918998
1031.234000,1.11660,2.89429,2.18000,0.04785,-0.05434,-0.00189,0.002477,0.003401,-0.394239,0.918998
1031.268000,1.11660,2.89429,2.18000,0.04785,-0.05434,-0.00189,-0.000593,0.002344,-0.394367,0.918950
1031.300000,1.13476,2.88316,2.18000,0.05977,-0.06414,0.00156,-0.000593,0.002344,-0.394367,0.918950
1031.334000,1.13476,2.88316,2.18000,0.05977,-0.06414,0.00156,-0.000593,0.002344,-0.394367,0.918950
1031.367000,1.13476,2.88316,2.18000,0.05977,-0.06414,0.00156,-0.000593,0.002344,-0.394367,0.918950
1031.400000,1.13476,2.88316,2.18000,0.05977,-0.06414,0.00156,-0.000593,0.002344,-0.394367,0.918950
1031.434000,1.13476,2.88316,2.18000,0.05977,-0.06414,0.00156,-0.000593,0.002344,-0.394367,0.918950
1031.467000,1.13476,2.88316,2.18000,0.05977,-0.06414,0.00156,-0.000593,0.002344,-0.394367,0.918950
1031.500000,1.13476,2.88316,2.18000,0.05977,-0.06414,0.00156,-0.000593,0.002344,-0.394367,0.918950
1031.535000,1.13476,2.86089,2.18000,0.05851,-0.06672,-0.00258,0.000969,-0.001993,-0.394003,0.919106
1031.567000,1.13476,2.86089,2.18000,0.05851,-0.06672,-0.00258,0.000969,-0.001993,-0.394003,0.919106
1031.600000,1.13476,2.86089,2.18000,0.05851,-0.06672,-0.00258,0.000969,-0.001993,-0.394003,0.919106
1031.634000,1.13476,2.86089,2.18000,0.05851,-0.06672,-0.00258,0.000969,-0.001993,-0.394003,0.919106
1031.667000,1.13476,2.86089,2.18000,0.05851,-0.06672,-0.00258,0.000969,-0.001993,-0.394003,0.919106
1031.701000,1.13476,2.86089,2.18000,0.05851,-0.06672,-0.00258,0.000969,-0.001993,-0.394003,0.919106
1031.734000,1.13476,2.86089,2.18000,0.05851,-0.06672,-0.00258,0.000969,-0.001993,-0.394003,0.919106
1031.768000,1.16199,2.83863,2.18000,0.05425,-0.05348,-0.00389,-0.005058,-0.001643,-0.394080,0.919061
1031.800000,1.16199,2.83863,2.18000,0.05425,-0.05348,-0.00389,-0.005058,-0.001643,-0.394080,0.919061
1031.834000,1.16199,2.83863,2.18000,0.05425,-0.05348,-0.00389,-0.005058,-0.001643,-0.394080,0.919061
1031.867000,1.16199,2.83863,2.18000,0.05425,-0.05348,-0.00389,-0.005058,-0.001643,-0.394080,0.919061
1031.901000,1.16199,2.83863,2.18000,0.05425,-0.05348,-0.00389,-0.005058,-0.001643,-0.394080,0.919061
1031.934000,1.16199,2.83863,2.18000,0.05425,-0.05348,-0.00389,-0.005058,-0.001643,-0.394080,0.919061
1031.967000,1.16199,2.83863,2.18000,0.05425,-0.05348,-0.00389,-0.005058,-0.001643,-0.394080,0.919061
1032.000000,1.16199,2.83863,2.18000,0.05425,-0.05348,-0.00389,-0.005058,-0.001643,-0.394080,0.919061
1032.035000,1.17107,2.82750,2.18000,0.04097,-0.03559,-0.00544,0.000808,-0.005749,-0.393869,0.919148
1032.067000,1.17107,2.82750,2.18000,0.04097,-0.03559,-0.00544,0.000808,-0.005749,-0.393869,0.919148
1032.100000,1.17107,2.82750,2.18000,0.04097,-0.03559,-0.00544,0.000808,-0.005749,-0.393869,0.919148
1032.134000,1.17107,2.82750,2.18000,0.04097,-0.03559,-0.00544,0.000808,-0.005749,-0.393869,0.919148
1032.167000,1.17107,2.82750,2.18000,0.04097,-0.03559,-0.00544,0.000808,-0.005749,-0.393869,0.919148
1032.201000,1.17107,2.82750,2.18000,0.04097,-0.03559,-0.00544,0.000808,-0.005749,-0.393869,0.919148
1032.234000,1.17107,2.82750,2.18000,0.04097,-0.03559,-0.00544,0.000808,-0.005749,-0.393869,0.919148
1032.268000,1.18015,2.82750,2.17000,0.02324,-0.01931,-0.00055,-0.003620,-0.003396,-0.393921,0.919131
1032.300000,1.18015,2.82750,2.17000,0.02324,-0.01931,-0.00055,-0.003620,-0.003396,-0.393921,0.919131
1032.334000,1.18015,2.82750,2.17000,0.02324,-0.01931,-0.00055,-0.003620,-0.003396,-0.393921,0.919131
1032.367000,1.18015,2.82750,2.17000,0.02324,-0.01931,-0.00055,-0.003620,-0.003396,-0.393921,0.919131
1032.400000,1.18015,2.82750,2.17000,0.02324,-0.01931,-0.00055,-0.003620,-0.003396,-0.393921,0.919131
1032.434000,1.18015,2.82750,2.17000,0.02324,-0.01931,-0.00055,-0.003620,-0.003396,-0.393921,0.919131
1032.467000,1.18015,2.82750,2.17000,0.02324,-0.01931,-0.00055,-0.003620,-0.003396,-0.393921,0.919131
1032.500000,1.18015,2.82750,2.17000,0.02324,-0.01931,-0.00055,-0.003620,-0.003396,-0.393921,0.919131
1032.535000,1.18015,2.82750,2.18000,0.01099,-0.00593,0.00323,0.000806,-0.003377,-0.393977,0.919114
1032.567000,1.18015,2.82750,2.18000,0.01099,-0.00593,0.00323,0.000806,-0.003377,-0.393977,0.919114
1032.600000,1.18015,2.82750,2.18000,0.01099,-0.00593,0.00323,0.000806,-0.003377,-0.393977,0.919114
1032.634000,1.18015,2.82750,2.18000,0.01099,-0.00593,0.00323,0.000806,-0.003377,-0.393977,0.919114
1032.667000,1.18015,2.82750,2.18000,0.01099,-0.00593,0.00323,0.000806,-0.003377,-0.393977,0.919114
1032.700000,1.18015,2.82750,2.18000,0.01099,-0.00593,0.00323,0.000806,-0.003377,-0.393977,0.919114
1032.734000,1.18015,2.82750,2.18000,0.01099,-0.00593,0.00323,0.000806,-0.003377,-0.393977,0.919114
1032.768000,1.18015,2.82750,2.18000,0.00064,-0.00095,0.00382,-0.001441,-0.001231,-0.393734,0.919223
1032.800000,1.18015,2.82750,2.18000,0.00064,-0.00095,0.00382,-0.001441,-0.001231,-0.393734,0.919223
1032.834000,1.18015,2.82750,2.18000,0.00064,-0.00095,0.00382,-0.001441,-0.001231,-0.393734,0.919223
1032.867000,1.18015,2.82750,2.18000,0.00064,-0.00095,0.00382,-0.001441,-0.001231,-0.393734,0.919223
1032.900000,1.18015,2.82750,2.18000,0.00064,-0.00095,0.00382,-0.001441,-0.001231,-0.393734,0.919223
1032.934000,1.18015,2.82750,2.18000,0.00064,-0.00095,0.00382,-0.001441,-0.001231,-0.393734,0.919223
1032.967000,1.18015,2.82750,2.18000,0.00064,-0.00095,0.00382,-0.001441,-0.001231,-0.393734,0.919223
1033.000000,1.18015,2.82750,2.18000,0.00064,-0.00095,0.00382,-0.001441,-0.001231,-0.393734,0.919223
1033.035000,1.18015,2.82750,2.18000,-0.00206,0.00576,0.00632,-0.000436,-0.001023,-0.393945,0.919133
1033.067000,1.18015,2.82750,2.18000,-0.00206,0.00576,0.00632,-0.000436,-0.001023,-0.393945,0.919133
1033.100000,1.18015,2.82750,2.18000,-0.00206,0.00576,0.00632,-0.000436,-0.001023,-0.393945,0.919133
1033.134000,1.18015,2.82750,2.18000,-0.00206,0.00576,0.00632,-0.000436,-0.001023,-0.393945,0.919133
1033.167000,1.18015,2.82750,2.18000,-0.00206,0.00576,0.00632,-0.000436,-0.001023,-0.393945,0.919133
1033.200000,1.18015,2.82750,2.18000,-0.00206,0.00576,0.00632,-0.000436,-0.001023,-0.393945,0.919133
1033.234000,1.18015,2.82750,2.18000,-0.00206,0.00576,0.00632,-0.000436,-0.001023,-0.393945,0.919133
1033.268000,1.18015,2.82750,2.18000,-0.00771,0.00675,0.00144,0.000353,-0.000994,-0.393702,0.919237
1033.300000,1.18015,2.82750,2.18000,-0.00771,0.00675,0.00144,0.000353,-0.000994,-0.393702,0.919237
1033.334000,1.18015,2.82750,2.18000,-0.00771,0.00675,0.00144,0.000353,-0.000994,-0.393702,0.919237
1033.367000,1.18015,2.82750,2.18000,-0.00771,0.00675,0.00144,0.000353,-0.000994,-0.393702,0.919237
1033.400000,1.18015,2.82750,2.18000,-0.00771,0.00675,0.00144,0.000353,-0.000994,-0.393702,0.919237
1033.434000,1.18015,2.82750,2.18000,-0.00771,0.00675,0.00144,0.000353,-0.000994,-0.393702,0.919237
1033.467000,1.18015,2.82750,2.18000,-0.00771,0.00675,0.00144,0.000353,-0.000994,-0.393702,0.919237
1033.500000,1.18015,2.82750,2.18000,-0.00771,0.00675,0.00144,0.000353,-0.000994,-0.393702,0.919237
1033.535000,1.18015,2.82750,2.18000,-0.00762,0.01031,-0.00048,-0.001749,0.000403,-0.393898,0.919152
1033.567000,1.18015,2.82750,2.18000,-0.00762,0.01031,-0.00048,-0.001749,0.000403,-0.393898,0.919152
1033.600000,1.18015,2.82750,2.18000,-0.00762,0.01031,-0.00048,-0.001749,0.000403,-0.393898,0.919152
1033.634000,1.18015,2.82750,2.18000,-0.00762,0.01031,-0.00048,-0.001749,0.000403,-0.393898,0.919152
1033.667000,1.18015,2.82750,2.18000,-0.00762,0.01031,-0.00048,-0.001749,0.000403,-0.393898,0.919152
1033.701000,1.18015,2.82750,2.18000,-0.00762,0.01031,-0.00048,-0.001749,0.000403,-0.393898,0.919152
1033.734000,1.18015,2.82750,2.18000,-0.00762,0.01031,-0.00048,-0.001749,0.000403,-0.393898,0.919152
1033.768000,1.18015,2.82750,2.18000,-0.01021,0.00976,-0.00303,0.002046,-0.001169,-0.393611,0.919274
1033.800000,1.18015,2.82750,2.18000,-0.01021,0.00976,-0.00303,0.002046,-0.001169,-0.393611,0.919274
1033.834000,1.18015,2.82750,2.18000,-0.01021,0.00976,-0.00303,0.002046,-0.001169,-0.393611,0.919274
1033.867000,1.18015,2.82750,2.18000,-0.01021,0.00976,-0.00303,0.002046,-0.001169,-0.393611,0.919274
1033.900000,1.18015,2.82750,2.18000,-0.01021,0.00976,-0.00303,0.002046,-0.001169,-0.393611,0.919274
1033.934000,1.18015,2.82750,2.18000,-0.01021,0.00976,-0.00303,0.002046,-0.001169,-0.393611,0.919274
1033.967000,1.18015,2.82750,2.18000,-0.01021,0.00976,-0.00303,0.002046,-0.001169,-0.393611,0.919274
1034.000000,1.18015,2.82750,2.18000,-0.01021,0.00976,-0.00303,0.002046,-0.001169,-0.393611,0.919274
1034.035000,1.18015,2.82750,2.18000,-0.01033,0.01100,-0.00408,-0.002534,0.000933,-0.393695,0.919237
1034.067000,1.18015,2.82750,2.18000,-0.01033,0.01100,-0.00408,-0.002534,0.000933,-0.393695,0.919237
1034.100000,1.18015,2.82750,2.18000,-0.01033,0.01100,-0.00408,-0.002534,0.000933,-0.393695,0.919237
1034.134000,1.18015,2.82750,2.18000,-0.01033,0.01100,-0.00408,-0.002534,0.000933,-0.393695,0.919237
1034.167000,1.18015,2.82750,2.18000,-0.01033,0.01100,-0.00408,-0.002534,0.000933,-0.393695,0.919237
1034.200000,1.18015,2.82750,2.18000,-0.01033,0.01100,-0.00408,-0.002534,0.000933,-0.393695,0.919237
1034.234000,1.18015,2.82750,2.18000,-0.01033,0.01100,-0.00408,-0.002534,0.000933,-0.393695,0.919237
1034.268000,1.18015,2.82750,2.18000,-0.01123,0.01063,-0.00341,0.002876,-0.001257,-0.393480,0.919328
1034.300000,1.18015,2.82750,2.18000,-0.01123,0.01063,-0.00341,0.002876,-0.001257,-0.393480,0.919328
1034.334000,1.18015,2.82750,2.18000,-0.01123,0.01063,-0.00341,0.002876,-0.001257,-0.393480,0.919328
1034.367000,1.18015,2.82750,2.18000,-0.01123,0.01063,-0.00341,0.002876,-0.001257,-0.393480,0.919328
1034.401000,1.18015,2.82750,2.18000,-0.01123,0.01063,-0.00341,0.002876,-0.001257,-0.393480,0.919328
1034.434000,1.18015,2.82750,2.18000,-0.01123,0.01063,-0.00341,0.002876,-0.001257,-0.393480,0.919328
1034.467000,1.18015,2.82750,2.18000,-0.01123,0.01063,-0.00341,0.002876,-0.001257,-0.393480,0.919328
1034.500000,1.18015,2.82750,2.18000,-0.01123,0.01063,-0.00341,0.002876,-0.001257,-0.393480,0.919328
1034.535000,1.18015,2.82750,2.18000,-0.01247,0.00968,0.00008,-0.002241,0.000906,-0.393592,0.919282
1034.567000,1.18015,2.82750,2.18000,-0.01247,0.00968,0.00008,-0.002241,0.000906,-0.393592,0.919282
1034.600000,1.18015,2.82750,2.18000,-0.01247,0.00968,0.00008,-0.002241,0.000906,-0.393592,0.919282
1034.634000,1.18015,2.82750,2.18000,-0.01247,0.00968,0.00008,-0.002241,0.000906,-0.393592,0.919282
1034.667000,1.18015,2.82750,2.18000,-0.01247,0.00968,0.00008,-0.002241,0.000906,-0.393592,0.919282
1034.700000,1.18015,2.82750,2.18000,-0.01247,0.00968,0.00008,-0.002241,0.000906,-0.393592,0.919282
1034.734000,1.18015,2.82750,2.18000,-0.01247,0.00968,0.00008,-0.002241,0.000906,-0.393592,0.919282
1034.768000,1.18015,2.82750,2.18000,-0.01125,0.01068,-0.00003,0.002332,-0.000917,-0.393579,0.919287
1034.800000,1.18015,2.82750,2.18000,-0.01125,0.01068,-0.00003,0.002332,-0.000917,-0.393579,0.919287
1034.834000,1.18015,2.82750,2.18000,-0.01125,0.01068,-0.00003,0.002332,-0.000917,-0.393579,0.919287
1034.867000,1.18015,2.82750,2.18000,-0.01125,0.01068,-0.00003,0.002332,-0.000917,-0.393579,0.919287
1034.900000,1.18015,2.82750,2.18000,-0.01125,0.01068,-0.00003,0.002332,-0.000917,-0.393579,0.919287
1034.934000,1.18015,2.82750,2.18000,-0.01125,0.01068,-0.00003,0.002332,-0.000917,-0.393579,0.919287
1034.967000,1.18015,2.82750,2.18000,-0.01125,0.01068,-0.00003,0.002332,-0.000917,-0.393579,0.919287
1035.000000,1.18015,2.82750,2.18000,-0.01125,0.01068,-0.00003,0.002332,-0.000917,-0.393579,0.919287
1035.035000,1.18015,2.82750,2.18000,-0.01304,0.00868,0.00323,-0.001362,0.000616,-0.393546,0.919304
1035.067000,1.18015,2.82750,2.18000,-0.01304,0.00868,0.00323,-0.001362,0.000616,-0.393546,0.919304
1035.100000,1.18015,2.82750,2.18000,-0.01304,0.00868,0.00323,-0.001362,0.000616,-0.393546,0.919304
1035.134000,1.18015,2.82750,2.18000,-0.01304,0.00868,0.00323,-0.001362,0.000616,-0.393546,0.919304
1035.167000,1.18015,2.82750,2.18000,-0.01304,0.00868,0.00323,-0.001362,0.000616,-0.393546,0.919304
1035.200000,1.18015,2.82750,2.18000,-0.01304,0.00868,0.00323,-0.001362,0.000616,-0.393546,0.919304
1035.234000,1.18015,2.82750,2.18000,-0.01304,0.00868,0.00323,-0.001362,0.000616,-0.393546,0.919304
1035.268000,1.18015,2.82750,2.18000,-0.01304,0.00868,0.00323,0.000350,0.000591,-0.393518,0.919317
1035.300000,1.17107,2.82750,2.18000,-0.00934,0.01030,0.00189,0.000350,0.000591,-0.393518,0.919317
1035.334000,1.17107,2.82750,2.18000,-0.00934,0.01030,0.00189,0.000350,0.000591,-0.393518,0.919317
1035.367000,1.17107,2.82750,2.18000,-0.00934,0.01030,0.00189,0.000350,0.000591,-0.393518,0.919317
1035.401000,1.17107,2.82750,2.18000,-0.00934,0.01030,0.00189,0.000350,0.000591,-0.393518,0.919317
1035.434000,1.17107,2.82750,2.18000,-0.00934,0.01030,0.00189,0.000350,0.000591,-0.393518,0.919317
1035.467000,1.17107,2.82750,2.18000,-0.00934,0.01030,0.00189,0.000350,0.000591,-0.393518,0.919317
1035.500000,1.17107,2.82750,2.18000,-0.00934,0.01030,0.00189,0.000350,0.000591,-0.393518,0.919317
1035.535000,1.17107,2.82750,2.18000,-0.00954,0.01179,0.00239,-0.002794,-0.005596,-0.393223,0.919422
1035.567000,1.17107,2.82750,2.18000,-0.00954,0.01179,0.00239,-0.002794,-0.005596,-0.393223,0.919422
1035.600000,1.17107,2.82750,2.18000,-0.00954,0.01179,0.00239,-0.002794,-0.005596,-0.393223,0.919422
1035.634000,1.17107,2.82750,2.18000,-0.00954,0.01179,0.00239,-0.002794,-0.005596,-0.393223,0.919422
1035.667000,1.17107,2.82750,2.18000,-0.00954,0.01179,0.00239,-0.002794,-0.005596,-0.393223,0.919422
1035.700000,1.17107,2.82750,2.18000,-0.00954,0.01179,0.00239,-0.002794,-0.005596,-0.393223,0.919422
1035.734000,1.17107,2.82750,2.18000,-0.00954,0.01179,0.00239,-0.002794,-0.005596,-0.393223,0.919422
1035.768000,1.16199,2.84976,2.18000,-0.11747,0.13037,-0.00066,-0.027405,-0.062444,-0.392789,0.917097
1035.800000,1.16199,2.84976,2.18000,-0.11747,0.13037,-0.00066,-0.027405,-0.062444,-0.392789,0.917097
1035.834000,1.16199,2.84976,2.18000,-0.11747,0.13037,-0.00066,-0.027405,-0.062444,-0.392789,0.917097
1035.867000,1.16199,2.84976,2.18000,-0.11747,0.13037,-0.00066,-0.027405,-0.062444,-0.392789,0.917097
1035.901000,1.16199,2.84976,2.18000,-0.11747,0.13037,-0.00066,-0.027405,-0.062444,-0.392789,0.917097
1035.934000,1.16199,2.84976,2.18000,-0.11747,0.13037,-0.00066,-0.027405,-0.062444,-0.392789,0.917097
1035.967000,1.16199,2.84976,2.18000,-0.11747,0.13037,-0.00066,-0.027405,-0.062444,-0.392789,0.917097
1036.000000,1.16199,2.84976,2.18000,-0.11747,0.13037,-0.00066,-0.027405,-0.062444,-0.392789,0.917097
1036.035000,1.08937,2.91655,2.17000,-0.46937,0.49781,-0.00249,-0.043848,-0.112464,-0.415789,0.901415
1036.067000,1.08937,2.91655,2.17000,-0.46937,0.49781,-0.00249,-0.043848,-0.112464,-0.415789,0.901415
1036.100000,1.08937,2.91655,2.17000,-0.46937,0.49781,-0.00249,-0.043848,-0.112464,-0.415789,0.901415
1036.134000,1.08937,2.91655,2.17000,-0.46937,0.49781,-0.00249,-0.043848,-0.112464,-0.415789,0.901415
1036.167000,1.08937,2.91655,2.17000,-0.46937,0.49781,-0.00249,-0.043848,-0.112464,-0.415789,0.901415
1036.200000,1.08937,2.91655,2.17000,-0.46937,0.49781,-0.00249,-0.043848,-0.112464,-0.415789,0.901415
1036.234000,1.08937,2.91655,2.17000,-0.46937,0.49781,-0.00249,-0.043848,-0.112464,-0.415789,0.901415
1036.267000,1.08937,2.91655,2.17000,-0.46937,0.49781,-0.00249,-0.039471,-0.072803,-0.515929,0.852619
1036.301000,0.91688,3.10580,2.18000,-0.80452,0.90832,0.00668,-0.039471,-0.072803,-0.515929,0.852619
1036.334000,0.91688,3.10580,2.18000,-0.80452,0.90832,0.00668,-0.039471,-0.072803,-0.515929,0.852619
1036.367000,0.91688,3.10580,2.18000,-0.80452,0.90832,0.00668,-0.039471,-0.072803,-0.515929,0.852619
1036.401000,0.91688,3.10580,2.18000,-0.80452,0.90832,0.00668,-0.039471,-0.072803,-0.515929,0.852619
1036.434000,0.91688,3.10580,2.18000,-0.80452,0.90832,0.00668,-0.039471,-0.072803,-0.515929,0.852619
1036.467000,0.91688,3.10580,2.18000,-0.80452,0.90832,0.00668,-0.039471,-0.072803,-0.515929,0.852619
1036.500000,0.91688,3.10580,2.18000,-0.80452,0.90832,0.00668,-0.039471,-0.072803,-0.515929,0.852619
1036.535000,0.69901,3.37296,2.18000,-0.87365,1.18813,0.00688,-0.039527,-0.015967,-0.621560,0.782206
1036.567000,0.69901,3.37296,2.18000,-0.87365,1.18813,0.00688,-0.039527,-0.015967,-0.621560,0.782206
1036.600000,0.69901,3.37296,2.18000,-0.87365,1.18813,0.00688,-0.039527,-0.015967,-0.621560,0.782206
1036.634000,0.69901,3.37296,2.18000,-0.87365,1.18813,0.00688,-0.039527,-0.015967,-0.621560,0.782206
1036.667000,0.69901,3.37296,2.18000,-0.87365,1.18813,0.00688,-0.039527,-0.015967,-0.621560,0.782206
1036.700000,0.69901,3.37296,2.18000,-0.87365,1.18813,0.00688,-0.039527,-0.015967,-0.621560,0.782206
1036.734000,0.69901,3.37296,2.18000,-0.87365,1.18813,0.00688,-0.039527,-0.015967,-0.621560,0.782206
1036.768000,0.50837,3.67352,2.18000,-0.70182,1.24147,0.00785,0.020321,-0.054740,0.719130,-0.692418
1036.801000,0.50837,3.67352,2.18000,-0.70182,1.24147,0.00785,0.020321,-0.054740,0.719130,-0.692418
1036.834000,0.50837,3.67352,2.18000,-0.70182,1.24147,0.00785,0.020321,-0.054740,0.719130,-0.692418
1036.867000,0.50837,3.67352,2.18000,-0.70182,1.24147,0.00785,0.020321,-0.054740,0.719130,-0.692418
1036.900000,0.50837,3.67352,2.18000,-0.70182,1.24147,0.00785,0.020321,-0.054740,0.719130,-0.692418
1036.934000,0.50837,3.67352,2.18000,-0.70182,1.24147,0.00785,0.020321,-0.054740,0.719130,-0.692418
1036.967000,0.50837,3.67352,2.18000,-0.70182,1.24147,0.00785,0.020321,-0.054740,0.719130,-0.692418
1037.001000,0.50837,3.67352,2.18000,-0.70182,1.24147,0.00785,0.020321,-0.054740,0.719130,-0.692418
1037.035000,0.36312,3.95182,2.18000,-0.40883,0.91359,0.00551,-0.010996,-0.114794,0.802270,-0.585716
1037.067000,0.36312,3.95182,2.18000,-0.40883,0.91359,0.00551,-0.010996,-0.114794,0.802270,-0.585716
1037.100000,0.36312,3.95182,2.18000,-0.40883,0.91359,0.00551,-0.010996,-0.114794,0.802270,-0.585716
1037.134000,0.36312,3.95182,2.18000,-0.40883,0.91359,0.00551,-0.010996,-0.114794,0.802270,-0.585716
1037.167000,0.36312,3.95182,2.18000,-0.40883,0.91359,0.00551,-0.010996,-0.114794,0.802270,-0.585716
1037.200000,0.36312,3.95182,2.18000,-0.40883,0.91359,0.00551,-0.010996,-0.114794,0.802270,-0.585716
1037.234000,0.36312,3.95182,2.18000,-0.40883,0.91359,0.00551,-0.010996,-0.114794,0.802270,-0.585716
1037.267000,0.36312,3.95182,2.18000,-0.40883,0.91359,0.00551,-0.005630,-0.104365,0.871158,-0.479751
1037.301000,0.29958,4.11880,2.18000,-0.14143,0.39397,0.00620,-0.005630,-0.104365,0.871158,-0.479751
1037.334000,0.29958,4.11880,2.18000,-0.14143,0.39397,0.00620,-0.005630,-0.104365,0.871158,-0.479751
1037.367000,0.29958,4.11880,2.18000,-0.14143,0.39397,0.00620,-0.005630,-0.104365,0.871158,-0.479751
1037.400000,0.29958,4.11880,2.18000,-0.14143,0.39397,0.00620,-0.005630,-0.104365,0.871158,-0.479751
1037.435000,0.29958,4.11880,2.18000,-0.14143,0.39397,0.00620,-0.005630,-0.104365,0.871158,-0.479751
1037.467000,0.29958,4.11880,2.18000,-0.14143,0.39397,0.00620,-0.005630,-0.104365,0.871158,-0.479751
1037.500000,0.29958,4.11880,2.18000,-0.14143,0.39397,0.00620,-0.005630,-0.104365,0.871158,-0.479751
1037.535000,0.29050,4.17446,2.18000,0.01830,0.04692,-0.00353,-0.002491,-0.050865,0.895295,-0.442554
1037.567000,0.29050,4.17446,2.18000,0.01830,0.04692,-0.00353,-0.002491,-0.050865,0.895295,-0.442554
1037.600000,0.29050,4.17446,2.18000,0.01830,0.04692,-0.00353,-0.002491,-0.050865,0.895295,-0.442554
1037.634000,0.29050,4.17446,2.18000,0.01830,0.04692,-0.00353,-0.002491,-0.050865,0.895295,-0.442554
1037.667000,0.29050,4.17446,2.18000,0.01830,0.04692,-0.00353,-0.002491,-0.050865,0.895295,-0.442554
1037.700000,0.29050,4.17446,2.18000,0.01830,0.04692,-0.00353,-0.002491,-0.050865,0.895295,-0.442554
1037.734000,0.29050,4.17446,2.18000,0.01830,0.04692,-0.00353,-0.002491,-0.050865,0.895295,-0.442554
1037.768000,0.29050,4.17446,2.18000,0.01830,0.04692,-0.00353,-0.000154,-0.021030,0.902451,-0.430279
1037.800000,0.29958,4.15219,2.18000,0.08709,-0.10802,-0.00933,-0.000154,-0.021030,0.902451,-0.430279
1037.834000,0.29958,4.15219,2.18000,0.08709,-0.10802,-0.00933,-0.000154,-0.021030,0.902451,-0.430279
1037.867000,0.29958,4.15219,2.18000,0.08709,-0.10802,-0.00933,-0.000154,-0.021030,0.902451,-0.430279
1037.900000,0.29958,4.15219,2.18000,0.08709,-0.10802,-0.00933,-0.000154,-0.021030,0.902451,-0.430279
1037.934000,0.29958,4.15219,2.18000,0.08709,-0.10802,-0.00933,-0.000154,-0.021030,0.902451,-0.430279
1037.967000,0.29958,4.15219,2.18000,0.08709,-0.10802,-0.00933,-0.000154,-0.021030,0.902451,-0.430279
1038.000000,0.29958,4.15219,2.18000,0.08709,-0.10802,-0.00933,-0.000154,-0.021030,0.902451,-0.430279
1038.035000,0.30865,4.12993,2.18000,0.09932,-0.14368,-0.01253,-0.001984,0.003244,0.904931,-0.425541
1038.067000,0.30865,4.12993,2.18000,0.09932,-0.14368,-0.01253,-0.001984,0.003244,0.904931,-0.425541
1038.101000,0.30865,4.12993,2.18000,0.09932,-0.14368,-0.01253,-0.001984,0.003244,0.904931,-0.425541
1038.134000,0.30865,4.12993,2.18000,0.09932,-0.14368,-0.01253,-0.001984,0.003244,0.904931,-0.425541
1038.167000,0.30865,4.12993,2.18000,0.09932,-0.14368,-0.01253,-0.001984,0.003244,0.904931,-0.425541
1038.200000,0.30865,4.12993,2.18000,0.09932,-0.14368,-0.01253,-0.001984,0.003244,0.904931,-0.425541
1038.234000,0.30865,4.12993,2.18000,0.09932,-0.14368,-0.01253,-0.001984,0.003244,0.904931,-0.425541
1038.268000,0.30865,4.12993,2.18000,0.09932,-0.14368,-0.01253,-0.000951,0.008471,0.905661,-0.423917
1038.300000,0.34497,4.10767,2.18000,0.07999,-0.11660,-0.00843,-0.000951,0.008471,0.905661,-0.423917
1038.334000,0.34497,4.10767,2.18000,0.07999,-0.11660,-0.00843,-0.000951,0.008471,0.905661,-0.423917
1038.367000,0.34497,4.10767,2.18000,0.07999,-0.11660,-0.00843,-0.000951,0.008471,0.905661,-0.423917
1038.400000,0.34497,4.10767,2.18000,0.07999,-0.11660,-0.00843,-0.000951,0.008471,0.905661,-0.423917
1038.434000,0.34497,4.10767,2.18000,0.07999,-0.11660,-0.00843,-0.000951,0.008471,0.905661,-0.423917
1038.467000,0.34497,4.10767,2.18000,0.07999,-0.11660,-0.00843,-0.000951,0.008471,0.905661,-0.423917
1038.500000,0.34497,4.10767,2.18000,0.07999,-0.11660,-0.00843,-0.000951,0.008471,0.905661,-0.423917
1038.535000,0.35404,4.07427,2.18000,0.04670,-0.07020,-0.00428,-0.002688,0.014245,0.905761,-0.423542
1038.567000,0.35404,4.07427,2.18000,0.04670,-0.07020,-0.00428,-0.002688,0.014245,0.905761,-0.423542
1038.601000,0.35404,4.07427,2.18000,0.04670,-0.07020,-0.00428,-0.002688,0.014245,0.905761,-0.423542
1038.634000,0.35404,4.07427,2.18000,0.04670,-0.07020,-0.00428,-0.002688,0.014245,0.905761,-0.423542
1038.667000,0.35404,4.07427,2.18000,0.04670,-0.07020,-0.00428,-0.002688,0.014245,0.905761,-0.423542
1038.700000,0.35404,4.07427,2.18000,0.04670,-0.07020,-0.00428,-0.002688,0.014245,0.905761,-0.423542
1038.734000,0.35404,4.07427,2.18000,0.04670,-0.07020,-0.00428,-0.002688,0.014245,0.905761,-0.423542
1038.768000,0.35404,4.06314,2.18000,0.01014,-0.01269,-0.00187,-0.000809,0.012511,0.905682,-0.423772
1038.800000,0.35404,4.06314,2.18000,0.01014,-0.01269,-0.00187,-0.000809,0.012511,0.905682,-0.423772
1038.834000,0.35404,4.06314,2.18000,0.01014,-0.01269,-0.00187,-0.000809,0.012511,0.905682,-0.423772
1038.867000,0.35404,4.06314,2.18000,0.01014,-0.01269,-0.00187,-0.000809,0.012511,0.905682,-0.423772
1038.900000,0.35404,4.06314,2.18000,0.01014,-0.01269,-0.00187,-0.000809,0.012511,0.905682,-0.423772
1038.934000,0.35404,4.06314,2.18000,0.01014,-0.01269,-0.00187,-0.000809,0.012511,0.905682,-0.423772
1038.967000,0.35404,4.06314,2.18000,0.01014,-0.01269,-0.00187,-0.000809,0.012511,0.905682,-0.423772
1039.000000,0.35404,4.06314,2.18000,0.01014,-0.01269,-0.00187,-0.000809,0.012511,0.905682,-0.423772
1039.035000,0.35404,4.06314,2.18000,-0.01079,0.03118,0.00437,-0.000024,0.008082,0.905651,-0.423946
1039.067000,0.35404,4.06314,2.18000,-0.01079,0.03118,0.00437,-0.000024,0.008082,0.905651,-0.423946
1039.100000,0.35404,4.06314,2.18000,-0.01079,0.03118,0.00437,-0.000024,0.008082,0.905651,-0.423946
1039.134000,0.35404,4.06314,2.18000,-0.01079,0.03118,0.00437,-0.000024,0.008082,0.905651,-0.423946
1039.167000,0.35404,4.06314,2.18000,-0.01079,0.03118,0.00437,-0.000024,0.008082,0.905651,-0.423946
1039.200000,0.35404,4.06314,2.18000,-0.01079,0.03118,0.00437,-0.000024,0.008082,0.905651,-0.423946
1039.234000,0.35404,4.06314,2.18000,-0.01079,0.03118,0.00437,-0.000024,0.008082,0.905651,-0.423946
1039.268000,0.35404,4.06314,2.18000,-0.02787,0.06293,0.00166,-0.000748,0.006826,0.905364,-0.424581
1039.300000,0.35404,4.06314,2.18000,-0.02787,0.06293,0.00166,-0.000748,0.006826,0.905364,-0.424581
1039.334000,0.35404,4.06314,2.18000,-0.02787,0.06293,0.00166,-0.000748,0.006826,0.905364,-0.424581
1039.367000,0.35404,4.06314,2.18000,-0.02787,0.06293,0.00166,-0.000748,0.006826,0.905364,-0.424581
1039.401000,0.35404,4.06314,2.18000,-0.02787,0.06293,0.00166,-0.000748,0.006826,0.905364,-0.424581
1039.434000,0.35404,4.06314,2.18000,-0.02787,0.06293,0.00166,-0.000748,0.006826,0.905364,-0.424581
1039.467000,0.35404,4.06314,2.18000,-0.02787,0.06293,0.00166,-0.000748,0.006826,0.905364,-0.424581
1039.500000,0.35404,4.06314,2.18000,-0.02787,0.06293,0.00166,-0.000748,0.006826,0.905364,-0.424581
1039.535000,0.35404,4.08540,2.18000,-0.03431,0.07750,-0.00139,0.000495,0.000131,0.905213,-0.424957
1039.567000,0.35404,4.08540,2.18000,-0.03431,0.07750,-0.00139,0.000495,0.000131,0.905213,-0.424957
1039.600000,0.35404,4.08540,2.18000,-0.03431,0.07750,-0.00139,0.000495,0.000131,0.905213,-0.424957
1039.634000,0.35404,4.08540,2.18000,-0.03431,0.07750,-0.00139,0.000495,0.000131,0.905213,-0.424957
1039.667000,0.35404,4.08540,2.18000,-0.03431,0.07750,-0.00139,0.000495,0.000131,0.905213,-0.424957
1039.700000,0.35404,4.08540,2.18000,-0.03431,0.07750,-0.00139,0.000495,0.000131,0.905213,-0.424957
1039.734000,0.35404,4.08540,2.18000,-0.03431,0.07750,-0.00139,0.000495,0.000131,0.905213,-0.424957
1039.768000,0.35404,4.11880,2.18000,-0.03988,0.07793,-0.00376,-0.002631,0.001016,0.904905,-0.425604
1039.800000,0.35404,4.11880,2.18000,-0.03988,0.07793,-0.00376,-0.002631,0.001016,0.904905,-0.425604
1039.834000,0.35404,4.11880,2.18000,-0.03988,0.07793,-0.00376,-0.002631,0.001016,0.904905,-0.425604
1039.868000,0.35404,4.11880,2.18000,-0.03988,0.07793,-0.00376,-0.002631,0.001016,0.904905,-0.425604
1039.900000,0.35404,4.11880,2.18000,-0.03988,0.07793,-0.00376,-0.002631,0.001016,0.904905,-0.425604
1039.934000,0.35404,4.11880,2.18000,-0.03988,0.07793,-0.00376,-0.002631,0.001016,0.904905,-0.425604
1039.967000,0.35404,4.11880,2.18000,-0.03988,0.07793,-0.00376,-0.002631,0.001016,0.904905,-0.425604
1040.000000,0.35404,4.11880,2.18000,-0.03988,0.07793,-0.00376,-0.002631,0.001016,0.904905,-0.425604
1040.035000,0.34497,4.11880,2.17000,-0.04050,0.06226,-0.00889,0.000329,-0.006042,0.904649,-0.426115
1040.067000,0.34497,4.11880,2.17000,-0.04050,0.06226,-0.00889,0.000329,-0.006042,0.904649,-0.426115
1040.100000,0.34497,4.11880,2.17000,-0.04050,0.06226,-0.00889,0.000329,-0.006042,0.904649,-0.426115
1040.134000,0.34497,4.11880,2.17000,-0.04050,0.06226,-0.00889,0.000329,-0.006042,0.904649,-0.426115
1040.168000,0.34497,4.11880,2.17000,-0.04050,0.06226,-0.00889,0.000329,-0.006042,0.904649,-0.426115
1040.200000,0.34497,4.11880,2.17000,-0.04050,0.06226,-0.00889,0.000329,-0.006042,0.904649,-0.426115
1040.234000,0.34497,4.11880,2.17000,-0.04050,0.06226,-0.00889,0.000329,-0.006042,0.904649,-0.426115
1040.267000,0.34497,4.11880,2.17000,-0.04050,0.06226,-0.00889,-0.001075,-0.000926,0.904422,-0.426636
1040.301000,0.33589,4.14106,2.17000,-0.03525,0.04678,0.00481,-0.001075,-0.000926,0.904422,-0.426636
1040.334000,0.33589,4.14106,2.17000,-0.03525,0.04678,0.00481,-0.001075,-0.000926,0.904422,-0.426636
1040.367000,0.33589,4.14106,2.17000,-0.03525,0.04678,0.00481,-0.001075,-0.000926,0.904422,-0.426636
1040.401000,0.33589,4.14106,2.17000,-0.03525,0.04678,0.00481,-0.001075,-0.000926,0.904422,-0.426636
1040.434000,0.33589,4.14106,2.17000,-0.03525,0.04678,0.00481,-0.001075,-0.000926,0.904422,-0.426636
1040.467000,0.33589,4.14106,2.17000,-0.03525,0.04678,0.00481,-0.001075,-0.000926,0.904422,-0.426636
1040.500000,0.33589,4.14106,2.17000,-0.03525,0.04678,0.00481,-0.001075,-0.000926,0.904422,-0.426636
1040.535000,0.31773,4.14106,2.18000,-0.02528,0.03147,0.00551,0.002409,-0.006546,0.904167,-0.427122
1040.567000,0.31773,4.14106,2.18000,-0.02528,0.03147,0.00551,0.002409,-0.006546,0.904167,-0.427122
1040.600000,0.31773,4.14106,2.18000,-0.02528,0.03147,0.00551,0.002409,-0.006546,0.904167,-0.427122
1040.634000,0.31773,4.14106,2.18000,-0.02528,0.03147,0.00551,0.002409,-0.006546,0.904167,-0.427122
1040.667000,0.31773,4.14106,2.18000,-0.02528,0.03147,0.00551,0.002409,-0.006546,0.904167,-0.427122
1040.700000,0.31773,4.14106,2.18000,-0.02528,0.03147,0.00551,0.002409,-0.006546,0.904167,-0.427122
1040.734000,0.31773,4.14106,2.18000,-0.02528,0.03147,0.00551,0.002409,-0.006546,0.904167,-0.427122
1040.768000,0.30865,4.15219,2.18000,-0.01023,0.01508,0.00190,0.000170,-0.002432,0.904009,-0.427506
1040.800000,0.30865,4.15219,2.18000,-0.01023,0.01508,0.00190,0.000170,-0.002432,0.904009,-0.427506
1040.834000,0.30865,4.15219,2.18000,-0.01023,0.01508,0.00190,0.000170,-0.002432,0.904009,-0.427506
1040.867000,0.30865,4.15219,2.18000,-0.01023,0.01508,0.00190,0.000170,-0.002432,0.904009,-0.427506
1040.900000,0.30865,4.15219,2.18000,-0.01023,0.01508,0.00190,0.000170,-0.002432,0.904009,-0.427506
1040.934000,0.30865,4.15219,2.18000,-0.01023,0.01508,0.00190,0.000170,-0.002432,0.904009,-0.427506
1040.967000,0.30865,4.15219,2.18000,-0.01023,0.01508,0.00190,0.000170,-0.002432,0.904009,-0.427506
1041.000000,0.30865,4.15219,2.18000,-0.01023,0.01508,0.00190,0.000170,-0.002432,0.904009,-0.427506
1041.035000,0.30865,4.15219,2.18000,-0.00069,0.00379,0.00235,0.001397,-0.003502,0.903721,-0.428105
1041.067000,0.30865,4.15219,2.18000,-0.00069,0.00379,0.00235,0.001397,-0.003502,0.903721,-0.428105
1041.100000,0.30865,4.15219,2.18000,-0.00069,0.00379,0.00235,0.001397,-0.003502,0.903721,-0.428105
1041.134000,0.30865,4.15219,2.18000,-0.00069,0.00379,0.00235,0.001397,-0.003502,0.903721,-0.428105
1041.167000,0.30865,4.15219,2.18000,-0.00069,0.00379,0.00235,0.001397,-0.003502,0.903721,-0.428105
1041.200000,0.30865,4.15219,2.18000,-0.00069,0.00379,0.00235,0.001397,-0.003502,0.903721,-0.428105
1041.234000,0.30865,4.15219,2.18000,-0.00069,0.00379,0.00235,0.001397,-0.003502,0.903721,-0.428105
1041.268000,0.30865,4.15219,2.18000,0.01012,-0.00628,0.00269,0.000795,-0.002094,0.903629,-0.428310
1041.300000,0.30865,4.15219,2.18000,0.01012,-0.00628,0.00269,0.000795,-0.002094,0.903629,-0.428310
1041.334000,0.30865,4.15219,2.18000,0.01012,-0.00628,0.00269,0.000795,-0.002094,0.903629,-0.428310
1041.367000,0.30865,4.15219,2.18000,0.01012,-0.00628,0.00269,0.000795,-0.002094,0.903629,-0.428310
1041.400000,0.30865,4.15219,2.18000,0.01012,-0.00628,0.00269,0.000795,-0.002094,0.903629,-0.428310
1041.434000,0.30865,4.15219,2.18000,0.01012,-0.00628,0.00269,0.000795,-0.002094,0.903629,-0.428310
1041.467000,0.30865,4.15219,2.18000,0.01012,-0.00628,0.00269,0.000795,-0.002094,0.903629,-0.428310
1041.500000,0.30865,4.15219,2.18000,0.01012,-0.00628,0.00269,0.000795,-0.002094,0.903629,-0.428310
1041.535000,0.30865,4.15219,2.18000,0.01326,-0.00985,0.00023,-0.000110,-0.000109,0.903345,-0.428914
1041.567000,0.30865,4.15219,2.18000,0.01326,-0.00985,0.00023,-0.000110,-0.000109,0.903345,-0.428914
1041.601000,0.30865,4.15219,2.18000,0.01326,-0.00985,0.00023,-0.000110,-0.000109,0.903345,-0.428914
1041.634000,0.30865,4.15219,2.18000,0.01326,-0.00985,0.00023,-0.000110,-0.000109,0.903345,-0.428914
1041.667000,0.30865,4.15219,2.18000,0.01326,-0.00985,0.00023,-0.000110,-0.000109,0.903345,-0.428914
1041.700000,0.30865,4.15219,2.18000,0.01326,-0.00985,0.00023,-0.000110,-0.000109,0.903345,-0.428914
1041.734000,0.30865,4.15219,2.18000,0.01326,-0.00985,0.00023,-0.000110,-0.000109,0.903345,-0.428914
1041.768000,0.30865,4.15219,2.18000,0.01771,-0.01469,0.00114,0.000823,-0.002278,0.903271,-0.429065
1041.800000,0.30865,4.15219,2.18000,0.01771,-0.01469,0.00114,0.000823,-0.002278,0.903271,-0.429065
1041.834000,0.30865,4.15219,2.18000,0.01771,-0.01469,0.00114,0.000823,-0.002278,0.903271,-0.429065
1041.867000,0.30865,4.15219,2.18000,0.01771,-0.01469,0.00114,0.000823,-0.002278,0.903271,-0.429065
1041.900000,0.30865,4.15219,2.18000,0.01771,-0.01469,0.00114,0.000823,-0.002278,0.903271,-0.429065
1041.934000,0.30865,4.15219,2.18000,0.01771,-0.01469,0.00114,0.000823,-0.002278,0.903271,-0.429065
1041.967000,0.30865,4.15219,2.18000,0.01771,-0.01469,0.00114,0.000823,-0.002278,0.903271,-0.429065
1042.000000,0.30865,4.15219,2.18000,0.01771,-0.01469,0.00114,0.000823,-0.002278,0.903271,-0.429065
1042.035000,0.31773,4.15219,2.18000,0.01714,-0.01543,-0.00368,-0.001137,0.002079,0.902985,-0.429665
1042.067000,0.31773,4.15219,2.18000,0.01714,-0.01543,-0.00368,-0.001137,0.002079,0.902985,-0.429665
1042.100000,0.31773,4.15219,2.18000,0.01714,-0.01543,-0.00368,-0.001137,0.002079,0.902985,-0.429665
1042.134000,0.31773,4.15219,2.18000,0.01714,-0.01543,-0.00368,-0.001137,0.002079,0.902985,-0.429665
1042.167000,0.31773,4.15219,2.18000,0.01714,-0.01543,-0.00368,-0.001137,0.002079,0.902985,-0.429665
1042.200000,0.31773,4.15219,2.18000,0.01714,-0.01543,-0.00368,-0.001137,0.002079,0.902985,-0.429665
1042.234000,0.31773,4.15219,2.18000,0.01714,-0.01543,-0.00368,-0.001137,0.002079,0.902985,-0.429665
1042.268000,0.31773,4.15219,2.18000,0.01714,-0.01543,-0.00368,0.000299,-0.002062,0.902924,-0.429796
1042.300000,0.31773,4.15219,2.18000,0.01552,-0.01682,0.00042,0.000299,-0.002062,0.902924,-0.429796
1042.334000,0.31773,4.15219,2.18000,0.01552,-0.01682,0.00042,0.000299,-0.002062,0.902924,-0.429796
1042.367000,0.31773,4.15219,2.18000,0.01552,-0.01682,0.00042,0.000299,-0.002062,0.902924,-0.429796
1042.401000,0.31773,4.15219,2.18000,0.01552,-0.01682,0.00042,0.000299,-0.002062,0.902924,-0.429796
1042.434000,0.31773,4.15219,2.18000,0.01552,-0.01682,0.00042,0.000299,-0.002062,0.902924,-0.429796
1042.467000,0.31773,4.15219,2.18000,0.01552,-0.01682,0.00042,0.000299,-0.002062,0.902924,-0.429796
1042.500000,0.31773,4.15219,2.18000,0.01552,-0.01682,0.00042,0.000299,-0.002062,0.902924,-0.429796
1042.535000,0.31773,4.15219,2.18000,0.01035,-0.01630,-0.00441,-0.002050,0.003258,0.902730,-0.430190
1042.567000,0.31773,4.15219,2.18000,0.01035,-0.01630,-0.00441,-0.002050,0.003258,0.902730,-0.430190
1042.600000,0.31773,4.15219,2.18000,0.01035,-0.01630,-0.00441,-0.002050,0.003258,0.902730,-0.430190
1042.634000,0.31773,4.15219,2.18000,0.01035,-0.01630,-0.00441,-0.002050,0.003258,0.902730,-0.430190
1042.667000,0.31773,4.15219,2.18000,0.01035,-0.01630,-0.00441,-0.002050,0.003258,0.902730,-0.430190
1042.700000,0.31773,4.15219,2.18000,0.01035,-0.01630,-0.00441,-0.002050,0.003258,0.902730,-0.430190
1042.734000,0.31773,4.15219,2.18000,0.01035,-0.01630,-0.00441,-0.002050,0.003258,0.902730,-0.430190
1042.768000,0.33589,4.14106,2.18000,0.00606,-0.01341,-0.00181,0.000440,-0.000639,0.902581,-0.430520
1042.800000,0.33589,4.14106,2.18000,0.00606,-0.01341,-0.00181,0.000440,-0.000639,0.902581,-0.430520
1042.834000,0.33589,4.14106,2.18000,0.00606,-0.01341,-0.00181,0.000440,-0.000639,0.902581,-0.430520
1042.867000,0.33589,4.14106,2.18000,0.00606,-0.01341,-0.00181,0.000440,-0.000639,0.902581,-0.430520
1042.900000,0.33589,4.14106,2.18000,0.00606,-0.01341,-0.00181,0.000440,-0.000639,0.902581,-0.430520
1042.934000,0.33589,4.14106,2.18000,0.00606,-0.01341,-0.00181,0.000440,-0.000639,0.902581,-0.430520
1042.967000,0.33589,4.14106,2.18000,0.00606,-0.01341,-0.00181,0.000440,-0.000639,0.902581,-0.430520
1043.000000,0.33589,4.14106,2.18000,0.00606,-0.01341,-0.00181,0.000440,-0.000639,0.902581,-0.430520
1043.035000,0.33589,4.14106,2.18000,-0.00089,-0.00880,-0.00069,-0.002118,0.003667,0.902507,-0.430654
1043.067000,0.33589,4.14106,2.18000,-0.00089,-0.00880,-0.00069,-0.002118,0.003667,0.902507,-0.430654
1043.100000,0.33589,4.14106,2.18000,-0.00089,-0.00880,-0.00069,-0.002118,0.003667,0.902507,-0.430654
1043.134000,0.33589,4.14106,2.18000,-0.00089,-0.00880,-0.00069,-0.002118,0.003667,0.902507,-0.430654
1043.167000,0.33589,4.14106,2.18000,-0.00089,-0.00880,-0.00069,-0.002118,0.003667,0.902507,-0.430654
1043.200000,0.33589,4.14106,2.18000,-0.00089,-0.00880,-0.00069,-0.002118,0.003667,0.902507,-0.430654
1043.234000,0.33589,4.14106,2.18000,-0.00089,-0.00880,-0.00069,-0.002118,0.003667,0.902507,-0.430654
1043.268000,0.33589,4.14106,2.18000,-0.00915,-0.00407,0.00102,-0.000166,-0.000313,0.902324,-0.431059
1043.300000,0.33589,4.14106,2.18000,-0.00915,-0.00407,0.00102,-0.000166,-0.000313,0.902324,-0.431059
1043.334000,0.33589,4.14106,2.18000,-0.00915,-0.00407,0.00102,-0.000166,-0.000313,0.902324,-0.431059
1043.367000,0.33589,4.14106,2.18000,-0.00915,-0.00407,0.00102,-0.000166,-0.000313,0.902324,-0.431059
1043.400000,0.33589,4.14106,2.18000,-0.00915,-0.00407,0.00102,-0.000166,-0.000313,0.902324,-0.431059
1043.434000,0.33589,4.14106,2.18000,-0.00915,-0.00407,0.00102,-0.000166,-0.000313,0.902324,-0.431059
1043.467000,0.33589,4.14106,2.18000,-0.00915,-0.00407,0.00102,-0.000166,-0.000313,0.902324,-0.431059
1043.501000,0.33589,4.14106,2.18000,-0.00915,-0.00407,0.00102,-0.000166,-0.000313,0.902324,-0.431059
1043.535000,0.33589,4.14106,2.18000,-0.01072,-0.00414,0.00269,-0.000543,0.000704,0.902266,-0.431179
1043.567000,0.33589,4.14106,2.18000,-0.01072,-0.00414,0.00269,-0.000543,0.000704,0.902266,-0.431179
1043.600000,0.33589,4.14106,2.18000,-0.01072,-0.00414,0.00269,-0.000543,0.000704,0.902266,-0.431179
1043.635000,0.33589,4.14106,2.18000,-0.01072,-0.00414,0.00269,-0.000543,0.000704,0.902266,-0.431179
1043.667000,0.33589,4.14106,2.18000,-0.01072,-0.00414,0.00269,-0.000543,0.000704,0.902266,-0.431179
1043.700000,0.33589,4.14106,2.18000,-0.01072,-0.00414,0.00269,-0.000543,0.000704,0.902266,-0.431179
1043.734000,0.33589,4.14106,2.18000,-0.01072,-0.00414,0.00269,-0.000543,0.000704,0.902266,-0.431179
